event_id,trip_id,timestamp,snapshot_index,trip_progress_pct,soc_pct,estimated_remaining_range_km,remaining_trip_distance_km,reserve_buffer_km,consumption_wh_per_km,minimum_safe_soc_pct,charging_supported,swap_supported,connector_type,battery_type,split
DE000001,T0001,2026-09-01T06:06:40.768790399+07:00,1,8.0,84.944,260.49,3.254,1.0,150.0,15.0,True,False,CCS2,FIXED_PACK,train
DE000002,T0001,2026-09-01T06:07:32.140897500+07:00,2,19.76,84.808,260.08,2.839,1.0,150.0,15.0,True,False,CCS2,FIXED_PACK,train
DE000003,T0001,2026-09-01T06:08:08.936772+07:00,3,31.07,84.678,259.68,2.438,1.0,150.0,15.0,True,False,CCS2,FIXED_PACK,train
DE000004,T0001,2026-09-01T06:08:44.977027714+07:00,4,42.39,84.547,259.28,2.038,1.0,150.0,15.0,True,False,CCS2,FIXED_PACK,train
DE000005,T0001,2026-09-01T06:09:25.374317624+07:00,5,54.31,84.409,258.86,1.616,1.0,150.0,15.0,True,False,CCS2,FIXED_PACK,train
DE000006,T0001,2026-09-01T06:10:07.527992368+07:00,6,66.85,84.265,258.41,1.173,1.0,150.0,15.0,True,False,CCS2,FIXED_PACK,train
DE000007,T0001,2026-09-01T06:10:46.140895714+07:00,7,78.92,84.126,257.99,0.746,1.0,150.0,15.0,True,False,CCS2,FIXED_PACK,train
DE000008,T0001,2026-09-01T06:11:39.196494623+07:00,8,92.21,83.972,257.52,0.276,1.0,150.0,15.0,True,False,CCS2,FIXED_PACK,train
DE000009,T0002,2026-09-01T06:12:59.973648+07:00,1,8.36,83.55,256.22,4.302,1.0,165.0,15.0,True,False,CCS2,FIXED_PACK,train
DE000010,T0002,2026-09-01T06:14:29.475520+07:00,2,20.75,83.36,255.64,3.72,1.0,165.0,15.0,True,False,CCS2,FIXED_PACK,train
DE000011,T0002,2026-09-01T06:15:50.271304+07:00,3,32.7,83.177,255.08,3.159,1.0,165.0,15.0,True,False,CCS2,FIXED_PACK,train
DE000012,T0002,2026-09-01T06:17:08.894307076+07:00,4,44.33,82.999,254.53,2.613,1.0,165.0,15.0,True,False,CCS2,FIXED_PACK,train
DE000013,T0002,2026-09-01T06:18:35.129992+07:00,5,57.09,82.804,253.93,2.014,1.0,165.0,15.0,True,False,CCS2,FIXED_PACK,train
DE000014,T0002,2026-09-01T06:19:54.822400+07:00,6,68.88,82.623,253.38,1.461,1.0,165.0,15.0,True,False,CCS2,FIXED_PACK,train
DE000015,T0002,2026-09-01T06:21:15.672136+07:00,7,80.84,82.44,252.82,0.899,1.0,165.0,15.0,True,False,CCS2,FIXED_PACK,train
DE000016,T0002,2026-09-01T06:22:36.505806999+07:00,8,92.8,82.257,252.26,0.338,1.0,165.0,15.0,True,False,CCS2,FIXED_PACK,train
DE000017,T0003,2026-09-01T06:18:53.642324999+07:00,1,6.41,11.563,8.27,4.569,1.0,45.0,15.0,True,True,BIKE_DC,SWAP_PACK_A,validation
DE000018,T0003,2026-09-01T06:20:41.441412499+07:00,2,19.4,10.677,7.64,3.935,1.0,45.0,15.0,True,True,BIKE_DC,SWAP_PACK_A,validation
DE000019,T0003,2026-09-01T06:22:39.349012499+07:00,3,31.47,9.853,7.05,3.346,1.0,45.0,15.0,True,True,BIKE_DC,SWAP_PACK_A,validation
DE000020,T0003,2026-09-01T06:24:33.776412499+07:00,4,43.19,9.053,6.48,2.774,1.0,45.0,15.0,True,True,BIKE_DC,SWAP_PACK_A,validation
DE000021,T0003,2026-09-01T06:26:06.844324999+07:00,5,53.83,8.327,5.96,2.254,1.0,45.0,15.0,True,True,BIKE_DC,SWAP_PACK_A,validation
DE000022,T0003,2026-09-01T06:27:37.092981+07:00,6,66.52,7.461,5.34,1.635,1.0,45.0,15.0,True,True,BIKE_DC,SWAP_PACK_A,validation
DE000023,T0003,2026-09-01T06:29:02.421265500+07:00,7,78.99,6.611,4.73,1.026,1.0,45.0,15.0,True,True,BIKE_DC,SWAP_PACK_A,validation
DE000024,T0003,2026-09-01T06:30:22.687009875+07:00,8,91.54,5.754,4.12,0.413,1.0,45.0,15.0,True,True,BIKE_DC,SWAP_PACK_A,validation
DE000025,T0004,2026-09-01T06:24:48.469104+07:00,1,8.19,17.89,54.86,3.774,1.0,150.0,15.0,True,False,CCS2,FIXED_PACK,train
DE000026,T0004,2026-09-01T06:25:58.840536+07:00,2,20.08,17.731,54.37,3.285,1.0,150.0,15.0,True,False,CCS2,FIXED_PACK,train
DE000027,T0004,2026-09-01T06:27:26.413844500+07:00,3,32.14,17.569,53.88,2.789,1.0,150.0,15.0,True,False,CCS2,FIXED_PACK,train
DE000028,T0004,2026-09-01T06:28:21.508355660+07:00,4,43.55,17.416,53.41,2.321,1.0,150.0,15.0,True,False,CCS2,FIXED_PACK,train
DE000029,T0004,2026-09-01T06:29:16.900256285+07:00,5,55.3,17.259,52.93,1.838,1.0,150.0,15.0,True,False,CCS2,FIXED_PACK,train
DE000030,T0004,2026-09-01T06:30:15.979163285+07:00,6,67.61,17.094,52.42,1.331,1.0,150.0,15.0,True,False,CCS2,FIXED_PACK,train
DE000031,T0004,2026-09-01T06:31:23.237796785+07:00,7,79.9,16.929,51.92,0.826,1.0,150.0,15.0,True,False,CCS2,FIXED_PACK,train
DE000032,T0004,2026-09-01T06:32:36.590244785+07:00,8,92.29,16.763,51.41,0.317,1.0,150.0,15.0,True,False,CCS2,FIXED_PACK,train
DE000033,T0005,2026-09-01T06:31:32.638486500+07:00,1,7.98,15.164,10.85,6.904,1.036,45.0,15.0,True,True,BIKE_DC,SWAP_PACK_A,train
DE000034,T0005,2026-09-01T06:34:00.368550500+07:00,2,20.38,13.864,9.92,5.973,1.0,45.0,15.0,True,True,BIKE_DC,SWAP_PACK_A,train
DE000035,T0005,2026-09-01T06:36:29.384038500+07:00,3,32.54,12.588,9.01,5.061,1.0,45.0,15.0,True,True,BIKE_DC,SWAP_PACK_A,train
DE000036,T0005,2026-09-01T06:38:03.574740+07:00,4,43.94,11.393,8.15,4.205,1.0,45.0,15.0,True,True,BIKE_DC,SWAP_PACK_A,train
DE000037,T0005,2026-09-01T06:40:13.689648+07:00,5,55.73,10.157,7.27,3.321,1.0,45.0,15.0,True,True,BIKE_DC,SWAP_PACK_A,train
DE000038,T0005,2026-09-01T06:42:00.243694500+07:00,6,67.03,8.972,6.42,2.473,1.0,45.0,15.0,True,True,BIKE_DC,SWAP_PACK_A,train
DE000039,T0005,2026-09-01T06:44:15.025167200+07:00,7,78.01,7.821,5.6,1.65,1.0,45.0,15.0,True,True,BIKE_DC,SWAP_PACK_A,train
DE000040,T0005,2026-09-01T06:46:49.564413+07:00,8,91.72,6.384,4.57,0.621,1.0,45.0,15.0,True,True,BIKE_DC,SWAP_PACK_A,train
DE000041,T0006,2026-09-01T06:37:10.263133714+07:00,1,8.35,17.318,12.39,5.356,1.0,45.0,15.0,True,True,BIKE_DC,SWAP_PACK_A,train
DE000042,T0006,2026-09-01T06:38:53.426400+07:00,2,20.61,16.317,11.68,4.639,1.0,45.0,15.0,True,True,BIKE_DC,SWAP_PACK_A,train
DE000043,T0006,2026-09-01T06:40:24.833644499+07:00,3,32.59,15.339,10.98,3.939,1.0,45.0,15.0,True,True,BIKE_DC,SWAP_PACK_A,train
DE000044,T0006,2026-09-01T06:41:50.422645500+07:00,4,45.06,14.32,10.25,3.21,1.0,45.0,15.0,True,True,BIKE_DC,SWAP_PACK_A,train
DE000045,T0006,2026-09-01T06:43:29.808917500+07:00,5,57.24,13.326,9.54,2.499,1.0,45.0,15.0,True,True,BIKE_DC,SWAP_PACK_A,train
DE000046,T0006,2026-09-01T06:44:46.732301+07:00,6,67.86,12.458,8.91,1.878,1.0,45.0,15.0,True,True,BIKE_DC,SWAP_PACK_A,train
DE000047,T0006,2026-09-01T06:46:04.472258+07:00,7,79.49,11.508,8.23,1.198,1.0,45.0,15.0,True,True,BIKE_DC,SWAP_PACK_A,train
DE000048,T0006,2026-09-01T06:47:45.627608+07:00,8,91.8,10.503,7.52,0.479,1.0,45.0,15.0,True,True,BIKE_DC,SWAP_PACK_A,train
DE000049,T0007,2026-09-01T06:42:50.555800+07:00,1,8.25,17.918,54.95,2.81,1.0,150.0,15.0,True,False,CCS2,FIXED_PACK,train
DE000050,T0007,2026-09-01T06:44:03.889599999+07:00,2,20.22,17.798,54.58,2.443,1.0,150.0,15.0,True,False,CCS2,FIXED_PACK,train
DE000051,T0007,2026-09-01T06:45:17.871599999+07:00,3,32.3,17.677,54.21,2.073,1.0,150.0,15.0,True,False,CCS2,FIXED_PACK,train
DE000052,T0007,2026-09-01T06:46:29.952999999+07:00,4,44.07,17.56,53.85,1.713,1.0,150.0,15.0,True,False,CCS2,FIXED_PACK,train
DE000053,T0007,2026-09-01T06:47:47.505199999+07:00,5,56.73,17.433,53.46,1.325,1.0,150.0,15.0,True,False,CCS2,FIXED_PACK,train
DE000054,T0007,2026-09-01T06:48:57.268799999+07:00,6,68.12,17.32,53.11,0.976,1.0,150.0,15.0,True,False,CCS2,FIXED_PACK,train
DE000055,T0007,2026-09-01T06:50:12.875799999+07:00,7,80.46,17.196,52.74,0.598,1.0,150.0,15.0,True,False,CCS2,FIXED_PACK,train
DE000056,T0007,2026-09-01T06:51:26.902399999+07:00,8,92.55,17.076,52.37,0.228,1.0,150.0,15.0,True,False,CCS2,FIXED_PACK,train
DE000057,T0008,2026-09-01T06:49:23.037023999+07:00,1,8.48,17.812,54.62,6.224,1.0,165.0,15.0,True,False,CCS2,FIXED_PACK,train
DE000058,T0008,2026-09-01T06:51:17.221265999+07:00,2,20.2,17.552,53.83,5.427,1.0,165.0,15.0,True,False,CCS2,FIXED_PACK,train
DE000059,T0008,2026-09-01T06:53:12.342018499+07:00,3,31.96,17.291,53.03,4.627,1.0,165.0,15.0,True,False,CCS2,FIXED_PACK,train
DE000060,T0008,2026-09-01T06:55:15.970366499+07:00,4,44.45,17.014,52.18,3.778,1.0,165.0,15.0,True,False,CCS2,FIXED_PACK,train
DE000061,T0008,2026-09-01T06:57:28.757502499+07:00,5,56.52,16.747,51.36,2.957,1.0,165.0,15.0,True,False,CCS2,FIXED_PACK,train
DE000062,T0008,2026-09-01T06:59:45.801854499+07:00,6,69.02,16.469,50.51,2.107,1.0,165.0,15.0,True,False,CCS2,FIXED_PACK,train
DE000063,T0008,2026-09-01T07:01:36.423806499+07:00,7,81.26,16.198,49.67,1.275,1.0,165.0,15.0,True,False,CCS2,FIXED_PACK,train
DE000064,T0008,2026-09-01T07:03:23.087513499+07:00,8,93.23,15.932,48.86,0.46,1.0,165.0,15.0,True,False,CCS2,FIXED_PACK,train
DE000065,T0009,2026-09-01T06:55:02.419079999+07:00,1,8.15,17.454,12.49,4.408,1.0,45.0,15.0,True,True,BIKE_DC,SWAP_PACK_A,train
DE000066,T0009,2026-09-01T06:56:27.053619428+07:00,2,20.39,16.632,11.9,3.821,1.0,45.0,15.0,True,True,BIKE_DC,SWAP_PACK_A,train
DE000067,T0009,2026-09-01T06:57:47.572103999+07:00,3,32.55,15.817,11.32,3.237,1.0,45.0,15.0,True,True,BIKE_DC,SWAP_PACK_A,train
DE000068,T0009,2026-09-01T06:59:30.937551999+07:00,4,43.57,15.078,10.79,2.708,1.0,45.0,15.0,True,True,BIKE_DC,SWAP_PACK_A,train
DE000069,T0009,2026-09-01T07:00:55.226800+07:00,5,55.77,14.26,10.2,2.123,1.0,45.0,15.0,True,True,BIKE_DC,SWAP_PACK_A,train
DE000070,T0009,2026-09-01T07:02:19.239712+07:00,6,67.93,13.444,9.62,1.539,1.0,45.0,15.0,True,True,BIKE_DC,SWAP_PACK_A,train
DE000071,T0009,2026-09-01T07:03:55.458002285+07:00,7,80.23,12.619,9.03,0.949,1.0,45.0,15.0,True,True,BIKE_DC,SWAP_PACK_A,train
DE000072,T0009,2026-09-01T07:05:19.956400+07:00,8,92.45,11.799,8.44,0.362,1.0,45.0,15.0,True,True,BIKE_DC,SWAP_PACK_A,train
DE000073,T0010,2026-09-01T07:00:51.673824+07:00,1,7.97,17.883,54.84,4.144,1.0,150.0,15.0,True,False,CCS2,FIXED_PACK,train
DE000074,T0010,2026-09-01T07:02:07.779407999+07:00,2,19.71,17.711,54.31,3.615,1.0,150.0,15.0,True,False,CCS2,FIXED_PACK,train
DE000075,T0010,2026-09-01T07:03:27.314928+07:00,3,31.97,17.531,53.76,3.063,1.0,150.0,15.0,True,False,CCS2,FIXED_PACK,train
DE000076,T0010,2026-09-01T07:04:46.406352+07:00,4,44.17,17.351,53.21,2.514,1.0,150.0,15.0,True,False,CCS2,FIXED_PACK,train
DE000077,T0010,2026-09-01T07:06:04.679712+07:00,5,56.25,17.174,52.67,1.97,1.0,150.0,15.0,True,False,CCS2,FIXED_PACK,train
DE000078,T0010,2026-09-01T07:07:25.033296+07:00,6,68.64,16.992,52.11,1.412,1.0,150.0,15.0,True,False,CCS2,FIXED_PACK,train
DE000079,T0010,2026-09-01T07:08:41.138880+07:00,7,80.38,16.82,51.58,0.884,1.0,150.0,15.0,True,False,CCS2,FIXED_PACK,train
DE000080,T0010,2026-09-01T07:09:57.624000+07:00,8,92.17,16.647,51.05,0.352,1.0,150.0,15.0,True,False,CCS2,FIXED_PACK,train
DE000081,T0011,2026-09-01T07:07:33.987727999+07:00,1,7.24,17.762,54.47,8.364,1.255,165.0,15.0,True,False,CCS2,FIXED_PACK,test
DE000082,T0011,2026-09-01T07:10:11.334479999+07:00,2,19.36,17.363,53.25,7.271,1.091,165.0,15.0,True,False,CCS2,FIXED_PACK,test
DE000083,T0011,2026-09-01T07:12:46.447488+07:00,3,31.3,16.969,52.04,6.194,1.0,165.0,15.0,True,False,CCS2,FIXED_PACK,test
DE000084,T0011,2026-09-01T07:14:57.207574500+07:00,4,41.51,16.633,51.01,5.274,1.0,165.0,15.0,True,False,CCS2,FIXED_PACK,test
DE000085,T0011,2026-09-01T07:17:39.998312571+07:00,5,54.49,16.206,49.7,4.104,1.0,165.0,15.0,True,False,CCS2,FIXED_PACK,test
DE000086,T0011,2026-09-01T07:20:25.337638499+07:00,6,68.0,15.761,48.33,2.885,1.0,165.0,15.0,True,False,CCS2,FIXED_PACK,test
DE000087,T0011,2026-09-01T07:22:59.591644499+07:00,7,80.35,15.354,47.09,1.772,1.0,165.0,15.0,True,False,CCS2,FIXED_PACK,test
DE000088,T0011,2026-09-01T07:25:33.368417142+07:00,8,92.47,14.955,45.86,0.679,1.0,165.0,15.0,True,False,CCS2,FIXED_PACK,test
DE000089,T0012,2026-09-01T07:12:54.673391020+07:00,1,7.99,6.257,4.48,6.123,1.0,45.0,15.0,True,True,BIKE_DC,SWAP_PACK_A,train
DE000090,T0012,2026-09-01T07:14:12.203520+07:00,2,19.31,5.204,3.72,5.369,1.0,45.0,15.0,True,True,BIKE_DC,SWAP_PACK_A,train
DE000091,T0012,2026-09-01T07:15:27.397625142+07:00,3,30.3,4.182,2.99,4.638,1.0,45.0,15.0,True,True,BIKE_DC,SWAP_PACK_A,train
DE000092,T0012,2026-09-01T07:16:52.514811428+07:00,4,42.74,3.026,2.16,3.811,1.0,45.0,15.0,True,True,BIKE_DC,SWAP_PACK_A,train
DE000093,T0012,2026-09-01T07:18:38.456619428+07:00,5,55.45,1.843,1.32,2.964,1.0,45.0,15.0,True,True,BIKE_DC,SWAP_PACK_A,train
DE000094,T0012,2026-09-01T07:20:30.744631969+07:00,6,67.17,0.753,0.54,2.184,1.0,45.0,15.0,True,True,BIKE_DC,SWAP_PACK_A,train
DE000095,T0012,2026-09-01T07:22:23.752415999+07:00,7,79.29,0.0,0.0,1.378,1.0,45.0,15.0,True,True,BIKE_DC,SWAP_PACK_A,train
DE000096,T0012,2026-09-01T07:24:10.349460395+07:00,8,91.81,0.0,0.0,0.545,1.0,45.0,15.0,True,True,BIKE_DC,SWAP_PACK_A,train
DE000097,T0013,2026-09-01T07:18:41.514528+07:00,1,8.11,87.316,267.77,3.569,1.0,150.0,15.0,True,False,CCS2,FIXED_PACK,test
DE000098,T0013,2026-09-01T07:19:50.823648+07:00,2,20.5,87.159,267.29,3.088,1.0,150.0,15.0,True,False,CCS2,FIXED_PACK,test
DE000099,T0013,2026-09-01T07:20:55.259771999+07:00,3,32.25,87.01,266.83,2.631,1.0,150.0,15.0,True,False,CCS2,FIXED_PACK,test
DE000100,T0013,2026-09-01T07:21:46.338006857+07:00,4,44.63,86.853,266.35,2.151,1.0,150.0,15.0,True,False,CCS2,FIXED_PACK,test
DE000101,T0013,2026-09-01T07:22:49.326147428+07:00,5,56.89,86.698,265.87,1.674,1.0,150.0,15.0,True,False,CCS2,FIXED_PACK,test
DE000102,T0013,2026-09-01T07:23:37.202203700+07:00,6,69.04,86.544,265.4,1.203,1.0,150.0,15.0,True,False,CCS2,FIXED_PACK,test
DE000103,T0013,2026-09-01T07:24:21.127478857+07:00,7,80.35,86.401,264.96,0.763,1.0,150.0,15.0,True,False,CCS2,FIXED_PACK,test
DE000104,T0013,2026-09-01T07:25:01.782915857+07:00,8,91.98,86.253,264.51,0.312,1.0,150.0,15.0,True,False,CCS2,FIXED_PACK,test
DE000105,T0014,2026-09-01T07:25:26.058874285+07:00,1,7.38,64.819,198.78,7.719,1.158,165.0,15.0,True,False,CCS2,FIXED_PACK,test
DE000106,T0014,2026-09-01T07:27:42.865714285+07:00,2,19.51,64.49,197.77,6.708,1.006,165.0,15.0,True,False,CCS2,FIXED_PACK,test
DE000107,T0014,2026-09-01T07:29:44.266292571+07:00,3,29.83,64.209,196.91,5.847,1.0,165.0,15.0,True,False,CCS2,FIXED_PACK,test
DE000108,T0014,2026-09-01T07:32:14.661384+07:00,4,43.05,63.85,195.81,4.746,1.0,165.0,15.0,True,False,CCS2,FIXED_PACK,test
DE000109,T0014,2026-09-01T07:34:31.011579428+07:00,5,55.09,63.523,194.8,3.743,1.0,165.0,15.0,True,False,CCS2,FIXED_PACK,test
DE000110,T0014,2026-09-01T07:36:45.189925714+07:00,6,66.88,63.202,193.82,2.76,1.0,165.0,15.0,True,False,CCS2,FIXED_PACK,test
DE000111,T0014,2026-09-01T07:39:03.950084571+07:00,7,79.48,62.86,192.77,1.71,1.0,165.0,15.0,True,False,CCS2,FIXED_PACK,test
DE000112,T0014,2026-09-01T07:41:30.324685714+07:00,8,92.05,62.519,191.72,0.663,1.0,165.0,15.0,True,False,CCS2,FIXED_PACK,test
DE000113,T0015,2026-09-01T07:30:25.937856+07:00,1,8.8,72.859,52.13,1.866,1.0,45.0,15.0,True,True,BIKE_DC,SWAP_PACK_A,train
DE000114,T0015,2026-09-01T07:31:02.452799999+07:00,2,21.2,72.505,51.88,1.612,1.0,45.0,15.0,True,True,BIKE_DC,SWAP_PACK_A,train
DE000115,T0015,2026-09-01T07:31:36.902711999+07:00,3,32.89,72.17,51.64,1.373,1.0,45.0,15.0,True,True,BIKE_DC,SWAP_PACK_A,train
DE000116,T0015,2026-09-01T07:32:11.357721599+07:00,4,44.59,71.836,51.4,1.134,1.0,45.0,15.0,True,True,BIKE_DC,SWAP_PACK_A,train
DE000117,T0015,2026-09-01T07:32:56.357439999+07:00,5,57.75,71.46,51.13,0.864,1.0,45.0,15.0,True,True,BIKE_DC,SWAP_PACK_A,train
DE000118,T0015,2026-09-01T07:33:31.053627999+07:00,6,69.52,71.123,50.89,0.623,1.0,45.0,15.0,True,True,BIKE_DC,SWAP_PACK_A,train
DE000119,T0015,2026-09-01T07:34:04.617471999+07:00,7,80.92,70.797,50.66,0.39,1.0,45.0,15.0,True,True,BIKE_DC,SWAP_PACK_A,train
DE000120,T0015,2026-09-01T07:34:39.357314909+07:00,8,92.71,70.46,50.42,0.149,1.0,45.0,15.0,True,True,BIKE_DC,SWAP_PACK_A,train
DE000121,T0016,2026-09-01T07:37:51.533498666+07:00,1,8.05,47.353,145.22,6.856,1.028,150.0,15.0,True,False,CCS2,FIXED_PACK,train
DE000122,T0016,2026-09-01T07:40:47.586869999+07:00,2,20.64,47.047,144.28,5.917,1.0,150.0,15.0,True,False,CCS2,FIXED_PACK,train
DE000123,T0016,2026-09-01T07:43:24.018967999+07:00,3,32.77,46.752,143.37,5.013,1.0,150.0,15.0,True,False,CCS2,FIXED_PACK,train
DE000124,T0016,2026-09-01T07:45:49.022805333+07:00,4,44.18,46.474,142.52,4.162,1.0,150.0,15.0,True,False,CCS2,FIXED_PACK,train
DE000125,T0016,2026-09-01T07:48:51.022772+07:00,5,56.39,46.178,141.61,3.252,1.0,150.0,15.0,True,False,CCS2,FIXED_PACK,train
DE000126,T0016,2026-09-01T07:51:46.038631999+07:00,6,68.28,45.889,140.73,2.365,1.0,150.0,15.0,True,False,CCS2,FIXED_PACK,train
DE000127,T0016,2026-09-01T07:54:53.814831999+07:00,7,80.87,45.582,139.79,1.426,1.0,150.0,15.0,True,False,CCS2,FIXED_PACK,train
DE000128,T0016,2026-09-01T07:57:38.266897142+07:00,8,92.99,45.288,138.88,0.523,1.0,150.0,15.0,True,False,CCS2,FIXED_PACK,train
DE000129,T0017,2026-09-01T07:43:15.775776+07:00,1,7.39,17.828,54.67,6.597,1.0,165.0,15.0,True,False,CCS2,FIXED_PACK,train
DE000130,T0017,2026-09-01T07:45:19.863360+07:00,2,19.49,17.547,53.81,5.735,1.0,165.0,15.0,True,False,CCS2,FIXED_PACK,train
DE000131,T0017,2026-09-01T07:47:22.045632+07:00,3,31.4,17.271,52.96,4.886,1.0,165.0,15.0,True,False,CCS2,FIXED_PACK,train
DE000132,T0017,2026-09-01T07:49:20.885808+07:00,4,42.98,17.002,52.14,4.061,1.0,165.0,15.0,True,False,CCS2,FIXED_PACK,train
DE000133,T0017,2026-09-01T07:51:31.780800+07:00,5,55.75,16.705,51.23,3.152,1.0,165.0,15.0,True,False,CCS2,FIXED_PACK,train
DE000134,T0017,2026-09-01T07:53:38.972400+07:00,6,68.15,16.417,50.35,2.269,1.0,165.0,15.0,True,False,CCS2,FIXED_PACK,train
DE000135,T0017,2026-09-01T07:55:38.814960+07:00,7,79.83,16.146,49.51,1.437,1.0,165.0,15.0,True,False,CCS2,FIXED_PACK,train
DE000136,T0017,2026-09-01T07:57:44.059536+07:00,8,92.04,15.862,48.64,0.567,1.0,165.0,15.0,True,False,CCS2,FIXED_PACK,train
DE000137,T0018,2026-09-01T07:49:35.892799999+07:00,1,8.64,17.33,12.4,5.068,1.0,45.0,15.0,True,True,BIKE_DC,SWAP_PACK_A,train
DE000138,T0018,2026-09-01T07:51:39.786456+07:00,2,20.35,16.422,11.75,4.418,1.0,45.0,15.0,True,True,BIKE_DC,SWAP_PACK_A,train
DE000139,T0018,2026-09-01T07:53:45.606758857+07:00,3,32.35,15.492,11.09,3.753,1.0,45.0,15.0,True,True,BIKE_DC,SWAP_PACK_A,train
DE000140,T0018,2026-09-01T07:55:39.135358857+07:00,4,42.59,14.698,10.52,3.185,1.0,45.0,15.0,True,True,BIKE_DC,SWAP_PACK_A,train
DE000141,T0018,2026-09-01T07:57:35.464478545+07:00,5,55.28,13.714,9.81,2.481,1.0,45.0,15.0,True,True,BIKE_DC,SWAP_PACK_A,train
DE000142,T0018,2026-09-01T07:59:15.683071999+07:00,6,67.83,12.741,9.12,1.785,1.0,45.0,15.0,True,True,BIKE_DC,SWAP_PACK_A,train
DE000143,T0018,2026-09-01T08:00:58.240551999+07:00,7,80.1,11.79,8.44,1.104,1.0,45.0,15.0,True,True,BIKE_DC,SWAP_PACK_A,train
DE000144,T0018,2026-09-01T08:02:41.149130909+07:00,8,92.99,10.791,7.72,0.389,1.0,45.0,15.0,True,True,BIKE_DC,SWAP_PACK_A,train
DE000145,T0019,2026-09-01T07:55:43.063137500+07:00,1,7.59,17.822,54.65,6.644,1.0,150.0,15.0,True,False,CCS2,FIXED_PACK,train
DE000146,T0019,2026-09-01T07:58:03.102111+07:00,2,20.1,17.529,53.76,5.744,1.0,150.0,15.0,True,False,CCS2,FIXED_PACK,train
DE000147,T0019,2026-09-01T08:00:19.624822499+07:00,3,32.65,17.235,52.85,4.842,1.0,150.0,15.0,True,False,CCS2,FIXED_PACK,train
DE000148,T0019,2026-09-01T08:02:57.393522500+07:00,4,43.62,16.977,52.06,4.053,1.0,150.0,15.0,True,False,CCS2,FIXED_PACK,train
DE000149,T0019,2026-09-01T08:05:43.282122500+07:00,5,55.16,16.707,51.23,3.223,1.0,150.0,15.0,True,False,CCS2,FIXED_PACK,train
DE000150,T0019,2026-09-01T08:08:03.443231875+07:00,6,67.96,16.407,50.31,2.303,1.0,150.0,15.0,True,False,CCS2,FIXED_PACK,train
DE000151,T0019,2026-09-01T08:10:28.759012500+07:00,7,79.27,16.142,49.5,1.49,1.0,150.0,15.0,True,False,CCS2,FIXED_PACK,train
DE000152,T0019,2026-09-01T08:13:07.651109166+07:00,8,91.13,15.864,48.65,0.638,1.0,150.0,15.0,True,False,CCS2,FIXED_PACK,train
DE000153,T0020,2026-09-01T08:00:51.962785071+07:00,1,7.98,17.864,54.78,4.809,1.0,165.0,15.0,True,False,CCS2,FIXED_PACK,train
DE000154,T0020,2026-09-01T08:02:03.747060499+07:00,2,18.79,17.68,54.22,4.244,1.0,165.0,15.0,True,False,CCS2,FIXED_PACK,train
DE000155,T0020,2026-09-01T08:03:41.674326500+07:00,3,30.33,17.483,53.61,3.641,1.0,165.0,15.0,True,False,CCS2,FIXED_PACK,train
DE000156,T0020,2026-09-01T08:05:01.179308+07:00,4,42.47,17.276,52.98,3.007,1.0,165.0,15.0,True,False,CCS2,FIXED_PACK,train
DE000157,T0020,2026-09-01T08:06:26.232203+07:00,5,54.95,17.064,52.33,2.354,1.0,165.0,15.0,True,False,CCS2,FIXED_PACK,train
DE000158,T0020,2026-09-01T08:07:52.461531500+07:00,6,67.24,16.854,51.69,1.712,1.0,165.0,15.0,True,False,CCS2,FIXED_PACK,train
DE000159,T0020,2026-09-01T08:09:21.695652071+07:00,7,79.56,16.644,51.04,1.068,1.0,165.0,15.0,True,False,CCS2,FIXED_PACK,train
DE000160,T0020,2026-09-01T08:10:43.968720071+07:00,8,91.03,16.449,50.44,0.469,1.0,165.0,15.0,True,False,CCS2,FIXED_PACK,train
DE000161,T0021,2026-09-01T08:06:40.807871999+07:00,1,8.73,17.604,12.6,2.962,1.0,45.0,15.0,True,True,BIKE_DC,SWAP_PACK_A,train
DE000162,T0021,2026-09-01T08:07:35.337351+07:00,2,21.57,17.022,12.18,2.545,1.0,45.0,15.0,True,True,BIKE_DC,SWAP_PACK_A,train
DE000163,T0021,2026-09-01T08:08:27.993731714+07:00,3,33.69,16.472,11.79,2.152,1.0,45.0,15.0,True,True,BIKE_DC,SWAP_PACK_A,train
DE000164,T0021,2026-09-01T08:09:38.125538500+07:00,4,45.87,15.92,11.39,1.757,1.0,45.0,15.0,True,True,BIKE_DC,SWAP_PACK_A,train
DE000165,T0021,2026-09-01T08:10:56.761058499+07:00,5,57.98,15.37,11.0,1.363,1.0,45.0,15.0,True,True,BIKE_DC,SWAP_PACK_A,train
DE000166,T0021,2026-09-01T08:11:39.837983499+07:00,6,69.78,14.835,10.62,0.981,1.0,45.0,15.0,True,True,BIKE_DC,SWAP_PACK_A,train
DE000167,T0021,2026-09-01T08:12:25.586615499+07:00,7,80.84,14.334,10.26,0.622,1.0,45.0,15.0,True,True,BIKE_DC,SWAP_PACK_A,train
DE000168,T0021,2026-09-01T08:12:52.811471499+07:00,8,92.49,13.806,9.88,0.244,1.0,45.0,15.0,True,True,BIKE_DC,SWAP_PACK_A,train
DE000169,T0022,2026-09-01T08:13:15.704160+07:00,1,7.9,56.93,174.58,6.131,1.0,150.0,15.0,True,False,CCS2,FIXED_PACK,train
DE000170,T0022,2026-09-01T08:15:10.788263999+07:00,2,19.9,56.669,173.78,5.332,1.0,150.0,15.0,True,False,CCS2,FIXED_PACK,train
DE000171,T0022,2026-09-01T08:17:03.061694399+07:00,3,31.62,56.415,173.01,4.552,1.0,150.0,15.0,True,False,CCS2,FIXED_PACK,train
DE000172,T0022,2026-09-01T08:19:03.174829499+07:00,4,44.26,56.14,172.16,3.71,1.0,150.0,15.0,True,False,CCS2,FIXED_PACK,train
DE000173,T0022,2026-09-01T08:20:53.695837500+07:00,5,55.79,55.89,171.4,2.943,1.0,150.0,15.0,True,False,CCS2,FIXED_PACK,train
DE000174,T0022,2026-09-01T08:22:46.427821499+07:00,6,67.56,55.635,170.61,2.16,1.0,150.0,15.0,True,False,CCS2,FIXED_PACK,train
DE000175,T0022,2026-09-01T08:24:45.016861499+07:00,7,79.93,55.366,169.79,1.336,1.0,150.0,15.0,True,False,CCS2,FIXED_PACK,train
DE000176,T0022,2026-09-01T08:26:35.307354299+07:00,8,91.43,55.116,169.02,0.57,1.0,150.0,15.0,True,False,CCS2,FIXED_PACK,train
DE000177,T0023,2026-09-01T08:20:28.945875+07:00,1,8.97,67.138,205.89,7.898,1.185,165.0,15.0,True,False,CCS2,FIXED_PACK,train
DE000178,T0023,2026-09-01T08:23:48.130210576+07:00,2,22.29,66.761,204.73,6.743,1.011,165.0,15.0,True,False,CCS2,FIXED_PACK,train
DE000179,T0023,2026-09-01T08:26:50.859190363+07:00,3,35.85,66.377,203.56,5.566,1.0,165.0,15.0,True,False,CCS2,FIXED_PACK,train
DE000180,T0023,2026-09-01T08:29:09.173147061+07:00,4,48.15,66.029,202.49,4.499,1.0,165.0,15.0,True,False,CCS2,FIXED_PACK,train
DE000181,T0023,2026-09-01T08:31:34.352574164+07:00,5,60.47,65.68,201.42,3.43,1.0,165.0,15.0,True,False,CCS2,FIXED_PACK,train
DE000182,T0023,2026-09-01T08:34:34.307931857+07:00,6,73.94,65.299,200.25,2.261,1.0,165.0,15.0,True,False,CCS2,FIXED_PACK,train
DE000183,T0023,2026-09-01T08:37:12.864281857+07:00,7,86.08,64.956,199.2,1.208,1.0,165.0,15.0,True,False,CCS2,FIXED_PACK,train
DE000184,T0023,2026-09-01T08:39:32.860431857+07:00,8,96.67,64.656,198.28,0.289,1.0,165.0,15.0,True,False,CCS2,FIXED_PACK,train
DE000185,T0024,2026-09-01T08:24:51.395377142+07:00,1,8.73,11.623,8.32,2.824,1.0,45.0,15.0,True,True,BIKE_DC,SWAP_PACK_A,train
DE000186,T0024,2026-09-01T08:25:49.741000+07:00,2,20.38,11.119,7.96,2.464,1.0,45.0,15.0,True,True,BIKE_DC,SWAP_PACK_A,train
DE000187,T0024,2026-09-01T08:26:41.028028571+07:00,3,33.83,10.537,7.54,2.047,1.0,45.0,15.0,True,True,BIKE_DC,SWAP_PACK_A,train
DE000188,T0024,2026-09-01T08:27:21.618131428+07:00,4,45.77,10.021,7.17,1.678,1.0,45.0,15.0,True,True,BIKE_DC,SWAP_PACK_A,train
DE000189,T0024,2026-09-01T08:28:13.099642285+07:00,5,57.13,9.53,6.82,1.327,1.0,45.0,15.0,True,True,BIKE_DC,SWAP_PACK_A,train
DE000190,T0024,2026-09-01T08:29:07.490129142+07:00,6,69.33,9.002,6.44,0.949,1.0,45.0,15.0,True,True,BIKE_DC,SWAP_PACK_A,train
DE000191,T0024,2026-09-01T08:30:00.491441142+07:00,7,80.6,8.515,6.09,0.6,1.0,45.0,15.0,True,True,BIKE_DC,SWAP_PACK_A,train
DE000192,T0024,2026-09-01T08:30:53.619857142+07:00,8,92.52,7.999,5.72,0.231,1.0,45.0,15.0,True,True,BIKE_DC,SWAP_PACK_A,train
DE000193,T0025,2026-09-01T08:31:33.360200+07:00,1,8.13,17.848,54.73,5.274,1.0,150.0,15.0,True,False,CCS2,FIXED_PACK,train
DE000194,T0025,2026-09-01T08:33:43.737600+07:00,2,19.49,17.635,54.08,4.622,1.0,150.0,15.0,True,False,CCS2,FIXED_PACK,train
DE000195,T0025,2026-09-01T08:35:48.386600+07:00,3,30.34,17.432,53.46,3.999,1.0,150.0,15.0,True,False,CCS2,FIXED_PACK,train
DE000196,T0025,2026-09-01T08:38:06.027345454+07:00,4,42.33,17.208,52.77,3.31,1.0,150.0,15.0,True,False,CCS2,FIXED_PACK,train
DE000197,T0025,2026-09-01T08:40:26.843992+07:00,5,55.62,16.959,52.01,2.548,1.0,150.0,15.0,True,False,CCS2,FIXED_PACK,train
DE000198,T0025,2026-09-01T08:42:57.562925333+07:00,6,68.75,16.713,51.25,1.794,1.0,150.0,15.0,True,False,CCS2,FIXED_PACK,train
DE000199,T0025,2026-09-01T08:45:24.525975999+07:00,7,81.87,16.467,50.5,1.04,1.0,150.0,15.0,True,False,CCS2,FIXED_PACK,train
DE000200,T0025,2026-09-01T08:46:55.065831999+07:00,8,92.83,16.262,49.87,0.412,1.0,150.0,15.0,True,False,CCS2,FIXED_PACK,train
DE000201,T0026,2026-09-01T08:37:20.336447999+07:00,1,8.56,15.199,10.88,6.119,1.0,45.0,15.0,True,True,BIKE_DC,SWAP_PACK_A,train
DE000202,T0026,2026-09-01T08:38:57.103075199+07:00,2,19.12,14.211,10.17,5.413,1.0,45.0,15.0,True,True,BIKE_DC,SWAP_PACK_A,train
DE000203,T0026,2026-09-01T08:40:48.363495999+07:00,3,30.55,13.142,9.4,4.648,1.0,45.0,15.0,True,True,BIKE_DC,SWAP_PACK_A,train
DE000204,T0026,2026-09-01T08:42:17.053456+07:00,4,43.15,11.964,8.56,3.805,1.0,45.0,15.0,True,True,BIKE_DC,SWAP_PACK_A,train
DE000205,T0026,2026-09-01T08:44:08.856568+07:00,5,56.27,10.737,7.68,2.926,1.0,45.0,15.0,True,True,BIKE_DC,SWAP_PACK_A,train
DE000206,T0026,2026-09-01T08:45:09.695398+07:00,6,67.66,9.671,6.92,2.164,1.0,45.0,15.0,True,True,BIKE_DC,SWAP_PACK_A,train
DE000207,T0026,2026-09-01T08:46:20.641667714+07:00,7,78.89,8.621,6.17,1.413,1.0,45.0,15.0,True,True,BIKE_DC,SWAP_PACK_A,train
DE000208,T0026,2026-09-01T08:47:47.440426857+07:00,8,91.65,7.428,5.31,0.559,1.0,45.0,15.0,True,True,BIKE_DC,SWAP_PACK_A,train
DE000209,T0027,2026-09-01T08:42:32.519903999+07:00,1,7.59,17.684,12.65,2.751,1.0,45.0,15.0,True,True,BIKE_DC,SWAP_PACK_A,train
DE000210,T0027,2026-09-01T08:43:26.888617714+07:00,2,20.36,17.153,12.27,2.37,1.0,45.0,15.0,True,True,BIKE_DC,SWAP_PACK_A,train
DE000211,T0027,2026-09-01T08:44:18.780421714+07:00,3,33.04,16.626,11.9,1.993,1.0,45.0,15.0,True,True,BIKE_DC,SWAP_PACK_A,train
DE000212,T0027,2026-09-01T08:45:04.085056879+07:00,4,45.35,16.113,11.53,1.626,1.0,45.0,15.0,True,True,BIKE_DC,SWAP_PACK_A,train
DE000213,T0027,2026-09-01T08:45:42.602358857+07:00,5,57.0,15.629,11.18,1.28,1.0,45.0,15.0,True,True,BIKE_DC,SWAP_PACK_A,train
DE000214,T0027,2026-09-01T08:46:31.920693857+07:00,6,69.3,15.117,10.82,0.914,1.0,45.0,15.0,True,True,BIKE_DC,SWAP_PACK_A,train
DE000215,T0027,2026-09-01T08:47:21.469892357+07:00,7,80.96,14.632,10.47,0.567,1.0,45.0,15.0,True,True,BIKE_DC,SWAP_PACK_A,train
DE000216,T0027,2026-09-01T08:48:11.597390357+07:00,8,93.07,14.129,10.11,0.206,1.0,45.0,15.0,True,True,BIKE_DC,SWAP_PACK_A,train
DE000217,T0028,2026-09-01T08:49:19.534159999+07:00,1,8.02,17.836,54.7,5.753,1.0,150.0,15.0,True,False,CCS2,FIXED_PACK,validation
DE000218,T0028,2026-09-01T08:51:07.403216+07:00,2,20.0,17.592,53.95,5.003,1.0,150.0,15.0,True,False,CCS2,FIXED_PACK,validation
DE000219,T0028,2026-09-01T08:52:53.692063999+07:00,3,31.8,17.352,53.21,4.265,1.0,150.0,15.0,True,False,CCS2,FIXED_PACK,validation
DE000220,T0028,2026-09-01T08:54:44.295357714+07:00,4,44.08,17.101,52.44,3.497,1.0,150.0,15.0,True,False,CCS2,FIXED_PACK,validation
DE000221,T0028,2026-09-01T08:56:45.188255999+07:00,5,56.09,16.856,51.69,2.746,1.0,150.0,15.0,True,False,CCS2,FIXED_PACK,validation
DE000222,T0028,2026-09-01T08:58:44.835119999+07:00,6,68.67,16.6,50.91,1.959,1.0,150.0,15.0,True,False,CCS2,FIXED_PACK,validation
DE000223,T0028,2026-09-01T09:00:56.852603999+07:00,7,80.29,16.363,50.18,1.233,1.0,150.0,15.0,True,False,CCS2,FIXED_PACK,validation
DE000224,T0028,2026-09-01T09:02:44.471903999+07:00,8,92.24,16.119,49.43,0.485,1.0,150.0,15.0,True,False,CCS2,FIXED_PACK,validation
DE000225,T0029,2026-09-01T08:54:36.399663999+07:00,1,8.1,17.918,54.95,2.869,1.0,165.0,15.0,True,False,CCS2,FIXED_PACK,train
DE000226,T0029,2026-09-01T08:55:31.471638857+07:00,2,20.34,17.793,54.56,2.487,1.0,165.0,15.0,True,False,CCS2,FIXED_PACK,train
DE000227,T0029,2026-09-01T08:56:17.356539428+07:00,3,30.55,17.689,54.25,2.168,1.0,165.0,15.0,True,False,CCS2,FIXED_PACK,train
DE000228,T0029,2026-09-01T08:57:10.913327999+07:00,4,42.46,17.568,53.87,1.796,1.0,165.0,15.0,True,False,CCS2,FIXED_PACK,train
DE000229,T0029,2026-09-01T08:58:02.471807999+07:00,5,53.93,17.451,53.52,1.438,1.0,165.0,15.0,True,False,CCS2,FIXED_PACK,train
DE000230,T0029,2026-09-01T08:59:01.618656+07:00,6,67.09,17.317,53.11,1.028,1.0,165.0,15.0,True,False,CCS2,FIXED_PACK,train
DE000231,T0029,2026-09-01T09:00:00.999120+07:00,7,80.29,17.183,52.69,0.615,1.0,165.0,15.0,True,False,CCS2,FIXED_PACK,train
DE000232,T0029,2026-09-01T09:00:56.728656+07:00,8,92.69,17.056,52.31,0.228,1.0,165.0,15.0,True,False,CCS2,FIXED_PACK,train
DE000233,T0030,2026-09-01T09:01:15.547767999+07:00,1,8.32,17.442,12.48,4.4,1.0,45.0,15.0,True,True,BIKE_DC,SWAP_PACK_A,train
DE000234,T0030,2026-09-01T09:02:47.832923999+07:00,2,19.71,16.678,11.93,3.854,1.0,45.0,15.0,True,True,BIKE_DC,SWAP_PACK_A,train
DE000235,T0030,2026-09-01T09:04:28.295932+07:00,3,32.73,15.805,11.31,3.229,1.0,45.0,15.0,True,True,BIKE_DC,SWAP_PACK_A,train
DE000236,T0030,2026-09-01T09:06:11.114498+07:00,4,44.63,15.007,10.74,2.658,1.0,45.0,15.0,True,True,BIKE_DC,SWAP_PACK_A,train
DE000237,T0030,2026-09-01T09:08:11.247698+07:00,5,57.14,14.167,10.14,2.057,1.0,45.0,15.0,True,True,BIKE_DC,SWAP_PACK_A,train
DE000238,T0030,2026-09-01T09:09:52.338898+07:00,6,67.67,13.461,9.63,1.552,1.0,45.0,15.0,True,True,BIKE_DC,SWAP_PACK_A,train
DE000239,T0030,2026-09-01T09:11:38.026964666+07:00,7,78.68,12.722,9.1,1.023,1.0,45.0,15.0,True,True,BIKE_DC,SWAP_PACK_A,train
DE000240,T0030,2026-09-01T09:13:42.319498+07:00,8,91.63,11.854,8.48,0.402,1.0,45.0,15.0,True,True,BIKE_DC,SWAP_PACK_A,train
DE000241,T0031,2026-09-01T09:06:51.764559999+07:00,1,7.86,17.916,54.94,3.032,1.0,150.0,15.0,True,False,CCS2,FIXED_PACK,train
DE000242,T0031,2026-09-01T09:08:10.471400+07:00,2,19.82,17.787,54.55,2.639,1.0,150.0,15.0,True,False,CCS2,FIXED_PACK,train
DE000243,T0031,2026-09-01T09:09:10.366733333+07:00,3,28.92,17.69,54.25,2.339,1.0,150.0,15.0,True,False,CCS2,FIXED_PACK,train
DE000244,T0031,2026-09-01T09:10:15.478848+07:00,4,42.15,17.548,53.81,1.904,1.0,150.0,15.0,True,False,CCS2,FIXED_PACK,train
DE000245,T0031,2026-09-01T09:11:13.439040+07:00,5,54.38,17.416,53.41,1.501,1.0,150.0,15.0,True,False,CCS2,FIXED_PACK,train
DE000246,T0031,2026-09-01T09:12:17.432498938+07:00,6,68.21,17.268,52.96,1.046,1.0,150.0,15.0,True,False,CCS2,FIXED_PACK,train
DE000247,T0031,2026-09-01T09:12:56.684537766+07:00,7,79.64,17.145,52.58,0.67,1.0,150.0,15.0,True,False,CCS2,FIXED_PACK,train
DE000248,T0031,2026-09-01T09:13:39.710578285+07:00,8,92.35,17.009,52.16,0.252,1.0,150.0,15.0,True,False,CCS2,FIXED_PACK,train
DE000249,T0032,2026-09-01T09:13:58.700435999+07:00,1,9.12,17.767,54.49,6.359,1.0,165.0,15.0,True,False,CCS2,FIXED_PACK,train
DE000250,T0032,2026-09-01T09:17:01.868640+07:00,2,22.88,17.415,53.41,5.396,1.0,165.0,15.0,True,False,CCS2,FIXED_PACK,train
DE000251,T0032,2026-09-01T09:19:43.115340800+07:00,3,35.83,17.084,52.39,4.49,1.0,165.0,15.0,True,False,CCS2,FIXED_PACK,train
DE000252,T0032,2026-09-01T09:22:19.151920+07:00,4,48.85,16.752,51.37,3.579,1.0,165.0,15.0,True,False,CCS2,FIXED_PACK,train
DE000253,T0032,2026-09-01T09:24:27.265151999+07:00,5,58.49,16.505,50.62,2.904,1.0,165.0,15.0,True,False,CCS2,FIXED_PACK,train
DE000254,T0032,2026-09-01T09:26:40.160383999+07:00,6,68.48,16.25,49.83,2.205,1.0,165.0,15.0,True,False,CCS2,FIXED_PACK,train
DE000255,T0032,2026-09-01T09:29:02.226329999+07:00,7,79.27,15.974,48.99,1.451,1.0,165.0,15.0,True,False,CCS2,FIXED_PACK,train
DE000256,T0032,2026-09-01T09:31:44.403611999+07:00,8,91.35,15.666,48.04,0.605,1.0,165.0,15.0,True,False,CCS2,FIXED_PACK,train
DE000257,T0033,2026-09-01T09:19:56.880200+07:00,1,8.78,6.183,4.42,6.069,1.0,45.0,15.0,True,True,BIKE_DC,SWAP_PACK_A,train
DE000258,T0033,2026-09-01T09:22:20.208400+07:00,2,19.55,5.182,3.71,5.353,1.0,45.0,15.0,True,True,BIKE_DC,SWAP_PACK_A,train
DE000259,T0033,2026-09-01T09:23:41.416852500+07:00,3,30.1,4.201,3.01,4.651,1.0,45.0,15.0,True,True,BIKE_DC,SWAP_PACK_A,train
DE000260,T0033,2026-09-01T09:25:38.261217500+07:00,4,42.8,3.02,2.16,3.806,1.0,45.0,15.0,True,True,BIKE_DC,SWAP_PACK_A,train
DE000261,T0033,2026-09-01T09:28:23.839497500+07:00,5,56.06,1.787,1.28,2.924,1.0,45.0,15.0,True,True,BIKE_DC,SWAP_PACK_A,train
DE000262,T0033,2026-09-01T09:31:01.065745500+07:00,6,68.52,0.628,0.45,2.094,1.0,45.0,15.0,True,True,BIKE_DC,SWAP_PACK_A,train
DE000263,T0033,2026-09-01T09:33:07.002473500+07:00,7,79.56,0.0,0.0,1.36,1.0,45.0,15.0,True,True,BIKE_DC,SWAP_PACK_A,train
DE000264,T0033,2026-09-01T09:35:24.344284666+07:00,8,91.8,0.0,0.0,0.546,1.0,45.0,15.0,True,True,BIKE_DC,SWAP_PACK_A,train
DE000265,T0034,2026-09-01T09:25:18.048613714+07:00,1,7.48,78.248,239.96,6.284,1.0,150.0,15.0,True,False,CCS2,FIXED_PACK,train
DE000266,T0034,2026-09-01T09:27:21.560626285+07:00,2,19.85,77.974,239.12,5.444,1.0,150.0,15.0,True,False,CCS2,FIXED_PACK,train
DE000267,T0034,2026-09-01T09:29:27.744468571+07:00,3,32.05,77.704,238.29,4.616,1.0,150.0,15.0,True,False,CCS2,FIXED_PACK,train
DE000268,T0034,2026-09-01T09:31:10.708850285+07:00,4,42.61,77.47,237.58,3.898,1.0,150.0,15.0,True,False,CCS2,FIXED_PACK,train
DE000269,T0034,2026-09-01T09:33:07.547707428+07:00,5,54.13,77.215,236.79,3.116,1.0,150.0,15.0,True,False,CCS2,FIXED_PACK,train
DE000270,T0034,2026-09-01T09:35:34.713219428+07:00,6,66.77,76.935,235.93,2.257,1.0,150.0,15.0,True,False,CCS2,FIXED_PACK,train
DE000271,T0034,2026-09-01T09:38:27.874027428+07:00,7,79.57,76.652,235.07,1.388,1.0,150.0,15.0,True,False,CCS2,FIXED_PACK,train
DE000272,T0034,2026-09-01T09:40:41.818947428+07:00,8,91.66,76.384,234.24,0.566,1.0,150.0,15.0,True,False,CCS2,FIXED_PACK,train
DE000273,T0035,2026-09-01T09:31:05.355264+07:00,1,7.76,94.056,288.44,5.398,1.0,165.0,15.0,True,False,CCS2,FIXED_PACK,train
DE000274,T0035,2026-09-01T09:33:02.905248+07:00,2,20.06,93.821,287.72,4.678,1.0,165.0,15.0,True,False,CCS2,FIXED_PACK,train
DE000275,T0035,2026-09-01T09:34:51.641248+07:00,3,32.24,93.588,287.0,3.965,1.0,165.0,15.0,True,False,CCS2,FIXED_PACK,train
DE000276,T0035,2026-09-01T09:36:37.750440+07:00,4,43.96,93.365,286.32,3.28,1.0,165.0,15.0,True,False,CCS2,FIXED_PACK,train
DE000277,T0035,2026-09-01T09:38:49.097704+07:00,5,55.96,93.136,285.62,2.577,1.0,165.0,15.0,True,False,CCS2,FIXED_PACK,train
DE000278,T0035,2026-09-01T09:40:35.387582857+07:00,6,67.74,92.911,284.93,1.888,1.0,165.0,15.0,True,False,CCS2,FIXED_PACK,train
DE000279,T0035,2026-09-01T09:42:14.042293714+07:00,7,79.39,92.689,284.24,1.206,1.0,165.0,15.0,True,False,CCS2,FIXED_PACK,train
DE000280,T0035,2026-09-01T09:43:57.841465904+07:00,8,91.66,92.455,283.53,0.488,1.0,165.0,15.0,True,False,CCS2,FIXED_PACK,train
DE000281,T0036,2026-09-01T09:36:48.641088+07:00,1,5.42,70.281,50.29,5.895,1.0,45.0,15.0,True,True,BIKE_DC,SWAP_PACK_A,train
DE000282,T0036,2026-09-01T09:38:34.087343999+07:00,2,17.96,69.189,49.51,5.114,1.0,45.0,15.0,True,True,BIKE_DC,SWAP_PACK_A,train
DE000283,T0036,2026-09-01T09:40:30.216143999+07:00,3,30.9,68.062,48.7,4.307,1.0,45.0,15.0,True,True,BIKE_DC,SWAP_PACK_A,train
DE000284,T0036,2026-09-01T09:42:18.181584+07:00,4,42.93,67.014,47.95,3.557,1.0,45.0,15.0,True,True,BIKE_DC,SWAP_PACK_A,train
DE000285,T0036,2026-09-01T09:43:50.355408+07:00,5,53.23,66.117,47.31,2.915,1.0,45.0,15.0,True,True,BIKE_DC,SWAP_PACK_A,train
DE000286,T0036,2026-09-01T09:46:15.622715428+07:00,6,65.19,65.074,46.56,2.169,1.0,45.0,15.0,True,True,BIKE_DC,SWAP_PACK_A,train
DE000287,T0036,2026-09-01T09:48:45.158572+07:00,7,78.24,63.938,45.75,1.356,1.0,45.0,15.0,True,True,BIKE_DC,SWAP_PACK_A,train
DE000288,T0036,2026-09-01T09:50:08.447848+07:00,8,91.56,62.778,44.92,0.526,1.0,45.0,15.0,True,True,BIKE_DC,SWAP_PACK_A,train
DE000289,T0037,2026-09-01T09:43:14.438000+07:00,1,7.51,77.988,239.16,4.584,1.0,150.0,15.0,True,False,CCS2,FIXED_PACK,train
DE000290,T0037,2026-09-01T09:44:59.062919999+07:00,2,19.01,77.802,238.59,4.014,1.0,150.0,15.0,True,False,CCS2,FIXED_PACK,train
DE000291,T0037,2026-09-01T09:46:51.059799999+07:00,3,31.16,77.606,237.99,3.412,1.0,150.0,15.0,True,False,CCS2,FIXED_PACK,train
DE000292,T0037,2026-09-01T09:48:38.769799999+07:00,4,42.03,77.43,237.45,2.873,1.0,150.0,15.0,True,False,CCS2,FIXED_PACK,train
DE000293,T0037,2026-09-01T09:50:33.194319999+07:00,5,54.13,77.235,236.85,2.274,1.0,150.0,15.0,True,False,CCS2,FIXED_PACK,train
DE000294,T0037,2026-09-01T09:52:23.236271999+07:00,6,66.25,77.039,236.25,1.673,1.0,150.0,15.0,True,False,CCS2,FIXED_PACK,train
DE000295,T0037,2026-09-01T09:53:49.128815999+07:00,7,78.29,76.844,235.65,1.076,1.0,150.0,15.0,True,False,CCS2,FIXED_PACK,train
DE000296,T0037,2026-09-01T09:55:30.106295999+07:00,8,91.92,76.624,234.98,0.401,1.0,150.0,15.0,True,False,CCS2,FIXED_PACK,train
DE000297,T0038,2026-09-01T09:48:39.510336+07:00,1,8.17,17.911,54.93,3.083,1.0,165.0,15.0,True,False,CCS2,FIXED_PACK,train
DE000298,T0038,2026-09-01T09:49:41.518128+07:00,2,21.0,17.77,54.49,2.652,1.0,165.0,15.0,True,False,CCS2,FIXED_PACK,train
DE000299,T0038,2026-09-01T09:50:45.095136+07:00,3,34.15,17.626,54.05,2.211,1.0,165.0,15.0,True,False,CCS2,FIXED_PACK,train
DE000300,T0038,2026-09-01T09:51:45.934272+07:00,4,46.73,17.488,53.63,1.788,1.0,165.0,15.0,True,False,CCS2,FIXED_PACK,train
DE000301,T0038,2026-09-01T09:52:41.442816+07:00,5,58.21,17.363,53.25,1.403,1.0,165.0,15.0,True,False,CCS2,FIXED_PACK,train
DE000302,T0038,2026-09-01T09:53:34.329948+07:00,6,69.15,17.243,52.88,1.036,1.0,165.0,15.0,True,False,CCS2,FIXED_PACK,train
DE000303,T0038,2026-09-01T09:54:39.857616+07:00,7,81.55,17.107,52.46,0.619,1.0,165.0,15.0,True,False,CCS2,FIXED_PACK,train
DE000304,T0038,2026-09-01T09:55:33.703248+07:00,8,92.69,16.985,52.09,0.245,1.0,165.0,15.0,True,False,CCS2,FIXED_PACK,train
DE000305,T0039,2026-09-01T09:55:03.370040+07:00,1,7.85,17.477,12.51,4.391,1.0,45.0,15.0,True,True,BIKE_DC,SWAP_PACK_A,validation
DE000306,T0039,2026-09-01T09:56:46.914592+07:00,2,20.31,16.647,11.91,3.797,1.0,45.0,15.0,True,True,BIKE_DC,SWAP_PACK_A,validation
DE000307,T0039,2026-09-01T09:58:06.070816+07:00,3,31.85,15.879,11.36,3.247,1.0,45.0,15.0,True,True,BIKE_DC,SWAP_PACK_A,validation
DE000308,T0039,2026-09-01T09:59:36.090632+07:00,4,44.27,15.052,10.77,2.655,1.0,45.0,15.0,True,True,BIKE_DC,SWAP_PACK_A,validation
DE000309,T0039,2026-09-01T10:00:52.169792+07:00,5,55.36,14.313,10.24,2.127,1.0,45.0,15.0,True,True,BIKE_DC,SWAP_PACK_A,validation
DE000310,T0039,2026-09-01T10:02:22.654064+07:00,6,68.55,13.435,9.61,1.498,1.0,45.0,15.0,True,True,BIKE_DC,SWAP_PACK_A,validation
DE000311,T0039,2026-09-01T10:03:53.798672+07:00,7,79.91,12.679,9.07,0.957,1.0,45.0,15.0,True,True,BIKE_DC,SWAP_PACK_A,validation
DE000312,T0039,2026-09-01T10:05:16.391168+07:00,8,91.95,11.877,8.5,0.384,1.0,45.0,15.0,True,True,BIKE_DC,SWAP_PACK_A,validation
DE000313,T0040,2026-09-01T10:01:12.207599999+07:00,1,8.78,17.882,54.84,3.751,1.0,150.0,15.0,True,False,CCS2,FIXED_PACK,train
DE000314,T0040,2026-09-01T10:02:40.220449999+07:00,2,19.48,17.739,54.4,3.31,1.0,150.0,15.0,True,False,CCS2,FIXED_PACK,train
DE000315,T0040,2026-09-01T10:04:26.813319999+07:00,3,32.45,17.565,53.87,2.777,1.0,150.0,15.0,True,False,CCS2,FIXED_PACK,train
DE000316,T0040,2026-09-01T10:06:04.691499999+07:00,4,44.35,17.405,53.38,2.288,1.0,150.0,15.0,True,False,CCS2,FIXED_PACK,train
DE000317,T0040,2026-09-01T10:07:38.526039999+07:00,5,55.76,17.252,52.91,1.819,1.0,150.0,15.0,True,False,CCS2,FIXED_PACK,train
DE000318,T0040,2026-09-01T10:09:12.272047999+07:00,6,67.67,17.093,52.42,1.329,1.0,150.0,15.0,True,False,CCS2,FIXED_PACK,train
DE000319,T0040,2026-09-01T10:10:43.749522666+07:00,7,79.8,16.93,51.92,0.83,1.0,150.0,15.0,True,False,CCS2,FIXED_PACK,train
DE000320,T0040,2026-09-01T10:12:23.597389333+07:00,8,91.94,16.767,51.42,0.331,1.0,150.0,15.0,True,False,CCS2,FIXED_PACK,train
DE000321,T0041,2026-09-01T10:06:29.826462857+07:00,1,7.52,17.934,55.0,2.499,1.0,165.0,15.0,True,False,CCS2,FIXED_PACK,train
DE000322,T0041,2026-09-01T10:07:13.435237714+07:00,2,19.3,17.83,54.68,2.181,1.0,165.0,15.0,True,False,CCS2,FIXED_PACK,train
DE000323,T0041,2026-09-01T10:08:14.416677714+07:00,3,31.85,17.719,54.34,1.842,1.0,165.0,15.0,True,False,CCS2,FIXED_PACK,train
DE000324,T0041,2026-09-01T10:09:18.005685714+07:00,4,44.13,17.611,54.01,1.51,1.0,165.0,15.0,True,False,CCS2,FIXED_PACK,train
DE000325,T0041,2026-09-01T10:10:15.048786285+07:00,5,57.21,17.496,53.65,1.156,1.0,165.0,15.0,True,False,CCS2,FIXED_PACK,train
DE000326,T0041,2026-09-01T10:11:07.533169142+07:00,6,69.44,17.388,53.32,0.826,1.0,165.0,15.0,True,False,CCS2,FIXED_PACK,train
DE000327,T0041,2026-09-01T10:11:53.476081142+07:00,7,80.69,17.289,53.02,0.522,1.0,165.0,15.0,True,False,CCS2,FIXED_PACK,train
DE000328,T0041,2026-09-01T10:12:39.324032+07:00,8,92.68,17.183,52.7,0.198,1.0,165.0,15.0,True,False,CCS2,FIXED_PACK,train
DE000329,T0042,2026-09-01T10:13:42.791912500+07:00,1,7.31,17.204,12.31,7.225,1.084,45.0,15.0,True,True,BIKE_DC,SWAP_PACK_A,train
DE000330,T0042,2026-09-01T10:16:10.080375+07:00,2,19.08,15.921,11.39,6.308,1.0,45.0,15.0,True,True,BIKE_DC,SWAP_PACK_A,train
DE000331,T0042,2026-09-01T10:19:00.732126785+07:00,3,30.79,14.646,10.48,5.395,1.0,45.0,15.0,True,True,BIKE_DC,SWAP_PACK_A,train
DE000332,T0042,2026-09-01T10:22:01.560148500+07:00,4,42.95,13.322,9.53,4.447,1.0,45.0,15.0,True,True,BIKE_DC,SWAP_PACK_A,train
DE000333,T0042,2026-09-01T10:25:03.182281833+07:00,5,54.6,12.052,8.62,3.539,1.0,45.0,15.0,True,True,BIKE_DC,SWAP_PACK_A,train
DE000334,T0042,2026-09-01T10:27:54.817148499+07:00,6,65.61,10.853,7.77,2.681,1.0,45.0,15.0,True,True,BIKE_DC,SWAP_PACK_A,train
DE000335,T0042,2026-09-01T10:31:24.886548499+07:00,7,79.08,9.385,6.72,1.631,1.0,45.0,15.0,True,True,BIKE_DC,SWAP_PACK_A,train
DE000336,T0042,2026-09-01T10:33:53.965684999+07:00,8,91.63,8.018,5.74,0.652,1.0,45.0,15.0,True,True,BIKE_DC,SWAP_PACK_A,train
DE000337,T0043,2026-09-01T10:19:38.033396571+07:00,1,8.4,73.699,226.01,7.504,1.126,150.0,15.0,True,False,CCS2,FIXED_PACK,train
DE000338,T0043,2026-09-01T10:21:14.778061714+07:00,2,19.88,73.392,225.07,6.564,1.0,150.0,15.0,True,False,CCS2,FIXED_PACK,train
DE000339,T0043,2026-09-01T10:22:57.674777142+07:00,3,31.46,73.083,224.12,5.615,1.0,150.0,15.0,True,False,CCS2,FIXED_PACK,train
DE000340,T0043,2026-09-01T10:25:18.624617142+07:00,4,43.41,72.764,223.14,4.636,1.0,150.0,15.0,True,False,CCS2,FIXED_PACK,train
DE000341,T0043,2026-09-01T10:27:43.956210554+07:00,5,55.45,72.442,222.16,3.65,1.0,150.0,15.0,True,False,CCS2,FIXED_PACK,train
DE000342,T0043,2026-09-01T10:30:08.742569142+07:00,6,67.72,72.114,221.15,2.644,1.0,150.0,15.0,True,False,CCS2,FIXED_PACK,train
DE000343,T0043,2026-09-01T10:32:33.108329142+07:00,7,79.96,71.787,220.15,1.642,1.0,150.0,15.0,True,False,CCS2,FIXED_PACK,train
DE000344,T0043,2026-09-01T10:35:02.555010554+07:00,8,92.63,71.449,219.11,0.604,1.0,150.0,15.0,True,False,CCS2,FIXED_PACK,train
DE000345,T0044,2026-09-01T10:24:44.091675200+07:00,1,8.67,89.997,275.99,2.397,1.0,165.0,15.0,True,False,CCS2,FIXED_PACK,train
DE000346,T0044,2026-09-01T10:25:36.296856+07:00,2,20.73,89.894,275.68,2.08,1.0,165.0,15.0,True,False,CCS2,FIXED_PACK,train
DE000347,T0044,2026-09-01T10:26:42.520855999+07:00,3,33.35,89.786,275.34,1.749,1.0,165.0,15.0,True,False,CCS2,FIXED_PACK,train
DE000348,T0044,2026-09-01T10:27:46.711084571+07:00,4,45.58,89.682,275.02,1.428,1.0,165.0,15.0,True,False,CCS2,FIXED_PACK,train
DE000349,T0044,2026-09-01T10:28:47.219256+07:00,5,57.1,89.583,274.72,1.126,1.0,165.0,15.0,True,False,CCS2,FIXED_PACK,train
DE000350,T0044,2026-09-01T10:29:51.159884+07:00,6,69.7,89.475,274.39,0.795,1.0,165.0,15.0,True,False,CCS2,FIXED_PACK,train
DE000351,T0044,2026-09-01T10:30:35.698072+07:00,7,80.43,89.383,274.11,0.514,1.0,165.0,15.0,True,False,CCS2,FIXED_PACK,train
DE000352,T0044,2026-09-01T10:31:39.073032+07:00,8,92.78,89.278,273.78,0.19,1.0,165.0,15.0,True,False,CCS2,FIXED_PACK,train
DE000353,T0045,2026-09-01T10:31:06.528499500+07:00,1,8.17,11.337,8.11,5.332,1.0,45.0,15.0,True,True,BIKE_DC,SWAP_PACK_A,train
DE000354,T0045,2026-09-01T10:32:58.331043499+07:00,2,21.16,10.283,7.36,4.577,1.0,45.0,15.0,True,True,BIKE_DC,SWAP_PACK_A,train
DE000355,T0045,2026-09-01T10:34:51.731296299+07:00,3,34.35,9.213,6.59,3.812,1.0,45.0,15.0,True,True,BIKE_DC,SWAP_PACK_A,train
DE000356,T0045,2026-09-01T10:36:43.521750700+07:00,4,47.72,8.128,5.82,3.035,1.0,45.0,15.0,True,True,BIKE_DC,SWAP_PACK_A,train
DE000357,T0045,2026-09-01T10:38:33.158375500+07:00,5,60.83,7.064,5.05,2.274,1.0,45.0,15.0,True,True,BIKE_DC,SWAP_PACK_A,train
DE000358,T0045,2026-09-01T10:40:09.562474+07:00,6,73.22,6.059,4.34,1.555,1.0,45.0,15.0,True,True,BIKE_DC,SWAP_PACK_A,train
DE000359,T0045,2026-09-01T10:41:07.087521999+07:00,7,81.84,5.359,3.83,1.054,1.0,45.0,15.0,True,True,BIKE_DC,SWAP_PACK_A,train
DE000360,T0045,2026-09-01T10:42:10.430403999+07:00,8,91.09,4.609,3.3,0.517,1.0,45.0,15.0,True,True,BIKE_DC,SWAP_PACK_A,train
DE000361,T0046,2026-09-01T10:37:26.112999999+07:00,1,8.61,17.86,54.77,4.572,1.0,150.0,15.0,True,False,CCS2,FIXED_PACK,train
DE000362,T0046,2026-09-01T10:39:08.033096+07:00,2,21.85,17.644,54.11,3.91,1.0,150.0,15.0,True,False,CCS2,FIXED_PACK,train
DE000363,T0046,2026-09-01T10:40:54.592688+07:00,3,34.27,17.441,53.49,3.288,1.0,150.0,15.0,True,False,CCS2,FIXED_PACK,train
DE000364,T0046,2026-09-01T10:42:01.223144+07:00,4,43.52,17.29,53.02,2.826,1.0,150.0,15.0,True,False,CCS2,FIXED_PACK,train
DE000365,T0046,2026-09-01T10:44:04.550976+07:00,5,56.94,17.071,52.35,2.154,1.0,150.0,15.0,True,False,CCS2,FIXED_PACK,train
DE000366,T0046,2026-09-01T10:46:26.960420444+07:00,6,71.17,16.839,51.64,1.442,1.0,150.0,15.0,True,False,CCS2,FIXED_PACK,train
DE000367,T0046,2026-09-01T10:48:21.864776+07:00,7,82.65,16.652,51.07,0.868,1.0,150.0,15.0,True,False,CCS2,FIXED_PACK,train
DE000368,T0046,2026-09-01T10:49:51.979633142+07:00,8,91.66,16.505,50.61,0.417,1.0,150.0,15.0,True,False,CCS2,FIXED_PACK,train
DE000369,T0047,2026-09-01T10:42:57.987400+07:00,1,4.15,15.595,11.16,6.701,1.005,45.0,15.0,True,True,BIKE_DC,SWAP_PACK_A,validation
DE000370,T0047,2026-09-01T10:45:20.894679999+07:00,2,15.12,14.523,10.39,5.934,1.0,45.0,15.0,True,True,BIKE_DC,SWAP_PACK_A,validation
DE000371,T0047,2026-09-01T10:47:35.591559999+07:00,3,25.51,13.508,9.67,5.207,1.0,45.0,15.0,True,True,BIKE_DC,SWAP_PACK_A,validation
DE000372,T0047,2026-09-01T10:49:55.431215999+07:00,4,36.08,12.475,8.93,4.469,1.0,45.0,15.0,True,True,BIKE_DC,SWAP_PACK_A,validation
DE000373,T0047,2026-09-01T10:52:03.272192+07:00,5,47.04,11.404,8.16,3.702,1.0,45.0,15.0,True,True,BIKE_DC,SWAP_PACK_A,validation
DE000374,T0047,2026-09-01T10:54:53.760240+07:00,6,61.93,9.949,7.12,2.661,1.0,45.0,15.0,True,True,BIKE_DC,SWAP_PACK_A,validation
DE000375,T0047,2026-09-01T10:58:10.596120+07:00,7,76.65,8.511,6.09,1.632,1.0,45.0,15.0,True,True,BIKE_DC,SWAP_PACK_A,validation
DE000376,T0047,2026-09-01T11:00:33.010872+07:00,8,90.8,7.129,5.1,0.643,1.0,45.0,15.0,True,True,BIKE_DC,SWAP_PACK_A,validation
DE000377,T0048,2026-09-01T10:49:14.941279875+07:00,1,8.48,17.317,12.39,5.279,1.0,45.0,15.0,True,True,BIKE_DC,SWAP_PACK_A,train
DE000378,T0048,2026-09-01T10:51:03.488003333+07:00,2,21.03,16.305,11.67,4.555,1.0,45.0,15.0,True,True,BIKE_DC,SWAP_PACK_A,train
DE000379,T0048,2026-09-01T10:52:51.186355333+07:00,3,32.27,15.399,11.02,3.906,1.0,45.0,15.0,True,True,BIKE_DC,SWAP_PACK_A,train
DE000380,T0048,2026-09-01T10:54:31.883565999+07:00,4,43.01,14.533,10.4,3.287,1.0,45.0,15.0,True,True,BIKE_DC,SWAP_PACK_A,train
DE000381,T0048,2026-09-01T10:56:10.989989999+07:00,5,53.57,13.682,9.79,2.678,1.0,45.0,15.0,True,True,BIKE_DC,SWAP_PACK_A,train
DE000382,T0048,2026-09-01T10:58:12.975525999+07:00,6,66.24,12.661,9.06,1.947,1.0,45.0,15.0,True,True,BIKE_DC,SWAP_PACK_A,train
DE000383,T0048,2026-09-01T11:00:07.532687500+07:00,7,79.28,11.61,8.31,1.195,1.0,45.0,15.0,True,True,BIKE_DC,SWAP_PACK_A,train
DE000384,T0048,2026-09-01T11:01:55.851961+07:00,8,92.3,10.56,7.56,0.444,1.0,45.0,15.0,True,True,BIKE_DC,SWAP_PACK_A,train
DE000385,T0049,2026-09-01T10:54:49.492369999+07:00,1,6.66,17.907,54.92,3.99,1.0,150.0,15.0,True,False,CCS2,FIXED_PACK,train
DE000386,T0049,2026-09-01T10:55:49.396415428+07:00,2,16.2,17.774,54.51,3.582,1.0,150.0,15.0,True,False,CCS2,FIXED_PACK,train
DE000387,T0049,2026-09-01T10:56:49.644187084+07:00,3,27.68,17.614,54.02,3.091,1.0,150.0,15.0,True,False,CCS2,FIXED_PACK,train
DE000388,T0049,2026-09-01T10:58:07.213714357+07:00,4,38.88,17.458,53.54,2.613,1.0,150.0,15.0,True,False,CCS2,FIXED_PACK,train
DE000389,T0049,2026-09-01T10:59:45.333950357+07:00,5,51.89,17.277,52.98,2.057,1.0,150.0,15.0,True,False,CCS2,FIXED_PACK,train
DE000390,T0049,2026-09-01T11:01:25.618642357+07:00,6,65.17,17.092,52.41,1.489,1.0,150.0,15.0,True,False,CCS2,FIXED_PACK,train
DE000391,T0049,2026-09-01T11:02:45.607988642+07:00,7,78.17,16.91,51.86,0.933,1.0,150.0,15.0,True,False,CCS2,FIXED_PACK,train
DE000392,T0049,2026-09-01T11:04:09.909974357+07:00,8,90.94,16.732,51.31,0.387,1.0,150.0,15.0,True,False,CCS2,FIXED_PACK,train
DE000393,T0050,2026-09-01T11:01:56.470399999+07:00,1,7.99,17.81,54.62,6.708,1.006,165.0,15.0,True,False,CCS2,FIXED_PACK,train
DE000394,T0050,2026-09-01T11:04:51.042599999+07:00,2,19.96,17.525,53.74,5.835,1.0,165.0,15.0,True,False,CCS2,FIXED_PACK,train
DE000395,T0050,2026-09-01T11:07:43.807399999+07:00,3,31.81,17.244,52.88,4.971,1.0,165.0,15.0,True,False,CCS2,FIXED_PACK,train
DE000396,T0050,2026-09-01T11:10:42.495999999+07:00,4,44.07,16.952,51.99,4.078,1.0,165.0,15.0,True,False,CCS2,FIXED_PACK,train
DE000397,T0050,2026-09-01T11:13:36.371600+07:00,5,55.99,16.669,51.12,3.208,1.0,165.0,15.0,True,False,CCS2,FIXED_PACK,train
DE000398,T0050,2026-09-01T11:16:33.058000+07:00,6,68.11,16.381,50.23,2.325,1.0,165.0,15.0,True,False,CCS2,FIXED_PACK,train
DE000399,T0050,2026-09-01T11:19:28.935800+07:00,7,80.17,16.094,49.36,1.446,1.0,165.0,15.0,True,False,CCS2,FIXED_PACK,train
DE000400,T0050,2026-09-01T11:22:21.700600+07:00,8,92.02,15.812,48.49,0.582,1.0,165.0,15.0,True,False,CCS2,FIXED_PACK,train
DE000401,T0051,2026-09-01T11:06:52.405703214+07:00,1,8.14,17.562,12.57,3.539,1.0,45.0,15.0,True,True,BIKE_DC,SWAP_PACK_A,train
DE000402,T0051,2026-09-01T11:08:21.678868414+07:00,2,20.67,16.887,12.08,3.056,1.0,45.0,15.0,True,True,BIKE_DC,SWAP_PACK_A,train
DE000403,T0051,2026-09-01T11:09:21.860995309+07:00,3,30.62,16.351,11.7,2.673,1.0,45.0,15.0,True,True,BIKE_DC,SWAP_PACK_A,train
DE000404,T0051,2026-09-01T11:10:37.018103642+07:00,4,43.05,15.682,11.22,2.194,1.0,45.0,15.0,True,True,BIKE_DC,SWAP_PACK_A,train
DE000405,T0051,2026-09-01T11:11:57.435520309+07:00,5,55.75,14.998,10.73,1.705,1.0,45.0,15.0,True,True,BIKE_DC,SWAP_PACK_A,train
DE000406,T0051,2026-09-01T11:13:06.949691142+07:00,6,67.53,14.364,10.28,1.251,1.0,45.0,15.0,True,True,BIKE_DC,SWAP_PACK_A,train
DE000407,T0051,2026-09-01T11:14:42.736657809+07:00,7,80.28,13.678,9.79,0.76,1.0,45.0,15.0,True,True,BIKE_DC,SWAP_PACK_A,train
DE000408,T0051,2026-09-01T11:16:16.362991142+07:00,8,92.43,13.024,9.32,0.292,1.0,45.0,15.0,True,True,BIKE_DC,SWAP_PACK_A,train
DE000409,T0052,2026-09-01T11:13:02.549937+07:00,1,8.14,17.848,54.74,5.244,1.0,150.0,15.0,True,False,CCS2,FIXED_PACK,validation
DE000410,T0052,2026-09-01T11:15:07.150969999+07:00,2,20.7,17.615,54.02,4.527,1.0,150.0,15.0,True,False,CCS2,FIXED_PACK,validation
DE000411,T0052,2026-09-01T11:17:04.324056999+07:00,3,32.52,17.395,53.34,3.852,1.0,150.0,15.0,True,False,CCS2,FIXED_PACK,validation
DE000412,T0052,2026-09-01T11:19:19.467990333+07:00,4,44.36,17.174,52.67,3.176,1.0,150.0,15.0,True,False,CCS2,FIXED_PACK,validation
DE000413,T0052,2026-09-01T11:21:37.985008999+07:00,5,56.92,16.94,51.95,2.459,1.0,150.0,15.0,True,False,CCS2,FIXED_PACK,validation
DE000414,T0052,2026-09-01T11:23:43.817742333+07:00,6,67.94,16.735,51.32,1.83,1.0,150.0,15.0,True,False,CCS2,FIXED_PACK,validation
DE000415,T0052,2026-09-01T11:25:43.486218142+07:00,7,80.11,16.509,50.63,1.135,1.0,150.0,15.0,True,False,CCS2,FIXED_PACK,validation
DE000416,T0052,2026-09-01T11:27:52.033092999+07:00,8,91.62,16.295,49.97,0.478,1.0,150.0,15.0,True,False,CCS2,FIXED_PACK,validation
DE000417,T0053,2026-09-01T11:19:39.372240+07:00,1,8.57,17.748,54.43,7.36,1.104,165.0,15.0,True,False,CCS2,FIXED_PACK,test
DE000418,T0053,2026-09-01T11:22:03.576287999+07:00,2,21.01,17.382,53.31,6.359,1.0,165.0,15.0,True,False,CCS2,FIXED_PACK,test
DE000419,T0053,2026-09-01T11:24:27.890495999+07:00,3,33.46,17.016,52.18,5.357,1.0,165.0,15.0,True,False,CCS2,FIXED_PACK,test
DE000420,T0053,2026-09-01T11:26:44.619247999+07:00,4,45.26,16.669,51.12,4.407,1.0,165.0,15.0,True,False,CCS2,FIXED_PACK,test
DE000421,T0053,2026-09-01T11:29:00.931988571+07:00,5,57.01,16.324,50.06,3.46,1.0,165.0,15.0,True,False,CCS2,FIXED_PACK,test
DE000422,T0053,2026-09-01T11:31:19.983756+07:00,6,69.11,15.968,48.97,2.487,1.0,165.0,15.0,True,False,CCS2,FIXED_PACK,test
DE000423,T0053,2026-09-01T11:33:33.317397600+07:00,7,80.61,15.63,47.93,1.561,1.0,165.0,15.0,True,False,CCS2,FIXED_PACK,test
DE000424,T0053,2026-09-01T11:35:48.014309142+07:00,8,92.23,15.288,46.88,0.625,1.0,165.0,15.0,True,False,CCS2,FIXED_PACK,test
DE000425,T0054,2026-09-01T11:25:47.290820+07:00,1,8.21,6.25,4.47,6.001,1.0,45.0,15.0,True,True,BIKE_DC,SWAP_PACK_A,train
DE000426,T0054,2026-09-01T11:28:16.750400+07:00,2,19.64,5.206,3.73,5.254,1.0,45.0,15.0,True,True,BIKE_DC,SWAP_PACK_A,train
DE000427,T0054,2026-09-01T11:30:38.035328+07:00,3,30.57,4.207,3.01,4.539,1.0,45.0,15.0,True,True,BIKE_DC,SWAP_PACK_A,train
DE000428,T0054,2026-09-01T11:33:08.751959999+07:00,4,43.59,3.017,2.16,3.688,1.0,45.0,15.0,True,True,BIKE_DC,SWAP_PACK_A,train
DE000429,T0054,2026-09-01T11:34:53.976442285+07:00,5,55.98,1.885,1.35,2.878,1.0,45.0,15.0,True,True,BIKE_DC,SWAP_PACK_A,train
DE000430,T0054,2026-09-01T11:36:54.891463999+07:00,6,68.72,0.721,0.52,2.045,1.0,45.0,15.0,True,True,BIKE_DC,SWAP_PACK_A,train
DE000431,T0054,2026-09-01T11:38:49.200575999+07:00,7,80.7,0.0,0.0,1.261,1.0,45.0,15.0,True,True,BIKE_DC,SWAP_PACK_A,train
DE000432,T0054,2026-09-01T11:41:14.539455999+07:00,8,91.82,0.0,0.0,0.535,1.0,45.0,15.0,True,True,BIKE_DC,SWAP_PACK_A,train
DE000433,T0055,2026-09-01T11:31:06.035000+07:00,1,7.94,51.095,156.69,3.826,1.0,150.0,15.0,True,False,CCS2,FIXED_PACK,train
DE000434,T0055,2026-09-01T11:32:33.381856+07:00,2,19.49,50.938,156.21,3.346,1.0,150.0,15.0,True,False,CCS2,FIXED_PACK,train
DE000435,T0055,2026-09-01T11:33:51.196144+07:00,3,29.73,50.8,155.79,2.921,1.0,150.0,15.0,True,False,CCS2,FIXED_PACK,train
DE000436,T0055,2026-09-01T11:35:45.937443999+07:00,4,43.53,50.613,155.21,2.347,1.0,150.0,15.0,True,False,CCS2,FIXED_PACK,train
DE000437,T0055,2026-09-01T11:37:38.152143999+07:00,5,57.03,50.43,154.65,1.786,1.0,150.0,15.0,True,False,CCS2,FIXED_PACK,train
DE000438,T0055,2026-09-01T11:39:27.930343999+07:00,6,70.23,50.251,154.1,1.237,1.0,150.0,15.0,True,False,CCS2,FIXED_PACK,train
DE000439,T0055,2026-09-01T11:40:56.698943999+07:00,7,80.91,50.106,153.66,0.793,1.0,150.0,15.0,True,False,CCS2,FIXED_PACK,train
DE000440,T0055,2026-09-01T11:42:19.982631999+07:00,8,92.13,49.954,153.19,0.327,1.0,150.0,15.0,True,False,CCS2,FIXED_PACK,train
DE000441,T0056,2026-09-01T11:38:00.848411428+07:00,1,8.44,60.591,185.81,7.57,1.135,165.0,15.0,True,False,CCS2,FIXED_PACK,validation
DE000442,T0056,2026-09-01T11:40:47.356263428+07:00,2,20.39,60.269,184.82,6.582,1.0,165.0,15.0,True,False,CCS2,FIXED_PACK,validation
DE000443,T0056,2026-09-01T11:43:19.932284928+07:00,3,32.03,59.955,183.86,5.619,1.0,165.0,15.0,True,False,CCS2,FIXED_PACK,validation
DE000444,T0056,2026-09-01T11:46:30.930072928+07:00,4,46.22,59.572,182.69,4.446,1.0,165.0,15.0,True,False,CCS2,FIXED_PACK,validation
DE000445,T0056,2026-09-01T11:49:12.080528928+07:00,5,57.24,59.275,181.78,3.535,1.0,165.0,15.0,True,False,CCS2,FIXED_PACK,validation
DE000446,T0056,2026-09-01T11:51:54.388328928+07:00,6,68.31,58.977,180.86,2.62,1.0,165.0,15.0,True,False,CCS2,FIXED_PACK,validation
DE000447,T0056,2026-09-01T11:54:34.099216928+07:00,7,78.31,58.707,180.03,1.793,1.0,165.0,15.0,True,False,CCS2,FIXED_PACK,validation
DE000448,T0056,2026-09-01T11:57:35.428648928+07:00,8,91.26,58.358,178.96,0.723,1.0,165.0,15.0,True,False,CCS2,FIXED_PACK,validation
DE000449,T0057,2026-09-01T11:42:43.022600+07:00,1,8.15,93.047,66.58,2.425,1.0,45.0,15.0,True,True,BIKE_DC,SWAP_PACK_A,train
DE000450,T0057,2026-09-01T11:43:45.629733333+07:00,2,20.0,92.61,66.27,2.112,1.0,45.0,15.0,True,True,BIKE_DC,SWAP_PACK_A,train
DE000451,T0057,2026-09-01T11:44:50.158699999+07:00,3,32.23,92.159,65.94,1.789,1.0,45.0,15.0,True,True,BIKE_DC,SWAP_PACK_A,train
DE000452,T0057,2026-09-01T11:45:55.134733333+07:00,4,44.53,91.705,65.62,1.464,1.0,45.0,15.0,True,True,BIKE_DC,SWAP_PACK_A,train
DE000453,T0057,2026-09-01T11:46:58.384066666+07:00,5,56.51,91.263,65.3,1.148,1.0,45.0,15.0,True,True,BIKE_DC,SWAP_PACK_A,train
DE000454,T0057,2026-09-01T11:48:02.015199999+07:00,6,68.56,90.818,64.99,0.83,1.0,45.0,15.0,True,True,BIKE_DC,SWAP_PACK_A,train
DE000455,T0057,2026-09-01T11:49:08.211533333+07:00,7,81.1,90.356,64.65,0.499,1.0,45.0,15.0,True,True,BIKE_DC,SWAP_PACK_A,train
DE000456,T0057,2026-09-01T11:50:09.897599999+07:00,8,92.78,89.925,64.35,0.191,1.0,45.0,15.0,True,True,BIKE_DC,SWAP_PACK_A,train
DE000457,T0058,2026-09-01T11:49:16.702574999+07:00,1,8.47,83.036,254.65,4.506,1.0,150.0,15.0,True,False,CCS2,FIXED_PACK,validation
DE000458,T0058,2026-09-01T11:51:03.689374999+07:00,2,19.33,82.862,254.11,3.971,1.0,150.0,15.0,True,False,CCS2,FIXED_PACK,validation
DE000459,T0058,2026-09-01T11:53:05.180975+07:00,3,31.67,82.664,253.5,3.364,1.0,150.0,15.0,True,False,CCS2,FIXED_PACK,validation
DE000460,T0058,2026-09-01T11:55:04.114375+07:00,4,43.75,82.47,252.91,2.769,1.0,150.0,15.0,True,False,CCS2,FIXED_PACK,validation
DE000461,T0058,2026-09-01T11:57:09.566575+07:00,5,56.49,82.265,252.28,2.142,1.0,150.0,15.0,True,False,CCS2,FIXED_PACK,validation
DE000462,T0058,2026-09-01T11:58:59.182175+07:00,6,67.63,82.087,251.73,1.594,1.0,150.0,15.0,True,False,CCS2,FIXED_PACK,validation
DE000463,T0058,2026-09-01T12:00:45.983772500+07:00,7,79.46,81.897,251.15,1.011,1.0,150.0,15.0,True,False,CCS2,FIXED_PACK,validation
DE000464,T0058,2026-09-01T12:02:45.271372500+07:00,8,91.57,81.702,250.55,0.415,1.0,150.0,15.0,True,False,CCS2,FIXED_PACK,validation
DE000465,T0059,2026-09-01T11:54:58.146911999+07:00,1,7.46,17.868,54.8,5.007,1.0,165.0,15.0,True,False,CCS2,FIXED_PACK,train
DE000466,T0059,2026-09-01T11:56:35.764944+07:00,2,19.99,17.647,54.12,4.329,1.0,165.0,15.0,True,False,CCS2,FIXED_PACK,train
DE000467,T0059,2026-09-01T11:58:13.235663999+07:00,3,32.5,17.427,53.44,3.652,1.0,165.0,15.0,True,False,CCS2,FIXED_PACK,train
DE000468,T0059,2026-09-01T11:59:54.666240+07:00,4,45.52,17.197,52.74,2.948,1.0,165.0,15.0,True,False,CCS2,FIXED_PACK,train
DE000469,T0059,2026-09-01T12:01:38.881457599+07:00,5,57.73,16.981,52.08,2.287,1.0,165.0,15.0,True,False,CCS2,FIXED_PACK,train
DE000470,T0059,2026-09-01T12:03:11.793908+07:00,6,69.65,16.771,51.43,1.642,1.0,165.0,15.0,True,False,CCS2,FIXED_PACK,train
DE000471,T0059,2026-09-01T12:04:50.691240+07:00,7,81.5,16.562,50.79,1.001,1.0,165.0,15.0,True,False,CCS2,FIXED_PACK,train
DE000472,T0059,2026-09-01T12:06:17.919536+07:00,8,93.11,16.357,50.16,0.373,1.0,165.0,15.0,True,False,CCS2,FIXED_PACK,train
DE000473,T0060,2026-09-01T12:01:35.924178+07:00,1,8.23,16.968,12.14,8.234,1.235,45.0,15.0,True,True,BIKE_DC,SWAP_PACK_A,test
DE000474,T0060,2026-09-01T12:04:01.432384500+07:00,2,20.38,15.445,11.05,7.144,1.072,45.0,15.0,True,True,BIKE_DC,SWAP_PACK_A,test
DE000475,T0060,2026-09-01T12:06:26.690116500+07:00,3,31.62,14.035,10.04,6.135,1.0,45.0,15.0,True,True,BIKE_DC,SWAP_PACK_A,test
DE000476,T0060,2026-09-01T12:08:56.547712500+07:00,4,43.22,12.581,9.0,5.094,1.0,45.0,15.0,True,True,BIKE_DC,SWAP_PACK_A,test
DE000477,T0060,2026-09-01T12:10:36.223372500+07:00,5,55.02,11.101,7.94,4.035,1.0,45.0,15.0,True,True,BIKE_DC,SWAP_PACK_A,test
DE000478,T0060,2026-09-01T12:12:44.103460500+07:00,6,67.31,9.56,6.84,2.933,1.0,45.0,15.0,True,True,BIKE_DC,SWAP_PACK_A,test
DE000479,T0060,2026-09-01T12:15:22.738252500+07:00,7,79.67,8.01,5.73,1.824,1.0,45.0,15.0,True,True,BIKE_DC,SWAP_PACK_A,test
DE000480,T0060,2026-09-01T12:18:05.186380500+07:00,8,92.25,6.434,4.6,0.696,1.0,45.0,15.0,True,True,BIKE_DC,SWAP_PACK_A,test
DE000481,T0061,2026-09-01T12:08:04.112097142+07:00,1,8.45,17.76,54.46,7.961,1.194,150.0,15.0,True,False,CCS2,FIXED_PACK,train
DE000482,T0061,2026-09-01T12:11:29.329578461+07:00,2,20.25,17.426,53.44,6.935,1.04,150.0,15.0,True,False,CCS2,FIXED_PACK,train
DE000483,T0061,2026-09-01T12:14:12.061992+07:00,3,32.15,17.088,52.4,5.901,1.0,150.0,15.0,True,False,CCS2,FIXED_PACK,train
DE000484,T0061,2026-09-01T12:17:25.157141777+07:00,4,44.3,16.744,51.35,4.844,1.0,150.0,15.0,True,False,CCS2,FIXED_PACK,train
DE000485,T0061,2026-09-01T12:20:35.011192+07:00,5,56.37,16.402,50.3,3.794,1.0,150.0,15.0,True,False,CCS2,FIXED_PACK,train
DE000486,T0061,2026-09-01T12:22:49.929595+07:00,6,68.56,16.056,49.24,2.734,1.0,150.0,15.0,True,False,CCS2,FIXED_PACK,train
DE000487,T0061,2026-09-01T12:24:56.056238500+07:00,7,79.58,15.743,48.28,1.776,1.0,150.0,15.0,True,False,CCS2,FIXED_PACK,train
DE000488,T0061,2026-09-01T12:27:25.512440499+07:00,8,91.89,15.394,47.21,0.705,1.0,150.0,15.0,True,False,CCS2,FIXED_PACK,train
DE000489,T0062,2026-09-01T12:12:42.210699428+07:00,1,8.4,17.883,54.84,3.917,1.0,165.0,15.0,True,False,CCS2,FIXED_PACK,test
DE000490,T0062,2026-09-01T12:13:49.846491428+07:00,2,20.3,17.717,54.33,3.409,1.0,165.0,15.0,True,False,CCS2,FIXED_PACK,test
DE000491,T0062,2026-09-01T12:15:00.969823542+07:00,3,33.06,17.539,53.79,2.863,1.0,165.0,15.0,True,False,CCS2,FIXED_PACK,test
DE000492,T0062,2026-09-01T12:16:04.238893714+07:00,4,45.61,17.364,53.25,2.326,1.0,165.0,15.0,True,False,CCS2,FIXED_PACK,test
DE000493,T0062,2026-09-01T12:17:23.967508714+07:00,5,58.78,17.18,52.69,1.763,1.0,165.0,15.0,True,False,CCS2,FIXED_PACK,test
DE000494,T0062,2026-09-01T12:18:27.111225857+07:00,6,71.48,17.003,52.14,1.22,1.0,165.0,15.0,True,False,CCS2,FIXED_PACK,test
DE000495,T0062,2026-09-01T12:19:18.711753857+07:00,7,83.06,16.842,51.65,0.724,1.0,165.0,15.0,True,False,CCS2,FIXED_PACK,test
DE000496,T0062,2026-09-01T12:20:07.705182428+07:00,8,92.27,16.713,51.25,0.331,1.0,165.0,15.0,True,False,CCS2,FIXED_PACK,test
DE000497,T0063,2026-09-01T12:19:00.641256+07:00,1,9.27,17.548,12.56,3.167,1.0,45.0,15.0,True,True,BIKE_DC,SWAP_PACK_A,validation
DE000498,T0063,2026-09-01T12:20:42.843448+07:00,2,24.09,16.825,12.04,2.65,1.0,45.0,15.0,True,True,BIKE_DC,SWAP_PACK_A,validation
DE000499,T0063,2026-09-01T12:22:02.726048+07:00,3,36.93,16.198,11.59,2.202,1.0,45.0,15.0,True,True,BIKE_DC,SWAP_PACK_A,validation
DE000500,T0063,2026-09-01T12:23:08.507648+07:00,4,46.35,15.739,11.26,1.873,1.0,45.0,15.0,True,True,BIKE_DC,SWAP_PACK_A,validation
DE000501,T0063,2026-09-01T12:24:26.029840+07:00,5,58.2,15.161,10.85,1.459,1.0,45.0,15.0,True,True,BIKE_DC,SWAP_PACK_A,validation
DE000502,T0063,2026-09-01T12:25:53.400056+07:00,6,71.0,14.536,10.4,1.012,1.0,45.0,15.0,True,True,BIKE_DC,SWAP_PACK_A,validation
DE000503,T0063,2026-09-01T12:26:51.172856+07:00,7,79.28,14.132,10.11,0.724,1.0,45.0,15.0,True,True,BIKE_DC,SWAP_PACK_A,validation
DE000504,T0063,2026-09-01T12:28:14.567656+07:00,8,91.22,13.55,9.7,0.307,1.0,45.0,15.0,True,True,BIKE_DC,SWAP_PACK_A,validation
DE000505,T0064,2026-09-01T12:25:39.665567999+07:00,1,8.0,76.512,234.64,7.96,1.194,150.0,15.0,True,False,CCS2,FIXED_PACK,validation
DE000506,T0064,2026-09-01T12:28:09.333027999+07:00,2,19.64,76.183,233.63,6.953,1.043,150.0,15.0,True,False,CCS2,FIXED_PACK,validation
DE000507,T0064,2026-09-01T12:30:02.887297499+07:00,3,31.45,75.85,232.61,5.931,1.0,150.0,15.0,True,False,CCS2,FIXED_PACK,validation
DE000508,T0064,2026-09-01T12:32:08.051801142+07:00,4,44.11,75.493,231.51,4.836,1.0,150.0,15.0,True,False,CCS2,FIXED_PACK,validation
DE000509,T0064,2026-09-01T12:34:02.488281499+07:00,5,55.04,75.184,230.57,3.89,1.0,150.0,15.0,True,False,CCS2,FIXED_PACK,validation
DE000510,T0064,2026-09-01T12:36:37.381989999+07:00,6,68.39,74.808,229.41,2.735,1.0,150.0,15.0,True,False,CCS2,FIXED_PACK,validation
DE000511,T0064,2026-09-01T12:38:36.715212999+07:00,7,80.19,74.475,228.39,1.714,1.0,150.0,15.0,True,False,CCS2,FIXED_PACK,validation
DE000512,T0064,2026-09-01T12:40:36.428636499+07:00,8,91.91,74.144,227.38,0.7,1.0,150.0,15.0,True,False,CCS2,FIXED_PACK,validation
DE000513,T0065,2026-09-01T12:31:36.960239999+07:00,1,7.88,64.808,198.75,7.872,1.181,165.0,15.0,True,False,CCS2,FIXED_PACK,train
DE000514,T0065,2026-09-01T12:33:56.925422999+07:00,2,19.59,64.482,197.74,6.871,1.031,165.0,15.0,True,False,CCS2,FIXED_PACK,train
DE000515,T0065,2026-09-01T12:36:22.694031+07:00,3,31.43,64.152,196.73,5.859,1.0,165.0,15.0,True,False,CCS2,FIXED_PACK,train
DE000516,T0065,2026-09-01T12:38:47.411251800+07:00,4,43.2,63.824,195.73,4.854,1.0,165.0,15.0,True,False,CCS2,FIXED_PACK,train
DE000517,T0065,2026-09-01T12:41:12.912495+07:00,5,55.02,63.495,194.72,3.844,1.0,165.0,15.0,True,False,CCS2,FIXED_PACK,train
DE000518,T0065,2026-09-01T12:43:40.602509400+07:00,6,67.02,63.16,193.69,2.818,1.0,165.0,15.0,True,False,CCS2,FIXED_PACK,train
DE000519,T0065,2026-09-01T12:46:08.858127+07:00,7,79.07,62.824,192.66,1.788,1.0,165.0,15.0,True,False,CCS2,FIXED_PACK,train
DE000520,T0065,2026-09-01T12:48:42.265862999+07:00,8,91.75,62.471,191.58,0.705,1.0,165.0,15.0,True,False,CCS2,FIXED_PACK,train
DE000521,T0066,2026-09-01T12:36:56.401919999+07:00,1,7.96,11.453,8.19,4.528,1.0,45.0,15.0,True,True,BIKE_DC,SWAP_PACK_A,train
DE000522,T0066,2026-09-01T12:38:20.522687999+07:00,2,19.84,10.636,7.61,3.944,1.0,45.0,15.0,True,True,BIKE_DC,SWAP_PACK_A,train
DE000523,T0066,2026-09-01T12:39:43.458623999+07:00,3,31.54,9.831,7.03,3.368,1.0,45.0,15.0,True,True,BIKE_DC,SWAP_PACK_A,train
DE000524,T0066,2026-09-01T12:41:08.124575999+07:00,4,43.49,9.01,6.45,2.78,1.0,45.0,15.0,True,True,BIKE_DC,SWAP_PACK_A,train
DE000525,T0066,2026-09-01T12:42:35.320175999+07:00,5,55.8,8.163,5.84,2.175,1.0,45.0,15.0,True,True,BIKE_DC,SWAP_PACK_A,train
DE000526,T0066,2026-09-01T12:44:01.919903999+07:00,6,68.02,7.323,5.24,1.573,1.0,45.0,15.0,True,True,BIKE_DC,SWAP_PACK_A,train
DE000527,T0066,2026-09-01T12:45:29.112479999+07:00,7,80.33,6.477,4.63,0.968,1.0,45.0,15.0,True,True,BIKE_DC,SWAP_PACK_A,train
DE000528,T0066,2026-09-01T12:46:53.790815999+07:00,8,92.28,5.655,4.05,0.38,1.0,45.0,15.0,True,True,BIKE_DC,SWAP_PACK_A,train
DE000529,T0067,2026-09-01T12:43:08.728344571+07:00,1,6.89,17.853,54.75,6.089,1.0,150.0,15.0,True,False,CCS2,FIXED_PACK,test
DE000530,T0067,2026-09-01T12:45:35.001386285+07:00,2,18.76,17.6,53.97,5.313,1.0,150.0,15.0,True,False,CCS2,FIXED_PACK,test
DE000531,T0067,2026-09-01T12:47:18.525889142+07:00,3,30.43,17.351,53.21,4.549,1.0,150.0,15.0,True,False,CCS2,FIXED_PACK,test
DE000532,T0067,2026-09-01T12:49:23.021896+07:00,4,42.67,17.09,52.41,3.749,1.0,150.0,15.0,True,False,CCS2,FIXED_PACK,test
DE000533,T0067,2026-09-01T12:51:52.901528+07:00,5,55.02,16.827,51.6,2.942,1.0,150.0,15.0,True,False,CCS2,FIXED_PACK,test
DE000534,T0067,2026-09-01T12:53:56.053264+07:00,6,67.29,16.565,50.8,2.139,1.0,150.0,15.0,True,False,CCS2,FIXED_PACK,test
DE000535,T0067,2026-09-01T12:56:24.166659500+07:00,7,79.82,16.298,49.98,1.32,1.0,150.0,15.0,True,False,CCS2,FIXED_PACK,test
DE000536,T0067,2026-09-01T12:58:28.923876+07:00,8,91.62,16.046,49.21,0.548,1.0,150.0,15.0,True,False,CCS2,FIXED_PACK,test
DE000537,T0068,2026-09-01T12:49:19.962073499+07:00,1,6.85,15.4,11.02,5.837,1.0,45.0,15.0,True,True,BIKE_DC,SWAP_PACK_A,train
DE000538,T0068,2026-09-01T12:51:20.020626+07:00,2,16.69,14.539,10.4,5.221,1.0,45.0,15.0,True,True,BIKE_DC,SWAP_PACK_A,train
DE000539,T0068,2026-09-01T12:53:12.102533999+07:00,3,29.25,13.439,9.62,4.434,1.0,45.0,15.0,True,True,BIKE_DC,SWAP_PACK_A,train
DE000540,T0068,2026-09-01T12:54:32.011351999+07:00,4,41.53,12.363,8.85,3.664,1.0,45.0,15.0,True,True,BIKE_DC,SWAP_PACK_A,train
DE000541,T0068,2026-09-01T12:56:36.276641999+07:00,5,54.42,11.234,8.04,2.857,1.0,45.0,15.0,True,True,BIKE_DC,SWAP_PACK_A,train
DE000542,T0068,2026-09-01T12:57:22.431968153+07:00,6,66.69,10.159,7.27,2.087,1.0,45.0,15.0,True,True,BIKE_DC,SWAP_PACK_A,train
DE000543,T0068,2026-09-01T12:58:19.955349999+07:00,7,78.94,9.086,6.5,1.32,1.0,45.0,15.0,True,True,BIKE_DC,SWAP_PACK_A,train
DE000544,T0068,2026-09-01T13:00:15.795429999+07:00,8,92.09,7.935,5.68,0.496,1.0,45.0,15.0,True,True,BIKE_DC,SWAP_PACK_A,train
DE000545,T0069,2026-09-01T12:55:15.211315499+07:00,1,8.45,17.341,12.41,5.109,1.0,45.0,15.0,True,True,BIKE_DC,SWAP_PACK_A,train
DE000546,T0069,2026-09-01T12:57:09.326183500+07:00,2,21.16,16.35,11.7,4.399,1.0,45.0,15.0,True,True,BIKE_DC,SWAP_PACK_A,train
DE000547,T0069,2026-09-01T12:58:49.043979500+07:00,3,33.6,15.38,11.01,3.705,1.0,45.0,15.0,True,True,BIKE_DC,SWAP_PACK_A,train
DE000548,T0069,2026-09-01T13:00:43.042504500+07:00,4,46.11,14.404,10.31,3.007,1.0,45.0,15.0,True,True,BIKE_DC,SWAP_PACK_A,train
DE000549,T0069,2026-09-01T13:02:34.132779500+07:00,5,57.7,13.5,9.66,2.36,1.0,45.0,15.0,True,True,BIKE_DC,SWAP_PACK_A,train
DE000550,T0069,2026-09-01T13:04:27.383854500+07:00,6,69.49,12.581,9.0,1.703,1.0,45.0,15.0,True,True,BIKE_DC,SWAP_PACK_A,train
DE000551,T0069,2026-09-01T13:06:22.397929499+07:00,7,80.31,11.737,8.4,1.099,1.0,45.0,15.0,True,True,BIKE_DC,SWAP_PACK_A,train
DE000552,T0069,2026-09-01T13:08:16.856266999+07:00,8,92.16,10.813,7.74,0.437,1.0,45.0,15.0,True,True,BIKE_DC,SWAP_PACK_A,train
DE000553,T0070,2026-09-01T13:01:00.885596250+07:00,1,8.19,17.779,54.52,7.582,1.137,150.0,15.0,True,False,CCS2,FIXED_PACK,train
DE000554,T0070,2026-09-01T13:02:52.543620461+07:00,2,20.02,17.461,53.55,6.605,1.0,150.0,15.0,True,False,CCS2,FIXED_PACK,train
DE000555,T0070,2026-09-01T13:05:16.353090+07:00,3,32.12,17.135,52.55,5.606,1.0,150.0,15.0,True,False,CCS2,FIXED_PACK,train
DE000556,T0070,2026-09-01T13:07:46.715538+07:00,4,44.76,16.795,51.5,4.562,1.0,150.0,15.0,True,False,CCS2,FIXED_PACK,train
DE000557,T0070,2026-09-01T13:10:11.696418+07:00,5,56.95,16.466,50.5,3.555,1.0,150.0,15.0,True,False,CCS2,FIXED_PACK,train
DE000558,T0070,2026-09-01T13:12:33.161961999+07:00,6,68.85,16.146,49.51,2.573,1.0,150.0,15.0,True,False,CCS2,FIXED_PACK,train
DE000559,T0070,2026-09-01T13:14:46.255853294+07:00,7,80.49,15.832,48.55,1.611,1.0,150.0,15.0,True,False,CCS2,FIXED_PACK,train
DE000560,T0070,2026-09-01T13:16:50.297773999+07:00,8,92.32,15.514,47.58,0.634,1.0,150.0,15.0,True,False,CCS2,FIXED_PACK,train
DE000561,T0071,2026-09-01T13:06:41.920055999+07:00,1,8.13,17.905,54.91,3.292,1.0,165.0,15.0,True,False,CCS2,FIXED_PACK,test
DE000562,T0071,2026-09-01T13:07:19.179380999+07:00,2,18.99,17.778,54.52,2.902,1.0,165.0,15.0,True,False,CCS2,FIXED_PACK,test
DE000563,T0071,2026-09-01T13:07:49.505832428+07:00,3,30.43,17.645,54.11,2.493,1.0,165.0,15.0,True,False,CCS2,FIXED_PACK,test
DE000564,T0071,2026-09-01T13:08:20.770824428+07:00,4,42.55,17.503,53.68,2.058,1.0,165.0,15.0,True,False,CCS2,FIXED_PACK,test
DE000565,T0071,2026-09-01T13:09:15.211728428+07:00,5,55.17,17.355,53.22,1.606,1.0,165.0,15.0,True,False,CCS2,FIXED_PACK,test
DE000566,T0071,2026-09-01T13:10:13.194559071+07:00,6,67.1,17.216,52.8,1.179,1.0,165.0,15.0,True,False,CCS2,FIXED_PACK,test
DE000567,T0071,2026-09-01T13:11:27.211991071+07:00,7,79.77,17.068,52.34,0.725,1.0,165.0,15.0,True,False,CCS2,FIXED_PACK,test
DE000568,T0071,2026-09-01T13:12:41.673567071+07:00,8,91.97,16.926,51.9,0.288,1.0,165.0,15.0,True,False,CCS2,FIXED_PACK,test
DE000569,T0072,2026-09-01T13:13:57.068854+07:00,1,9.49,17.146,12.27,5.827,1.0,45.0,15.0,True,True,BIKE_DC,SWAP_PACK_A,train
DE000570,T0072,2026-09-01T13:16:41.477789714+07:00,2,22.47,15.978,11.43,4.992,1.0,45.0,15.0,True,True,BIKE_DC,SWAP_PACK_A,train
DE000571,T0072,2026-09-01T13:18:44.143958+07:00,3,37.35,14.639,10.48,4.033,1.0,45.0,15.0,True,True,BIKE_DC,SWAP_PACK_A,train
DE000572,T0072,2026-09-01T13:20:49.738009499+07:00,4,51.83,13.337,9.54,3.102,1.0,45.0,15.0,True,True,BIKE_DC,SWAP_PACK_A,train
DE000573,T0072,2026-09-01T13:22:07.150085499+07:00,5,59.68,12.63,9.04,2.596,1.0,45.0,15.0,True,True,BIKE_DC,SWAP_PACK_A,train
DE000574,T0072,2026-09-01T13:23:42.215271499+07:00,6,68.61,11.827,8.46,2.021,1.0,45.0,15.0,True,True,BIKE_DC,SWAP_PACK_A,train
DE000575,T0072,2026-09-01T13:25:36.851067499+07:00,7,78.82,10.909,7.81,1.364,1.0,45.0,15.0,True,True,BIKE_DC,SWAP_PACK_A,train
DE000576,T0072,2026-09-01T13:27:19.686276499+07:00,8,90.71,9.839,7.04,0.598,1.0,45.0,15.0,True,True,BIKE_DC,SWAP_PACK_A,train
DE000577,T0073,2026-09-01T13:19:41.509560+07:00,1,7.46,17.781,54.53,8.332,1.25,150.0,15.0,True,False,CCS2,FIXED_PACK,train
DE000578,T0073,2026-09-01T13:21:59.352339214+07:00,2,19.56,17.426,53.44,7.243,1.087,150.0,15.0,True,False,CCS2,FIXED_PACK,train
DE000579,T0073,2026-09-01T13:24:09.247125599+07:00,3,31.45,17.077,52.37,6.172,1.0,150.0,15.0,True,False,CCS2,FIXED_PACK,train
DE000580,T0073,2026-09-01T13:26:20.598274499+07:00,4,43.6,16.72,51.27,5.079,1.0,150.0,15.0,True,False,CCS2,FIXED_PACK,train
DE000581,T0073,2026-09-01T13:28:40.343758499+07:00,5,54.74,16.393,50.27,4.075,1.0,150.0,15.0,True,False,CCS2,FIXED_PACK,train
DE000582,T0073,2026-09-01T13:31:21.225598499+07:00,6,67.15,16.028,49.15,2.958,1.0,150.0,15.0,True,False,CCS2,FIXED_PACK,train
DE000583,T0073,2026-09-01T13:34:06.836734499+07:00,7,79.92,15.653,48.0,1.808,1.0,150.0,15.0,True,False,CCS2,FIXED_PACK,train
DE000584,T0073,2026-09-01T13:36:45.240430499+07:00,8,92.14,15.295,46.9,0.708,1.0,150.0,15.0,True,False,CCS2,FIXED_PACK,train
DE000585,T0074,2026-09-01T13:25:41.073480+07:00,1,7.86,17.803,54.6,6.32,1.0,165.0,15.0,True,False,CCS2,FIXED_PACK,train
DE000586,T0074,2026-09-01T13:28:24.664624+07:00,2,20.39,17.489,53.63,5.461,1.0,165.0,15.0,True,False,CCS2,FIXED_PACK,train
DE000587,T0074,2026-09-01T13:30:47.557750500+07:00,3,33.1,17.171,52.66,4.588,1.0,165.0,15.0,True,False,CCS2,FIXED_PACK,train
DE000588,T0074,2026-09-01T13:32:04.298104500+07:00,4,45.43,16.862,51.71,3.743,1.0,165.0,15.0,True,False,CCS2,FIXED_PACK,train
DE000589,T0074,2026-09-01T13:33:21.945722500+07:00,5,57.26,16.565,50.8,2.931,1.0,165.0,15.0,True,False,CCS2,FIXED_PACK,train
DE000590,T0074,2026-09-01T13:35:46.318742499+07:00,6,70.15,16.243,49.81,2.048,1.0,165.0,15.0,True,False,CCS2,FIXED_PACK,train
DE000591,T0074,2026-09-01T13:37:10.215801928+07:00,7,82.15,15.942,48.89,1.225,1.0,165.0,15.0,True,False,CCS2,FIXED_PACK,train
DE000592,T0074,2026-09-01T13:38:59.021353071+07:00,8,91.93,15.697,48.14,0.554,1.0,165.0,15.0,True,False,CCS2,FIXED_PACK,train
DE000593,T0075,2026-09-01T13:31:08.371183999+07:00,1,6.48,6.432,4.6,5.867,1.0,45.0,15.0,True,True,BIKE_DC,SWAP_PACK_A,test
DE000594,T0075,2026-09-01T13:32:52.239679999+07:00,2,17.98,5.424,3.88,5.146,1.0,45.0,15.0,True,True,BIKE_DC,SWAP_PACK_A,test
DE000595,T0075,2026-09-01T13:34:26.509095499+07:00,3,29.02,4.456,3.19,4.453,1.0,45.0,15.0,True,True,BIKE_DC,SWAP_PACK_A,test
DE000596,T0075,2026-09-01T13:36:23.044598500+07:00,4,41.51,3.361,2.4,3.67,1.0,45.0,15.0,True,True,BIKE_DC,SWAP_PACK_A,test
DE000597,T0075,2026-09-01T13:38:11.758694500+07:00,5,53.54,2.306,1.65,2.915,1.0,45.0,15.0,True,True,BIKE_DC,SWAP_PACK_A,test
DE000598,T0075,2026-09-01T13:40:02.406998500+07:00,6,65.79,1.232,0.88,2.146,1.0,45.0,15.0,True,True,BIKE_DC,SWAP_PACK_A,test
DE000599,T0075,2026-09-01T13:41:52.084130500+07:00,7,77.93,0.168,0.12,1.385,1.0,45.0,15.0,True,True,BIKE_DC,SWAP_PACK_A,test
DE000600,T0075,2026-09-01T13:43:45.499205500+07:00,8,91.52,0.0,0.0,0.532,1.0,45.0,15.0,True,True,BIKE_DC,SWAP_PACK_A,test
DE000601,T0076,2026-09-01T13:36:37.973023999+07:00,1,7.57,76.988,236.1,2.723,1.0,150.0,15.0,True,False,CCS2,FIXED_PACK,train
DE000602,T0076,2026-09-01T13:37:27.250265+07:00,2,20.11,76.867,235.73,2.354,1.0,150.0,15.0,True,False,CCS2,FIXED_PACK,train
DE000603,T0076,2026-09-01T13:38:08.710153166+07:00,3,32.15,76.751,235.37,1.999,1.0,150.0,15.0,True,False,CCS2,FIXED_PACK,train
DE000604,T0076,2026-09-01T13:39:16.782686499+07:00,4,43.71,76.64,235.03,1.659,1.0,150.0,15.0,True,False,CCS2,FIXED_PACK,train
DE000605,T0076,2026-09-01T13:40:30.340400785+07:00,5,56.19,76.52,234.66,1.291,1.0,150.0,15.0,True,False,CCS2,FIXED_PACK,train
DE000606,T0076,2026-09-01T13:41:12.155049699+07:00,6,67.1,76.416,234.34,0.969,1.0,150.0,15.0,True,False,CCS2,FIXED_PACK,train
DE000607,T0076,2026-09-01T13:41:53.691878499+07:00,7,78.97,76.302,233.99,0.62,1.0,150.0,15.0,True,False,CCS2,FIXED_PACK,train
DE000608,T0076,2026-09-01T13:43:11.437745166+07:00,8,92.17,76.175,233.6,0.231,1.0,150.0,15.0,True,False,CCS2,FIXED_PACK,train
DE000609,T0077,2026-09-01T13:44:06.701100+07:00,1,7.84,75.459,231.41,7.447,1.117,165.0,15.0,True,False,CCS2,FIXED_PACK,train
DE000610,T0077,2026-09-01T13:46:47.263646499+07:00,2,20.87,75.116,230.35,6.394,1.0,165.0,15.0,True,False,CCS2,FIXED_PACK,train
DE000611,T0077,2026-09-01T13:48:56.029527499+07:00,3,33.55,74.781,229.33,5.369,1.0,165.0,15.0,True,False,CCS2,FIXED_PACK,train
DE000612,T0077,2026-09-01T13:51:39.898631+07:00,4,46.51,74.44,228.28,4.322,1.0,165.0,15.0,True,False,CCS2,FIXED_PACK,train
DE000613,T0077,2026-09-01T13:54:26.206442428+07:00,5,56.89,74.166,227.44,3.483,1.0,165.0,15.0,True,False,CCS2,FIXED_PACK,train
DE000614,T0077,2026-09-01T13:57:47.233506428+07:00,6,69.46,73.835,226.43,2.468,1.0,165.0,15.0,True,False,CCS2,FIXED_PACK,train
DE000615,T0077,2026-09-01T14:00:42.554682714+07:00,7,82.49,73.492,225.37,1.414,1.0,165.0,15.0,True,False,CCS2,FIXED_PACK,train
DE000616,T0077,2026-09-01T14:03:17.123969571+07:00,8,92.88,73.218,224.54,0.575,1.0,165.0,15.0,True,False,CCS2,FIXED_PACK,train
DE000617,T0078,2026-09-01T13:49:26.369051076+07:00,1,8.27,90.172,64.52,6.655,1.0,45.0,15.0,True,True,BIKE_DC,SWAP_PACK_A,train
DE000618,T0078,2026-09-01T13:51:32.524055999+07:00,2,20.34,88.948,63.65,5.779,1.0,45.0,15.0,True,True,BIKE_DC,SWAP_PACK_A,train
DE000619,T0078,2026-09-01T13:53:44.253229714+07:00,3,32.95,87.669,62.73,4.864,1.0,45.0,15.0,True,True,BIKE_DC,SWAP_PACK_A,train
DE000620,T0078,2026-09-01T13:55:49.642247999+07:00,4,44.95,86.452,61.86,3.993,1.0,45.0,15.0,True,True,BIKE_DC,SWAP_PACK_A,train
DE000621,T0078,2026-09-01T13:57:54.966455999+07:00,5,56.95,85.236,60.99,3.123,1.0,45.0,15.0,True,True,BIKE_DC,SWAP_PACK_A,train
DE000622,T0078,2026-09-01T13:59:30.701210999+07:00,6,69.2,83.995,60.1,2.235,1.0,45.0,15.0,True,True,BIKE_DC,SWAP_PACK_A,train
DE000623,T0078,2026-09-01T14:00:46.261925999+07:00,7,80.77,82.821,59.26,1.395,1.0,45.0,15.0,True,True,BIKE_DC,SWAP_PACK_A,train
DE000624,T0078,2026-09-01T14:01:47.086544307+07:00,8,92.18,81.665,58.44,0.568,1.0,45.0,15.0,True,True,BIKE_DC,SWAP_PACK_A,train
DE000625,T0079,2026-09-01T13:55:23.262384+07:00,1,8.05,84.638,259.56,6.915,1.037,150.0,15.0,True,False,CCS2,FIXED_PACK,train
DE000626,T0079,2026-09-01T13:56:42.650069419+07:00,2,20.29,84.338,258.64,5.994,1.0,150.0,15.0,True,False,CCS2,FIXED_PACK,train
DE000627,T0079,2026-09-01T13:57:34.173467526+07:00,3,31.71,84.058,257.78,5.136,1.0,150.0,15.0,True,False,CCS2,FIXED_PACK,train
DE000628,T0079,2026-09-01T13:58:24.970010135+07:00,4,42.97,83.782,256.93,4.289,1.0,150.0,15.0,True,False,CCS2,FIXED_PACK,train
DE000629,T0079,2026-09-01T13:59:15.520889796+07:00,5,54.17,83.507,256.09,3.446,1.0,150.0,15.0,True,False,CCS2,FIXED_PACK,train
DE000630,T0079,2026-09-01T14:00:54.981169999+07:00,6,66.02,83.216,255.2,2.555,1.0,150.0,15.0,True,False,CCS2,FIXED_PACK,train
DE000631,T0079,2026-09-01T14:03:42.323004666+07:00,7,79.22,82.893,254.2,1.563,1.0,150.0,15.0,True,False,CCS2,FIXED_PACK,train
DE000632,T0079,2026-09-01T14:06:18.965454499+07:00,8,92.34,82.571,253.22,0.576,1.0,150.0,15.0,True,False,CCS2,FIXED_PACK,train
DE000633,T0080,2026-09-01T14:01:24.049199999+07:00,1,8.62,17.863,54.78,4.455,1.0,165.0,15.0,True,False,CCS2,FIXED_PACK,train
DE000634,T0080,2026-09-01T14:03:24.834300+07:00,2,21.55,17.657,54.15,3.825,1.0,165.0,15.0,True,False,CCS2,FIXED_PACK,train
DE000635,T0080,2026-09-01T14:05:25.345600+07:00,3,34.45,17.452,53.52,3.196,1.0,165.0,15.0,True,False,CCS2,FIXED_PACK,train
DE000636,T0080,2026-09-01T14:07:12.893000+07:00,4,45.47,17.277,52.98,2.658,1.0,165.0,15.0,True,False,CCS2,FIXED_PACK,train
DE000637,T0080,2026-09-01T14:09:02.211200+07:00,5,56.69,17.099,52.44,2.112,1.0,165.0,15.0,True,False,CCS2,FIXED_PACK,train
DE000638,T0080,2026-09-01T14:11:04.674800+07:00,6,69.24,16.899,51.82,1.499,1.0,165.0,15.0,True,False,CCS2,FIXED_PACK,train
DE000639,T0080,2026-09-01T14:12:55.237200+07:00,7,80.58,16.719,51.27,0.947,1.0,165.0,15.0,True,False,CCS2,FIXED_PACK,train
DE000640,T0080,2026-09-01T14:14:49.822399999+07:00,8,92.34,16.532,50.7,0.374,1.0,165.0,15.0,True,False,CCS2,FIXED_PACK,train
DE000641,T0081,2026-09-01T14:07:38.595759999+07:00,1,7.78,17.253,12.35,6.336,1.0,45.0,15.0,True,True,BIKE_DC,SWAP_PACK_A,train
DE000642,T0081,2026-09-01T14:10:16.524543999+07:00,2,20.92,15.992,11.44,5.433,1.0,45.0,15.0,True,True,BIKE_DC,SWAP_PACK_A,train
DE000643,T0081,2026-09-01T14:12:37.411792+07:00,3,33.35,14.798,10.59,4.579,1.0,45.0,15.0,True,True,BIKE_DC,SWAP_PACK_A,train
DE000644,T0081,2026-09-01T14:15:06.491540+07:00,4,45.26,13.654,9.77,3.761,1.0,45.0,15.0,True,True,BIKE_DC,SWAP_PACK_A,train
DE000645,T0081,2026-09-01T14:17:07.164098285+07:00,5,55.98,12.625,9.03,3.024,1.0,45.0,15.0,True,True,BIKE_DC,SWAP_PACK_A,train
DE000646,T0081,2026-09-01T14:18:31.262021662+07:00,6,67.88,11.483,8.22,2.207,1.0,45.0,15.0,True,True,BIKE_DC,SWAP_PACK_A,train
DE000647,T0081,2026-09-01T14:19:43.999226857+07:00,7,79.64,10.353,7.41,1.399,1.0,45.0,15.0,True,True,BIKE_DC,SWAP_PACK_A,train
DE000648,T0081,2026-09-01T14:21:42.803526857+07:00,8,92.5,9.119,6.52,0.515,1.0,45.0,15.0,True,True,BIKE_DC,SWAP_PACK_A,train
DE000649,T0082,2026-09-01T14:13:20.415640+07:00,1,7.74,17.834,54.69,6.076,1.0,150.0,15.0,True,False,CCS2,FIXED_PACK,train
DE000650,T0082,2026-09-01T14:15:24.361319999+07:00,2,19.33,17.585,53.93,5.313,1.0,150.0,15.0,True,False,CCS2,FIXED_PACK,train
DE000651,T0082,2026-09-01T14:17:21.913415999+07:00,3,31.72,17.319,53.11,4.497,1.0,150.0,15.0,True,False,CCS2,FIXED_PACK,train
DE000652,T0082,2026-09-01T14:19:25.520632+07:00,4,44.01,17.055,52.3,3.687,1.0,150.0,15.0,True,False,CCS2,FIXED_PACK,train
DE000653,T0082,2026-09-01T14:21:20.540020+07:00,5,56.14,16.794,51.5,2.888,1.0,150.0,15.0,True,False,CCS2,FIXED_PACK,train
DE000654,T0082,2026-09-01T14:23:13.029168+07:00,6,67.03,16.561,50.79,2.171,1.0,150.0,15.0,True,False,CCS2,FIXED_PACK,train
DE000655,T0082,2026-09-01T14:25:19.874528+07:00,7,78.75,16.309,50.01,1.4,1.0,150.0,15.0,True,False,CCS2,FIXED_PACK,train
DE000656,T0082,2026-09-01T14:27:27.491904+07:00,8,91.92,16.026,49.15,0.532,1.0,150.0,15.0,True,False,CCS2,FIXED_PACK,train
DE000657,T0083,2026-09-01T14:18:33.028703999+07:00,1,8.55,17.925,54.97,2.452,1.0,165.0,15.0,True,False,CCS2,FIXED_PACK,train
DE000658,T0083,2026-09-01T14:19:20.341488+07:00,2,20.8,17.818,54.64,2.124,1.0,165.0,15.0,True,False,CCS2,FIXED_PACK,train
DE000659,T0083,2026-09-01T14:20:00.727440+07:00,3,31.26,17.727,54.36,1.843,1.0,165.0,15.0,True,False,CCS2,FIXED_PACK,train
DE000660,T0083,2026-09-01T14:20:48.310224+07:00,4,43.58,17.619,54.03,1.513,1.0,165.0,15.0,True,False,CCS2,FIXED_PACK,train
DE000661,T0083,2026-09-01T14:21:35.224128+07:00,5,55.73,17.513,53.71,1.187,1.0,165.0,15.0,True,False,CCS2,FIXED_PACK,train
DE000662,T0083,2026-09-01T14:22:27.757920+07:00,6,69.33,17.394,53.34,0.822,1.0,165.0,15.0,True,False,CCS2,FIXED_PACK,train
DE000663,T0083,2026-09-01T14:23:13.399008+07:00,7,81.15,17.29,53.02,0.505,1.0,165.0,15.0,True,False,CCS2,FIXED_PACK,train
DE000664,T0083,2026-09-01T14:23:56.541321600+07:00,8,92.33,17.193,52.72,0.206,1.0,165.0,15.0,True,False,CCS2,FIXED_PACK,train
DE000665,T0084,2026-09-01T14:25:18.708108571+07:00,1,7.7,17.402,12.45,5.13,1.0,45.0,15.0,True,True,BIKE_DC,SWAP_PACK_A,test
DE000666,T0084,2026-09-01T14:26:28.896588571+07:00,2,19.98,16.448,11.77,4.447,1.0,45.0,15.0,True,True,BIKE_DC,SWAP_PACK_A,test
DE000667,T0084,2026-09-01T14:27:58.852383928+07:00,3,32.34,15.488,11.08,3.76,1.0,45.0,15.0,True,True,BIKE_DC,SWAP_PACK_A,test
DE000668,T0084,2026-09-01T14:29:14.435952714+07:00,4,44.42,14.55,10.41,3.089,1.0,45.0,15.0,True,True,BIKE_DC,SWAP_PACK_A,test
DE000669,T0084,2026-09-01T14:30:54.201284142+07:00,5,56.32,13.626,9.75,2.428,1.0,45.0,15.0,True,True,BIKE_DC,SWAP_PACK_A,test
DE000670,T0084,2026-09-01T14:32:36.074031285+07:00,6,67.2,12.78,9.15,1.823,1.0,45.0,15.0,True,True,BIKE_DC,SWAP_PACK_A,test
DE000671,T0084,2026-09-01T14:34:43.689901285+07:00,7,79.48,11.827,8.46,1.141,1.0,45.0,15.0,True,True,BIKE_DC,SWAP_PACK_A,test
DE000672,T0084,2026-09-01T14:36:49.034816714+07:00,8,91.63,10.883,7.79,0.465,1.0,45.0,15.0,True,True,BIKE_DC,SWAP_PACK_A,test
DE000673,T0085,2026-09-01T14:30:34.669686857+07:00,1,8.56,58.669,179.92,2.573,1.0,150.0,15.0,True,False,CCS2,FIXED_PACK,test
DE000674,T0085,2026-09-01T14:31:22.811039999+07:00,2,20.44,58.56,179.58,2.238,1.0,150.0,15.0,True,False,CCS2,FIXED_PACK,test
DE000675,T0085,2026-09-01T14:32:13.304220+07:00,3,32.9,58.446,179.23,1.888,1.0,150.0,15.0,True,False,CCS2,FIXED_PACK,test
DE000676,T0085,2026-09-01T14:33:02.674128+07:00,4,45.09,58.334,178.89,1.545,1.0,150.0,15.0,True,False,CCS2,FIXED_PACK,test
DE000677,T0085,2026-09-01T14:33:46.326931200+07:00,5,55.86,58.235,178.59,1.242,1.0,150.0,15.0,True,False,CCS2,FIXED_PACK,test
DE000678,T0085,2026-09-01T14:34:31.396065600+07:00,6,66.99,58.133,178.27,0.929,1.0,150.0,15.0,True,False,CCS2,FIXED_PACK,test
DE000679,T0085,2026-09-01T14:35:16.836658285+07:00,7,78.21,58.03,177.96,0.613,1.0,150.0,15.0,True,False,CCS2,FIXED_PACK,test
DE000680,T0085,2026-09-01T14:36:11.944367999+07:00,8,91.8,57.905,177.58,0.231,1.0,150.0,15.0,True,False,CCS2,FIXED_PACK,test
DE000681,T0086,2026-09-01T14:37:40.433564735+07:00,1,8.04,66.107,202.73,8.217,1.233,165.0,15.0,True,False,CCS2,FIXED_PACK,validation
DE000682,T0086,2026-09-01T14:39:51.123913142+07:00,2,20.01,65.758,201.66,7.148,1.072,165.0,15.0,True,False,CCS2,FIXED_PACK,validation
DE000683,T0086,2026-09-01T14:42:25.541249942+07:00,3,32.01,65.408,200.59,6.076,1.0,165.0,15.0,True,False,CCS2,FIXED_PACK,validation
DE000684,T0086,2026-09-01T14:44:53.180437142+07:00,4,43.48,65.074,199.56,5.051,1.0,165.0,15.0,True,False,CCS2,FIXED_PACK,validation
DE000685,T0086,2026-09-01T14:47:07.214663428+07:00,5,55.21,64.732,198.51,4.002,1.0,165.0,15.0,True,False,CCS2,FIXED_PACK,validation
DE000686,T0086,2026-09-01T14:49:55.459872428+07:00,6,67.77,64.366,197.39,2.88,1.0,165.0,15.0,True,False,CCS2,FIXED_PACK,validation
DE000687,T0086,2026-09-01T14:52:39.946672428+07:00,7,80.15,64.005,196.28,1.774,1.0,165.0,15.0,True,False,CCS2,FIXED_PACK,validation
DE000688,T0086,2026-09-01T14:55:09.911096428+07:00,8,91.8,63.666,195.24,0.732,1.0,165.0,15.0,True,False,CCS2,FIXED_PACK,validation
DE000689,T0087,2026-09-01T14:43:19.904952+07:00,1,8.14,11.225,8.03,6.262,1.0,45.0,15.0,True,True,BIKE_DC,SWAP_PACK_A,train
DE000690,T0087,2026-09-01T14:44:53.918591999+07:00,2,17.72,10.312,7.38,5.609,1.0,45.0,15.0,True,True,BIKE_DC,SWAP_PACK_A,train
DE000691,T0087,2026-09-01T14:46:44.558688+07:00,3,28.99,9.238,6.61,4.841,1.0,45.0,15.0,True,True,BIKE_DC,SWAP_PACK_A,train
DE000692,T0087,2026-09-01T14:48:46.466976+07:00,4,41.41,8.055,5.76,3.994,1.0,45.0,15.0,True,True,BIKE_DC,SWAP_PACK_A,train
DE000693,T0087,2026-09-01T14:50:40.378272+07:00,5,53.01,6.95,4.97,3.203,1.0,45.0,15.0,True,True,BIKE_DC,SWAP_PACK_A,train
DE000694,T0087,2026-09-01T14:53:00.456172800+07:00,6,67.28,5.59,4.0,2.23,1.0,45.0,15.0,True,True,BIKE_DC,SWAP_PACK_A,train
DE000695,T0087,2026-09-01T14:55:08.716656+07:00,7,80.35,4.346,3.11,1.34,1.0,45.0,15.0,True,True,BIKE_DC,SWAP_PACK_A,train
DE000696,T0087,2026-09-01T14:57:01.847160+07:00,8,91.87,3.248,2.32,0.554,1.0,45.0,15.0,True,True,BIKE_DC,SWAP_PACK_A,train
DE000697,T0088,2026-09-01T14:49:06.690838285+07:00,1,7.91,17.822,54.65,6.359,1.0,150.0,15.0,True,False,CCS2,FIXED_PACK,validation
DE000698,T0088,2026-09-01T14:51:05.685023185+07:00,2,20.08,17.548,53.81,5.518,1.0,150.0,15.0,True,False,CCS2,FIXED_PACK,validation
DE000699,T0088,2026-09-01T14:53:03.825288651+07:00,3,32.06,17.278,52.99,4.691,1.0,150.0,15.0,True,False,CCS2,FIXED_PACK,validation
DE000700,T0088,2026-09-01T14:54:39.970078785+07:00,4,43.85,17.013,52.17,3.877,1.0,150.0,15.0,True,False,CCS2,FIXED_PACK,validation
DE000701,T0088,2026-09-01T14:56:15.723028785+07:00,5,55.87,16.742,51.34,3.047,1.0,150.0,15.0,True,False,CCS2,FIXED_PACK,validation
DE000702,T0088,2026-09-01T14:57:54.107264214+07:00,6,68.47,16.458,50.47,2.177,1.0,150.0,15.0,True,False,CCS2,FIXED_PACK,validation
DE000703,T0088,2026-09-01T14:59:39.148137500+07:00,7,80.55,16.186,49.64,1.343,1.0,150.0,15.0,True,False,CCS2,FIXED_PACK,validation
DE000704,T0088,2026-09-01T15:01:27.918366499+07:00,8,92.56,15.916,48.81,0.514,1.0,150.0,15.0,True,False,CCS2,FIXED_PACK,validation
DE000705,T0089,2026-09-01T14:55:23.440788928+07:00,1,9.59,15.176,10.86,5.555,1.0,45.0,15.0,True,True,BIKE_DC,SWAP_PACK_A,train
DE000706,T0089,2026-09-01T14:57:10.897201128+07:00,2,23.35,13.995,10.01,4.709,1.0,45.0,15.0,True,True,BIKE_DC,SWAP_PACK_A,train
DE000707,T0089,2026-09-01T14:59:26.867559928+07:00,3,37.93,12.744,9.12,3.814,1.0,45.0,15.0,True,True,BIKE_DC,SWAP_PACK_A,train
DE000708,T0089,2026-09-01T15:01:15.309260499+07:00,4,51.03,11.619,8.31,3.009,1.0,45.0,15.0,True,True,BIKE_DC,SWAP_PACK_A,train
DE000709,T0089,2026-09-01T15:02:32.448260499+07:00,5,57.31,11.079,7.93,2.623,1.0,45.0,15.0,True,True,BIKE_DC,SWAP_PACK_A,train
DE000710,T0089,2026-09-01T15:03:50.180029642+07:00,6,65.0,10.419,7.46,2.15,1.0,45.0,15.0,True,True,BIKE_DC,SWAP_PACK_A,train
DE000711,T0089,2026-09-01T15:05:39.679438228+07:00,7,77.92,9.309,6.66,1.357,1.0,45.0,15.0,True,True,BIKE_DC,SWAP_PACK_A,train
DE000712,T0089,2026-09-01T15:07:47.097859428+07:00,8,91.2,8.169,5.85,0.541,1.0,45.0,15.0,True,True,BIKE_DC,SWAP_PACK_A,train
DE000713,T0090,2026-09-01T15:00:58.173911999+07:00,1,8.32,17.435,12.48,4.449,1.0,45.0,15.0,True,True,BIKE_DC,SWAP_PACK_A,train
DE000714,T0090,2026-09-01T15:02:11.829786+07:00,2,20.21,16.63,11.9,3.872,1.0,45.0,15.0,True,True,BIKE_DC,SWAP_PACK_A,train
DE000715,T0090,2026-09-01T15:03:32.298444+07:00,3,32.59,15.79,11.3,3.272,1.0,45.0,15.0,True,True,BIKE_DC,SWAP_PACK_A,train
DE000716,T0090,2026-09-01T15:04:53.766155999+07:00,4,44.24,14.999,10.73,2.706,1.0,45.0,15.0,True,True,BIKE_DC,SWAP_PACK_A,train
DE000717,T0090,2026-09-01T15:06:17.133832800+07:00,5,56.17,14.19,10.15,2.127,1.0,45.0,15.0,True,True,BIKE_DC,SWAP_PACK_A,train
DE000718,T0090,2026-09-01T15:07:38.996981142+07:00,6,67.89,13.396,9.59,1.558,1.0,45.0,15.0,True,True,BIKE_DC,SWAP_PACK_A,train
DE000719,T0090,2026-09-01T15:09:00.964476+07:00,7,79.62,12.6,9.02,0.989,1.0,45.0,15.0,True,True,BIKE_DC,SWAP_PACK_A,train
DE000720,T0090,2026-09-01T15:10:28.052610857+07:00,8,92.08,11.755,8.41,0.384,1.0,45.0,15.0,True,True,BIKE_DC,SWAP_PACK_A,train
DE000721,T0091,2026-09-01T15:06:28.651859357+07:00,1,7.39,17.932,54.99,2.606,1.0,150.0,15.0,True,False,CCS2,FIXED_PACK,train
DE000722,T0091,2026-09-01T15:07:05.593736908+07:00,2,19.54,17.821,54.65,2.264,1.0,150.0,15.0,True,False,CCS2,FIXED_PACK,train
DE000723,T0091,2026-09-01T15:07:42.459367928+07:00,3,32.28,17.704,54.29,1.906,1.0,150.0,15.0,True,False,CCS2,FIXED_PACK,train
DE000724,T0091,2026-09-01T15:08:31.347375928+07:00,4,41.86,17.616,54.02,1.636,1.0,150.0,15.0,True,False,CCS2,FIXED_PACK,train
DE000725,T0091,2026-09-01T15:09:26.420775928+07:00,5,51.64,17.526,53.75,1.361,1.0,150.0,15.0,True,False,CCS2,FIXED_PACK,train
DE000726,T0091,2026-09-01T15:10:23.530495928+07:00,6,64.41,17.409,53.39,1.001,1.0,150.0,15.0,True,False,CCS2,FIXED_PACK,train
DE000727,T0091,2026-09-01T15:11:40.683204500+07:00,7,78.4,17.281,52.99,0.608,1.0,150.0,15.0,True,False,CCS2,FIXED_PACK,train
DE000728,T0091,2026-09-01T15:12:36.437758785+07:00,8,92.04,17.156,52.61,0.224,1.0,150.0,15.0,True,False,CCS2,FIXED_PACK,train
DE000729,T0092,2026-09-01T15:13:02.358407999+07:00,1,7.78,17.822,54.65,6.468,1.0,165.0,15.0,True,False,CCS2,FIXED_PACK,train
DE000730,T0092,2026-09-01T15:14:31.498511999+07:00,2,17.85,17.592,53.95,5.762,1.0,165.0,15.0,True,False,CCS2,FIXED_PACK,train
DE000731,T0092,2026-09-01T15:16:52.564960+07:00,3,31.37,17.282,53.0,4.814,1.0,165.0,15.0,True,False,CCS2,FIXED_PACK,train
DE000732,T0092,2026-09-01T15:19:02.669208+07:00,4,44.69,16.978,52.07,3.879,1.0,165.0,15.0,True,False,CCS2,FIXED_PACK,train
DE000733,T0092,2026-09-01T15:21:24.989398399+07:00,5,57.47,16.686,51.17,2.983,1.0,165.0,15.0,True,False,CCS2,FIXED_PACK,train
DE000734,T0092,2026-09-01T15:23:07.971319999+07:00,6,67.72,16.451,50.45,2.264,1.0,165.0,15.0,True,False,CCS2,FIXED_PACK,train
DE000735,T0092,2026-09-01T15:25:54.324167999+07:00,7,81.63,16.133,49.47,1.289,1.0,165.0,15.0,True,False,CCS2,FIXED_PACK,train
DE000736,T0092,2026-09-01T15:27:55.195482285+07:00,8,93.45,15.863,48.65,0.459,1.0,165.0,15.0,True,False,CCS2,FIXED_PACK,train
DE000737,T0093,2026-09-01T15:19:05.581228999+07:00,1,8.02,17.333,12.4,5.475,1.0,45.0,15.0,True,True,BIKE_DC,SWAP_PACK_A,test
DE000738,T0093,2026-09-01T15:21:32.907116499+07:00,2,20.54,16.292,11.66,4.73,1.0,45.0,15.0,True,True,BIKE_DC,SWAP_PACK_A,test
DE000739,T0093,2026-09-01T15:23:18.587980500+07:00,3,32.98,15.257,10.92,3.989,1.0,45.0,15.0,True,True,BIKE_DC,SWAP_PACK_A,test
DE000740,T0093,2026-09-01T15:25:35.702938+07:00,4,45.63,14.204,10.16,3.236,1.0,45.0,15.0,True,True,BIKE_DC,SWAP_PACK_A,test
DE000741,T0093,2026-09-01T15:27:23.493250499+07:00,5,56.58,13.294,9.51,2.584,1.0,45.0,15.0,True,True,BIKE_DC,SWAP_PACK_A,test
DE000742,T0093,2026-09-01T15:29:03.814369499+07:00,6,68.64,12.291,8.79,1.867,1.0,45.0,15.0,True,True,BIKE_DC,SWAP_PACK_A,test
DE000743,T0093,2026-09-01T15:30:46.988929499+07:00,7,80.68,11.289,8.08,1.15,1.0,45.0,15.0,True,True,BIKE_DC,SWAP_PACK_A,test
DE000744,T0093,2026-09-01T15:32:22.308671999+07:00,8,92.41,10.314,7.38,0.452,1.0,45.0,15.0,True,True,BIKE_DC,SWAP_PACK_A,test
DE000745,T0094,2026-09-01T15:25:16.484160+07:00,1,7.79,17.812,54.62,6.84,1.026,150.0,15.0,True,False,CCS2,FIXED_PACK,train
DE000746,T0094,2026-09-01T15:28:02.246145714+07:00,2,19.6,17.526,53.75,5.964,1.0,150.0,15.0,True,False,CCS2,FIXED_PACK,train
DE000747,T0094,2026-09-01T15:30:35.957311999+07:00,3,31.95,17.227,52.83,5.048,1.0,150.0,15.0,True,False,CCS2,FIXED_PACK,train
DE000748,T0094,2026-09-01T15:33:23.218255999+07:00,4,44.51,16.923,51.9,4.117,1.0,150.0,15.0,True,False,CCS2,FIXED_PACK,train
DE000749,T0094,2026-09-01T15:36:08.517631999+07:00,5,56.3,16.638,51.02,3.242,1.0,150.0,15.0,True,False,CCS2,FIXED_PACK,train
DE000750,T0094,2026-09-01T15:38:28.341959999+07:00,6,68.28,16.348,50.13,2.353,1.0,150.0,15.0,True,False,CCS2,FIXED_PACK,train
DE000751,T0094,2026-09-01T15:41:07.215941333+07:00,7,80.05,16.064,49.26,1.48,1.0,150.0,15.0,True,False,CCS2,FIXED_PACK,train
DE000752,T0094,2026-09-01T15:43:39.396935999+07:00,8,92.24,15.769,48.36,0.575,1.0,150.0,15.0,True,False,CCS2,FIXED_PACK,train
DE000753,T0095,2026-09-01T15:30:45.080616+07:00,1,8.33,17.908,54.92,2.771,1.0,165.0,15.0,True,False,CCS2,FIXED_PACK,train
DE000754,T0095,2026-09-01T15:31:40.108221999+07:00,2,19.81,17.781,54.53,2.424,1.0,165.0,15.0,True,False,CCS2,FIXED_PACK,train
DE000755,T0095,2026-09-01T15:32:34.204468+07:00,3,32.24,17.644,54.11,2.049,1.0,165.0,15.0,True,False,CCS2,FIXED_PACK,train
DE000756,T0095,2026-09-01T15:33:27.039616+07:00,4,44.37,17.51,53.7,1.682,1.0,165.0,15.0,True,False,CCS2,FIXED_PACK,train
DE000757,T0095,2026-09-01T15:34:31.722186+07:00,5,57.05,17.37,53.27,1.298,1.0,165.0,15.0,True,False,CCS2,FIXED_PACK,train
DE000758,T0095,2026-09-01T15:35:37.859472+07:00,6,68.14,17.248,52.89,0.963,1.0,165.0,15.0,True,False,CCS2,FIXED_PACK,train
DE000759,T0095,2026-09-01T15:36:30.837032+07:00,7,79.77,17.119,52.5,0.612,1.0,165.0,15.0,True,False,CCS2,FIXED_PACK,train
DE000760,T0095,2026-09-01T15:37:32.377784+07:00,8,92.09,16.983,52.08,0.239,1.0,165.0,15.0,True,False,CCS2,FIXED_PACK,train
DE000761,T0096,2026-09-01T15:36:48.976066596+07:00,1,7.88,6.453,4.62,4.575,1.0,45.0,15.0,True,True,BIKE_DC,SWAP_PACK_A,train
DE000762,T0096,2026-09-01T15:38:23.622794499+07:00,2,20.21,5.597,4.01,3.962,1.0,45.0,15.0,True,True,BIKE_DC,SWAP_PACK_A,train
DE000763,T0096,2026-09-01T15:39:59.209022370+07:00,3,32.08,4.773,3.42,3.373,1.0,45.0,15.0,True,True,BIKE_DC,SWAP_PACK_A,train
DE000764,T0096,2026-09-01T15:41:18.450551999+07:00,4,43.98,3.948,2.82,2.782,1.0,45.0,15.0,True,True,BIKE_DC,SWAP_PACK_A,train
DE000765,T0096,2026-09-01T15:42:45.656087999+07:00,5,56.17,3.102,2.22,2.177,1.0,45.0,15.0,True,True,BIKE_DC,SWAP_PACK_A,train
DE000766,T0096,2026-09-01T15:43:58.172748532+07:00,6,67.77,2.296,1.64,1.6,1.0,45.0,15.0,True,True,BIKE_DC,SWAP_PACK_A,train
DE000767,T0096,2026-09-01T15:45:44.504986999+07:00,7,80.21,1.433,1.03,0.983,1.0,45.0,15.0,True,True,BIKE_DC,SWAP_PACK_A,train
DE000768,T0096,2026-09-01T15:47:47.608147483+07:00,8,92.82,0.558,0.4,0.356,1.0,45.0,15.0,True,True,BIKE_DC,SWAP_PACK_A,train
DE000769,T0097,2026-09-01T15:42:38.060928+07:00,1,7.51,49.793,152.7,3.254,1.0,150.0,15.0,True,False,CCS2,FIXED_PACK,test
DE000770,T0097,2026-09-01T15:43:41.845398857+07:00,2,20.21,49.647,152.25,2.807,1.0,150.0,15.0,True,False,CCS2,FIXED_PACK,test
DE000771,T0097,2026-09-01T15:44:46.350102857+07:00,3,32.94,49.501,151.8,2.359,1.0,150.0,15.0,True,False,CCS2,FIXED_PACK,test
DE000772,T0097,2026-09-01T15:45:48.515862857+07:00,4,45.21,49.36,151.37,1.927,1.0,150.0,15.0,True,False,CCS2,FIXED_PACK,test
DE000773,T0097,2026-09-01T15:46:39.924294857+07:00,5,55.36,49.244,151.01,1.57,1.0,150.0,15.0,True,False,CCS2,FIXED_PACK,test
DE000774,T0097,2026-09-01T15:47:35.332902857+07:00,6,66.3,49.118,150.63,1.186,1.0,150.0,15.0,True,False,CCS2,FIXED_PACK,test
DE000775,T0097,2026-09-01T15:48:40.066086857+07:00,7,79.08,48.972,150.18,0.736,1.0,150.0,15.0,True,False,CCS2,FIXED_PACK,test
DE000776,T0097,2026-09-01T15:49:46.831542857+07:00,8,92.26,48.82,149.72,0.272,1.0,150.0,15.0,True,False,CCS2,FIXED_PACK,test
DE000777,T0098,2026-09-01T15:49:05.564472+07:00,1,9.1,64.161,196.76,3.884,1.0,165.0,15.0,True,False,CCS2,FIXED_PACK,train
DE000778,T0098,2026-09-01T15:50:12.605255999+07:00,2,19.99,64.01,196.3,3.418,1.0,165.0,15.0,True,False,CCS2,FIXED_PACK,train
DE000779,T0098,2026-09-01T15:51:17.887080+07:00,3,30.6,63.862,195.84,2.965,1.0,165.0,15.0,True,False,CCS2,FIXED_PACK,train
DE000780,T0098,2026-09-01T15:52:37.857413538+07:00,4,43.6,63.681,195.29,2.409,1.0,165.0,15.0,True,False,CCS2,FIXED_PACK,train
DE000781,T0098,2026-09-01T15:53:53.688899076+07:00,5,55.93,63.509,194.76,1.883,1.0,165.0,15.0,True,False,CCS2,FIXED_PACK,train
DE000782,T0098,2026-09-01T15:55:18.969937999+07:00,6,68.71,63.331,194.21,1.337,1.0,165.0,15.0,True,False,CCS2,FIXED_PACK,train
DE000783,T0098,2026-09-01T15:56:29.872639999+07:00,7,80.23,63.17,193.72,0.845,1.0,165.0,15.0,True,False,CCS2,FIXED_PACK,train
DE000784,T0098,2026-09-01T15:57:41.704879999+07:00,8,91.91,63.008,193.22,0.346,1.0,165.0,15.0,True,False,CCS2,FIXED_PACK,train
DE000785,T0099,2026-09-01T15:55:04.116167999+07:00,1,4.82,82.756,59.22,6.525,1.0,45.0,15.0,True,True,BIKE_DC,SWAP_PACK_A,train
DE000786,T0099,2026-09-01T15:57:20.536705499+07:00,2,17.15,81.574,58.37,5.68,1.0,45.0,15.0,True,True,BIKE_DC,SWAP_PACK_A,train
DE000787,T0099,2026-09-01T15:59:07.516345500+07:00,3,28.05,80.53,57.62,4.932,1.0,45.0,15.0,True,True,BIKE_DC,SWAP_PACK_A,train
DE000788,T0099,2026-09-01T16:01:49.708545500+07:00,4,40.83,79.306,56.75,4.057,1.0,45.0,15.0,True,True,BIKE_DC,SWAP_PACK_A,train
DE000789,T0099,2026-09-01T16:04:07.083977499+07:00,5,52.5,78.188,55.95,3.257,1.0,45.0,15.0,True,True,BIKE_DC,SWAP_PACK_A,train
DE000790,T0099,2026-09-01T16:06:55.713737500+07:00,6,64.8,77.009,55.1,2.414,1.0,45.0,15.0,True,True,BIKE_DC,SWAP_PACK_A,train
DE000791,T0099,2026-09-01T16:09:42.326708499+07:00,7,77.7,75.773,54.22,1.529,1.0,45.0,15.0,True,True,BIKE_DC,SWAP_PACK_A,train
DE000792,T0099,2026-09-01T16:11:58.532044500+07:00,8,90.9,74.508,53.31,0.624,1.0,45.0,15.0,True,True,BIKE_DC,SWAP_PACK_A,train
DE000793,T0100,2026-09-01T16:01:37.996799999+07:00,1,7.75,67.659,207.49,5.831,1.0,150.0,15.0,True,False,CCS2,FIXED_PACK,train
DE000794,T0100,2026-09-01T16:03:48.911200+07:00,2,18.11,67.446,206.83,5.176,1.0,150.0,15.0,True,False,CCS2,FIXED_PACK,train
DE000795,T0100,2026-09-01T16:06:10.550600+07:00,3,29.31,67.215,206.13,4.468,1.0,150.0,15.0,True,False,CCS2,FIXED_PACK,train
DE000796,T0100,2026-09-01T16:09:07.075328+07:00,4,43.8,66.916,205.21,3.553,1.0,150.0,15.0,True,False,CCS2,FIXED_PACK,train
DE000797,T0100,2026-09-01T16:11:45.363130285+07:00,5,57.29,66.638,204.36,2.699,1.0,150.0,15.0,True,False,CCS2,FIXED_PACK,train
DE000798,T0100,2026-09-01T16:13:43.450210285+07:00,6,67.09,66.436,203.74,2.08,1.0,150.0,15.0,True,False,CCS2,FIXED_PACK,train
DE000799,T0100,2026-09-01T16:16:15.222562285+07:00,7,80.02,66.17,202.92,1.263,1.0,150.0,15.0,True,False,CCS2,FIXED_PACK,train
DE000800,T0100,2026-09-01T16:18:39.530513142+07:00,8,92.59,65.911,202.13,0.468,1.0,150.0,15.0,True,False,CCS2,FIXED_PACK,train
DE000801,T0101,2026-09-01T16:07:37.636992+07:00,1,9.41,17.779,54.52,6.527,1.0,165.0,15.0,True,False,CCS2,FIXED_PACK,test
DE000802,T0101,2026-09-01T16:09:53.254367999+07:00,2,22.48,17.472,53.58,5.586,1.0,165.0,15.0,True,False,CCS2,FIXED_PACK,test
DE000803,T0101,2026-09-01T16:11:55.759368750+07:00,3,35.52,17.165,52.64,4.646,1.0,165.0,15.0,True,False,CCS2,FIXED_PACK,test
DE000804,T0101,2026-09-01T16:14:00.515854500+07:00,4,47.62,16.881,51.77,3.774,1.0,165.0,15.0,True,False,CCS2,FIXED_PACK,test
DE000805,T0101,2026-09-01T16:15:47.997022500+07:00,5,57.98,16.638,51.02,3.028,1.0,165.0,15.0,True,False,CCS2,FIXED_PACK,test
DE000806,T0101,2026-09-01T16:18:00.195687+07:00,6,71.08,16.33,50.08,2.084,1.0,165.0,15.0,True,False,CCS2,FIXED_PACK,test
DE000807,T0101,2026-09-01T16:19:46.968991500+07:00,7,81.74,16.08,49.31,1.316,1.0,165.0,15.0,True,False,CCS2,FIXED_PACK,test
DE000808,T0101,2026-09-01T16:21:41.342143500+07:00,8,92.76,15.821,48.52,0.522,1.0,165.0,15.0,True,False,CCS2,FIXED_PACK,test
DE000809,T0102,2026-09-01T16:13:24.989567999+07:00,1,8.66,17.399,12.45,4.54,1.0,45.0,15.0,True,True,BIKE_DC,SWAP_PACK_A,train
DE000810,T0102,2026-09-01T16:15:29.004367999+07:00,2,21.13,16.532,11.83,3.92,1.0,45.0,15.0,True,True,BIKE_DC,SWAP_PACK_A,train
DE000811,T0102,2026-09-01T16:17:37.578368+07:00,3,34.07,15.634,11.19,3.277,1.0,45.0,15.0,True,True,BIKE_DC,SWAP_PACK_A,train
DE000812,T0102,2026-09-01T16:18:57.490979+07:00,4,46.49,14.771,10.57,2.66,1.0,45.0,15.0,True,True,BIKE_DC,SWAP_PACK_A,train
DE000813,T0102,2026-09-01T16:20:30.953656333+07:00,5,57.32,14.019,10.03,2.122,1.0,45.0,15.0,True,True,BIKE_DC,SWAP_PACK_A,train
DE000814,T0102,2026-09-01T16:22:10.029139+07:00,6,68.13,13.268,9.49,1.584,1.0,45.0,15.0,True,True,BIKE_DC,SWAP_PACK_A,train
DE000815,T0102,2026-09-01T16:23:54.330715+07:00,7,80.73,12.392,8.87,0.958,1.0,45.0,15.0,True,True,BIKE_DC,SWAP_PACK_A,train
DE000816,T0102,2026-09-01T16:25:04.048684714+07:00,8,92.4,11.582,8.29,0.378,1.0,45.0,15.0,True,True,BIKE_DC,SWAP_PACK_A,train
DE000817,T0103,2026-09-01T16:19:32.742426181+07:00,1,9.41,17.837,54.7,4.807,1.0,150.0,15.0,True,False,CCS2,FIXED_PACK,validation
DE000818,T0103,2026-09-01T16:20:44.761253714+07:00,2,21.5,17.628,54.06,4.165,1.0,150.0,15.0,True,False,CCS2,FIXED_PACK,validation
DE000819,T0103,2026-09-01T16:22:48.453685714+07:00,3,33.2,17.426,53.44,3.544,1.0,150.0,15.0,True,False,CCS2,FIXED_PACK,validation
DE000820,T0103,2026-09-01T16:24:39.977045714+07:00,4,44.75,17.226,52.83,2.932,1.0,150.0,15.0,True,False,CCS2,FIXED_PACK,validation
DE000821,T0103,2026-09-01T16:26:19.564017142+07:00,5,54.82,17.051,52.29,2.397,1.0,150.0,15.0,True,False,CCS2,FIXED_PACK,validation
DE000822,T0103,2026-09-01T16:27:39.897740342+07:00,6,66.6,16.848,51.67,1.772,1.0,150.0,15.0,True,False,CCS2,FIXED_PACK,validation
DE000823,T0103,2026-09-01T16:29:40.830469506+07:00,7,80.27,16.611,50.94,1.047,1.0,150.0,15.0,True,False,CCS2,FIXED_PACK,validation
DE000824,T0103,2026-09-01T16:31:17.110305142+07:00,8,92.5,16.4,50.29,0.398,1.0,150.0,15.0,True,False,CCS2,FIXED_PACK,validation
DE000825,T0104,2026-09-01T16:25:31.738551999+07:00,1,6.89,17.825,54.66,7.258,1.089,165.0,15.0,True,False,CCS2,FIXED_PACK,train
DE000826,T0104,2026-09-01T16:27:53.082474+07:00,2,18.02,17.542,53.79,6.391,1.0,165.0,15.0,True,False,CCS2,FIXED_PACK,train
DE000827,T0104,2026-09-01T16:30:27.575947999+07:00,3,29.51,17.25,52.9,5.495,1.0,165.0,15.0,True,False,CCS2,FIXED_PACK,train
DE000828,T0104,2026-09-01T16:32:54.516486071+07:00,4,40.8,16.963,52.02,4.615,1.0,165.0,15.0,True,False,CCS2,FIXED_PACK,train
DE000829,T0104,2026-09-01T16:35:16.429209071+07:00,5,53.47,16.641,51.03,3.628,1.0,165.0,15.0,True,False,CCS2,FIXED_PACK,train
DE000830,T0104,2026-09-01T16:36:56.665767928+07:00,6,65.9,16.325,50.06,2.658,1.0,165.0,15.0,True,False,CCS2,FIXED_PACK,train
DE000831,T0104,2026-09-01T16:39:23.035819142+07:00,7,78.99,15.992,49.04,1.638,1.0,165.0,15.0,True,False,CCS2,FIXED_PACK,train
DE000832,T0104,2026-09-01T16:41:33.894419785+07:00,8,91.47,15.675,48.07,0.665,1.0,165.0,15.0,True,False,CCS2,FIXED_PACK,train
DE000833,T0105,2026-09-01T16:31:12.957400+07:00,1,6.55,17.49,12.52,5.208,1.0,45.0,15.0,True,True,BIKE_DC,SWAP_PACK_A,test
DE000834,T0105,2026-09-01T16:32:36.200990857+07:00,2,16.49,16.716,11.96,4.654,1.0,45.0,15.0,True,True,BIKE_DC,SWAP_PACK_A,test
DE000835,T0105,2026-09-01T16:34:33.021310857+07:00,3,28.92,15.748,11.27,3.962,1.0,45.0,15.0,True,True,BIKE_DC,SWAP_PACK_A,test
DE000836,T0105,2026-09-01T16:36:30.617413714+07:00,4,41.75,14.748,10.55,3.246,1.0,45.0,15.0,True,True,BIKE_DC,SWAP_PACK_A,test
DE000837,T0105,2026-09-01T16:38:10.960830857+07:00,5,53.88,13.804,9.88,2.57,1.0,45.0,15.0,True,True,BIKE_DC,SWAP_PACK_A,test
DE000838,T0105,2026-09-01T16:39:57.848877714+07:00,6,67.21,12.765,9.13,1.827,1.0,45.0,15.0,True,True,BIKE_DC,SWAP_PACK_A,test
DE000839,T0105,2026-09-01T16:41:46.177116571+07:00,7,79.28,11.825,8.46,1.155,1.0,45.0,15.0,True,True,BIKE_DC,SWAP_PACK_A,test
DE000840,T0105,2026-09-01T16:43:43.046684571+07:00,8,91.65,10.862,7.77,0.465,1.0,45.0,15.0,True,True,BIKE_DC,SWAP_PACK_A,test
DE000841,T0106,2026-09-01T16:36:34.613064+07:00,1,7.8,58.092,178.15,3.26,1.0,150.0,15.0,True,False,CCS2,FIXED_PACK,train
DE000842,T0106,2026-09-01T16:37:28.418056500+07:00,2,19.81,57.953,177.72,2.835,1.0,150.0,15.0,True,False,CCS2,FIXED_PACK,train
DE000843,T0106,2026-09-01T16:38:12.260465938+07:00,3,31.76,57.815,177.3,2.413,1.0,150.0,15.0,True,False,CCS2,FIXED_PACK,train
DE000844,T0106,2026-09-01T16:39:07.286113285+07:00,4,43.55,57.679,176.88,1.996,1.0,150.0,15.0,True,False,CCS2,FIXED_PACK,train
DE000845,T0106,2026-09-01T16:40:01.341224142+07:00,5,55.41,57.543,176.46,1.576,1.0,150.0,15.0,True,False,CCS2,FIXED_PACK,train
DE000846,T0106,2026-09-01T16:40:55.134717857+07:00,6,67.9,57.399,176.02,1.135,1.0,150.0,15.0,True,False,CCS2,FIXED_PACK,train
DE000847,T0106,2026-09-01T16:41:50.010258428+07:00,7,80.29,57.256,175.58,0.697,1.0,150.0,15.0,True,False,CCS2,FIXED_PACK,train
DE000848,T0106,2026-09-01T16:42:47.330805857+07:00,8,92.05,57.12,175.17,0.281,1.0,150.0,15.0,True,False,CCS2,FIXED_PACK,train
DE000849,T0107,2026-09-01T16:43:20.253199999+07:00,1,6.94,79.898,245.02,5.383,1.0,165.0,15.0,True,False,CCS2,FIXED_PACK,validation
DE000850,T0107,2026-09-01T16:45:25.250733333+07:00,2,17.74,79.694,244.4,4.758,1.0,165.0,15.0,True,False,CCS2,FIXED_PACK,validation
DE000851,T0107,2026-09-01T16:47:54.829151999+07:00,3,31.52,79.434,243.6,3.961,1.0,165.0,15.0,True,False,CCS2,FIXED_PACK,validation
DE000852,T0107,2026-09-01T16:50:11.016565333+07:00,4,44.02,79.198,242.88,3.238,1.0,165.0,15.0,True,False,CCS2,FIXED_PACK,validation
DE000853,T0107,2026-09-01T16:53:00.023239999+07:00,5,59.42,78.908,241.98,2.347,1.0,165.0,15.0,True,False,CCS2,FIXED_PACK,validation
DE000854,T0107,2026-09-01T16:55:21.150239999+07:00,6,74.07,78.632,241.14,1.5,1.0,165.0,15.0,True,False,CCS2,FIXED_PACK,validation
DE000855,T0107,2026-09-01T16:57:36.360691428+07:00,7,86.55,78.396,240.42,0.778,1.0,165.0,15.0,True,False,CCS2,FIXED_PACK,validation
DE000856,T0107,2026-09-01T16:59:14.945291428+07:00,8,95.08,78.236,239.92,0.285,1.0,165.0,15.0,True,False,CCS2,FIXED_PACK,validation
DE000857,T0108,2026-09-01T16:48:39.146933333+07:00,1,7.45,11.727,8.39,2.433,1.0,45.0,15.0,True,True,BIKE_DC,SWAP_PACK_A,validation
DE000858,T0108,2026-09-01T16:49:45.300442857+07:00,2,20.03,11.264,8.06,2.102,1.0,45.0,15.0,True,True,BIKE_DC,SWAP_PACK_A,validation
DE000859,T0108,2026-09-01T16:50:51.268757142+07:00,3,32.58,10.803,7.73,1.772,1.0,45.0,15.0,True,True,BIKE_DC,SWAP_PACK_A,validation
DE000860,T0108,2026-09-01T16:51:57.422266666+07:00,4,45.16,10.341,7.4,1.441,1.0,45.0,15.0,True,True,BIKE_DC,SWAP_PACK_A,validation
DE000861,T0108,2026-09-01T16:53:00.416400+07:00,5,57.15,9.901,7.08,1.126,1.0,45.0,15.0,True,True,BIKE_DC,SWAP_PACK_A,validation
DE000862,T0108,2026-09-01T16:54:06.192200+07:00,6,69.66,9.441,6.76,0.797,1.0,45.0,15.0,True,True,BIKE_DC,SWAP_PACK_A,validation
DE000863,T0108,2026-09-01T16:55:00.605900+07:00,7,80.01,9.061,6.48,0.525,1.0,45.0,15.0,True,True,BIKE_DC,SWAP_PACK_A,validation
DE000864,T0108,2026-09-01T16:56:06.364028571+07:00,8,92.52,8.602,6.15,0.197,1.0,45.0,15.0,True,True,BIKE_DC,SWAP_PACK_A,validation
DE000865,T0109,2026-09-01T16:55:42.980119500+07:00,1,8.49,17.762,54.47,7.866,1.18,150.0,15.0,True,False,CCS2,FIXED_PACK,train
DE000866,T0109,2026-09-01T16:57:52.710010499+07:00,2,21.21,17.406,53.38,6.773,1.016,150.0,15.0,True,False,CCS2,FIXED_PACK,train
DE000867,T0109,2026-09-01T17:00:06.163168500+07:00,3,33.0,17.075,52.36,5.759,1.0,150.0,15.0,True,False,CCS2,FIXED_PACK,train
DE000868,T0109,2026-09-01T17:02:29.782477500+07:00,4,45.63,16.721,51.28,4.673,1.0,150.0,15.0,True,False,CCS2,FIXED_PACK,train
DE000869,T0109,2026-09-01T17:04:39.485596038+07:00,5,57.91,16.377,50.22,3.618,1.0,150.0,15.0,True,False,CCS2,FIXED_PACK,train
DE000870,T0109,2026-09-01T17:06:52.536293357+07:00,6,68.99,16.066,49.27,2.665,1.0,150.0,15.0,True,False,CCS2,FIXED_PACK,train
DE000871,T0109,2026-09-01T17:09:50.377429357+07:00,7,80.75,15.737,48.26,1.655,1.0,150.0,15.0,True,False,CCS2,FIXED_PACK,train
DE000872,T0109,2026-09-01T17:12:45.329628917+07:00,8,92.68,15.402,47.23,0.629,1.0,150.0,15.0,True,False,CCS2,FIXED_PACK,train
DE000873,T0110,2026-09-01T17:02:00.940899999+07:00,1,8.29,15.155,10.84,6.687,1.003,45.0,15.0,True,True,BIKE_DC,SWAP_PACK_A,validation
DE000874,T0110,2026-09-01T17:04:44.944340571+07:00,2,20.07,13.955,9.99,5.828,1.0,45.0,15.0,True,True,BIKE_DC,SWAP_PACK_A,validation
DE000875,T0110,2026-09-01T17:07:33.321214476+07:00,3,32.14,12.725,9.11,4.948,1.0,45.0,15.0,True,True,BIKE_DC,SWAP_PACK_A,validation
DE000876,T0110,2026-09-01T17:10:34.256114476+07:00,4,44.55,11.46,8.2,4.043,1.0,45.0,15.0,True,True,BIKE_DC,SWAP_PACK_A,validation
DE000877,T0110,2026-09-01T17:13:22.129052571+07:00,5,56.41,10.251,7.34,3.178,1.0,45.0,15.0,True,True,BIKE_DC,SWAP_PACK_A,validation
DE000878,T0110,2026-09-01T17:15:23.602490666+07:00,6,68.9,8.979,6.42,2.267,1.0,45.0,15.0,True,True,BIKE_DC,SWAP_PACK_A,validation
DE000879,T0110,2026-09-01T17:17:48.600569142+07:00,7,80.69,7.778,5.57,1.408,1.0,45.0,15.0,True,True,BIKE_DC,SWAP_PACK_A,validation
DE000880,T0110,2026-09-01T17:19:47.260338904+07:00,8,92.38,6.587,4.71,0.556,1.0,45.0,15.0,True,True,BIKE_DC,SWAP_PACK_A,validation
DE000881,T0111,2026-09-01T17:07:25.963212499+07:00,1,9.28,17.025,12.18,6.82,1.023,45.0,15.0,True,True,BIKE_DC,SWAP_PACK_A,train
DE000882,T0111,2026-09-01T17:09:26.453700874+07:00,2,21.92,15.697,11.23,5.869,1.0,45.0,15.0,True,True,BIKE_DC,SWAP_PACK_A,train
DE000883,T0111,2026-09-01T17:11:27.662966499+07:00,3,31.06,14.737,10.55,5.183,1.0,45.0,15.0,True,True,BIKE_DC,SWAP_PACK_A,train
DE000884,T0111,2026-09-01T17:13:47.538716499+07:00,4,41.15,13.677,9.79,4.424,1.0,45.0,15.0,True,True,BIKE_DC,SWAP_PACK_A,train
DE000885,T0111,2026-09-01T17:16:25.766679+07:00,5,52.48,12.487,8.93,3.572,1.0,45.0,15.0,True,True,BIKE_DC,SWAP_PACK_A,train
DE000886,T0111,2026-09-01T17:18:38.337745714+07:00,6,67.02,10.959,7.84,2.479,1.0,45.0,15.0,True,True,BIKE_DC,SWAP_PACK_A,train
DE000887,T0111,2026-09-01T17:20:57.519421999+07:00,7,79.83,9.614,6.88,1.516,1.0,45.0,15.0,True,True,BIKE_DC,SWAP_PACK_A,train
DE000888,T0111,2026-09-01T17:22:53.645597428+07:00,8,92.25,8.309,5.95,0.583,1.0,45.0,15.0,True,True,BIKE_DC,SWAP_PACK_A,train
DE000889,T0112,2026-09-01T17:14:39.336500+07:00,1,9.16,17.74,54.4,7.899,1.185,150.0,15.0,True,False,CCS2,FIXED_PACK,train
DE000890,T0112,2026-09-01T17:17:45.625393142+07:00,2,21.17,17.4,53.36,6.854,1.028,150.0,15.0,True,False,CCS2,FIXED_PACK,train
DE000891,T0112,2026-09-01T17:19:52.851175999+07:00,3,33.71,17.044,52.27,5.765,1.0,150.0,15.0,True,False,CCS2,FIXED_PACK,train
DE000892,T0112,2026-09-01T17:22:44.553714666+07:00,4,45.43,16.712,51.25,4.745,1.0,150.0,15.0,True,False,CCS2,FIXED_PACK,train
DE000893,T0112,2026-09-01T17:25:55.886079999+07:00,5,57.46,16.371,50.2,3.699,1.0,150.0,15.0,True,False,CCS2,FIXED_PACK,train
DE000894,T0112,2026-09-01T17:28:32.757423999+07:00,6,68.01,16.072,49.29,2.782,1.0,150.0,15.0,True,False,CCS2,FIXED_PACK,train
DE000895,T0112,2026-09-01T17:31:29.479370666+07:00,7,80.25,15.725,48.22,1.718,1.0,150.0,15.0,True,False,CCS2,FIXED_PACK,train
DE000896,T0112,2026-09-01T17:34:11.670221714+07:00,8,91.78,15.398,47.22,0.715,1.0,150.0,15.0,True,False,CCS2,FIXED_PACK,train
DE000897,T0113,2026-09-01T17:18:39.087216+07:00,1,6.08,17.912,54.93,4.191,1.0,165.0,15.0,True,False,CCS2,FIXED_PACK,train
DE000898,T0113,2026-09-01T17:20:03.937520+07:00,2,19.29,17.719,54.34,3.602,1.0,165.0,15.0,True,False,CCS2,FIXED_PACK,train
DE000899,T0113,2026-09-01T17:21:21.771012857+07:00,3,31.51,17.541,53.79,3.056,1.0,165.0,15.0,True,False,CCS2,FIXED_PACK,train
DE000900,T0113,2026-09-01T17:22:22.781184+07:00,4,44.24,17.356,53.23,2.488,1.0,165.0,15.0,True,False,CCS2,FIXED_PACK,train
DE000901,T0113,2026-09-01T17:23:37.525728+07:00,5,55.87,17.187,52.71,1.969,1.0,165.0,15.0,True,False,CCS2,FIXED_PACK,train
DE000902,T0113,2026-09-01T17:24:50.106636+07:00,6,68.14,17.008,52.16,1.422,1.0,165.0,15.0,True,False,CCS2,FIXED_PACK,train
DE000903,T0113,2026-09-01T17:25:57.399129517+07:00,7,80.79,16.824,51.59,0.857,1.0,165.0,15.0,True,False,CCS2,FIXED_PACK,train
DE000904,T0113,2026-09-01T17:27:15.524805600+07:00,8,92.95,16.647,51.05,0.315,1.0,165.0,15.0,True,False,CCS2,FIXED_PACK,train
DE000905,T0114,2026-09-01T17:25:08.048000+07:00,1,8.02,17.525,12.54,3.9,1.0,45.0,15.0,True,True,BIKE_DC,SWAP_PACK_A,train
DE000906,T0114,2026-09-01T17:26:51.465799999+07:00,2,20.22,16.802,12.02,3.383,1.0,45.0,15.0,True,True,BIKE_DC,SWAP_PACK_A,train
DE000907,T0114,2026-09-01T17:28:32.191999999+07:00,3,32.1,16.098,11.52,2.88,1.0,45.0,15.0,True,True,BIKE_DC,SWAP_PACK_A,train
DE000908,T0114,2026-09-01T17:30:15.609799999+07:00,4,44.29,15.375,11.0,2.362,1.0,45.0,15.0,True,True,BIKE_DC,SWAP_PACK_A,train
DE000909,T0114,2026-09-01T17:31:53.434199999+07:00,5,55.82,14.692,10.51,1.873,1.0,45.0,15.0,True,True,BIKE_DC,SWAP_PACK_A,train
DE000910,T0114,2026-09-01T17:33:38.815799999+07:00,6,68.25,13.955,9.99,1.346,1.0,45.0,15.0,True,True,BIKE_DC,SWAP_PACK_A,train
DE000911,T0114,2026-09-01T17:35:17.578199999+07:00,7,79.89,13.265,9.49,0.853,1.0,45.0,15.0,True,True,BIKE_DC,SWAP_PACK_A,train
DE000912,T0114,2026-09-01T17:37:02.959799999+07:00,8,92.32,12.529,8.97,0.326,1.0,45.0,15.0,True,True,BIKE_DC,SWAP_PACK_A,train
DE000913,T0115,2026-09-01T17:31:22.925800+07:00,1,9.23,17.865,54.79,4.078,1.0,150.0,15.0,True,False,CCS2,FIXED_PACK,train
DE000914,T0115,2026-09-01T17:33:05.383800+07:00,2,20.63,17.698,54.27,3.566,1.0,150.0,15.0,True,False,CCS2,FIXED_PACK,train
DE000915,T0115,2026-09-01T17:34:50.545400+07:00,3,32.34,17.526,53.75,3.04,1.0,150.0,15.0,True,False,CCS2,FIXED_PACK,train
DE000916,T0115,2026-09-01T17:36:38.570000+07:00,4,44.36,17.35,53.21,2.5,1.0,150.0,15.0,True,False,CCS2,FIXED_PACK,train
DE000917,T0115,2026-09-01T17:38:13.458937999+07:00,5,56.93,17.166,52.64,1.935,1.0,150.0,15.0,True,False,CCS2,FIXED_PACK,train
DE000918,T0115,2026-09-01T17:39:48.094075999+07:00,6,69.48,16.982,52.08,1.371,1.0,150.0,15.0,True,False,CCS2,FIXED_PACK,train
DE000919,T0115,2026-09-01T17:41:23.925475999+07:00,7,80.15,16.826,51.6,0.892,1.0,150.0,15.0,True,False,CCS2,FIXED_PACK,train
DE000920,T0115,2026-09-01T17:42:51.607971999+07:00,8,91.64,16.658,51.08,0.375,1.0,150.0,15.0,True,False,CCS2,FIXED_PACK,train
DE000921,T0116,2026-09-01T17:37:02.810064+07:00,1,9.17,17.841,54.71,4.319,1.0,165.0,15.0,True,False,CCS2,FIXED_PACK,train
DE000922,T0116,2026-09-01T17:38:25.895904+07:00,2,21.31,17.63,54.07,3.742,1.0,165.0,15.0,True,False,CCS2,FIXED_PACK,train
DE000923,T0116,2026-09-01T17:39:28.699343999+07:00,3,30.48,17.471,53.58,3.306,1.0,165.0,15.0,True,False,CCS2,FIXED_PACK,train
DE000924,T0116,2026-09-01T17:40:48.101087999+07:00,4,42.07,17.269,52.96,2.755,1.0,165.0,15.0,True,False,CCS2,FIXED_PACK,train
DE000925,T0116,2026-09-01T17:42:20.247775999+07:00,5,55.53,17.036,52.24,2.115,1.0,165.0,15.0,True,False,CCS2,FIXED_PACK,train
DE000926,T0116,2026-09-01T17:43:47.693103999+07:00,6,68.3,16.814,51.56,1.508,1.0,165.0,15.0,True,False,CCS2,FIXED_PACK,train
DE000927,T0116,2026-09-01T17:45:12.665087999+07:00,7,80.7,16.598,50.9,0.918,1.0,165.0,15.0,True,False,CCS2,FIXED_PACK,train
DE000928,T0116,2026-09-01T17:46:30.417513600+07:00,8,92.06,16.401,50.3,0.378,1.0,165.0,15.0,True,False,CCS2,FIXED_PACK,train
DE000929,T0117,2026-09-01T17:42:49.928688+07:00,1,7.28,6.515,4.66,4.414,1.0,45.0,15.0,True,True,BIKE_DC,SWAP_PACK_A,train
DE000930,T0117,2026-09-01T17:44:03.615791999+07:00,2,18.03,5.8,4.15,3.903,1.0,45.0,15.0,True,True,BIKE_DC,SWAP_PACK_A,train
DE000931,T0117,2026-09-01T17:45:16.611228+07:00,3,29.68,5.025,3.6,3.348,1.0,45.0,15.0,True,True,BIKE_DC,SWAP_PACK_A,train
DE000932,T0117,2026-09-01T17:46:46.356887999+07:00,4,42.78,4.154,2.97,2.724,1.0,45.0,15.0,True,True,BIKE_DC,SWAP_PACK_A,train
DE000933,T0117,2026-09-01T17:48:06.070427999+07:00,5,54.4,3.38,2.42,2.171,1.0,45.0,15.0,True,True,BIKE_DC,SWAP_PACK_A,train
DE000934,T0117,2026-09-01T17:49:36.422392799+07:00,6,67.58,2.503,1.79,1.543,1.0,45.0,15.0,True,True,BIKE_DC,SWAP_PACK_A,train
DE000935,T0117,2026-09-01T17:51:01.657534909+07:00,7,80.01,1.676,1.2,0.952,1.0,45.0,15.0,True,True,BIKE_DC,SWAP_PACK_A,train
DE000936,T0117,2026-09-01T17:52:18.793460999+07:00,8,92.52,0.844,0.6,0.356,1.0,45.0,15.0,True,True,BIKE_DC,SWAP_PACK_A,train
DE000937,T0118,2026-09-01T17:49:04.275799999+07:00,1,6.38,94.561,289.99,4.719,1.0,150.0,15.0,True,False,CCS2,FIXED_PACK,train
DE000938,T0118,2026-09-01T17:51:11.672560+07:00,2,19.02,94.353,289.35,4.082,1.0,150.0,15.0,True,False,CCS2,FIXED_PACK,train
DE000939,T0118,2026-09-01T17:53:05.699100+07:00,3,30.33,94.167,288.78,3.512,1.0,150.0,15.0,True,False,CCS2,FIXED_PACK,train
DE000940,T0118,2026-09-01T17:54:46.620199999+07:00,4,40.34,94.002,288.27,3.007,1.0,150.0,15.0,True,False,CCS2,FIXED_PACK,train
DE000941,T0118,2026-09-01T17:56:56.968399999+07:00,5,53.27,93.79,287.62,2.355,1.0,150.0,15.0,True,False,CCS2,FIXED_PACK,train
DE000942,T0118,2026-09-01T17:58:57.980199999+07:00,6,65.27,93.593,287.02,1.75,1.0,150.0,15.0,True,False,CCS2,FIXED_PACK,train
DE000943,T0118,2026-09-01T18:01:08.009599999+07:00,7,78.17,93.381,286.37,1.1,1.0,150.0,15.0,True,False,CCS2,FIXED_PACK,train
DE000944,T0118,2026-09-01T18:03:22.654999999+07:00,8,91.53,93.161,285.69,0.427,1.0,150.0,15.0,True,False,CCS2,FIXED_PACK,train
DE000945,T0119,2026-09-01T17:54:39.307968+07:00,1,7.42,66.202,203.02,3.406,1.0,165.0,15.0,True,False,CCS2,FIXED_PACK,test
DE000946,T0119,2026-09-01T17:55:24.947056285+07:00,2,18.6,66.068,202.61,2.995,1.0,165.0,15.0,True,False,CCS2,FIXED_PACK,test
DE000947,T0119,2026-09-01T17:56:02.885172+07:00,3,30.06,65.93,202.19,2.573,1.0,165.0,15.0,True,False,CCS2,FIXED_PACK,test
DE000948,T0119,2026-09-01T17:56:41.325387+07:00,4,41.67,65.791,201.76,2.146,1.0,165.0,15.0,True,False,CCS2,FIXED_PACK,test
DE000949,T0119,2026-09-01T17:57:17.549300571+07:00,5,52.61,65.66,201.36,1.744,1.0,165.0,15.0,True,False,CCS2,FIXED_PACK,test
DE000950,T0119,2026-09-01T17:58:09.781698+07:00,6,65.09,65.51,200.9,1.284,1.0,165.0,15.0,True,False,CCS2,FIXED_PACK,test
DE000951,T0119,2026-09-01T17:59:11.917032+07:00,7,77.74,65.358,200.43,0.819,1.0,165.0,15.0,True,False,CCS2,FIXED_PACK,test
DE000952,T0119,2026-09-01T18:00:22.537900285+07:00,8,91.72,65.19,199.92,0.304,1.0,165.0,15.0,True,False,CCS2,FIXED_PACK,test
DE000953,T0120,2026-09-01T18:00:49.518311999+07:00,1,8.73,63.207,45.23,3.582,1.0,45.0,15.0,True,True,BIKE_DC,SWAP_PACK_A,train
DE000954,T0120,2026-09-01T18:01:50.339767999+07:00,2,21.61,62.501,44.72,3.077,1.0,45.0,15.0,True,True,BIKE_DC,SWAP_PACK_A,train
DE000955,T0120,2026-09-01T18:03:00.053887+07:00,3,33.86,61.829,44.24,2.596,1.0,45.0,15.0,True,True,BIKE_DC,SWAP_PACK_A,train
DE000956,T0120,2026-09-01T18:04:02.362321285+07:00,4,46.74,61.122,43.74,2.09,1.0,45.0,15.0,True,True,BIKE_DC,SWAP_PACK_A,train
DE000957,T0120,2026-09-01T18:04:54.768908785+07:00,5,59.36,60.43,43.24,1.595,1.0,45.0,15.0,True,True,BIKE_DC,SWAP_PACK_A,train
DE000958,T0120,2026-09-01T18:05:41.874399321+07:00,6,71.71,59.753,42.76,1.11,1.0,45.0,15.0,True,True,BIKE_DC,SWAP_PACK_A,train
DE000959,T0120,2026-09-01T18:06:50.184892+07:00,7,82.6,59.156,42.33,0.683,1.0,45.0,15.0,True,True,BIKE_DC,SWAP_PACK_A,train
DE000960,T0120,2026-09-01T18:07:47.370083428+07:00,8,92.98,58.586,41.92,0.276,1.0,45.0,15.0,True,True,BIKE_DC,SWAP_PACK_A,train
DE000961,T0121,2026-09-01T18:06:43.390738285+07:00,1,8.01,91.156,279.55,3.461,1.0,150.0,15.0,True,False,CCS2,FIXED_PACK,test
DE000962,T0121,2026-09-01T18:07:52.052483999+07:00,2,20.68,91.001,279.07,2.985,1.0,150.0,15.0,True,False,CCS2,FIXED_PACK,test
DE000963,T0121,2026-09-01T18:08:54.487824+07:00,3,32.2,90.859,278.64,2.551,1.0,150.0,15.0,True,False,CCS2,FIXED_PACK,test
DE000964,T0121,2026-09-01T18:10:02.675999999+07:00,4,44.79,90.705,278.16,2.077,1.0,150.0,15.0,True,False,CCS2,FIXED_PACK,test
DE000965,T0121,2026-09-01T18:11:11.174728+07:00,5,56.62,90.56,277.72,1.632,1.0,150.0,15.0,True,False,CCS2,FIXED_PACK,test
DE000966,T0121,2026-09-01T18:12:23.086981333+07:00,6,68.53,90.414,277.27,1.184,1.0,150.0,15.0,True,False,CCS2,FIXED_PACK,test
DE000967,T0121,2026-09-01T18:13:30.733104+07:00,7,80.47,90.267,276.82,0.735,1.0,150.0,15.0,True,False,CCS2,FIXED_PACK,test
DE000968,T0121,2026-09-01T18:14:35.571136+07:00,8,92.44,90.12,276.37,0.285,1.0,150.0,15.0,True,False,CCS2,FIXED_PACK,test
DE000969,T0122,2026-09-01T18:12:50.719657499+07:00,1,7.28,17.851,54.74,5.811,1.0,165.0,15.0,True,False,CCS2,FIXED_PACK,train
DE000970,T0122,2026-09-01T18:15:10.473227500+07:00,2,18.58,17.62,54.04,5.103,1.0,165.0,15.0,True,False,CCS2,FIXED_PACK,train
DE000971,T0122,2026-09-01T18:17:38.879427500+07:00,3,30.42,17.378,53.29,4.361,1.0,165.0,15.0,True,False,CCS2,FIXED_PACK,train
DE000972,T0122,2026-09-01T18:20:04.666827500+07:00,4,42.05,17.141,52.56,3.632,1.0,165.0,15.0,True,False,CCS2,FIXED_PACK,train
DE000973,T0122,2026-09-01T18:22:00.110107500+07:00,5,53.9,16.898,51.82,2.889,1.0,165.0,15.0,True,False,CCS2,FIXED_PACK,train
DE000974,T0122,2026-09-01T18:23:45.019585+07:00,6,66.25,16.646,51.05,2.115,1.0,165.0,15.0,True,False,CCS2,FIXED_PACK,train
DE000975,T0122,2026-09-01T18:26:21.112847500+07:00,7,79.33,16.379,50.23,1.295,1.0,165.0,15.0,True,False,CCS2,FIXED_PACK,train
DE000976,T0122,2026-09-01T18:28:54.456455500+07:00,8,91.67,16.127,49.45,0.522,1.0,165.0,15.0,True,False,CCS2,FIXED_PACK,train
DE000977,T0123,2026-09-01T18:18:38.875488+07:00,1,8.51,17.675,12.65,2.501,1.0,45.0,15.0,True,True,BIKE_DC,SWAP_PACK_A,test
DE000978,T0123,2026-09-01T18:19:42.438948+07:00,2,20.14,17.231,12.33,2.183,1.0,45.0,15.0,True,True,BIKE_DC,SWAP_PACK_A,test
DE000979,T0123,2026-09-01T18:20:46.072608+07:00,3,31.78,16.786,12.01,1.865,1.0,45.0,15.0,True,True,BIKE_DC,SWAP_PACK_A,test
DE000980,T0123,2026-09-01T18:21:42.170212+07:00,4,43.31,16.346,11.7,1.55,1.0,45.0,15.0,True,True,BIKE_DC,SWAP_PACK_A,test
DE000981,T0123,2026-09-01T18:22:37.880776+07:00,5,54.77,15.908,11.38,1.236,1.0,45.0,15.0,True,True,BIKE_DC,SWAP_PACK_A,test
DE000982,T0123,2026-09-01T18:23:41.514436+07:00,6,66.41,15.463,11.06,0.918,1.0,45.0,15.0,True,True,BIKE_DC,SWAP_PACK_A,test
DE000983,T0123,2026-09-01T18:24:45.279431999+07:00,7,78.46,15.003,10.74,0.589,1.0,45.0,15.0,True,True,BIKE_DC,SWAP_PACK_A,test
DE000984,T0123,2026-09-01T18:25:49.561847999+07:00,8,90.66,14.537,10.4,0.255,1.0,45.0,15.0,True,True,BIKE_DC,SWAP_PACK_A,test
DE000985,T0124,2026-09-01T18:24:30.160500+07:00,1,8.1,17.913,54.93,3.042,1.0,150.0,15.0,True,False,CCS2,FIXED_PACK,validation
DE000986,T0124,2026-09-01T18:25:13.731668478+07:00,2,19.8,17.786,54.54,2.654,1.0,150.0,15.0,True,False,CCS2,FIXED_PACK,validation
DE000987,T0124,2026-09-01T18:25:51.731810624+07:00,3,31.84,17.656,54.15,2.256,1.0,150.0,15.0,True,False,CCS2,FIXED_PACK,validation
DE000988,T0124,2026-09-01T18:26:31.053974999+07:00,4,44.5,17.52,53.73,1.837,1.0,150.0,15.0,True,False,CCS2,FIXED_PACK,validation
DE000989,T0124,2026-09-01T18:27:18.465553124+07:00,5,57.23,17.382,53.31,1.415,1.0,150.0,15.0,True,False,CCS2,FIXED_PACK,validation
DE000990,T0124,2026-09-01T18:28:02.788021875+07:00,6,69.14,17.254,52.91,1.021,1.0,150.0,15.0,True,False,CCS2,FIXED_PACK,validation
DE000991,T0124,2026-09-01T18:28:48.377210958+07:00,7,81.38,17.122,52.51,0.616,1.0,150.0,15.0,True,False,CCS2,FIXED_PACK,validation
DE000992,T0124,2026-09-01T18:29:30.512708219+07:00,8,92.7,17.0,52.13,0.242,1.0,150.0,15.0,True,False,CCS2,FIXED_PACK,validation
DE000993,T0125,2026-09-01T18:31:36.803279999+07:00,1,8.91,17.781,54.53,6.872,1.031,165.0,15.0,True,False,CCS2,FIXED_PACK,train
DE000994,T0125,2026-09-01T18:33:39.499200+07:00,2,20.2,17.503,53.68,6.02,1.0,165.0,15.0,True,False,CCS2,FIXED_PACK,train
DE000995,T0125,2026-09-01T18:35:50.796528+07:00,3,32.29,17.206,52.76,5.108,1.0,165.0,15.0,True,False,CCS2,FIXED_PACK,train
DE000996,T0125,2026-09-01T18:37:50.545955999+07:00,4,43.31,16.934,51.93,4.277,1.0,165.0,15.0,True,False,CCS2,FIXED_PACK,train
DE000997,T0125,2026-09-01T18:39:57.623184+07:00,5,55.01,16.647,51.05,3.394,1.0,165.0,15.0,True,False,CCS2,FIXED_PACK,train
DE000998,T0125,2026-09-01T18:42:15.688512+07:00,6,67.72,16.334,50.09,2.435,1.0,165.0,15.0,True,False,CCS2,FIXED_PACK,train
DE000999,T0125,2026-09-01T18:44:18.204912+07:00,7,79.0,16.057,49.24,1.584,1.0,165.0,15.0,True,False,CCS2,FIXED_PACK,train
DE001000,T0125,2026-09-01T18:46:31.189728+07:00,8,91.24,15.755,48.32,0.661,1.0,165.0,15.0,True,False,CCS2,FIXED_PACK,train
DE001001,T0126,2026-09-01T18:37:49.264849333+07:00,1,8.28,17.22,12.32,6.184,1.0,45.0,15.0,True,True,BIKE_DC,SWAP_PACK_A,train
DE001002,T0126,2026-09-01T18:40:21.491384+07:00,2,20.72,16.048,11.48,5.345,1.0,45.0,15.0,True,True,BIKE_DC,SWAP_PACK_A,train
DE001003,T0126,2026-09-01T18:42:56.792159342+07:00,3,32.24,14.963,10.71,4.568,1.0,45.0,15.0,True,True,BIKE_DC,SWAP_PACK_A,train
DE001004,T0126,2026-09-01T18:45:39.080658999+07:00,4,44.27,13.829,9.9,3.757,1.0,45.0,15.0,True,True,BIKE_DC,SWAP_PACK_A,train
DE001005,T0126,2026-09-01T18:48:29.626983999+07:00,5,56.92,12.637,9.04,2.904,1.0,45.0,15.0,True,True,BIKE_DC,SWAP_PACK_A,train
DE001006,T0126,2026-09-01T18:50:52.566083999+07:00,6,67.52,11.638,8.33,2.189,1.0,45.0,15.0,True,True,BIKE_DC,SWAP_PACK_A,train
DE001007,T0126,2026-09-01T18:53:27.133033999+07:00,7,78.99,10.558,7.56,1.417,1.0,45.0,15.0,True,True,BIKE_DC,SWAP_PACK_A,train
DE001008,T0126,2026-09-01T18:56:21.586384+07:00,8,91.92,9.339,6.68,0.544,1.0,45.0,15.0,True,True,BIKE_DC,SWAP_PACK_A,train
DE001009,T0127,2026-09-01T18:42:57.525228+07:00,1,7.93,65.506,200.88,4.641,1.0,150.0,15.0,True,False,CCS2,FIXED_PACK,test
DE001010,T0127,2026-09-01T18:44:17.335486499+07:00,2,20.51,65.299,200.25,4.007,1.0,150.0,15.0,True,False,CCS2,FIXED_PACK,test
DE001011,T0127,2026-09-01T18:45:27.624095999+07:00,3,32.59,65.1,199.64,3.398,1.0,150.0,15.0,True,False,CCS2,FIXED_PACK,test
DE001012,T0127,2026-09-01T18:46:52.090036500+07:00,4,44.55,64.904,199.04,2.795,1.0,150.0,15.0,True,False,CCS2,FIXED_PACK,test
DE001013,T0127,2026-09-01T18:48:24.099988500+07:00,5,57.22,64.695,198.4,2.156,1.0,150.0,15.0,True,False,CCS2,FIXED_PACK,test
DE001014,T0127,2026-09-01T18:49:47.669668500+07:00,6,68.74,64.506,197.82,1.576,1.0,150.0,15.0,True,False,CCS2,FIXED_PACK,test
DE001015,T0127,2026-09-01T18:51:09.219892500+07:00,7,79.97,64.322,197.25,1.01,1.0,150.0,15.0,True,False,CCS2,FIXED_PACK,test
DE001016,T0127,2026-09-01T18:52:40.408252500+07:00,8,92.53,64.115,196.62,0.377,1.0,150.0,15.0,True,False,CCS2,FIXED_PACK,test
DE001017,T0128,2026-09-01T18:48:34.966761600+07:00,1,8.06,58.001,177.87,2.77,1.0,165.0,15.0,True,False,CCS2,FIXED_PACK,train
DE001018,T0128,2026-09-01T18:49:25.239791999+07:00,2,19.65,57.887,177.52,2.421,1.0,165.0,15.0,True,False,CCS2,FIXED_PACK,train
DE001019,T0128,2026-09-01T18:50:16.981709999+07:00,3,31.58,57.769,177.16,2.061,1.0,165.0,15.0,True,False,CCS2,FIXED_PACK,train
DE001020,T0128,2026-09-01T18:51:08.630639999+07:00,4,43.48,57.653,176.8,1.703,1.0,165.0,15.0,True,False,CCS2,FIXED_PACK,train
DE001021,T0128,2026-09-01T18:52:00.529574399+07:00,5,55.45,57.535,176.44,1.342,1.0,165.0,15.0,True,False,CCS2,FIXED_PACK,train
DE001022,T0128,2026-09-01T18:52:52.758527999+07:00,6,67.49,57.417,176.08,0.98,1.0,165.0,15.0,True,False,CCS2,FIXED_PACK,train
DE001023,T0128,2026-09-01T18:53:44.676959999+07:00,7,79.46,57.299,175.72,0.619,1.0,165.0,15.0,True,False,CCS2,FIXED_PACK,train
DE001024,T0128,2026-09-01T18:54:33.610391999+07:00,8,91.07,57.185,175.37,0.269,1.0,165.0,15.0,True,False,CCS2,FIXED_PACK,train
DE001025,T0129,2026-09-01T18:55:43.017438499+07:00,1,7.98,11.082,7.93,7.574,1.136,45.0,15.0,True,True,BIKE_DC,SWAP_PACK_A,train
DE001026,T0129,2026-09-01T18:57:40.347508999+07:00,2,20.2,9.677,6.92,6.569,1.0,45.0,15.0,True,True,BIKE_DC,SWAP_PACK_A,train
DE001027,T0129,2026-09-01T19:00:25.892588999+07:00,3,31.43,8.385,6.0,5.644,1.0,45.0,15.0,True,True,BIKE_DC,SWAP_PACK_A,train
DE001028,T0129,2026-09-01T19:03:21.280445+07:00,4,43.4,7.007,5.01,4.659,1.0,45.0,15.0,True,True,BIKE_DC,SWAP_PACK_A,train
DE001029,T0129,2026-09-01T19:06:20.680621+07:00,5,55.48,5.618,4.02,3.665,1.0,45.0,15.0,True,True,BIKE_DC,SWAP_PACK_A,train
DE001030,T0129,2026-09-01T19:09:21.572701+07:00,6,66.76,4.321,3.09,2.736,1.0,45.0,15.0,True,True,BIKE_DC,SWAP_PACK_A,train
DE001031,T0129,2026-09-01T19:12:22.659613+07:00,7,78.82,2.934,2.1,1.744,1.0,45.0,15.0,True,True,BIKE_DC,SWAP_PACK_A,train
DE001032,T0129,2026-09-01T19:15:43.188357+07:00,8,92.41,1.37,0.98,0.625,1.0,45.0,15.0,True,True,BIKE_DC,SWAP_PACK_A,train
DE001033,T0130,2026-09-01T19:00:22.705680+07:00,1,8.48,17.923,54.96,2.537,1.0,150.0,15.0,True,False,CCS2,FIXED_PACK,validation
DE001034,T0130,2026-09-01T19:01:05.052647999+07:00,2,19.89,17.82,54.65,2.22,1.0,150.0,15.0,True,False,CCS2,FIXED_PACK,validation
DE001035,T0130,2026-09-01T19:01:53.856539294+07:00,3,32.12,17.71,54.31,1.882,1.0,150.0,15.0,True,False,CCS2,FIXED_PACK,validation
DE001036,T0130,2026-09-01T19:02:37.992669473+07:00,4,43.83,17.604,53.99,1.557,1.0,150.0,15.0,True,False,CCS2,FIXED_PACK,validation
DE001037,T0130,2026-09-01T19:03:03.398931999+07:00,5,56.12,17.493,53.64,1.216,1.0,150.0,15.0,True,False,CCS2,FIXED_PACK,validation
DE001038,T0130,2026-09-01T19:03:44.738018181+07:00,6,68.05,17.385,53.31,0.886,1.0,150.0,15.0,True,False,CCS2,FIXED_PACK,validation
DE001039,T0130,2026-09-01T19:04:38.069695999+07:00,7,80.62,17.271,52.97,0.537,1.0,150.0,15.0,True,False,CCS2,FIXED_PACK,validation
DE001040,T0130,2026-09-01T19:05:40.345031999+07:00,8,92.36,17.165,52.64,0.212,1.0,150.0,15.0,True,False,CCS2,FIXED_PACK,validation
DE001041,T0131,2026-09-01T19:07:18.050304+07:00,1,8.07,15.243,10.91,6.172,1.0,45.0,15.0,True,True,BIKE_DC,SWAP_PACK_A,test
DE001042,T0131,2026-09-01T19:09:13.552560+07:00,2,20.02,14.122,10.1,5.37,1.0,45.0,15.0,True,True,BIKE_DC,SWAP_PACK_A,test
DE001043,T0131,2026-09-01T19:11:13.946006400+07:00,3,32.47,12.953,9.27,4.534,1.0,45.0,15.0,True,True,BIKE_DC,SWAP_PACK_A,test
DE001044,T0131,2026-09-01T19:13:03.634535999+07:00,4,43.82,11.889,8.51,3.772,1.0,45.0,15.0,True,True,BIKE_DC,SWAP_PACK_A,test
DE001045,T0131,2026-09-01T19:14:50.651088+07:00,5,54.89,10.85,7.76,3.029,1.0,45.0,15.0,True,True,BIKE_DC,SWAP_PACK_A,test
DE001046,T0131,2026-09-01T19:16:52.194000+07:00,6,67.46,9.671,6.92,2.185,1.0,45.0,15.0,True,True,BIKE_DC,SWAP_PACK_A,test
DE001047,T0131,2026-09-01T19:18:53.599752+07:00,7,80.01,8.492,6.08,1.342,1.0,45.0,15.0,True,True,BIKE_DC,SWAP_PACK_A,test
DE001048,T0131,2026-09-01T19:20:47.935896+07:00,8,91.84,7.383,5.28,0.548,1.0,45.0,15.0,True,True,BIKE_DC,SWAP_PACK_A,test
DE001049,T0132,2026-09-01T19:13:07.020862500+07:00,1,8.57,17.168,12.28,6.359,1.0,45.0,15.0,True,True,BIKE_DC,SWAP_PACK_A,train
DE001050,T0132,2026-09-01T19:15:04.092391588+07:00,2,20.44,16.013,11.46,5.533,1.0,45.0,15.0,True,True,BIKE_DC,SWAP_PACK_A,train
DE001051,T0132,2026-09-01T19:16:59.644017+07:00,3,31.98,14.892,10.66,4.731,1.0,45.0,15.0,True,True,BIKE_DC,SWAP_PACK_A,train
DE001052,T0132,2026-09-01T19:19:14.196241+07:00,4,45.41,13.586,9.72,3.796,1.0,45.0,15.0,True,True,BIKE_DC,SWAP_PACK_A,train
DE001053,T0132,2026-09-01T19:21:09.773140764+07:00,5,56.96,12.464,8.92,2.994,1.0,45.0,15.0,True,True,BIKE_DC,SWAP_PACK_A,train
DE001054,T0132,2026-09-01T19:22:54.105617999+07:00,6,69.02,11.292,8.08,2.154,1.0,45.0,15.0,True,True,BIKE_DC,SWAP_PACK_A,train
DE001055,T0132,2026-09-01T19:24:42.716960227+07:00,7,80.56,10.17,7.28,1.352,1.0,45.0,15.0,True,True,BIKE_DC,SWAP_PACK_A,train
DE001056,T0132,2026-09-01T19:27:26.386960227+07:00,8,92.33,9.026,6.46,0.533,1.0,45.0,15.0,True,True,BIKE_DC,SWAP_PACK_A,train
DE001057,T0133,2026-09-01T19:18:50.146559999+07:00,1,7.87,17.886,54.85,4.079,1.0,150.0,15.0,True,False,CCS2,FIXED_PACK,train
DE001058,T0133,2026-09-01T19:20:03.925679999+07:00,2,19.44,17.719,54.34,3.566,1.0,150.0,15.0,True,False,CCS2,FIXED_PACK,train
DE001059,T0133,2026-09-01T19:21:27.658223999+07:00,3,32.58,17.53,53.76,2.985,1.0,150.0,15.0,True,False,CCS2,FIXED_PACK,train
DE001060,T0133,2026-09-01T19:22:47.070315428+07:00,4,45.32,17.346,53.19,2.421,1.0,150.0,15.0,True,False,CCS2,FIXED_PACK,train
DE001061,T0133,2026-09-01T19:23:53.461119428+07:00,5,55.74,17.195,52.73,1.96,1.0,150.0,15.0,True,False,CCS2,FIXED_PACK,train
DE001062,T0133,2026-09-01T19:25:16.726203428+07:00,6,68.8,17.007,52.15,1.381,1.0,150.0,15.0,True,False,CCS2,FIXED_PACK,train
DE001063,T0133,2026-09-01T19:26:30.447003428+07:00,7,80.36,16.84,51.64,0.869,1.0,150.0,15.0,True,False,CCS2,FIXED_PACK,train
DE001064,T0133,2026-09-01T19:27:39.438349714+07:00,8,92.2,16.669,51.12,0.345,1.0,150.0,15.0,True,False,CCS2,FIXED_PACK,train
DE001065,T0134,2026-09-01T19:25:25.895400+07:00,1,7.82,17.86,54.77,5.06,1.0,165.0,15.0,True,False,CCS2,FIXED_PACK,train
DE001066,T0134,2026-09-01T19:27:26.779466666+07:00,2,18.84,17.663,54.17,4.455,1.0,165.0,15.0,True,False,CCS2,FIXED_PACK,train
DE001067,T0134,2026-09-01T19:29:39.927319999+07:00,3,31.82,17.431,53.45,3.743,1.0,165.0,15.0,True,False,CCS2,FIXED_PACK,train
DE001068,T0134,2026-09-01T19:31:58.086459999+07:00,4,44.61,17.202,52.75,3.04,1.0,165.0,15.0,True,False,CCS2,FIXED_PACK,train
DE001069,T0134,2026-09-01T19:33:46.023671999+07:00,5,57.49,16.971,52.04,2.334,1.0,165.0,15.0,True,False,CCS2,FIXED_PACK,train
DE001070,T0134,2026-09-01T19:35:16.089159999+07:00,6,68.05,16.782,51.46,1.754,1.0,165.0,15.0,True,False,CCS2,FIXED_PACK,train
DE001071,T0134,2026-09-01T19:37:01.618839999+07:00,7,81.4,16.543,50.73,1.021,1.0,165.0,15.0,True,False,CCS2,FIXED_PACK,train
DE001072,T0134,2026-09-01T19:38:57.209455999+07:00,8,92.51,16.344,50.12,0.411,1.0,165.0,15.0,True,False,CCS2,FIXED_PACK,train
DE001073,T0135,2026-09-01T19:32:08.198468571+07:00,1,7.99,17.021,12.18,8.071,1.211,45.0,15.0,True,True,BIKE_DC,SWAP_PACK_A,train
DE001074,T0135,2026-09-01T19:35:14.717425142+07:00,2,19.77,15.577,11.15,7.037,1.056,45.0,15.0,True,True,BIKE_DC,SWAP_PACK_A,train
DE001075,T0135,2026-09-01T19:38:11.887097142+07:00,3,31.75,14.108,10.09,5.986,1.0,45.0,15.0,True,True,BIKE_DC,SWAP_PACK_A,train
DE001076,T0135,2026-09-01T19:40:56.436929142+07:00,4,43.13,12.713,9.1,4.988,1.0,45.0,15.0,True,True,BIKE_DC,SWAP_PACK_A,train
DE001077,T0135,2026-09-01T19:44:05.070460571+07:00,5,55.0,11.258,8.06,3.947,1.0,45.0,15.0,True,True,BIKE_DC,SWAP_PACK_A,train
DE001078,T0135,2026-09-01T19:47:13.395997714+07:00,6,67.09,9.776,7.0,2.886,1.0,45.0,15.0,True,True,BIKE_DC,SWAP_PACK_A,train
DE001079,T0135,2026-09-01T19:49:54.168033142+07:00,7,78.14,8.421,6.03,1.917,1.0,45.0,15.0,True,True,BIKE_DC,SWAP_PACK_A,train
DE001080,T0135,2026-09-01T19:52:32.744001142+07:00,8,91.07,6.836,4.89,0.783,1.0,45.0,15.0,True,True,BIKE_DC,SWAP_PACK_A,train
DE001081,T0136,2026-09-01T19:36:53.358623999+07:00,1,7.52,17.879,54.83,4.558,1.0,150.0,15.0,True,False,CCS2,FIXED_PACK,train
DE001082,T0136,2026-09-01T19:38:22.348896+07:00,2,20.06,17.678,54.21,3.94,1.0,150.0,15.0,True,False,CCS2,FIXED_PACK,train
DE001083,T0136,2026-09-01T19:39:59.175575999+07:00,3,34.93,17.439,53.48,3.207,1.0,150.0,15.0,True,False,CCS2,FIXED_PACK,train
DE001084,T0136,2026-09-01T19:41:06.889271999+07:00,4,44.47,17.285,53.01,2.737,1.0,150.0,15.0,True,False,CCS2,FIXED_PACK,train
DE001085,T0136,2026-09-01T19:42:20.339375999+07:00,5,54.82,17.119,52.5,2.227,1.0,150.0,15.0,True,False,CCS2,FIXED_PACK,train
DE001086,T0136,2026-09-01T19:43:59.625879999+07:00,6,68.81,16.894,51.81,1.537,1.0,150.0,15.0,True,False,CCS2,FIXED_PACK,train
DE001087,T0136,2026-09-01T19:45:22.734647999+07:00,7,80.52,16.706,51.23,0.96,1.0,150.0,15.0,True,False,CCS2,FIXED_PACK,train
DE001088,T0136,2026-09-01T19:46:35.213519999+07:00,8,90.73,16.542,50.73,0.457,1.0,150.0,15.0,True,False,CCS2,FIXED_PACK,train
DE001089,T0137,2026-09-01T19:43:04.240404749+07:00,1,9.8,17.827,54.67,4.353,1.0,165.0,15.0,True,False,CCS2,FIXED_PACK,validation
DE001090,T0137,2026-09-01T19:44:19.931963999+07:00,2,22.55,17.603,53.98,3.738,1.0,165.0,15.0,True,False,CCS2,FIXED_PACK,validation
DE001091,T0137,2026-09-01T19:45:41.617697999+07:00,3,34.41,17.393,53.34,3.165,1.0,165.0,15.0,True,False,CCS2,FIXED_PACK,validation
DE001092,T0137,2026-09-01T19:47:01.797980999+07:00,4,46.45,17.181,52.69,2.584,1.0,165.0,15.0,True,False,CCS2,FIXED_PACK,validation
DE001093,T0137,2026-09-01T19:48:22.809671999+07:00,5,59.38,16.953,51.99,1.96,1.0,165.0,15.0,True,False,CCS2,FIXED_PACK,validation
DE001094,T0137,2026-09-01T19:49:47.017967999+07:00,6,71.5,16.74,51.34,1.375,1.0,165.0,15.0,True,False,CCS2,FIXED_PACK,validation
DE001095,T0137,2026-09-01T19:51:32.894471999+07:00,7,82.54,16.545,50.74,0.843,1.0,165.0,15.0,True,False,CCS2,FIXED_PACK,validation
DE001096,T0137,2026-09-01T19:53:17.783882285+07:00,8,94.12,16.341,50.11,0.284,1.0,165.0,15.0,True,False,CCS2,FIXED_PACK,validation
DE001097,T0138,2026-09-01T19:49:04.402656+07:00,1,8.37,6.375,4.56,4.893,1.0,45.0,15.0,True,True,BIKE_DC,SWAP_PACK_A,validation
DE001098,T0138,2026-09-01T19:50:34.695744+07:00,2,20.12,5.499,3.93,4.266,1.0,45.0,15.0,True,True,BIKE_DC,SWAP_PACK_A,validation
DE001099,T0138,2026-09-01T19:51:39.357787999+07:00,3,31.88,4.621,3.31,3.638,1.0,45.0,15.0,True,True,BIKE_DC,SWAP_PACK_A,validation
DE001100,T0138,2026-09-01T19:53:10.876669999+07:00,4,44.31,3.693,2.64,2.974,1.0,45.0,15.0,True,True,BIKE_DC,SWAP_PACK_A,validation
DE001101,T0138,2026-09-01T19:55:07.912289999+07:00,5,57.57,2.704,1.93,2.266,1.0,45.0,15.0,True,True,BIKE_DC,SWAP_PACK_A,validation
DE001102,T0138,2026-09-01T19:56:40.729799999+07:00,6,69.24,1.833,1.31,1.642,1.0,45.0,15.0,True,True,BIKE_DC,SWAP_PACK_A,validation
DE001103,T0138,2026-09-01T19:58:16.600083999+07:00,7,79.52,1.066,0.76,1.094,1.0,45.0,15.0,True,True,BIKE_DC,SWAP_PACK_A,validation
DE001104,T0138,2026-09-01T19:59:45.636368499+07:00,8,91.82,0.148,0.11,0.437,1.0,45.0,15.0,True,True,BIKE_DC,SWAP_PACK_A,validation
DE001105,T0139,2026-09-01T19:55:35.370815999+07:00,1,8.16,64.914,199.07,6.313,1.0,150.0,15.0,True,False,CCS2,FIXED_PACK,train
DE001106,T0139,2026-09-01T19:57:37.326886857+07:00,2,19.88,64.651,198.26,5.508,1.0,150.0,15.0,True,False,CCS2,FIXED_PACK,train
DE001107,T0139,2026-09-01T19:59:37.737856+07:00,3,31.45,64.392,197.47,4.712,1.0,150.0,15.0,True,False,CCS2,FIXED_PACK,train
DE001108,T0139,2026-09-01T20:01:30.944609500+07:00,4,45.08,64.086,196.53,3.775,1.0,150.0,15.0,True,False,CCS2,FIXED_PACK,train
DE001109,T0139,2026-09-01T20:03:18.284151+07:00,5,57.33,63.812,195.69,2.933,1.0,150.0,15.0,True,False,CCS2,FIXED_PACK,train
DE001110,T0139,2026-09-01T20:05:08.119756565+07:00,6,68.42,63.563,194.93,2.171,1.0,150.0,15.0,True,False,CCS2,FIXED_PACK,train
DE001111,T0139,2026-09-01T20:07:13.278039+07:00,7,80.03,63.303,194.13,1.373,1.0,150.0,15.0,True,False,CCS2,FIXED_PACK,train
DE001112,T0139,2026-09-01T20:09:28.671240454+07:00,8,92.57,63.022,193.27,0.511,1.0,150.0,15.0,True,False,CCS2,FIXED_PACK,train
DE001113,T0140,2026-09-01T20:02:16.521698285+07:00,1,8.39,75.569,231.75,8.104,1.216,165.0,15.0,True,False,CCS2,FIXED_PACK,train
DE001114,T0140,2026-09-01T20:04:48.874811785+07:00,2,20.2,75.229,230.7,7.06,1.059,165.0,15.0,True,False,CCS2,FIXED_PACK,train
DE001115,T0140,2026-09-01T20:07:20.012429285+07:00,3,32.26,74.881,229.63,5.993,1.0,165.0,15.0,True,False,CCS2,FIXED_PACK,train
DE001116,T0140,2026-09-01T20:10:12.649453285+07:00,4,44.91,74.516,228.52,4.874,1.0,165.0,15.0,True,False,CCS2,FIXED_PACK,train
DE001117,T0140,2026-09-01T20:12:48.517878785+07:00,5,56.51,74.181,227.49,3.847,1.0,165.0,15.0,True,False,CCS2,FIXED_PACK,train
DE001118,T0140,2026-09-01T20:15:20.806879857+07:00,6,68.83,73.826,226.4,2.757,1.0,165.0,15.0,True,False,CCS2,FIXED_PACK,train
DE001119,T0140,2026-09-01T20:17:36.225908499+07:00,7,80.99,73.475,225.32,1.682,1.0,165.0,15.0,True,False,CCS2,FIXED_PACK,train
DE001120,T0140,2026-09-01T20:19:53.891131857+07:00,8,92.26,73.15,224.33,0.684,1.0,165.0,15.0,True,False,CCS2,FIXED_PACK,train
DE001121,T0141,2026-09-01T20:08:06.529924571+07:00,1,8.62,61.134,43.74,7.124,1.069,45.0,15.0,True,True,BIKE_DC,SWAP_PACK_A,validation
DE001122,T0141,2026-09-01T20:10:46.748025015+07:00,2,20.84,59.803,42.79,6.171,1.0,45.0,15.0,True,True,BIKE_DC,SWAP_PACK_A,validation
DE001123,T0141,2026-09-01T20:13:22.925267428+07:00,3,33.7,58.402,41.79,5.169,1.0,45.0,15.0,True,True,BIKE_DC,SWAP_PACK_A,validation
DE001124,T0141,2026-09-01T20:15:26.643694857+07:00,4,44.89,57.183,40.92,4.296,1.0,45.0,15.0,True,True,BIKE_DC,SWAP_PACK_A,validation
DE001125,T0141,2026-09-01T20:18:06.515970285+07:00,5,56.93,55.871,39.98,3.358,1.0,45.0,15.0,True,True,BIKE_DC,SWAP_PACK_A,validation
DE001126,T0141,2026-09-01T20:20:33.711820571+07:00,6,68.85,54.572,39.05,2.428,1.0,45.0,15.0,True,True,BIKE_DC,SWAP_PACK_A,validation
DE001127,T0141,2026-09-01T20:22:18.629500571+07:00,7,78.78,53.491,38.28,1.655,1.0,45.0,15.0,True,True,BIKE_DC,SWAP_PACK_A,validation
DE001128,T0141,2026-09-01T20:24:48.954599999+07:00,8,91.4,52.115,37.29,0.671,1.0,45.0,15.0,True,True,BIKE_DC,SWAP_PACK_A,validation
DE001129,T0142,2026-09-01T20:13:20.148671999+07:00,1,7.59,57.287,175.68,6.773,1.016,150.0,15.0,True,False,CCS2,FIXED_PACK,validation
DE001130,T0142,2026-09-01T20:15:17.127504+07:00,2,18.68,57.023,174.87,5.961,1.0,150.0,15.0,True,False,CCS2,FIXED_PACK,validation
DE001131,T0142,2026-09-01T20:17:23.418573473+07:00,3,30.64,56.737,173.99,5.084,1.0,150.0,15.0,True,False,CCS2,FIXED_PACK,validation
DE001132,T0142,2026-09-01T20:19:35.327078400+07:00,4,43.14,56.438,173.08,4.168,1.0,150.0,15.0,True,False,CCS2,FIXED_PACK,validation
DE001133,T0142,2026-09-01T20:21:49.143657599+07:00,5,55.82,56.135,172.15,3.238,1.0,150.0,15.0,True,False,CCS2,FIXED_PACK,validation
DE001134,T0142,2026-09-01T20:23:46.577903999+07:00,6,66.94,55.869,171.33,2.423,1.0,150.0,15.0,True,False,CCS2,FIXED_PACK,validation
DE001135,T0142,2026-09-01T20:25:55.465967999+07:00,7,79.16,55.577,170.44,1.528,1.0,150.0,15.0,True,False,CCS2,FIXED_PACK,validation
DE001136,T0142,2026-09-01T20:28:07.563431999+07:00,8,91.67,55.278,169.52,0.61,1.0,150.0,15.0,True,False,CCS2,FIXED_PACK,validation
DE001137,T0143,2026-09-01T20:19:21.479451923+07:00,1,7.95,17.798,54.58,7.16,1.074,165.0,15.0,True,False,CCS2,FIXED_PACK,test
DE001138,T0143,2026-09-01T20:21:49.462448500+07:00,2,18.95,17.519,53.73,6.304,1.0,165.0,15.0,True,False,CCS2,FIXED_PACK,test
DE001139,T0143,2026-09-01T20:23:49.388618499+07:00,3,31.29,17.206,52.77,5.345,1.0,165.0,15.0,True,False,CCS2,FIXED_PACK,test
DE001140,T0143,2026-09-01T20:25:53.181520999+07:00,4,43.42,16.899,51.82,4.402,1.0,165.0,15.0,True,False,CCS2,FIXED_PACK,test
DE001141,T0143,2026-09-01T20:27:44.775081+07:00,5,55.2,16.6,50.91,3.485,1.0,165.0,15.0,True,False,CCS2,FIXED_PACK,test
DE001142,T0143,2026-09-01T20:29:59.698873+07:00,6,68.16,16.271,49.9,2.476,1.0,165.0,15.0,True,False,CCS2,FIXED_PACK,test
DE001143,T0143,2026-09-01T20:32:05.539424499+07:00,7,80.58,15.956,48.93,1.511,1.0,165.0,15.0,True,False,CCS2,FIXED_PACK,test
DE001144,T0143,2026-09-01T20:33:53.087240815+07:00,8,92.32,15.658,48.02,0.598,1.0,165.0,15.0,True,False,CCS2,FIXED_PACK,test
DE001145,T0144,2026-09-01T20:25:35.434127999+07:00,1,8.18,17.074,12.22,7.439,1.116,45.0,15.0,True,True,BIKE_DC,SWAP_PACK_A,train
DE001146,T0144,2026-09-01T20:27:24.953712+07:00,2,17.57,16.011,11.46,6.679,1.002,45.0,15.0,True,True,BIKE_DC,SWAP_PACK_A,train
DE001147,T0144,2026-09-01T20:30:00.353791999+07:00,3,29.91,14.614,10.46,5.679,1.0,45.0,15.0,True,True,BIKE_DC,SWAP_PACK_A,train
DE001148,T0144,2026-09-01T20:32:24.267935999+07:00,4,41.75,13.272,9.5,4.719,1.0,45.0,15.0,True,True,BIKE_DC,SWAP_PACK_A,train
DE001149,T0144,2026-09-01T20:34:48.513839999+07:00,5,54.12,11.873,8.5,3.718,1.0,45.0,15.0,True,True,BIKE_DC,SWAP_PACK_A,train
DE001150,T0144,2026-09-01T20:36:49.791603999+07:00,6,65.27,10.609,7.59,2.814,1.0,45.0,15.0,True,True,BIKE_DC,SWAP_PACK_A,train
DE001151,T0144,2026-09-01T20:39:27.030156+07:00,7,77.26,9.252,6.62,1.842,1.0,45.0,15.0,True,True,BIKE_DC,SWAP_PACK_A,train
DE001152,T0144,2026-09-01T20:42:03.767657999+07:00,8,91.2,7.674,5.49,0.713,1.0,45.0,15.0,True,True,BIKE_DC,SWAP_PACK_A,train
DE001153,T0145,2026-09-01T06:00:53.045737500+07:00,1,6.92,17.911,54.93,3.687,1.0,150.0,15.0,True,False,CCS2,FIXED_PACK,validation
DE001154,T0145,2026-09-01T06:01:39.323005+07:00,2,15.53,17.799,54.58,3.346,1.0,150.0,15.0,True,False,CCS2,FIXED_PACK,validation
DE001155,T0145,2026-09-01T06:02:46.843909500+07:00,3,28.59,17.631,54.07,2.829,1.0,150.0,15.0,True,False,CCS2,FIXED_PACK,validation
DE001156,T0145,2026-09-01T06:03:51.945085500+07:00,4,40.77,17.473,53.59,2.347,1.0,150.0,15.0,True,False,CCS2,FIXED_PACK,validation
DE001157,T0145,2026-09-01T06:05:17.250821500+07:00,5,54.01,17.302,53.06,1.822,1.0,150.0,15.0,True,False,CCS2,FIXED_PACK,validation
DE001158,T0145,2026-09-01T06:06:26.576623499+07:00,6,65.29,17.157,52.61,1.375,1.0,150.0,15.0,True,False,CCS2,FIXED_PACK,validation
DE001159,T0145,2026-09-01T06:07:53.336239500+07:00,7,78.1,16.991,52.11,0.868,1.0,150.0,15.0,True,False,CCS2,FIXED_PACK,validation
DE001160,T0145,2026-09-01T06:09:30.003755500+07:00,8,91.4,16.819,51.58,0.341,1.0,150.0,15.0,True,False,CCS2,FIXED_PACK,validation
DE001161,T0146,2026-09-01T06:07:04.061855999+07:00,1,9.34,17.855,54.76,4.316,1.0,165.0,15.0,True,False,CCS2,FIXED_PACK,test
DE001162,T0146,2026-09-01T06:08:26.384598857+07:00,2,21.51,17.666,54.18,3.737,1.0,165.0,15.0,True,False,CCS2,FIXED_PACK,test
DE001163,T0146,2026-09-01T06:09:44.041145142+07:00,3,34.95,17.457,53.54,3.097,1.0,165.0,15.0,True,False,CCS2,FIXED_PACK,test
DE001164,T0146,2026-09-01T06:11:04.371401142+07:00,4,47.24,17.267,52.95,2.512,1.0,165.0,15.0,True,False,CCS2,FIXED_PACK,test
DE001165,T0146,2026-09-01T06:12:16.842857142+07:00,5,57.81,17.102,52.45,2.009,1.0,165.0,15.0,True,False,CCS2,FIXED_PACK,test
DE001166,T0146,2026-09-01T06:13:14.576561142+07:00,6,66.23,16.972,52.05,1.608,1.0,165.0,15.0,True,False,CCS2,FIXED_PACK,test
DE001167,T0146,2026-09-01T06:14:43.053881142+07:00,7,79.14,16.771,51.43,0.993,1.0,165.0,15.0,True,False,CCS2,FIXED_PACK,test
DE001168,T0146,2026-09-01T06:16:05.471204571+07:00,8,92.32,16.567,50.8,0.366,1.0,165.0,15.0,True,False,CCS2,FIXED_PACK,test
DE001169,T0147,2026-09-01T06:14:10.390016+07:00,1,8.21,16.988,12.16,8.087,1.213,45.0,15.0,True,True,BIKE_DC,SWAP_PACK_A,train
DE001170,T0147,2026-09-01T06:16:59.571504+07:00,2,19.54,15.594,11.16,7.089,1.063,45.0,15.0,True,True,BIKE_DC,SWAP_PACK_A,train
DE001171,T0147,2026-09-01T06:20:11.577312+07:00,3,31.06,14.176,10.14,6.075,1.0,45.0,15.0,True,True,BIKE_DC,SWAP_PACK_A,train
DE001172,T0147,2026-09-01T06:23:31.177943999+07:00,4,42.85,12.723,9.1,5.035,1.0,45.0,15.0,True,True,BIKE_DC,SWAP_PACK_A,train
DE001173,T0147,2026-09-01T06:26:27.717527999+07:00,5,54.31,11.312,8.09,4.026,1.0,45.0,15.0,True,True,BIKE_DC,SWAP_PACK_A,train
DE001174,T0147,2026-09-01T06:29:09.762568857+07:00,6,66.48,9.814,7.02,2.954,1.0,45.0,15.0,True,True,BIKE_DC,SWAP_PACK_A,train
DE001175,T0147,2026-09-01T06:31:21.564400214+07:00,7,79.16,8.253,5.91,1.836,1.0,45.0,15.0,True,True,BIKE_DC,SWAP_PACK_A,train
DE001176,T0147,2026-09-01T06:33:39.134801499+07:00,8,91.83,6.693,4.79,0.72,1.0,45.0,15.0,True,True,BIKE_DC,SWAP_PACK_A,train
DE001177,T0148,2026-09-01T06:19:17.392499999+07:00,1,7.22,66.825,204.93,7.153,1.073,150.0,15.0,True,False,CCS2,FIXED_PACK,test
DE001178,T0148,2026-09-01T06:22:04.390868+07:00,2,19.31,66.521,204.0,6.221,1.0,150.0,15.0,True,False,CCS2,FIXED_PACK,test
DE001179,T0148,2026-09-01T06:25:00.196680+07:00,3,31.58,66.212,203.05,5.274,1.0,150.0,15.0,True,False,CCS2,FIXED_PACK,test
DE001180,T0148,2026-09-01T06:28:21.796398181+07:00,4,44.66,65.884,202.04,4.267,1.0,150.0,15.0,True,False,CCS2,FIXED_PACK,test
DE001181,T0148,2026-09-01T06:31:18.961428+07:00,5,56.66,65.582,201.12,3.341,1.0,150.0,15.0,True,False,CCS2,FIXED_PACK,test
DE001182,T0148,2026-09-01T06:33:46.611092+07:00,6,68.16,65.293,200.23,2.455,1.0,150.0,15.0,True,False,CCS2,FIXED_PACK,test
DE001183,T0148,2026-09-01T06:36:14.964510285+07:00,7,80.81,64.975,199.26,1.48,1.0,150.0,15.0,True,False,CCS2,FIXED_PACK,test
DE001184,T0148,2026-09-01T06:38:22.042793999+07:00,8,92.97,64.669,198.32,0.542,1.0,150.0,15.0,True,False,CCS2,FIXED_PACK,test
DE001185,T0149,2026-09-01T06:26:09.794599999+07:00,1,7.43,46.684,143.16,8.09,1.214,165.0,15.0,True,False,CCS2,FIXED_PACK,train
DE001186,T0149,2026-09-01T06:29:05.118342857+07:00,2,19.35,46.344,142.12,7.048,1.057,165.0,15.0,True,False,CCS2,FIXED_PACK,train
DE001187,T0149,2026-09-01T06:31:55.016373714+07:00,3,31.51,45.997,141.06,5.985,1.0,165.0,15.0,True,False,CCS2,FIXED_PACK,train
DE001188,T0149,2026-09-01T06:34:51.668564894+07:00,4,42.97,45.671,140.06,4.984,1.0,165.0,15.0,True,False,CCS2,FIXED_PACK,train
DE001189,T0149,2026-09-01T06:38:15.883812499+07:00,5,55.51,45.314,138.96,3.888,1.0,165.0,15.0,True,False,CCS2,FIXED_PACK,train
DE001190,T0149,2026-09-01T06:41:00.792034867+07:00,6,67.56,44.97,137.91,2.835,1.0,165.0,15.0,True,False,CCS2,FIXED_PACK,train
DE001191,T0149,2026-09-01T06:43:27.832820142+07:00,7,79.56,44.628,136.86,1.787,1.0,165.0,15.0,True,False,CCS2,FIXED_PACK,train
DE001192,T0149,2026-09-01T06:46:01.819935976+07:00,8,92.11,44.271,135.76,0.69,1.0,165.0,15.0,True,False,CCS2,FIXED_PACK,train
DE001193,T0150,2026-09-01T06:31:02.476560+07:00,1,7.98,11.394,8.15,5.006,1.0,45.0,15.0,True,True,BIKE_DC,SWAP_PACK_A,train
DE001194,T0150,2026-09-01T06:32:14.979667200+07:00,2,17.23,10.69,7.65,4.503,1.0,45.0,15.0,True,True,BIKE_DC,SWAP_PACK_A,train
DE001195,T0150,2026-09-01T06:33:49.665887999+07:00,3,29.32,9.771,6.99,3.845,1.0,45.0,15.0,True,True,BIKE_DC,SWAP_PACK_A,train
DE001196,T0150,2026-09-01T06:35:27.179663999+07:00,4,41.77,8.825,6.31,3.168,1.0,45.0,15.0,True,True,BIKE_DC,SWAP_PACK_A,train
DE001197,T0150,2026-09-01T06:37:01.338742530+07:00,5,53.79,7.911,5.66,2.514,1.0,45.0,15.0,True,True,BIKE_DC,SWAP_PACK_A,train
DE001198,T0150,2026-09-01T06:38:31.816464+07:00,6,65.34,7.033,5.03,1.886,1.0,45.0,15.0,True,True,BIKE_DC,SWAP_PACK_A,train
DE001199,T0150,2026-09-01T06:40:18.384198857+07:00,7,78.94,5.999,4.29,1.146,1.0,45.0,15.0,True,True,BIKE_DC,SWAP_PACK_A,train
DE001200,T0150,2026-09-01T06:41:57.937487999+07:00,8,91.65,5.032,3.6,0.454,1.0,45.0,15.0,True,True,BIKE_DC,SWAP_PACK_A,train
