event_id,trip_id,station_id,service_type,split,eligible_candidate_count,ranking_group_size,is_ltr_group,candidate_eligible,driver_to_station_distance_m,driver_to_station_eta_min,station_to_destination_distance_m,station_to_destination_eta_min,direct_driver_to_destination_distance_m,direct_driver_to_destination_eta_min,detour_distance_m,detour_time_min,traffic_delay_factor_driver_leg,traffic_delay_factor_station_leg,traffic_adjusted_eta_min,queue_wait_min,service_time_min,total_eta_min,available_capacity,operating_status,soc_feasible,ranking_cost_label,reference_rank,is_reference_best
DE000049,T0003,S012,BATTERY_SWAP,validation,2,2,True,True,6691.2,8.143,7132.1,8.278,4569.0,12.469,9254.3,3.952,1.314,1.141,20.145,0.0,6.0,26.145,4,OPEN,True,44.2421,1,True
DE000049,T0003,S021,BATTERY_SWAP,validation,2,2,True,True,7274.7,8.46,6845.4,7.803,4569.0,12.469,9551.1,3.793,1.314,1.141,20.019,0.0,6.0,26.019,2,OPEN,True,45.3691,2,False
DE000053,T0003,S012,BATTERY_SWAP,validation,1,1,False,True,6826.6,8.418,7132.1,8.278,3935.0,10.673,10023.7,6.023,1.299,1.141,20.38,0.0,6.0,26.38,3,OPEN,True,46.8831,1,True
DE000081,T0004,S001,CHARGING,train,20,8,True,True,3689.0,5.921,3016.9,5.022,3774.0,8.563,2931.9,2.38,1.076,1.141,12.101,0.0,18.0,30.101,4,OPEN,True,35.1601,1,True
DE000081,T0004,S002,CHARGING,train,20,8,True,True,8931.4,9.159,9976.4,11.021,3774.0,8.563,15133.8,11.618,1.076,1.141,22.43,0.0,18.0,40.43,5,OPEN,True,71.8524,2,False
DE000081,T0004,S005,CHARGING,train,20,8,True,True,8379.5,10.692,9542.2,13.571,3774.0,8.563,14147.7,15.7,1.076,1.141,26.989,0.0,18.0,44.989,3,OPEN,True,76.1589,3,False
DE000081,T0004,S004,CHARGING,train,20,8,True,True,9754.1,10.114,10821.9,11.897,3774.0,8.563,16802.0,13.448,1.076,1.141,24.457,0.0,18.0,42.457,3,OPEN,True,78.3727,4,False
DE000081,T0004,S013,CHARGING,train,20,8,True,True,9596.6,11.341,11160.3,15.669,3774.0,8.563,16982.9,18.447,1.076,1.141,30.081,0.0,18.0,48.081,5,OPEN,True,84.9086,5,False
DE000081,T0004,S017,CHARGING,train,20,8,True,True,12546.1,14.814,14004.7,16.014,3774.0,8.563,22776.8,22.266,1.076,1.141,34.212,0.0,18.0,52.212,6,OPEN,True,101.2326,6,False
DE000081,T0004,S008,CHARGING,train,20,8,True,True,14645.9,15.68,14629.2,17.402,3774.0,8.563,25501.1,24.519,1.076,1.141,36.727,0.0,18.0,54.727,1,OPEN,True,111.5093,7,False
DE000081,T0004,S016,CHARGING,train,20,8,True,True,15055.0,16.474,16456.8,17.868,3774.0,8.563,27737.8,25.779,1.076,1.141,38.113,0.0,18.0,56.113,4,OPEN,True,116.6331,8,False
DE000084,T0004,S001,CHARGING,train,20,8,True,True,3284.1,5.111,3016.9,5.022,3285.0,7.39,3016.0,2.743,1.059,1.141,11.143,0.0,18.0,29.143,4,OPEN,True,34.461,1,True
DE000084,T0004,S002,CHARGING,train,20,8,True,True,8526.6,8.349,9976.4,11.021,3285.0,7.39,15218.0,11.981,1.059,1.141,21.417,0.0,18.0,39.417,5,OPEN,True,71.0984,2,False
DE000084,T0004,S005,CHARGING,train,20,8,True,True,7974.7,11.263,9542.2,13.571,3285.0,7.39,14231.9,17.444,1.059,1.141,27.411,0.0,18.0,45.411,3,OPEN,True,77.1861,3,False
DE000084,T0004,S004,CHARGING,train,20,8,True,True,9349.3,9.304,10821.9,11.897,3285.0,7.39,16886.2,13.811,1.059,1.141,23.427,0.0,18.0,41.427,3,OPEN,True,77.6026,4,False
DE000084,T0004,S013,CHARGING,train,20,8,True,True,9894.6,11.32,11160.3,15.669,3285.0,7.39,17769.9,19.599,1.059,1.141,29.866,0.0,18.0,47.866,5,OPEN,True,86.5552,5,False
DE000084,T0004,S017,CHARGING,train,20,8,True,True,12141.3,14.005,14004.7,16.014,3285.0,7.39,22861.0,22.629,1.059,1.141,33.103,0.0,18.0,51.103,6,OPEN,True,100.3825,6,False
DE000084,T0004,S008,CHARGING,train,20,8,True,True,14241.1,14.87,14629.2,17.402,3285.0,7.39,25585.3,24.882,1.059,1.141,35.603,0.0,18.0,53.603,1,OPEN,True,110.6445,7,False
DE000084,T0004,S016,CHARGING,train,20,8,True,True,14650.1,15.664,16456.8,17.868,3285.0,7.39,27821.9,26.142,1.059,1.141,36.975,0.0,18.0,54.975,4,OPEN,True,115.7546,8,False
DE000087,T0004,S001,CHARGING,train,20,8,True,True,3227.0,5.016,3016.9,5.022,2789.0,5.93,3454.9,4.108,1.072,1.141,11.107,0.0,18.0,29.107,4,OPEN,True,35.644,1,True
DE000087,T0004,S002,CHARGING,train,20,8,True,True,8384.6,8.421,9976.4,11.021,2789.0,5.93,15572.0,13.512,1.072,1.141,21.603,0.0,18.0,39.603,5,OPEN,True,72.3748,2,False
DE000087,T0004,S005,CHARGING,train,20,8,True,True,8007.8,11.334,9542.2,13.571,2789.0,5.93,14761.0,18.975,1.072,1.141,27.635,0.0,18.0,45.635,3,OPEN,True,78.8505,3,False
DE000087,T0004,S004,CHARGING,train,20,8,True,True,9207.3,9.376,10821.9,11.897,2789.0,5.93,17240.2,15.342,1.072,1.141,23.625,0.0,18.0,41.625,3,OPEN,True,78.8913,4,False
DE000087,T0004,S013,CHARGING,train,20,8,True,True,9927.8,11.391,11160.3,15.669,2789.0,5.93,18299.1,21.13,1.072,1.141,30.09,0.0,18.0,48.09,5,OPEN,True,88.2205,5,False
DE000087,T0004,S017,CHARGING,train,20,8,True,True,12174.4,14.076,14004.7,16.014,2789.0,5.93,23390.1,24.16,1.072,1.141,33.362,0.0,18.0,51.362,6,OPEN,True,102.0825,6,False
DE000087,T0004,S008,CHARGING,train,20,8,True,True,14099.1,14.942,14629.2,17.402,2789.0,5.93,25939.3,26.414,1.072,1.141,35.874,0.0,18.0,53.874,1,OPEN,True,112.0056,7,False
DE000087,T0004,S016,CHARGING,train,20,8,True,True,14683.3,15.736,16456.8,17.868,2789.0,5.93,28351.1,27.673,1.072,1.141,37.256,0.0,18.0,55.256,4,OPEN,True,117.4764,8,False
DE000090,T0004,S001,CHARGING,train,20,8,True,True,2784.7,4.313,3016.9,5.022,2321.0,5.012,3480.6,4.323,1.309,1.141,11.376,0.0,18.0,29.376,4,OPEN,True,36.0185,1,True
DE000090,T0004,S002,CHARGING,train,20,8,True,True,8718.0,8.758,9976.4,11.021,2321.0,5.012,16373.4,14.767,1.309,1.141,24.039,0.0,18.0,42.039,5,OPEN,True,76.7279,2,False
DE000090,T0004,S004,CHARGING,train,20,8,True,True,9540.7,9.713,10821.9,11.897,2321.0,5.012,18041.6,16.597,1.309,1.141,26.288,0.0,18.0,44.288,3,OPEN,True,83.4708,3,False
DE000090,T0004,S005,CHARGING,train,20,8,True,True,8279.5,11.671,9542.2,13.571,2321.0,5.012,15500.7,20.23,1.309,1.141,30.762,0.0,18.0,48.762,3,OPEN,True,83.7708,4,False
DE000090,T0004,S013,CHARGING,train,20,8,True,True,10199.5,11.728,11160.3,15.669,2321.0,5.012,19038.8,22.385,1.309,1.141,33.23,0.0,18.0,51.23,5,OPEN,True,93.1543,5,False
DE000090,T0004,S017,CHARGING,train,20,8,True,True,12446.1,14.413,14004.7,16.014,2321.0,5.012,24129.8,25.415,1.309,1.141,37.139,0.0,18.0,55.139,6,OPEN,True,107.6526,6,False
DE000090,T0004,S008,CHARGING,train,20,8,True,True,14402.8,15.279,14629.2,17.402,2321.0,5.012,26711.0,27.669,1.309,1.141,39.856,0.0,18.0,57.856,1,OPEN,True,117.8448,7,False
DE000090,T0004,S016,CHARGING,train,20,8,True,True,14955.0,16.073,16456.8,17.868,2321.0,5.012,29090.8,28.928,1.309,1.141,41.426,0.0,18.0,59.426,4,OPEN,True,123.4398,8,False
DE000093,T0004,S001,CHARGING,train,20,8,True,True,2323.3,3.621,3016.9,5.022,1838.0,4.089,3502.2,4.555,1.097,1.141,9.703,0.0,18.0,27.703,4,OPEN,True,34.4459,1,True
DE000093,T0004,S002,CHARGING,train,20,8,True,True,8967.4,9.45,9976.4,11.021,1838.0,4.089,17105.8,16.382,1.097,1.141,22.942,0.0,18.0,40.942,5,OPEN,True,77.4991,2,False
DE000093,T0004,S004,CHARGING,train,20,8,True,True,9790.2,10.405,10821.9,11.897,1838.0,4.089,18774.1,18.213,1.097,1.141,24.988,0.0,18.0,42.988,3,OPEN,True,84.0397,3,False
DE000093,T0004,S005,CHARGING,train,20,8,True,True,8740.9,12.351,9542.2,13.571,1838.0,4.089,16445.1,21.833,1.097,1.141,29.033,0.0,18.0,47.033,3,OPEN,True,84.3316,4,False
DE000093,T0004,S013,CHARGING,train,20,8,True,True,10660.8,12.42,11160.3,15.669,1838.0,4.089,19983.1,24.0,1.097,1.141,31.503,0.0,18.0,49.503,5,OPEN,True,93.7195,5,False
DE000093,T0004,S017,CHARGING,train,20,8,True,True,12907.5,15.105,14004.7,16.014,1838.0,4.089,25074.2,27.031,1.097,1.141,34.843,0.0,18.0,52.843,6,OPEN,True,107.6489,6,False
DE000093,T0004,S008,CHARGING,train,20,8,True,True,13941.4,15.971,14629.2,17.402,1838.0,4.089,26732.6,29.284,1.097,1.141,37.376,0.0,18.0,55.376,1,OPEN,True,115.8119,7,False
DE000093,T0004,S016,CHARGING,train,20,8,True,True,15416.4,16.765,16456.8,17.868,1838.0,4.089,30035.2,30.544,1.097,1.141,38.778,0.0,18.0,56.778,4,OPEN,True,123.0843,8,False
DE000096,T0004,S001,CHARGING,train,19,8,True,True,2518.2,3.913,3016.9,5.022,1331.0,3.104,4204.1,5.832,1.259,1.143,10.668,0.0,18.0,28.668,4,OPEN,True,37.1337,1,True
DE000096,T0004,S002,CHARGING,train,19,8,True,True,8748.2,9.827,9976.4,11.021,1331.0,3.104,17393.6,17.744,1.259,1.143,24.969,0.0,18.0,42.969,4,OPEN,True,80.7925,2,False
DE000096,T0004,S004,CHARGING,train,19,8,True,True,9570.9,10.781,10821.9,11.897,1331.0,3.104,19061.8,19.574,1.259,1.143,27.172,0.0,18.0,45.172,4,OPEN,True,86.7893,3,False
DE000096,T0004,S005,CHARGING,train,19,8,True,True,8992.1,12.728,9542.2,13.571,1331.0,3.104,17203.3,23.194,1.259,1.143,31.536,0.0,18.0,49.536,2,OPEN,True,89.0408,4,False
DE000096,T0004,S013,CHARGING,train,19,8,True,True,10912.1,12.797,11160.3,15.669,1331.0,3.104,20741.4,25.362,1.259,1.143,34.021,0.0,18.0,52.021,4,OPEN,True,98.4444,5,False
DE000096,T0004,S017,CHARGING,train,19,8,True,True,12802.8,15.482,14004.7,16.014,1331.0,3.104,25476.5,28.392,1.259,1.143,37.796,0.0,18.0,55.796,6,OPEN,True,111.7474,6,False
DE000096,T0004,S008,CHARGING,train,19,8,True,True,13690.2,16.347,14629.2,17.402,1331.0,3.104,26988.4,30.646,1.259,1.143,40.472,0.0,18.0,58.472,2,OPEN,True,119.4104,7,False
DE000096,T0004,S016,CHARGING,train,19,8,True,True,15311.6,17.142,16456.8,17.868,1331.0,3.104,30437.4,31.905,1.259,1.143,42.004,0.0,18.0,60.004,4,OPEN,True,127.4551,8,False
DE000099,T0004,S001,CHARGING,train,19,8,True,True,2588.9,4.166,3016.9,5.022,826.0,1.983,4779.8,7.205,1.108,1.143,10.357,0.0,18.0,28.357,4,OPEN,True,38.3178,1,True
DE000099,T0004,S002,CHARGING,train,19,8,True,True,9264.9,10.08,9976.4,11.021,826.0,1.983,18415.3,19.118,1.108,1.143,23.766,0.0,18.0,41.766,4,OPEN,True,81.9756,2,False
DE000099,T0004,S004,CHARGING,train,19,8,True,True,10087.7,11.034,10821.9,11.897,826.0,1.983,20083.6,20.948,1.108,1.143,25.824,0.0,18.0,43.824,4,OPEN,True,87.8285,3,False
DE000099,T0004,S005,CHARGING,train,19,8,True,True,9062.7,12.98,9542.2,13.571,826.0,1.983,17778.9,24.568,1.108,1.143,29.894,0.0,18.0,47.894,2,OPEN,True,88.8937,4,False
DE000099,T0004,S013,CHARGING,train,19,8,True,True,10982.7,13.05,11160.3,15.669,826.0,1.983,21317.0,26.736,1.108,1.143,32.369,0.0,18.0,50.369,4,OPEN,True,98.2868,5,False
DE000099,T0004,S017,CHARGING,train,19,8,True,True,13229.4,15.735,14004.7,16.014,826.0,1.983,26408.1,29.766,1.108,1.143,35.739,0.0,18.0,53.739,6,OPEN,True,111.8963,6,False
DE000099,T0004,S008,CHARGING,train,19,8,True,True,14206.9,16.6,14629.2,17.402,826.0,1.983,28010.1,32.019,1.108,1.143,38.284,0.0,18.0,56.284,2,OPEN,True,119.6089,7,False
DE000099,T0004,S016,CHARGING,train,19,8,True,True,15738.2,17.394,16456.8,17.868,826.0,1.983,31369.0,33.279,1.108,1.143,39.696,0.0,18.0,57.696,4,OPEN,True,127.3535,8,False
DE000102,T0004,S001,CHARGING,train,19,8,True,True,2682.4,4.353,3016.9,5.022,317.0,0.761,5382.3,8.615,1.073,1.143,10.412,0.0,18.0,28.412,4,OPEN,True,39.9301,1,True
DE000102,T0004,S002,CHARGING,train,19,8,True,True,9358.5,10.267,9976.4,11.021,317.0,0.761,19017.9,20.527,1.073,1.143,23.614,0.0,18.0,41.614,4,OPEN,True,83.3811,2,False
DE000102,T0004,S004,CHARGING,train,19,8,True,True,10181.2,11.221,10821.9,11.897,317.0,0.761,20686.1,22.358,1.073,1.143,25.639,0.0,18.0,43.639,4,OPEN,True,89.2004,3,False
DE000102,T0004,S005,CHARGING,train,19,8,True,True,9156.3,13.168,9542.2,13.571,317.0,0.761,18381.5,25.978,1.073,1.143,29.64,0.0,18.0,47.64,2,OPEN,True,90.1977,4,False
DE000102,T0004,S013,CHARGING,train,19,8,True,True,11076.3,13.237,11160.3,15.669,317.0,0.761,21919.6,28.145,1.073,1.143,32.113,0.0,18.0,50.113,4,OPEN,True,99.5884,5,False
DE000102,T0004,S017,CHARGING,train,19,8,True,True,13322.9,15.922,14004.7,16.014,317.0,0.761,27010.6,31.176,1.073,1.143,35.389,0.0,18.0,53.389,6,OPEN,True,113.1038,6,False
DE000102,T0004,S008,CHARGING,train,19,8,True,True,14300.5,16.787,14629.2,17.402,317.0,0.761,28612.7,33.429,1.073,1.143,37.904,0.0,18.0,55.904,2,OPEN,True,120.7862,7,False
DE000102,T0004,S016,CHARGING,train,19,8,True,True,15831.8,17.581,16456.8,17.868,317.0,0.761,31971.6,34.688,1.073,1.143,39.288,0.0,18.0,57.288,4,OPEN,True,128.503,8,False
DE000105,T0005,S018,BATTERY_SWAP,train,6,6,True,True,4163.1,6.147,2992.3,4.29,6904.0,16.803,251.4,0.0,1.106,1.143,11.703,0.0,6.0,17.703,6,OPEN,True,16.1056,1,True
DE000105,T0005,S030,BATTERY_SWAP,train,6,6,True,True,6326.2,7.851,5513.4,6.752,6904.0,16.803,4935.6,0.0,1.106,1.143,16.401,0.0,6.0,22.401,7,OPEN,True,30.1726,2,False
DE000105,T0005,S010,BATTERY_SWAP,train,6,6,True,True,7450.9,9.148,6638.1,8.049,6904.0,16.803,7185.0,0.395,1.106,1.143,19.318,0.0,6.0,25.318,2,OPEN,True,39.0867,3,False
DE000105,T0005,S009,BATTERY_SWAP,train,6,6,True,True,8872.4,11.008,7724.8,10.113,6904.0,16.803,9693.2,4.318,1.106,1.143,23.734,0.0,6.0,29.734,3,OPEN,True,49.1497,4,False
DE000105,T0005,S010,CHARGING,train,6,6,True,True,7450.9,9.148,6638.1,8.049,6904.0,16.803,7185.0,0.395,1.106,1.143,19.318,0.0,18.0,37.318,4,OPEN,True,50.3867,5,False
DE000105,T0005,S015,BATTERY_SWAP,train,6,6,True,True,8546.5,11.953,8738.1,14.171,6904.0,16.803,10380.6,9.322,1.106,1.143,29.418,0.0,6.0,35.418,7,OPEN,True,56.4097,6,False
DE000109,T0005,S018,BATTERY_SWAP,train,6,6,True,True,4244.6,6.341,2992.3,4.29,5973.0,14.34,1263.9,0.0,1.001,1.143,11.251,0.0,6.0,17.251,6,OPEN,True,17.6789,1,True
DE000109,T0005,S030,BATTERY_SWAP,train,6,6,True,True,6407.7,8.045,5513.4,6.752,5973.0,14.34,5948.1,0.457,1.001,1.143,15.771,0.0,6.0,21.771,7,OPEN,True,31.6812,2,False
DE000109,T0005,S010,BATTERY_SWAP,train,6,6,True,True,7532.4,9.342,6638.1,8.049,5973.0,14.34,8197.5,3.05,1.001,1.143,18.551,0.0,6.0,24.551,2,OPEN,True,41.0088,3,False
DE000109,T0005,S009,BATTERY_SWAP,train,6,6,True,True,8953.8,11.074,7724.8,10.113,5973.0,14.34,10705.6,6.846,1.001,1.143,22.644,0.0,6.0,28.644,3,OPEN,True,50.7168,4,False
DE000109,T0005,S010,CHARGING,train,6,6,True,True,7532.4,9.342,6638.1,8.049,5973.0,14.34,8197.5,3.05,1.001,1.143,18.551,0.0,18.0,36.551,4,OPEN,True,52.3088,5,False
DE000109,T0005,S015,BATTERY_SWAP,train,6,6,True,True,8314.4,12.019,8738.1,14.171,5973.0,14.34,11079.5,11.85,1.001,1.143,28.229,0.0,6.0,34.229,7,OPEN,True,57.2505,6,False
DE000113,T0005,S018,BATTERY_SWAP,train,4,4,True,True,4113.6,5.862,2992.3,4.29,5061.0,11.857,2044.9,0.0,1.304,1.143,12.548,0.0,6.0,18.548,6,OPEN,True,20.538,1,True
DE000113,T0005,S030,BATTERY_SWAP,train,4,4,True,True,6276.8,7.566,5513.4,6.752,5061.0,11.857,6729.2,2.462,1.304,1.143,17.584,0.0,6.0,23.584,7,OPEN,True,35.5581,2,False
DE000113,T0005,S010,BATTERY_SWAP,train,4,4,True,True,7401.5,8.863,6638.1,8.049,5061.0,11.857,8978.6,5.055,1.304,1.143,20.758,0.0,6.0,26.758,2,OPEN,True,45.2786,3,False
DE000113,T0005,S010,CHARGING,train,4,4,True,True,7401.5,8.863,6638.1,8.049,5061.0,11.857,8978.6,5.055,1.304,1.143,20.758,0.0,18.0,38.758,4,OPEN,True,56.5786,4,False
DE000117,T0005,S018,BATTERY_SWAP,train,4,4,True,True,3970.1,5.693,2992.3,4.29,4205.0,10.287,2757.4,0.0,1.269,1.143,12.128,0.0,6.0,18.128,6,OPEN,True,21.5426,1,True
DE000117,T0005,S030,BATTERY_SWAP,train,4,4,True,True,6133.3,7.396,5513.4,6.752,4205.0,10.287,7441.7,3.862,1.269,1.143,17.104,0.0,6.0,23.104,7,OPEN,True,36.853,2,False
DE000117,T0005,S010,BATTERY_SWAP,train,4,4,True,True,7257.9,8.693,6638.1,8.049,4205.0,10.287,9691.0,6.456,1.269,1.143,20.232,0.0,6.0,26.232,2,OPEN,True,46.5279,3,False
DE000117,T0005,S010,CHARGING,train,4,4,True,True,7257.9,8.693,6638.1,8.049,4205.0,10.287,9691.0,6.456,1.269,1.143,20.232,0.0,18.0,38.232,4,OPEN,True,57.8279,4,False
DE000121,T0005,S018,BATTERY_SWAP,train,2,2,True,True,4075.7,5.972,2992.3,4.29,3321.0,8.118,3747.0,2.145,1.168,1.143,11.88,0.0,6.0,17.88,6,OPEN,True,23.8098,1,True
DE000121,T0005,S030,BATTERY_SWAP,train,2,2,True,True,6238.8,7.676,5513.4,6.752,3321.0,8.118,8431.2,6.31,1.168,1.143,16.684,0.0,6.0,22.684,6,OPEN,True,39.024,2,False
DE000125,T0005,S018,BATTERY_SWAP,train,2,2,True,True,3559.8,5.311,2992.3,4.29,2473.0,6.342,4079.1,3.259,1.315,1.143,11.888,0.0,6.0,17.888,6,OPEN,True,24.761,1,True
DE000125,T0005,S030,BATTERY_SWAP,train,2,2,True,True,5722.9,7.015,5513.4,6.752,2473.0,6.342,8763.3,7.425,1.315,1.143,16.943,0.0,6.0,22.943,6,OPEN,True,40.2256,2,False
DE000129,T0005,S018,BATTERY_SWAP,train,1,1,False,True,3266.5,4.811,2992.3,4.29,1650.0,4.096,4608.8,5.005,1.266,1.143,10.994,0.0,6.0,16.994,6,OPEN,True,25.3631,1,True
DE000133,T0005,S018,BATTERY_SWAP,train,1,1,False,True,3347.7,5.003,2992.3,4.29,621.0,1.52,5719.0,7.773,1.266,1.143,11.238,0.0,6.0,17.238,6,OPEN,True,28.519,1,True
DE000137,T0006,S024,BATTERY_SWAP,train,7,7,True,True,1054.8,1.817,1336.3,2.022,5356.0,11.987,0.0,0.0,1.167,1.143,4.432,0.0,6.0,10.432,4,OPEN,True,9.0324,1,True
DE000137,T0006,S003,BATTERY_SWAP,train,7,7,True,True,7266.3,9.266,7494.1,9.659,5356.0,11.987,9404.4,6.938,1.167,1.143,21.854,0.0,6.0,27.854,6,OPEN,True,46.2967,2,False
DE000137,T0006,S012,BATTERY_SWAP,train,7,7,True,True,7780.7,10.638,7965.7,10.395,5356.0,11.987,10390.4,9.046,1.167,1.143,24.296,0.0,6.0,30.296,4,OPEN,True,51.9384,3,False
DE000137,T0006,S009,BATTERY_SWAP,train,7,7,True,True,10058.5,11.736,10655.1,12.123,5356.0,11.987,15357.6,11.872,1.167,1.143,27.552,0.0,6.0,33.552,3,OPEN,True,66.1855,4,False
DE000137,T0006,S025,BATTERY_SWAP,train,7,7,True,True,10693.0,14.053,10054.4,13.693,5356.0,11.987,15391.4,15.759,1.167,1.143,32.051,0.0,6.0,38.051,3,OPEN,True,71.724,5,False
DE000137,T0006,S021,BATTERY_SWAP,train,7,7,True,True,11263.3,13.364,11118.6,13.421,5356.0,11.987,17025.9,14.798,1.167,1.143,30.936,0.0,6.0,36.936,4,OPEN,True,73.287,6,False
DE000137,T0006,S025,CHARGING,train,7,7,True,True,10693.0,14.053,10054.4,13.693,5356.0,11.987,15391.4,15.759,1.167,1.143,32.051,0.0,18.0,50.051,3,OPEN,True,83.724,7,False
DE000141,T0006,S024,BATTERY_SWAP,train,6,6,True,True,1140.3,1.988,1336.3,2.022,4639.0,10.268,0.0,0.0,1.034,1.143,4.368,0.0,6.0,10.368,4,OPEN,True,8.9675,1,True
DE000141,T0006,S003,BATTERY_SWAP,train,6,6,True,True,7351.9,9.437,7494.1,9.659,4639.0,10.268,10207.0,8.828,1.034,1.143,20.798,0.0,6.0,26.798,6,OPEN,True,47.319,2,False
DE000141,T0006,S012,BATTERY_SWAP,train,6,6,True,True,7866.2,10.809,7965.7,10.395,4639.0,10.268,11192.9,10.936,1.034,1.143,23.058,0.0,6.0,29.058,4,OPEN,True,52.7779,3,False
DE000141,T0006,S009,BATTERY_SWAP,train,6,6,True,True,10144.0,11.907,10655.1,12.123,4639.0,10.268,16160.1,13.762,1.034,1.143,26.168,0.0,6.0,32.168,3,OPEN,True,66.879,4,False
DE000141,T0006,S025,BATTERY_SWAP,train,6,6,True,True,10685.0,14.224,10054.4,13.693,4639.0,10.268,16100.4,17.65,1.034,1.143,30.359,0.0,6.0,36.359,3,OPEN,True,71.9223,5,False
DE000141,T0006,S025,CHARGING,train,6,6,True,True,10685.0,14.224,10054.4,13.693,4639.0,10.268,16100.4,17.65,1.034,1.143,30.359,0.0,18.0,48.359,3,OPEN,True,83.9223,6,False
DE000145,T0006,S003,BATTERY_SWAP,train,3,3,True,True,7329.7,9.144,7494.1,9.659,3939.0,8.745,10884.8,10.058,1.04,1.143,20.55,0.0,6.0,26.55,6,OPEN,True,48.7339,1,True
DE000145,T0006,S012,BATTERY_SWAP,train,3,3,True,True,7844.1,10.516,7965.7,10.395,3939.0,8.745,11870.8,12.166,1.04,1.143,22.818,0.0,6.0,28.818,4,OPEN,True,54.2012,2,False
DE000145,T0006,S009,BATTERY_SWAP,train,3,3,True,True,10121.9,11.614,10655.1,12.123,3939.0,8.745,16838.0,14.992,1.04,1.143,25.935,0.0,6.0,31.935,3,OPEN,True,68.3089,3,False
DE000149,T0006,S003,BATTERY_SWAP,train,2,2,True,True,7688.1,9.7,7494.1,9.659,3210.0,7.318,11972.2,12.041,1.065,1.143,21.371,0.0,6.0,27.371,6,OPEN,True,52.2256,1,True
DE000149,T0006,S012,BATTERY_SWAP,train,2,2,True,True,8202.4,11.073,7965.7,10.395,3210.0,7.318,12958.1,14.149,1.065,1.143,23.673,0.0,6.0,29.673,4,OPEN,True,57.727,2,False
DE000153,T0006,S003,BATTERY_SWAP,train,2,2,True,True,8032.3,10.197,7494.1,9.659,2499.0,5.662,13027.4,14.195,1.174,1.143,23.012,0.0,6.0,29.012,6,OPEN,True,56.5157,1,True
DE000153,T0006,S012,BATTERY_SWAP,train,2,2,True,True,8546.6,11.57,7965.7,10.395,2499.0,5.662,14013.3,16.303,1.174,1.143,25.464,0.0,6.0,31.464,4,OPEN,True,62.1668,2,False
DE000157,T0006,S003,BATTERY_SWAP,train,1,1,False,True,8026.7,10.189,7494.1,9.659,1878.0,4.38,13642.8,15.469,1.151,1.143,22.768,0.0,6.0,28.768,6,OPEN,True,57.8208,1,True
DE000161,T0006,S003,BATTERY_SWAP,train,1,1,False,True,7242.1,9.012,7494.1,9.659,1198.0,3.084,13538.2,15.587,1.266,1.143,22.45,0.0,6.0,28.45,6,OPEN,True,57.3229,1,True
DE000193,T0008,S002,CHARGING,train,20,8,True,True,5314.4,6.49,5641.5,6.753,6224.0,14.971,4731.9,0.0,1.326,1.143,16.324,0.0,18.0,34.324,3,OPEN,True,42.7381,1,True
DE000193,T0008,S004,CHARGING,train,20,8,True,True,6136.3,7.445,6342.5,7.628,6224.0,14.971,6254.8,0.102,1.326,1.143,18.591,0.0,18.0,36.591,4,OPEN,True,47.726,2,False
DE000193,T0008,S001,CHARGING,train,20,8,True,True,6448.3,9.45,7386.8,10.791,6224.0,14.971,7611.1,5.269,1.326,1.143,24.864,0.0,18.0,42.864,3,OPEN,True,58.3538,3,False
DE000193,T0008,S017,CHARGING,train,20,8,True,True,9368.1,11.619,9980.1,11.746,6224.0,14.971,13124.2,8.394,1.326,1.143,28.832,0.0,18.0,46.832,5,OPEN,True,73.4291,4,False
DE000193,T0008,S005,CHARGING,train,20,8,True,True,9997.0,13.851,9325.7,13.542,6224.0,14.971,13098.7,12.422,1.326,1.143,33.845,0.0,18.0,51.845,3,OPEN,True,80.098,5,False
DE000193,T0008,S008,CHARGING,train,20,8,True,True,10674.4,13.425,11237.4,13.476,6224.0,14.971,15687.8,11.93,1.326,1.143,33.205,0.0,18.0,51.205,2,OPEN,True,84.863,6,False
DE000193,T0008,S016,CHARGING,train,20,8,True,True,11877.0,13.63,12256.4,13.663,6224.0,14.971,17909.4,12.322,1.326,1.143,33.69,0.0,18.0,51.69,3,OPEN,True,89.5398,7,False
DE000193,T0008,S013,CHARGING,train,20,8,True,True,12097.9,13.762,12317.5,14.527,6224.0,14.971,18191.4,13.318,1.326,1.143,34.853,0.0,18.0,52.853,3,OPEN,True,91.5148,8,False
DE000196,T0008,S002,CHARGING,train,20,8,True,True,4971.5,5.783,5641.5,6.753,5427.0,13.068,5186.0,0.0,1.205,1.143,14.687,0.0,18.0,32.687,3,OPEN,True,42.0095,1,True
DE000196,T0008,S004,CHARGING,train,20,8,True,True,5793.4,6.738,6342.5,7.628,5427.0,13.068,6708.9,1.299,1.205,1.143,16.839,0.0,18.0,34.839,4,OPEN,True,47.181,2,False
DE000196,T0008,S001,CHARGING,train,20,8,True,True,6688.9,10.202,7386.8,10.791,5427.0,13.068,8648.7,7.924,1.205,1.143,24.627,0.0,18.0,42.627,2,OPEN,True,61.2052,3,False
DE000196,T0008,S017,CHARGING,train,20,8,True,True,9025.2,10.912,9980.1,11.746,5427.0,13.068,13578.3,9.59,1.205,1.143,26.575,0.0,18.0,44.575,6,OPEN,True,72.029,4,False
DE000196,T0008,S005,CHARGING,train,20,8,True,True,9700.5,13.144,9325.7,13.542,5427.0,13.068,13599.2,13.618,1.205,1.143,31.318,0.0,18.0,49.318,3,OPEN,True,78.8706,5,False
DE000196,T0008,S008,CHARGING,train,20,8,True,True,10686.0,12.718,11237.4,13.476,5427.0,13.068,16496.4,13.127,1.205,1.143,30.729,0.0,18.0,48.729,2,OPEN,True,84.3034,6,False
DE000196,T0008,S016,CHARGING,train,20,8,True,True,11534.1,12.923,12256.4,13.663,5427.0,13.068,18363.5,13.519,1.205,1.143,31.19,0.0,18.0,49.19,4,OPEN,True,87.8964,7,False
DE000196,T0008,S013,CHARGING,train,20,8,True,True,11801.4,13.055,12317.5,14.527,5427.0,13.068,18691.9,14.514,1.205,1.143,32.336,0.0,18.0,50.336,4,OPEN,True,89.9482,8,False
DE000199,T0008,S002,CHARGING,train,20,8,True,True,4618.1,5.135,5641.5,6.753,4627.0,11.149,5632.6,0.739,1.28,1.143,14.292,0.0,18.0,32.292,3,OPEN,True,42.6917,1,True
DE000199,T0008,S004,CHARGING,train,20,8,True,True,5440.0,6.09,6342.5,7.628,4627.0,11.149,7155.5,2.569,1.28,1.143,16.515,0.0,18.0,34.515,4,OPEN,True,48.0678,2,False
DE000199,T0008,S001,CHARGING,train,20,8,True,True,7024.7,10.897,7386.8,10.791,4627.0,11.149,9784.5,10.538,1.28,1.143,26.282,0.0,18.0,44.282,2,OPEN,True,65.7856,3,False
DE000199,T0008,S017,CHARGING,train,20,8,True,True,8671.8,10.264,9980.1,11.746,4627.0,11.149,14024.9,10.861,1.28,1.143,26.564,0.0,18.0,44.564,6,OPEN,True,73.2288,4,False
DE000199,T0008,S005,CHARGING,train,20,8,True,True,9851.1,12.496,9325.7,13.542,4627.0,11.149,14549.8,14.889,1.28,1.143,31.474,0.0,18.0,49.474,3,OPEN,True,81.2458,5,False
DE000199,T0008,S008,CHARGING,train,20,8,True,True,10332.6,12.07,11237.4,13.476,4627.0,11.149,16943.0,14.397,1.28,1.143,30.853,0.0,18.0,48.853,2,OPEN,True,85.6387,6,False
DE000199,T0008,S016,CHARGING,train,20,8,True,True,11180.7,12.275,12256.4,13.663,4627.0,11.149,18810.1,14.789,1.28,1.143,31.329,0.0,18.0,49.329,4,OPEN,True,89.2471,7,False
DE000199,T0008,S013,CHARGING,train,20,8,True,True,12014.9,12.407,12317.5,14.527,4627.0,11.149,19705.4,15.785,1.28,1.143,32.486,0.0,18.0,50.486,4,OPEN,True,92.4425,8,False
DE000202,T0008,S002,CHARGING,train,20,8,True,True,4662.2,5.302,5641.5,6.753,3778.0,9.089,6525.7,2.966,1.301,1.143,14.616,0.0,18.0,32.616,3,OPEN,True,45.3588,1,True
DE000202,T0008,S004,CHARGING,train,20,8,True,True,5484.0,6.256,6342.5,7.628,3778.0,9.089,8048.5,4.796,1.301,1.143,16.859,0.0,18.0,34.859,4,OPEN,True,50.7547,2,False
DE000202,T0008,S001,CHARGING,train,20,8,True,True,7065.7,10.963,7386.8,10.791,3778.0,9.089,10674.5,12.665,1.301,1.143,26.597,0.0,18.0,44.597,2,OPEN,True,68.4121,3,False
DE000202,T0008,S017,CHARGING,train,20,8,True,True,8715.9,10.431,9980.1,11.746,3778.0,9.089,14918.0,13.088,1.301,1.143,26.996,0.0,18.0,44.996,6,OPEN,True,76.0037,4,False
DE000202,T0008,S005,CHARGING,train,20,8,True,True,9895.2,12.663,9325.7,13.542,3778.0,9.089,15442.9,17.116,1.301,1.143,31.953,0.0,18.0,49.953,3,OPEN,True,84.0675,5,False
DE000202,T0008,S008,CHARGING,train,20,8,True,True,10376.7,12.237,11237.4,13.476,3778.0,9.089,17836.1,16.624,1.301,1.143,31.323,0.0,18.0,49.323,2,OPEN,True,88.4514,6,False
DE000202,T0008,S016,CHARGING,train,20,8,True,True,11224.7,12.441,12256.4,13.663,3778.0,9.089,19703.1,17.016,1.301,1.143,31.804,0.0,18.0,49.804,4,OPEN,True,92.0639,7,False
DE000202,T0008,S013,CHARGING,train,20,8,True,True,12058.9,12.573,12317.5,14.527,3778.0,9.089,20598.4,18.012,1.301,1.143,32.962,0.0,18.0,50.962,4,OPEN,True,95.2622,8,False
DE000205,T0008,S002,CHARGING,train,20,8,True,True,4472.9,5.055,5641.5,6.753,2957.0,6.876,7157.4,4.932,1.072,1.143,13.138,0.0,18.0,31.138,3,OPEN,True,45.6357,1,True
DE000205,T0008,S004,CHARGING,train,20,8,True,True,5294.7,6.01,6342.5,7.628,2957.0,6.876,8680.2,6.763,1.072,1.143,15.162,0.0,18.0,33.162,4,OPEN,True,50.813,2,False
DE000205,T0008,S001,CHARGING,train,20,8,True,True,7175.5,10.833,7386.8,10.791,2957.0,6.876,11605.3,14.748,1.072,1.143,23.947,0.0,18.0,41.947,2,OPEN,True,68.1443,3,False
DE000205,T0008,S017,CHARGING,train,20,8,True,True,8526.6,10.184,9980.1,11.746,2957.0,6.876,15549.7,15.054,1.072,1.143,24.343,0.0,18.0,42.343,6,OPEN,True,75.106,4,False
DE000205,T0008,S005,CHARGING,train,20,8,True,True,9705.9,12.416,9325.7,13.542,2957.0,6.876,16074.6,19.083,1.072,1.143,28.789,0.0,18.0,46.789,3,OPEN,True,82.6588,5,False
DE000205,T0008,S008,CHARGING,train,20,8,True,True,10187.4,11.99,11237.4,13.476,2957.0,6.876,18467.8,18.591,1.072,1.143,28.257,0.0,18.0,46.257,2,OPEN,True,87.1402,6,False
DE000205,T0008,S016,CHARGING,train,20,8,True,True,11035.4,12.195,12256.4,13.663,2957.0,6.876,20334.8,18.983,1.072,1.143,28.69,0.0,18.0,46.69,4,OPEN,True,90.7058,7,False
DE000205,T0008,S013,CHARGING,train,20,8,True,True,11869.6,12.327,12317.5,14.527,2957.0,6.876,21230.1,19.978,1.072,1.143,29.819,0.0,18.0,47.819,4,OPEN,True,93.8739,8,False
DE000208,T0008,S002,CHARGING,train,20,8,True,True,4758.2,5.668,5641.5,6.753,2107.0,4.592,8292.7,7.829,1.031,1.143,13.562,0.0,18.0,31.562,3,OPEN,True,49.0549,1,True
DE000208,T0008,S004,CHARGING,train,20,8,True,True,5580.1,6.623,6342.5,7.628,2107.0,4.592,9815.6,9.659,1.031,1.143,15.547,0.0,18.0,33.547,4,OPEN,True,54.1933,2,False
DE000208,T0008,S001,CHARGING,train,20,8,True,True,6870.2,10.56,7386.8,10.791,2107.0,4.592,12150.0,16.759,1.031,1.143,23.221,0.0,18.0,41.221,2,OPEN,True,69.0109,3,False
DE000208,T0008,S017,CHARGING,train,20,8,True,True,8811.9,10.797,9980.1,11.746,2107.0,4.592,16685.0,17.951,1.031,1.143,24.557,0.0,18.0,42.557,6,OPEN,True,78.3149,4,False
DE000208,T0008,S005,CHARGING,train,20,8,True,True,9881.7,13.029,9325.7,13.542,2107.0,4.592,17100.4,21.979,1.031,1.143,28.911,0.0,18.0,46.911,3,OPEN,True,85.5571,5,False
DE000208,T0008,S008,CHARGING,train,20,8,True,True,10472.8,12.603,11237.4,13.476,2107.0,4.592,19603.2,21.488,1.031,1.143,28.397,0.0,18.0,46.397,2,OPEN,True,90.2752,6,False
DE000208,T0008,S016,CHARGING,train,20,8,True,True,11320.8,12.808,12256.4,13.663,2107.0,4.592,21470.2,21.88,1.031,1.143,28.822,0.0,18.0,46.822,4,OPEN,True,93.8325,7,False
DE000208,T0008,S013,CHARGING,train,20,8,True,True,11982.6,12.939,12317.5,14.527,2107.0,4.592,22193.1,22.875,1.031,1.143,29.945,0.0,18.0,47.945,4,OPEN,True,96.6504,8,False
DE000211,T0008,S002,CHARGING,train,19,8,True,True,5226.8,5.973,5641.5,6.753,1275.0,2.748,9593.3,9.978,2.357,1.997,27.563,0.0,18.0,45.563,3,OPEN,True,66.194,1,True
DE000211,T0008,S004,CHARGING,train,19,8,True,True,6048.6,6.927,6342.5,7.628,1275.0,2.748,11116.1,11.808,2.357,1.997,31.562,0.0,18.0,49.562,2,OPEN,True,74.0458,2,False
DE000211,T0008,S001,CHARGING,train,19,8,True,True,6622.9,10.326,7386.8,10.791,1275.0,2.748,12734.7,18.369,2.357,1.997,45.888,0.0,18.0,63.888,2,OPEN,True,93.2493,3,False
DE000211,T0008,S017,CHARGING,train,19,8,True,True,9280.5,11.102,9980.1,11.746,1275.0,2.748,17985.6,20.099,2.357,1.997,49.623,0.0,18.0,67.623,4,OPEN,True,107.219,4,False
DE000211,T0008,S005,CHARGING,train,19,8,True,True,9634.4,13.334,9325.7,13.542,1275.0,2.748,17685.1,24.128,2.357,1.997,58.471,0.0,18.0,76.471,1,OPEN,True,117.5231,5,False
DE000211,T0008,S008,CHARGING,train,19,8,True,True,10941.3,12.908,11237.4,13.476,1275.0,2.748,20903.7,23.636,2.357,1.997,57.335,0.0,18.0,75.335,1,OPEN,True,122.7017,6,False
DE000211,T0008,S016,CHARGING,train,19,8,True,True,11789.4,13.112,12256.4,13.663,1275.0,2.748,22770.8,24.028,2.357,1.997,58.192,0.0,18.0,76.192,1,OPEN,True,127.3905,7,False
DE000211,T0008,S013,CHARGING,train,19,8,True,True,11735.3,13.244,12317.5,14.527,1275.0,2.748,22777.8,25.024,2.357,1.997,60.228,0.0,18.0,78.228,1,OPEN,True,129.6891,8,False
DE000214,T0008,S002,CHARGING,train,19,8,True,True,4888.5,5.61,5641.5,6.753,460.0,0.97,10070.0,11.392,1.857,1.997,23.903,0.0,18.0,41.903,3,OPEN,True,63.841,1,True
DE000214,T0008,S004,CHARGING,train,19,8,True,True,5710.3,6.565,6342.5,7.628,460.0,0.97,11592.8,13.223,1.857,1.997,27.424,0.0,18.0,45.424,2,OPEN,True,71.2155,2,False
DE000214,T0008,S001,CHARGING,train,19,8,True,True,7050.8,10.933,7386.8,10.791,460.0,0.97,13977.6,20.754,1.857,1.997,41.852,0.0,18.0,59.852,2,OPEN,True,92.2959,3,False
DE000214,T0008,S017,CHARGING,train,19,8,True,True,8942.2,10.739,9980.1,11.746,460.0,0.97,18462.3,21.514,1.857,1.997,43.398,0.0,18.0,61.398,4,OPEN,True,102.3015,4,False
DE000214,T0008,S005,CHARGING,train,19,8,True,True,10062.3,12.971,9325.7,13.542,460.0,0.97,18928.0,25.543,1.857,1.997,51.13,0.0,18.0,69.13,1,OPEN,True,113.022,5,False
DE000214,T0008,S008,CHARGING,train,19,8,True,True,10603.0,12.545,11237.4,13.476,460.0,0.97,21380.4,25.051,1.857,1.997,50.208,0.0,18.0,68.208,1,OPEN,True,116.8813,6,False
DE000214,T0008,S016,CHARGING,train,19,8,True,True,11451.1,12.75,12256.4,13.663,460.0,0.97,23247.5,25.443,1.857,1.997,50.962,0.0,18.0,68.962,1,OPEN,True,121.4677,7,False
DE000214,T0008,S013,CHARGING,train,19,8,True,True,12163.2,12.881,12317.5,14.527,460.0,0.97,24020.7,26.438,1.857,1.997,52.932,0.0,18.0,70.932,1,OPEN,True,125.2328,8,False
DE000217,T0009,S021,BATTERY_SWAP,train,5,5,True,True,5284.9,7.272,5157.5,6.097,4408.0,11.224,6034.4,2.146,1.113,1.143,15.063,0.0,6.0,21.063,3,OPEN,True,32.6184,1,True
DE000217,T0009,S027,BATTERY_SWAP,train,5,5,True,True,7044.1,7.638,4831.7,4.903,4408.0,11.224,7467.8,1.317,1.113,1.143,14.105,0.0,6.0,20.105,6,OPEN,True,33.2696,2,False
DE000217,T0009,S012,BATTERY_SWAP,train,5,5,True,True,8453.8,10.496,8721.3,10.275,4408.0,11.224,12767.1,9.547,1.113,1.143,23.426,0.0,6.0,29.426,3,OPEN,True,56.2964,3,False
DE000217,T0009,S006,BATTERY_SWAP,train,5,5,True,True,3020.5,4.803,2907.9,4.065,4408.0,11.224,1520.4,0.0,1.113,1.143,9.992,45.43,6.0,61.422,1,OPEN,True,64.1128,4,False
DE000217,T0009,S003,BATTERY_SWAP,train,5,5,True,True,10748.5,13.829,10846.8,12.368,4408.0,11.224,17187.3,14.974,1.113,1.143,29.529,0.0,6.0,35.529,7,OPEN,True,71.547,5,False
DE000221,T0009,S021,BATTERY_SWAP,train,5,5,True,True,5188.9,7.08,5157.5,6.097,3821.0,9.813,6525.4,3.364,1.009,1.143,14.113,0.0,6.0,20.113,3,OPEN,True,32.9549,1,True
DE000221,T0009,S027,BATTERY_SWAP,train,5,5,True,True,6948.0,7.445,4831.7,4.903,3821.0,9.813,7958.7,2.535,1.009,1.143,13.117,0.0,6.0,19.117,6,OPEN,True,33.5679,2,False
DE000221,T0009,S012,BATTERY_SWAP,train,5,5,True,True,8357.8,10.304,8721.3,10.275,3821.0,9.813,13258.1,10.765,1.009,1.143,22.14,0.0,6.0,28.14,3,OPEN,True,56.2976,3,False
DE000221,T0009,S006,BATTERY_SWAP,train,5,5,True,True,2924.4,4.61,2907.9,4.065,3821.0,9.813,2011.3,0.0,1.009,1.143,9.299,45.43,6.0,60.729,1,OPEN,True,64.4013,4,False
DE000221,T0009,S003,BATTERY_SWAP,train,5,5,True,True,10652.4,13.637,10846.8,12.368,3821.0,9.813,17678.2,16.192,1.009,1.143,27.897,0.0,6.0,33.897,7,OPEN,True,71.2012,5,False
DE000225,T0009,S021,BATTERY_SWAP,train,5,5,True,True,4930.2,6.54,5157.5,6.097,3237.0,8.471,6850.7,4.166,1.333,1.143,15.687,0.0,6.0,21.687,3,OPEN,True,35.3796,1,True
DE000225,T0009,S027,BATTERY_SWAP,train,5,5,True,True,6841.0,6.905,4831.7,4.903,3237.0,8.471,8435.7,3.337,1.333,1.143,14.809,0.0,6.0,20.809,6,OPEN,True,36.4144,2,False
DE000225,T0009,S012,BATTERY_SWAP,train,5,5,True,True,8099.1,9.763,8721.3,10.275,3237.0,8.471,13583.4,11.567,1.333,1.143,24.758,0.0,6.0,30.758,3,OPEN,True,59.7668,3,False
DE000225,T0009,S006,BATTERY_SWAP,train,5,5,True,True,2817.4,4.012,2907.9,4.065,3237.0,8.471,2488.3,0.0,1.333,1.143,9.995,45.43,6.0,61.425,1,OPEN,True,66.0516,4,False
DE000225,T0009,S003,BATTERY_SWAP,train,5,5,True,True,10393.7,13.097,10846.8,12.368,3237.0,8.471,18003.5,16.994,1.333,1.143,31.595,0.0,6.0,37.595,7,OPEN,True,75.7505,5,False
DE000229,T0009,S021,BATTERY_SWAP,train,4,4,True,True,5031.2,6.765,5157.5,6.097,2708.0,6.748,7480.7,6.114,1.306,1.143,15.804,0.0,6.0,21.804,3,OPEN,True,37.2438,1,True
DE000229,T0009,S027,BATTERY_SWAP,train,4,4,True,True,6790.4,7.13,4831.7,4.903,2708.0,6.748,8914.1,5.285,1.306,1.143,14.916,0.0,6.0,20.916,6,OPEN,True,37.9656,2,False
DE000229,T0009,S012,BATTERY_SWAP,train,4,4,True,True,8200.1,9.988,8721.3,10.275,2708.0,6.748,14213.4,13.514,1.306,1.143,24.789,0.0,6.0,30.789,3,OPEN,True,61.544,3,False
DE000229,T0009,S006,BATTERY_SWAP,train,4,4,True,True,2766.8,4.295,2907.9,4.065,2708.0,6.748,2966.7,1.612,1.306,1.143,10.256,45.43,6.0,61.686,1,OPEN,True,67.6727,4,False
DE000233,T0009,S006,BATTERY_SWAP,train,3,3,True,True,3143.4,5.049,2907.9,4.065,2123.0,5.344,3928.3,3.77,2.008,1.997,18.256,0.0,6.0,24.256,3,OPEN,True,32.0052,1,True
DE000233,T0009,S027,BATTERY_SWAP,train,3,3,True,True,7167.1,7.884,4831.7,4.903,2123.0,5.344,9875.8,7.443,2.008,1.997,25.621,0.0,6.0,31.621,1,OPEN,True,52.8838,2,False
DE000233,T0009,S012,BATTERY_SWAP,train,3,3,True,True,8576.8,10.742,8721.3,10.275,2123.0,5.344,15175.1,15.673,2.008,1.997,42.088,0.0,6.0,48.088,3,OPEN,True,81.3059,3,False
DE000237,T0009,S006,BATTERY_SWAP,train,3,3,True,True,2973.5,4.201,2907.9,4.065,1539.0,3.943,4342.4,4.323,1.702,1.997,15.268,0.0,6.0,21.268,3,OPEN,True,29.9836,1,True
DE000237,T0009,S027,BATTERY_SWAP,train,3,3,True,True,6871.4,6.717,4831.7,4.903,1539.0,3.943,10164.1,7.676,1.702,1.997,21.223,0.0,6.0,27.223,1,OPEN,True,49.1204,2,False
DE000237,T0009,S012,BATTERY_SWAP,train,3,3,True,True,7993.4,9.575,8721.3,10.275,1539.0,3.943,15175.7,15.906,1.702,1.997,36.815,0.0,6.0,42.815,3,OPEN,True,76.0926,3,False
DE000241,T0009,S006,BATTERY_SWAP,train,3,3,True,True,2833.5,4.429,2907.9,4.065,949.0,2.34,4792.4,6.154,1.682,1.997,15.568,0.0,6.0,21.568,3,OPEN,True,31.641,1,True
DE000241,T0009,S027,BATTERY_SWAP,train,3,3,True,True,6857.2,7.264,4831.7,4.903,949.0,2.34,10739.9,9.827,1.682,1.997,22.009,0.0,6.0,28.009,1,OPEN,True,51.5954,2,False
DE000241,T0009,S012,BATTERY_SWAP,train,3,3,True,True,8266.9,10.122,8721.3,10.275,949.0,2.34,16039.2,18.057,1.682,1.997,37.543,0.0,6.0,43.543,3,OPEN,True,79.0859,3,False
DE000245,T0009,S006,BATTERY_SWAP,train,2,2,True,True,3076.2,4.914,2907.9,4.065,362.0,0.931,5622.1,8.048,1.977,1.997,17.834,0.0,6.0,23.834,3,OPEN,True,36.0397,1,True
DE000245,T0009,S027,BATTERY_SWAP,train,2,2,True,True,7099.8,7.749,4831.7,4.903,362.0,0.931,11569.5,11.72,1.977,1.997,25.111,0.0,6.0,31.111,1,OPEN,True,56.8303,2,False
DE000273,T0011,S022,CHARGING,test,19,8,True,True,8090.6,11.824,8005.5,12.074,8364.0,19.619,7732.1,4.279,2.132,1.997,49.319,0.0,18.0,67.319,3,OPEN,True,82.8032,1,True
DE000273,T0011,S008,CHARGING,test,19,8,True,True,9069.0,12.615,8652.0,12.424,8364.0,19.619,9357.0,5.421,2.132,1.997,51.707,0.0,18.0,69.707,1,OPEN,True,89.4261,2,False
DE000273,T0011,S016,CHARGING,test,19,8,True,True,9827.8,13.607,9117.7,13.115,8364.0,19.619,10581.5,7.104,2.132,1.997,55.202,0.0,18.0,73.202,1,OPEN,True,95.7906,3,False
DE000273,T0011,S025,CHARGING,test,19,8,True,True,9532.3,15.857,10606.6,14.74,8364.0,19.619,11774.9,10.978,2.132,1.997,63.243,0.0,18.0,81.243,2,OPEN,True,106.8372,4,False
DE000273,T0011,S017,CHARGING,test,19,8,True,True,11528.2,15.703,10995.0,15.497,8364.0,19.619,14159.2,11.582,2.132,1.997,64.428,0.0,18.0,82.428,4,OPEN,True,112.2417,5,False
DE000273,T0011,S004,CHARGING,test,19,8,True,True,11997.2,14.986,11815.6,15.174,8364.0,19.619,15448.8,10.541,2.132,1.997,62.252,0.0,18.0,80.252,2,OPEN,True,113.0849,6,False
DE000273,T0011,S002,CHARGING,test,19,8,True,True,12546.7,15.724,12022.8,15.269,8364.0,19.619,16205.5,11.374,2.132,1.997,64.016,0.0,18.0,82.016,3,OPEN,True,116.2206,7,False
DE000273,T0011,S019,CHARGING,test,19,8,True,True,18742.2,23.739,17967.4,22.488,8364.0,19.619,28345.6,26.609,2.132,1.997,95.521,0.0,18.0,113.521,3,OPEN,True,175.814,8,False
DE000276,T0011,S022,CHARGING,test,19,8,True,True,7741.2,11.534,8005.5,12.074,7271.0,16.996,8475.7,6.612,2.007,1.997,47.26,0.0,18.0,65.26,4,OPEN,True,82.4648,1,True
DE000276,T0011,S016,CHARGING,test,19,8,True,True,9478.4,13.318,9117.7,13.115,7271.0,16.996,11325.1,9.437,2.007,1.997,52.92,0.0,18.0,70.92,3,OPEN,True,94.8792,2,False
DE000276,T0011,S020,CHARGING,test,19,8,True,True,8037.7,12.767,9050.7,14.793,7271.0,16.996,9817.4,10.564,2.007,1.997,55.166,0.0,18.0,73.166,1,OPEN,True,95.0912,3,False
DE000276,T0011,S025,CHARGING,test,19,8,True,True,9663.2,14.87,10606.6,14.74,7271.0,16.996,12998.8,12.614,2.007,1.997,59.281,0.0,18.0,77.281,1,OPEN,True,106.082,4,False
DE000276,T0011,S017,CHARGING,test,19,8,True,True,11178.8,15.414,10995.0,15.497,7271.0,16.996,14902.8,13.915,2.007,1.997,61.884,0.0,18.0,79.884,5,OPEN,True,111.4184,5,False
DE000276,T0011,S004,CHARGING,test,19,8,True,True,11647.8,14.697,11815.6,15.174,7271.0,16.996,16192.4,12.874,2.007,1.997,59.798,0.0,18.0,77.798,2,OPEN,True,112.7012,6,False
DE000276,T0011,S002,CHARGING,test,19,8,True,True,12197.3,15.435,12022.8,15.269,7271.0,16.996,16949.1,13.707,2.007,1.997,61.47,0.0,18.0,79.47,3,OPEN,True,115.7446,7,False
DE000276,T0011,S019,CHARGING,test,19,8,True,True,18392.8,23.45,17967.4,22.488,7271.0,16.996,29089.2,28.942,2.007,1.997,91.972,0.0,18.0,109.972,3,OPEN,True,174.3361,8,False
DE000279,T0011,S022,CHARGING,test,19,8,True,True,7990.2,11.623,8005.5,12.074,6194.0,14.411,9801.7,9.286,2.559,1.997,53.854,0.0,18.0,71.854,4,OPEN,True,92.3788,1,True
DE000279,T0011,S020,CHARGING,test,19,8,True,True,8017.7,12.727,9050.7,14.793,6194.0,14.411,10874.4,13.109,2.559,1.997,62.11,0.0,18.0,80.11,1,OPEN,True,104.7863,2,False
DE000279,T0011,S016,CHARGING,test,19,8,True,True,9727.4,13.407,9117.7,13.115,6194.0,14.411,12651.1,12.111,2.559,1.997,60.498,0.0,18.0,78.498,3,OPEN,True,105.7778,3,False
DE000279,T0011,S025,CHARGING,test,19,8,True,True,9643.1,15.635,10606.6,14.74,6194.0,14.411,14055.7,15.964,2.559,1.997,69.446,0.0,18.0,87.446,1,OPEN,True,119.1988,4,False
DE000279,T0011,S017,CHARGING,test,19,8,True,True,11427.8,15.502,10995.0,15.497,6194.0,14.411,16228.8,16.589,2.559,1.997,70.619,0.0,18.0,88.619,5,OPEN,True,123.4739,5,False
DE000279,T0011,S004,CHARGING,test,19,8,True,True,11896.8,14.785,11815.6,15.174,6194.0,14.411,17518.4,15.548,2.559,1.997,68.137,0.0,18.0,86.137,2,OPEN,True,124.3608,6,False
DE000279,T0011,S002,CHARGING,test,19,8,True,True,12446.3,15.523,12022.8,15.269,6194.0,14.411,18275.1,16.381,2.559,1.997,70.216,0.0,18.0,88.216,3,OPEN,True,127.8117,7,False
DE000279,T0011,S019,CHARGING,test,19,8,True,True,18641.8,23.538,17967.4,22.488,6194.0,14.411,30415.2,31.615,2.559,1.997,105.143,0.0,18.0,123.143,3,OPEN,True,190.8276,8,False
DE000282,T0011,S022,CHARGING,test,19,8,True,True,7819.8,11.254,8005.5,12.074,5274.0,12.232,10551.3,11.096,2.857,1.997,56.263,0.0,18.0,74.263,4,OPEN,True,96.7391,1,True
DE000282,T0011,S016,CHARGING,test,19,8,True,True,9557.0,13.037,9117.7,13.115,5274.0,12.232,13400.7,13.921,2.857,1.997,63.438,0.0,18.0,81.438,3,OPEN,True,110.6697,2,False
DE000282,T0011,S020,CHARGING,test,19,8,True,True,8339.1,13.37,9050.7,14.793,5274.0,12.232,12115.8,15.931,2.857,1.997,67.739,0.0,18.0,85.739,1,OPEN,True,113.6038,3,False
DE000282,T0011,S025,CHARGING,test,19,8,True,True,9964.5,15.664,10606.6,14.74,5274.0,12.232,15297.1,18.172,2.857,1.997,74.188,0.0,18.0,92.188,1,OPEN,True,126.9749,4,False
DE000282,T0011,S017,CHARGING,test,19,8,True,True,11257.5,15.133,10995.0,15.497,5274.0,12.232,16978.5,18.399,2.857,1.997,74.184,0.0,18.0,92.184,5,OPEN,True,128.9905,5,False
DE000282,T0011,S004,CHARGING,test,19,8,True,True,11726.5,14.416,11815.6,15.174,5274.0,12.232,18268.1,17.358,2.857,1.997,71.488,0.0,18.0,89.488,2,OPEN,True,129.6637,6,False
DE000282,T0011,S002,CHARGING,test,19,8,True,True,12276.0,15.154,12022.8,15.269,5274.0,12.232,19024.8,18.191,2.857,1.997,73.787,0.0,18.0,91.787,3,OPEN,True,133.3345,7,False
DE000282,T0011,S019,CHARGING,test,19,8,True,True,18471.5,23.169,17967.4,22.488,5274.0,12.232,31164.9,33.425,2.857,1.997,111.103,0.0,18.0,129.103,3,OPEN,True,198.7389,8,False
DE000285,T0011,S022,CHARGING,test,19,8,True,True,7568.0,10.868,8005.5,12.074,4104.0,9.518,11469.5,13.424,2.107,1.997,47.011,0.0,18.0,65.011,4,OPEN,True,89.9058,1,True
DE000285,T0011,S016,CHARGING,test,19,8,True,True,9305.2,12.652,9117.7,13.115,4104.0,9.518,14318.9,16.249,2.107,1.997,52.849,0.0,18.0,70.849,3,OPEN,True,102.4986,2,False
DE000285,T0011,S020,CHARGING,test,19,8,True,True,8284.3,13.26,9050.7,14.793,4104.0,9.518,13231.0,18.535,2.107,1.997,57.481,0.0,18.0,75.481,1,OPEN,True,106.2267,3,False
DE000285,T0011,S025,CHARGING,test,19,8,True,True,9909.7,14.8,10606.6,14.74,4104.0,9.518,16412.3,20.021,2.107,1.997,60.619,0.0,18.0,78.619,1,OPEN,True,116.0985,4,False
DE000285,T0011,S017,CHARGING,test,19,8,True,True,11005.6,14.748,10995.0,15.497,4104.0,9.518,17896.6,20.727,2.107,1.997,62.022,0.0,18.0,80.022,5,OPEN,True,119.2473,5,False
DE000285,T0011,S004,CHARGING,test,19,8,True,True,11474.7,14.031,11815.6,15.174,4104.0,9.518,19186.3,19.686,2.107,1.997,59.865,0.0,18.0,77.865,2,OPEN,True,120.4586,6,False
DE000285,T0011,S002,CHARGING,test,19,8,True,True,12024.2,14.769,12022.8,15.269,4104.0,9.518,19943.0,20.519,2.107,1.997,61.61,0.0,18.0,79.61,3,OPEN,True,123.5758,7,False
DE000285,T0011,S019,CHARGING,test,19,8,True,True,18219.6,22.784,17967.4,22.488,4104.0,9.518,32083.0,35.753,2.107,1.997,92.914,0.0,18.0,110.914,3,OPEN,True,182.9686,8,False
DE000288,T0011,S022,CHARGING,test,18,8,True,True,6968.6,9.989,8005.5,12.074,2885.0,6.763,12089.1,15.3,1.831,1.997,42.402,0.0,18.0,60.402,5,OPEN,True,86.6548,1,True
DE000288,T0011,S008,CHARGING,test,18,8,True,True,7947.1,10.781,8652.0,12.424,2885.0,6.763,13714.1,16.442,1.831,1.997,44.551,0.0,18.0,62.551,2,OPEN,True,93.3896,2,False
DE000288,T0011,S016,CHARGING,test,18,8,True,True,8705.8,11.773,9117.7,13.115,2885.0,6.763,14938.5,18.125,1.831,1.997,47.747,0.0,18.0,65.747,4,OPEN,True,98.7552,3,False
DE000288,T0011,S017,CHARGING,test,18,8,True,True,10406.3,13.869,10995.0,15.497,2885.0,6.763,18516.3,22.603,1.831,1.997,56.342,0.0,18.0,74.342,5,OPEN,True,115.2757,4,False
DE000288,T0011,S004,CHARGING,test,18,8,True,True,10875.3,13.152,11815.6,15.174,2885.0,6.763,19805.9,21.562,1.831,1.997,54.382,0.0,18.0,72.382,3,OPEN,True,116.3347,5,False
DE000288,T0011,S002,CHARGING,test,18,8,True,True,11424.8,13.89,12022.8,15.269,2885.0,6.763,20562.6,22.396,1.831,1.997,55.924,0.0,18.0,73.924,2,OPEN,True,119.9483,6,False
DE000288,T0011,S019,CHARGING,test,18,8,True,True,17620.3,21.905,17967.4,22.488,2885.0,6.763,32702.7,37.63,1.831,1.997,85.016,0.0,18.0,103.016,1,OPEN,True,177.4791,7,False
DE000288,T0011,S005,CHARGING,test,18,8,True,True,18811.8,22.171,18912.6,23.864,2885.0,6.763,34839.4,39.272,1.831,1.997,88.251,0.0,18.0,106.251,1,OPEN,True,185.3972,8,False
DE000291,T0011,S022,CHARGING,test,18,8,True,True,6887.9,9.828,8005.5,12.074,1772.0,4.192,13121.4,17.709,2.374,1.997,47.442,0.0,18.0,65.442,5,OPEN,True,94.3623,1,True
DE000291,T0011,S008,CHARGING,test,18,8,True,True,7866.3,10.619,8652.0,12.424,1772.0,4.192,14746.3,18.852,2.374,1.997,50.021,0.0,18.0,68.021,2,OPEN,True,101.5267,2,False
DE000291,T0011,S016,CHARGING,test,18,8,True,True,8625.1,11.611,9117.7,13.115,1772.0,4.192,15970.8,20.535,2.374,1.997,53.756,0.0,18.0,71.756,4,OPEN,True,107.4314,3,False
DE000291,T0011,S017,CHARGING,test,18,8,True,True,10325.5,13.707,10995.0,15.497,1772.0,4.192,19548.5,25.013,2.374,1.997,63.489,0.0,18.0,81.489,5,OPEN,True,125.0897,4,False
DE000291,T0011,S004,CHARGING,test,18,8,True,True,10794.5,12.99,11815.6,15.174,1772.0,4.192,20838.1,23.972,2.374,1.997,61.14,0.0,18.0,79.14,3,OPEN,True,125.7593,5,False
DE000291,T0011,S002,CHARGING,test,18,8,True,True,11344.0,13.728,12022.8,15.269,1772.0,4.192,21594.8,24.805,2.374,1.997,63.083,0.0,18.0,81.083,2,OPEN,True,129.7736,6,False
DE000291,T0011,S019,CHARGING,test,18,8,True,True,17539.5,21.743,17967.4,22.488,1772.0,4.192,33734.9,40.039,2.374,1.997,96.527,0.0,18.0,114.527,1,OPEN,True,191.6567,7,False
DE000291,T0011,S005,CHARGING,test,18,8,True,True,18731.1,22.009,18912.6,23.864,1772.0,4.192,35871.7,41.681,2.374,1.997,99.906,0.0,18.0,117.906,1,OPEN,True,199.7192,8,False
DE000294,T0011,S022,CHARGING,test,18,8,True,True,7034.9,10.267,8005.5,12.074,679.0,1.629,14361.4,20.712,1.615,1.997,40.693,0.0,18.0,58.693,5,OPEN,True,90.8434,1,True
DE000294,T0011,S008,CHARGING,test,18,8,True,True,8013.3,11.058,8652.0,12.424,679.0,1.629,15986.3,21.854,1.615,1.997,42.671,0.0,18.0,60.671,2,OPEN,True,97.4071,2,False
DE000294,T0011,S016,CHARGING,test,18,8,True,True,8772.1,12.051,9117.7,13.115,679.0,1.629,17210.8,23.537,1.615,1.997,45.653,0.0,18.0,63.653,4,OPEN,True,102.5586,3,False
DE000294,T0011,S017,CHARGING,test,18,8,True,True,10472.5,14.147,10995.0,15.497,679.0,1.629,20788.5,28.015,1.615,1.997,53.795,0.0,18.0,71.795,5,OPEN,True,118.6262,4,False
DE000294,T0011,S004,CHARGING,test,18,8,True,True,10941.5,13.429,11815.6,15.174,679.0,1.629,22078.1,26.974,1.615,1.997,51.99,0.0,18.0,69.99,3,OPEN,True,119.8401,5,False
DE000294,T0011,S002,CHARGING,test,18,8,True,True,11491.0,14.168,12022.8,15.269,679.0,1.629,22834.8,27.808,1.615,1.997,53.373,0.0,18.0,71.373,2,OPEN,True,123.2942,6,False
DE000294,T0011,S019,CHARGING,test,18,8,True,True,17686.5,22.183,17967.4,22.488,679.0,1.629,34974.9,43.042,1.615,1.997,80.734,0.0,18.0,98.734,1,OPEN,True,179.0938,7,False
DE000294,T0011,S005,CHARGING,test,18,8,True,True,18878.1,22.448,18912.6,23.864,679.0,1.629,37111.7,44.683,1.615,1.997,83.91,0.0,18.0,101.91,1,OPEN,True,186.9546,8,False
DE000433,T0017,S022,CHARGING,train,18,8,True,True,3945.2,5.806,3960.6,5.837,6597.0,15.832,1308.8,0.0,1.959,2.003,23.066,0.0,18.0,41.066,2,OPEN,True,42.9841,1,True
DE000433,T0017,S016,CHARGING,train,18,8,True,True,5133.5,7.286,5158.6,7.703,6597.0,15.832,3695.1,0.0,1.959,2.003,29.701,0.0,18.0,47.701,3,OPEN,True,54.0416,2,False
DE000433,T0017,S017,CHARGING,train,18,8,True,True,7959.1,10.621,8198.0,10.892,6597.0,15.832,9560.1,5.681,1.959,2.003,42.623,0.0,18.0,60.623,3,OPEN,True,80.1136,3,False
DE000433,T0017,S019,CHARGING,train,18,8,True,True,10841.8,13.577,10331.0,12.833,6597.0,15.832,14575.8,10.578,1.959,2.003,52.301,0.0,18.0,70.301,2,OPEN,True,101.3969,4,False
DE000433,T0017,S004,CHARGING,train,18,8,True,True,11550.4,12.886,11668.6,13.689,6597.0,15.832,16622.0,10.744,1.959,2.003,52.664,0.0,18.0,70.664,2,OPEN,True,105.8938,5,False
DE000433,T0017,S025,CHARGING,train,18,8,True,True,10712.6,15.429,10326.4,14.358,6597.0,15.832,14442.0,13.955,1.959,2.003,58.984,0.0,18.0,76.984,1,OPEN,True,109.0071,6,False
DE000433,T0017,S002,CHARGING,train,18,8,True,True,13589.5,13.624,13486.4,13.785,6597.0,15.832,20478.9,11.577,1.959,2.003,54.301,0.0,18.0,72.301,3,OPEN,True,115.1027,7,False
DE000433,T0017,S011,CHARGING,train,18,8,True,True,12725.8,15.598,12733.8,15.46,6597.0,15.832,18862.6,15.226,1.959,2.003,61.522,0.0,18.0,79.522,3,OPEN,True,120.0039,8,False
DE000436,T0017,S022,CHARGING,train,18,8,True,True,3974.0,5.864,3960.6,5.837,5735.0,13.764,2199.6,0.0,2.674,2.003,27.372,0.0,18.0,45.372,2,OPEN,True,49.071,1,True
DE000436,T0017,S016,CHARGING,train,18,8,True,True,5162.2,7.343,5158.6,7.703,5735.0,13.764,4585.8,1.282,2.674,2.003,35.065,0.0,18.0,53.065,3,OPEN,True,61.5067,2,False
DE000436,T0017,S017,CHARGING,train,18,8,True,True,7987.8,10.679,8198.0,10.892,5735.0,13.764,10450.8,7.807,2.674,2.003,50.371,0.0,18.0,68.371,3,OPEN,True,90.1745,3,False
DE000436,T0017,S019,CHARGING,train,18,8,True,True,10870.6,13.634,10331.0,12.833,5735.0,13.764,15466.6,12.703,2.674,2.003,62.162,0.0,18.0,80.162,2,OPEN,True,113.5712,4,False
DE000436,T0017,S004,CHARGING,train,18,8,True,True,11579.2,12.944,11668.6,13.689,5735.0,13.764,17512.8,12.869,2.674,2.003,62.031,0.0,18.0,80.031,2,OPEN,True,117.5742,5,False
DE000436,T0017,S025,CHARGING,train,18,8,True,True,10741.3,15.487,10326.4,14.358,5735.0,13.764,15332.7,16.081,2.674,2.003,70.17,0.0,18.0,88.17,1,OPEN,True,122.5055,6,False
DE000436,T0017,S002,CHARGING,train,18,8,True,True,13618.2,13.682,13486.4,13.785,5735.0,13.764,21369.6,13.703,2.674,2.003,64.196,0.0,18.0,82.196,3,OPEN,True,127.3107,7,False
DE000436,T0017,S011,CHARGING,train,18,8,True,True,12754.5,15.655,12733.8,15.46,5735.0,13.764,19753.3,17.352,2.674,2.003,72.828,0.0,18.0,90.828,3,OPEN,True,133.623,8,False
DE000439,T0017,S022,CHARGING,train,18,8,True,True,4097.9,6.112,3960.6,5.837,4886.0,11.727,3172.5,0.222,2.027,2.003,24.08,0.0,18.0,42.08,2,OPEN,True,47.7806,1,True
DE000439,T0017,S016,CHARGING,train,18,8,True,True,5286.1,7.591,5158.6,7.703,4886.0,11.727,5558.7,3.567,2.027,2.003,30.816,0.0,18.0,48.816,3,OPEN,True,59.7748,2,False
DE000439,T0017,S017,CHARGING,train,18,8,True,True,8111.7,10.927,8198.0,10.892,4886.0,11.727,11423.7,10.091,2.027,2.003,43.964,0.0,18.0,61.964,3,OPEN,True,86.2844,3,False
DE000439,T0017,S019,CHARGING,train,18,8,True,True,10994.5,13.882,10331.0,12.833,4886.0,11.727,16439.5,14.988,2.027,2.003,53.843,0.0,18.0,71.843,2,OPEN,True,107.7689,4,False
DE000439,T0017,S004,CHARGING,train,18,8,True,True,11703.1,13.192,11668.6,13.689,4886.0,11.727,18485.7,15.154,2.027,2.003,54.159,0.0,18.0,72.159,2,OPEN,True,112.2188,5,False
DE000439,T0017,S025,CHARGING,train,18,8,True,True,10865.2,15.734,10326.4,14.358,4886.0,11.727,16305.6,18.365,2.027,2.003,60.652,0.0,18.0,78.652,1,OPEN,True,115.5048,6,False
DE000439,T0017,S002,CHARGING,train,18,8,True,True,13742.2,13.93,13486.4,13.785,4886.0,11.727,22342.6,15.987,2.027,2.003,55.846,0.0,18.0,73.846,3,OPEN,True,121.4779,7,False
DE000439,T0017,S011,CHARGING,train,18,8,True,True,12878.4,15.903,12733.8,15.46,4886.0,11.727,20726.2,19.636,2.027,2.003,63.202,0.0,18.0,81.202,3,OPEN,True,126.5131,8,False
DE000442,T0017,S022,CHARGING,train,18,8,True,True,3914.8,5.746,3960.6,5.837,4061.0,9.747,3814.4,1.836,2.19,2.003,24.274,0.0,18.0,42.274,2,OPEN,True,49.6623,1,True
DE000442,T0017,S016,CHARGING,train,18,8,True,True,5103.0,7.225,5158.6,7.703,4061.0,9.747,6200.6,5.181,2.19,2.003,31.251,0.0,18.0,49.251,3,OPEN,True,61.8976,2,False
DE000442,T0017,S017,CHARGING,train,18,8,True,True,7928.6,10.561,8198.0,10.892,4061.0,9.747,12065.6,11.706,2.19,2.003,44.943,0.0,18.0,62.943,3,OPEN,True,88.951,3,False
DE000442,T0017,S019,CHARGING,train,18,8,True,True,10811.4,13.516,10331.0,12.833,4061.0,9.747,17081.4,16.602,2.19,2.003,55.304,0.0,18.0,73.304,2,OPEN,True,110.9172,4,False
DE000442,T0017,S004,CHARGING,train,18,8,True,True,11520.0,12.825,11668.6,13.689,4061.0,9.747,19127.6,16.768,2.19,2.003,55.507,0.0,18.0,73.507,2,OPEN,True,115.2545,5,False
DE000442,T0017,S025,CHARGING,train,18,8,True,True,10682.2,15.368,10326.4,14.358,4061.0,9.747,16947.6,19.98,2.19,2.003,62.415,0.0,18.0,80.415,1,OPEN,True,118.9552,6,False
DE000442,T0017,S002,CHARGING,train,18,8,True,True,13559.1,13.563,13486.4,13.785,4061.0,9.747,22984.5,17.602,2.19,2.003,57.315,0.0,18.0,75.315,3,OPEN,True,124.6339,7,False
DE000442,T0017,S011,CHARGING,train,18,8,True,True,12695.3,15.537,12733.8,15.46,4061.0,9.747,21368.1,21.25,2.19,2.003,64.992,0.0,18.0,82.992,3,OPEN,True,129.9909,8,False
DE000445,T0017,S016,CHARGING,train,19,8,True,True,4831.8,6.682,5158.6,7.703,3152.0,7.565,6838.4,6.82,2.791,2.003,34.079,0.0,18.0,52.079,3,OPEN,True,66.4111,1,True
DE000445,T0017,S017,CHARGING,train,19,8,True,True,7657.4,10.018,8198.0,10.892,3152.0,7.565,12703.4,13.345,2.791,2.003,49.776,0.0,18.0,67.776,3,OPEN,True,95.4692,2,False
DE000445,T0017,S022,CHARGING,train,19,8,True,True,3643.5,5.203,3960.6,5.837,3152.0,7.565,4452.1,3.475,2.791,2.003,26.213,46.29,18.0,90.503,1,OPEN,True,99.9264,3,False
DE000445,T0017,S019,CHARGING,train,19,8,True,True,10540.2,12.974,10331.0,12.833,3152.0,7.565,17719.2,18.241,2.791,2.003,61.913,0.0,18.0,79.913,1,OPEN,True,119.5616,4,False
DE000445,T0017,S004,CHARGING,train,19,8,True,True,11248.7,12.283,11668.6,13.689,3152.0,7.565,19765.3,18.407,2.791,2.003,61.701,0.0,18.0,79.701,2,OPEN,True,123.1337,5,False
DE000445,T0017,S002,CHARGING,train,19,8,True,True,13287.8,13.021,13486.4,13.785,3152.0,7.565,23622.2,19.241,2.791,2.003,63.952,0.0,18.0,81.952,4,OPEN,True,132.6067,6,False
DE000445,T0017,S011,CHARGING,train,19,8,True,True,12424.1,14.995,12733.8,15.46,3152.0,7.565,22005.9,22.889,2.791,2.003,72.816,0.0,18.0,90.816,5,OPEN,True,138.7999,7,False
DE000445,T0017,S005,CHARGING,train,19,8,True,True,13683.0,16.768,14030.5,17.457,3152.0,7.565,24561.5,26.66,2.791,2.003,81.765,0.0,18.0,99.765,1,OPEN,True,155.2035,8,False
DE000448,T0017,S016,CHARGING,train,19,8,True,True,5125.1,7.269,5158.6,7.703,2269.0,5.445,8014.7,9.527,2.053,2.003,30.352,0.0,18.0,48.352,3,OPEN,True,65.7129,1,True
DE000448,T0017,S017,CHARGING,train,19,8,True,True,7950.7,10.605,8198.0,10.892,2269.0,5.445,13879.7,16.051,2.053,2.003,43.587,0.0,18.0,61.587,3,OPEN,True,92.3093,2,False
DE000448,T0017,S022,CHARGING,train,19,8,True,True,3936.8,5.79,3960.6,5.837,2269.0,5.445,5628.4,6.182,2.053,2.003,23.578,46.29,18.0,87.868,1,OPEN,True,100.32,3,False
DE000448,T0017,S019,CHARGING,train,19,8,True,True,10833.5,13.56,10331.0,12.833,2269.0,5.445,18895.5,20.948,2.053,2.003,53.543,0.0,18.0,71.543,1,OPEN,True,114.2206,4,False
DE000448,T0017,S004,CHARGING,train,19,8,True,True,11542.0,12.869,11668.6,13.689,2269.0,5.445,20941.6,21.114,2.053,2.003,53.841,0.0,18.0,71.841,2,OPEN,True,118.3024,5,False
DE000448,T0017,S002,CHARGING,train,19,8,True,True,13581.1,13.608,13486.4,13.785,2269.0,5.445,24798.5,21.947,2.053,2.003,55.547,0.0,18.0,73.547,4,OPEN,True,127.2306,6,False
DE000448,T0017,S011,CHARGING,train,19,8,True,True,12717.4,15.581,12733.8,15.46,2269.0,5.445,23182.2,25.596,2.053,2.003,62.954,0.0,18.0,80.954,5,OPEN,True,131.9674,7,False
DE000448,T0017,S005,CHARGING,train,19,8,True,True,13976.3,17.354,14030.5,17.457,2269.0,5.445,25737.8,29.366,2.053,2.003,70.595,0.0,18.0,88.595,1,OPEN,True,147.0625,8,False
DE000451,T0017,S016,CHARGING,train,19,8,True,True,4800.7,6.62,5158.6,7.703,1437.0,3.448,8522.3,10.875,1.707,2.003,26.729,0.0,18.0,44.729,3,OPEN,True,63.4425,1,True
DE000451,T0017,S017,CHARGING,train,19,8,True,True,7626.2,9.956,8198.0,10.892,1437.0,3.448,14387.2,17.4,1.707,2.003,38.81,0.0,18.0,56.81,3,OPEN,True,88.8846,2,False
DE000451,T0017,S022,CHARGING,train,19,8,True,True,3612.4,5.141,3960.6,5.837,1437.0,3.448,6136.0,7.53,1.707,2.003,20.467,46.29,18.0,84.757,1,OPEN,True,98.5616,3,False
DE000451,T0017,S019,CHARGING,train,19,8,True,True,10509.0,12.911,10331.0,12.833,1437.0,3.448,19403.0,22.296,1.707,2.003,47.743,0.0,18.0,65.743,1,OPEN,True,109.7733,4,False
DE000451,T0017,S004,CHARGING,train,19,8,True,True,11217.6,12.221,11668.6,13.689,1437.0,3.448,21449.2,22.462,1.707,2.003,48.28,0.0,18.0,66.28,2,OPEN,True,114.0943,5,False
DE000451,T0017,S002,CHARGING,train,19,8,True,True,13256.7,12.959,13486.4,13.785,1437.0,3.448,25306.1,23.296,1.707,2.003,49.731,0.0,18.0,67.731,4,OPEN,True,122.7671,6,False
DE000451,T0017,S011,CHARGING,train,19,8,True,True,12393.0,14.932,12733.8,15.46,1437.0,3.448,23689.8,26.944,1.707,2.003,56.455,0.0,18.0,74.455,5,OPEN,True,126.821,7,False
DE000451,T0017,S005,CHARGING,train,19,8,True,True,13651.9,16.705,14030.5,17.457,1437.0,3.448,26245.4,30.715,1.707,2.003,63.483,0.0,18.0,81.483,1,OPEN,True,141.3027,8,False
DE000454,T0017,S016,CHARGING,train,19,8,True,True,5039.0,7.097,5158.6,7.703,567.0,1.36,9630.6,13.439,2.076,2.003,30.162,0.0,18.0,48.162,3,OPEN,True,69.7328,1,True
DE000454,T0017,S017,CHARGING,train,19,8,True,True,7864.6,10.433,8198.0,10.892,567.0,1.36,15495.6,19.964,2.076,2.003,43.474,0.0,18.0,61.474,3,OPEN,True,96.4059,2,False
DE000454,T0017,S022,CHARGING,train,19,8,True,True,3850.8,5.618,3960.6,5.837,567.0,1.36,7244.4,10.094,2.076,2.003,23.354,46.29,18.0,87.644,1,OPEN,True,104.3061,3,False
DE000454,T0017,S019,CHARGING,train,19,8,True,True,10747.4,13.388,10331.0,12.833,567.0,1.36,20511.4,24.86,2.076,2.003,53.497,0.0,18.0,71.497,1,OPEN,True,118.3852,4,False
DE000454,T0017,S004,CHARGING,train,19,8,True,True,11456.0,12.697,11668.6,13.689,567.0,1.36,22557.6,25.026,2.076,2.003,53.779,0.0,18.0,71.779,2,OPEN,True,122.4513,5,False
DE000454,T0017,S002,CHARGING,train,19,8,True,True,13495.1,13.435,13486.4,13.785,567.0,1.36,26414.5,25.86,2.076,2.003,55.503,0.0,18.0,73.503,4,OPEN,True,131.3965,6,False
DE000454,T0017,S011,CHARGING,train,19,8,True,True,12631.3,15.409,12733.8,15.46,567.0,1.36,24798.1,29.508,2.076,2.003,62.955,0.0,18.0,80.955,5,OPEN,True,136.1784,7,False
DE000454,T0017,S005,CHARGING,train,19,8,True,True,13890.3,17.182,14030.5,17.457,567.0,1.36,27353.8,33.279,2.076,2.003,70.637,0.0,18.0,88.637,1,OPEN,True,151.3145,8,False
DE000457,T0018,S027,BATTERY_SWAP,train,5,5,True,True,1006.2,2.273,650.0,1.373,5068.0,14.335,0.0,0.0,1.823,2.003,6.893,0.0,6.0,12.893,3,OPEN,True,11.8434,1,True
DE000457,T0018,S006,BATTERY_SWAP,train,5,5,True,True,5047.2,7.806,6052.8,8.531,5068.0,14.335,6032.0,2.002,1.823,2.003,31.318,0.0,6.0,37.318,1,OPEN,True,49.5324,2,False
DE000457,T0018,S021,BATTERY_SWAP,train,5,5,True,True,7100.9,9.179,7250.4,8.834,5068.0,14.335,9283.3,3.678,1.823,2.003,34.427,0.0,6.0,40.427,2,OPEN,True,59.2134,3,False
DE000457,T0018,S005,CHARGING,train,5,5,True,True,8884.7,14.413,7981.8,12.736,5068.0,14.335,11798.5,12.814,1.823,2.003,51.785,0.0,18.0,69.785,2,OPEN,True,95.8854,4,False
DE000457,T0018,S012,BATTERY_SWAP,train,5,5,True,True,10888.5,13.949,11159.7,13.924,5068.0,14.335,16980.2,13.538,1.823,2.003,53.32,0.0,6.0,59.32,1,OPEN,True,96.3149,5,False
DE000461,T0018,S027,BATTERY_SWAP,train,5,5,True,True,777.9,2.046,650.0,1.373,4418.0,12.27,0.0,0.0,2.333,2.003,7.524,0.0,6.0,13.524,4,OPEN,True,12.1244,1,True
DE000461,T0018,S006,BATTERY_SWAP,train,5,5,True,True,5276.7,8.034,6052.8,8.531,4418.0,12.27,6911.5,4.295,2.333,2.003,35.831,0.0,6.0,41.831,1,OPEN,True,56.3777,2,False
DE000461,T0018,S021,BATTERY_SWAP,train,5,5,True,True,6872.6,8.953,7250.4,8.834,4418.0,12.27,9705.0,5.516,2.333,2.003,38.581,0.0,6.0,44.581,2,OPEN,True,64.6697,3,False
DE000461,T0018,S005,CHARGING,train,5,5,True,True,8655.2,13.725,7981.8,12.736,4418.0,12.27,12219.0,14.19,2.333,2.003,57.53,0.0,18.0,75.53,1,OPEN,True,103.1653,4,False
DE000461,T0018,S012,BATTERY_SWAP,train,5,5,True,True,10660.1,13.723,11159.7,13.924,4418.0,12.27,17401.8,15.377,2.333,2.003,59.906,0.0,6.0,65.906,1,OPEN,True,104.2038,5,False
DE000465,T0018,S027,BATTERY_SWAP,train,4,4,True,True,714.9,1.858,650.0,1.373,3753.0,10.173,0.0,0.0,2.18,2.003,6.8,0.0,6.0,12.8,4,OPEN,True,11.3997,1,True
DE000465,T0018,S006,BATTERY_SWAP,train,4,4,True,True,5339.7,7.846,6052.8,8.531,3753.0,10.173,7639.5,6.203,2.18,2.003,34.19,0.0,6.0,40.19,1,OPEN,True,56.6698,2,False
DE000465,T0018,S021,BATTERY_SWAP,train,4,4,True,True,6809.7,8.764,7250.4,8.834,3753.0,10.173,10307.1,7.424,2.18,2.003,36.799,0.0,6.0,42.799,2,OPEN,True,64.5695,3,False
DE000465,T0018,S005,CHARGING,train,4,4,True,True,8592.3,13.536,7981.8,12.736,3753.0,10.173,12821.0,16.098,2.18,2.003,55.018,0.0,18.0,73.018,1,OPEN,True,102.335,4,False
DE000469,T0018,S027,BATTERY_SWAP,train,4,4,True,True,673.8,1.734,650.0,1.373,3185.0,8.281,0.0,0.0,1.111,2.003,4.677,0.0,6.0,10.677,4,OPEN,True,9.277,1,True
DE000469,T0018,S006,BATTERY_SWAP,train,4,4,True,True,5380.8,7.722,6052.8,8.531,3185.0,8.281,8248.6,7.972,1.111,2.003,25.666,0.0,6.0,31.666,1,OPEN,True,49.8063,2,False
DE000469,T0018,S021,BATTERY_SWAP,train,4,4,True,True,6768.6,8.641,7250.4,8.834,3185.0,8.281,10834.0,9.193,1.111,2.003,27.294,0.0,6.0,33.294,2,OPEN,True,56.5599,3,False
DE000469,T0018,S005,CHARGING,train,4,4,True,True,8551.2,13.413,7981.8,12.736,3185.0,8.281,13348.0,17.867,1.111,2.003,40.411,0.0,18.0,58.411,1,OPEN,True,89.2238,4,False
DE000473,T0018,S027,BATTERY_SWAP,train,4,4,True,True,554.6,1.109,650.0,1.373,2481.0,6.342,0.0,0.0,1.797,2.003,4.744,0.0,6.0,10.744,4,OPEN,True,9.3436,1,True
DE000473,T0018,S006,BATTERY_SWAP,train,4,4,True,True,6010.7,7.024,6052.8,8.531,2481.0,6.342,9582.5,9.212,1.797,2.003,29.708,0.0,6.0,35.708,1,OPEN,True,56.8261,2,False
DE000473,T0018,S021,BATTERY_SWAP,train,4,4,True,True,6612.5,7.942,7250.4,8.834,2481.0,6.342,11381.9,10.433,1.797,2.003,31.966,0.0,6.0,37.966,2,OPEN,True,62.6376,3,False
DE000473,T0018,S005,CHARGING,train,4,4,True,True,7889.2,12.429,7981.8,12.736,2481.0,6.342,13390.0,18.822,1.797,2.003,47.844,0.0,18.0,65.844,1,OPEN,True,96.9798,4,False
DE000477,T0018,S027,BATTERY_SWAP,train,4,4,True,True,529.5,1.059,650.0,1.373,1785.0,4.672,0.0,0.0,1.726,2.003,4.578,0.0,6.0,10.578,4,OPEN,True,9.1779,1,True
DE000477,T0018,S006,BATTERY_SWAP,train,4,4,True,True,6023.5,6.973,6052.8,8.531,1785.0,4.672,10291.3,10.832,1.726,2.003,29.123,0.0,6.0,35.123,1,OPEN,True,58.0631,2,False
DE000477,T0018,S021,BATTERY_SWAP,train,4,4,True,True,6587.4,7.892,7250.4,8.834,1785.0,4.672,12052.8,12.053,1.726,2.003,31.315,0.0,6.0,37.315,2,OPEN,True,63.7337,3,False
DE000477,T0018,S005,CHARGING,train,4,4,True,True,7954.2,12.559,7981.8,12.736,1785.0,4.672,14151.0,20.623,1.726,2.003,47.186,0.0,18.0,65.186,1,OPEN,True,98.2938,4,False
DE000481,T0018,S027,BATTERY_SWAP,train,3,3,True,True,383.6,0.767,650.0,1.373,1104.0,2.963,0.0,0.0,2.515,2.001,4.677,0.0,6.0,10.677,3,OPEN,True,9.6268,1,True
DE000481,T0018,S006,BATTERY_SWAP,train,3,3,True,True,5877.6,6.681,6052.8,8.531,1104.0,2.963,10826.4,12.249,2.515,2.001,33.874,0.0,6.0,39.874,1,OPEN,True,64.2387,2,False
DE000481,T0018,S021,BATTERY_SWAP,train,3,3,True,True,6441.5,7.6,7250.4,8.834,1104.0,2.963,12587.9,13.471,2.515,2.001,36.79,0.0,6.0,42.79,3,OPEN,True,70.2832,3,False
DE000485,T0018,S027,BATTERY_SWAP,train,3,3,True,True,414.3,0.829,650.0,1.373,389.0,1.248,675.3,0.954,2.559,2.001,4.868,0.0,6.0,10.868,3,OPEN,True,11.4072,1,True
DE000485,T0018,S006,BATTERY_SWAP,train,3,3,True,True,5908.4,6.743,6052.8,8.531,389.0,1.248,11572.2,14.026,2.559,2.001,34.325,0.0,6.0,40.325,1,OPEN,True,66.6259,2,False
DE000485,T0018,S021,BATTERY_SWAP,train,3,3,True,True,6472.2,7.661,7250.4,8.834,389.0,1.248,13333.6,15.247,2.559,2.001,37.282,0.0,6.0,43.282,3,OPEN,True,72.7106,3,False
DE000489,T0019,S008,CHARGING,train,19,8,True,True,6440.2,8.502,5974.0,7.803,6644.0,18.81,5770.2,0.0,2.394,2.003,35.984,0.0,18.0,53.984,1,OPEN,True,65.1739,1,True
DE000489,T0019,S016,CHARGING,train,19,8,True,True,7199.0,9.494,6439.6,8.494,6644.0,18.81,6994.6,0.0,2.394,2.003,39.743,0.0,18.0,57.743,3,OPEN,True,70.6818,2,False
DE000489,T0019,S017,CHARGING,train,19,8,True,True,8899.4,11.59,8316.9,10.876,6644.0,18.81,10572.3,3.657,2.394,2.003,49.532,0.0,18.0,67.532,3,OPEN,True,88.5409,3,False
DE000489,T0019,S004,CHARGING,train,19,8,True,True,9368.5,10.873,9137.5,10.552,6644.0,18.81,11862.0,2.616,2.394,2.003,47.167,0.0,18.0,65.167,2,OPEN,True,88.8444,4,False
DE000489,T0019,S002,CHARGING,train,19,8,True,True,9918.0,11.611,9344.7,10.648,6644.0,18.81,12618.7,3.449,2.394,2.003,49.124,0.0,18.0,67.124,4,OPEN,True,91.8241,5,False
DE000489,T0019,S022,CHARGING,train,19,8,True,True,5461.8,7.711,5327.4,7.453,6644.0,18.81,4145.2,0.0,2.394,2.003,33.387,46.29,18.0,97.677,1,OPEN,True,105.6171,6,False
DE000489,T0019,S020,CHARGING,train,19,8,True,True,10248.2,14.219,10492.9,12.731,6644.0,18.81,14097.1,8.14,2.394,2.003,59.54,0.0,18.0,77.54,1,OPEN,True,107.4197,7,False
DE000489,T0019,S019,CHARGING,train,19,8,True,True,16113.4,19.626,15289.3,17.867,6644.0,18.81,24758.7,18.683,2.394,2.003,82.772,0.0,18.0,100.772,1,OPEN,True,154.6106,8,False
DE000492,T0019,S008,CHARGING,train,19,8,True,True,6322.6,8.31,5974.0,7.803,5744.0,16.476,6552.6,0.0,1.805,2.003,30.63,0.0,18.0,48.63,1,OPEN,True,61.3847,1,True
DE000492,T0019,S016,CHARGING,train,19,8,True,True,7081.4,9.302,6439.6,8.494,5744.0,16.476,7777.0,1.32,1.805,2.003,33.804,0.0,18.0,51.804,3,OPEN,True,66.6382,2,False
DE000492,T0019,S017,CHARGING,train,19,8,True,True,8781.8,11.398,8316.9,10.876,5744.0,16.476,11354.7,5.799,1.805,2.003,42.359,0.0,18.0,60.359,3,OPEN,True,83.4683,3,False
DE000492,T0019,S004,CHARGING,train,19,8,True,True,9250.9,10.681,9137.5,10.552,5744.0,16.476,12644.4,4.758,1.805,2.003,40.416,0.0,18.0,58.416,2,OPEN,True,84.1943,4,False
DE000492,T0019,S002,CHARGING,train,19,8,True,True,9800.4,11.419,9344.7,10.648,5744.0,16.476,13401.1,5.591,1.805,2.003,41.939,0.0,18.0,59.939,4,OPEN,True,86.7392,5,False
DE000492,T0019,S020,CHARGING,train,19,8,True,True,10345.1,14.027,10492.9,12.731,5744.0,16.476,15094.0,10.282,1.805,2.003,50.819,0.0,18.0,68.819,1,OPEN,True,101.2276,6,False
DE000492,T0019,S022,CHARGING,train,19,8,True,True,5344.2,7.519,5327.4,7.453,5744.0,16.476,4927.6,0.0,1.805,2.003,28.499,46.29,18.0,92.789,1,OPEN,True,102.2941,7,False
DE000492,T0019,S019,CHARGING,train,19,8,True,True,15995.8,19.434,15289.3,17.867,5744.0,16.476,25541.1,20.825,1.805,2.003,70.866,0.0,18.0,88.866,1,OPEN,True,144.8047,8,False
DE000495,T0019,S010,CHARGING,train,1,1,False,True,20628.9,23.958,19667.3,22.714,4842.0,14.201,35454.2,32.471,1.759,2.001,87.592,0.0,18.0,105.592,2,OPEN,True,183.9184,1,True
DE000498,T0019,S010,CHARGING,train,1,1,False,True,20689.7,24.14,19667.3,22.714,4053.0,11.571,36304.0,35.283,1.853,2.001,90.182,0.0,18.0,108.182,2,OPEN,True,188.9108,1,True
DE000501,T0019,S010,CHARGING,train,1,1,False,True,20521.0,23.634,19667.3,22.714,3223.0,8.806,36965.3,37.542,2.739,2.001,110.184,0.0,18.0,128.184,2,OPEN,True,210.7997,1,True
DE000504,T0019,S010,CHARGING,train,1,1,False,True,20101.6,22.937,19667.3,22.714,2303.0,6.47,37465.9,39.181,2.786,2.001,109.354,0.0,18.0,127.354,2,OPEN,True,211.3811,1,True
DE000507,T0019,S008,CHARGING,train,19,8,True,True,6104.1,8.156,5974.0,7.803,1490.0,4.048,10588.1,11.911,2.636,2.001,37.113,0.0,18.0,55.113,2,OPEN,True,78.5665,1,True
DE000507,T0019,S016,CHARGING,train,19,8,True,True,6862.9,9.148,6439.6,8.494,1490.0,4.048,11812.5,13.594,2.636,2.001,41.111,0.0,18.0,59.111,3,OPEN,True,85.084,2,False
DE000507,T0019,S004,CHARGING,train,19,8,True,True,9032.4,10.527,9137.5,10.552,1490.0,4.048,16679.9,17.031,2.636,2.001,48.864,0.0,18.0,66.864,3,OPEN,True,103.4315,3,False
DE000507,T0019,S017,CHARGING,train,19,8,True,True,8563.3,11.244,8316.9,10.876,1490.0,4.048,15390.2,18.072,2.636,2.001,51.402,0.0,18.0,69.402,3,OPEN,True,103.6509,4,False
DE000507,T0019,S002,CHARGING,train,19,8,True,True,9581.9,11.265,9344.7,10.648,1490.0,4.048,17436.6,17.864,2.636,2.001,51.0,0.0,18.0,69.0,4,OPEN,True,106.9396,5,False
DE000507,T0019,S025,CHARGING,train,19,8,True,True,10088.9,11.76,10319.6,11.541,1490.0,4.048,18918.5,19.253,2.636,2.001,54.093,0.0,18.0,72.093,1,OPEN,True,114.3935,6,False
DE000507,T0019,S020,CHARGING,train,19,8,True,True,10632.6,13.873,10492.9,12.731,1490.0,4.048,19635.5,22.555,2.636,2.001,62.043,0.0,18.0,80.043,1,OPEN,True,124.6032,7,False
DE000507,T0019,S019,CHARGING,train,19,8,True,True,15777.3,19.28,15289.3,17.867,1490.0,4.048,29576.6,33.098,2.636,2.001,86.574,0.0,18.0,104.574,3,OPEN,True,170.9514,8,False
DE000510,T0019,S008,CHARGING,train,19,8,True,True,5984.2,7.882,5974.0,7.803,638.0,1.4,11320.2,14.285,1.594,2.001,28.178,0.0,18.0,46.178,2,OPEN,True,71.6896,1,True
DE000510,T0019,S016,CHARGING,train,19,8,True,True,6743.0,8.874,6439.6,8.494,638.0,1.4,12544.6,15.968,1.594,2.001,31.142,0.0,18.0,49.142,3,OPEN,True,77.173,2,False
DE000510,T0019,S017,CHARGING,train,19,8,True,True,8443.4,10.97,8316.9,10.876,638.0,1.4,16122.3,20.446,1.594,2.001,39.25,0.0,18.0,57.25,3,OPEN,True,93.556,3,False
DE000510,T0019,S004,CHARGING,train,19,8,True,True,8912.5,10.253,9137.5,10.552,638.0,1.4,17412.0,19.405,1.594,2.001,37.459,0.0,18.0,55.459,3,OPEN,True,94.084,4,False
DE000510,T0019,S002,CHARGING,train,19,8,True,True,9462.0,10.991,9344.7,10.648,638.0,1.4,18168.7,20.239,1.594,2.001,38.826,0.0,18.0,56.826,4,OPEN,True,96.8229,5,False
DE000510,T0019,S025,CHARGING,train,19,8,True,True,10064.7,11.601,10319.6,11.541,638.0,1.4,19746.3,21.742,1.594,2.001,41.585,0.0,18.0,59.585,1,OPEN,True,104.1634,6,False
DE000510,T0019,S020,CHARGING,train,19,8,True,True,10879.8,13.599,10492.9,12.731,638.0,1.4,20734.7,24.93,1.594,2.001,47.151,0.0,18.0,65.151,1,OPEN,True,112.5031,7,False
DE000510,T0019,S019,CHARGING,train,19,8,True,True,15657.4,19.006,15289.3,17.867,638.0,1.4,30308.7,35.473,1.594,2.001,66.047,0.0,18.0,84.047,3,OPEN,True,152.4829,8,False
DE000513,T0020,S010,CHARGING,train,1,1,False,True,11466.0,14.38,11914.1,15.072,4809.0,11.067,18571.1,18.386,2.345,2.001,63.882,0.0,18.0,81.882,2,OPEN,True,122.9207,1,True
DE000516,T0020,S010,CHARGING,train,1,1,False,True,11390.7,14.564,11914.1,15.072,4244.0,9.87,19060.8,19.766,1.839,2.001,56.943,0.0,18.0,74.943,2,OPEN,True,117.3061,1,True
DE000519,T0020,S010,CHARGING,train,1,1,False,True,11164.4,14.195,11914.1,15.072,3641.0,8.238,19437.5,21.029,2.747,2.001,69.152,0.0,18.0,87.152,2,OPEN,True,130.5845,1,True
DE000522,T0020,S010,CHARGING,train,1,1,False,True,11317.0,14.29,11914.1,15.072,3007.0,6.913,20224.1,22.449,1.96,2.001,58.168,0.0,18.0,76.168,2,OPEN,True,121.5285,1,True
DE000525,T0020,S010,CHARGING,train,1,1,False,True,11174.3,14.029,11914.1,15.072,2354.0,5.496,20734.4,23.606,1.963,2.001,57.7,0.0,18.0,75.7,2,OPEN,True,122.37,1,True
DE000528,T0020,S010,CHARGING,train,1,1,False,True,11317.0,14.29,11914.1,15.072,1712.0,4.058,21519.1,25.304,2.201,2.001,61.612,0.0,18.0,79.612,2,OPEN,True,128.276,1,True
DE000531,T0020,S010,CHARGING,train,1,1,False,True,11559.1,14.574,11914.1,15.072,1068.0,2.571,22405.2,27.075,2.234,2.001,62.717,0.0,18.0,80.717,2,OPEN,True,131.5964,1,True
DE000534,T0020,S029,CHARGING,train,19,8,True,True,6639.1,10.249,6694.5,10.23,469.0,1.2,12864.6,19.279,2.219,2.001,43.213,0.0,18.0,61.213,3,OPEN,True,90.712,1,True
DE000534,T0020,S011,CHARGING,train,19,8,True,True,11683.7,15.654,11375.4,14.592,469.0,1.2,22590.1,29.046,2.219,2.001,63.935,0.0,18.0,81.935,2,OPEN,True,133.6766,2,False
DE000534,T0020,S010,CHARGING,train,19,8,True,True,11848.0,15.149,11914.1,15.072,469.0,1.2,23293.1,29.021,2.219,2.001,63.775,0.0,18.0,81.775,2,OPEN,True,134.9164,3,False
DE000534,T0020,S007,CHARGING,train,19,8,True,True,15830.4,16.107,15105.2,15.037,469.0,1.2,30466.6,29.943,2.219,2.001,65.829,0.0,18.0,83.829,3,OPEN,True,151.1979,4,False
DE000534,T0020,S026,CHARGING,train,19,8,True,True,14791.9,15.977,16788.3,17.502,469.0,1.2,31111.2,32.279,2.219,2.001,70.474,0.0,18.0,88.474,3,OPEN,True,157.7163,5,False
DE000534,T0020,S019,CHARGING,train,19,8,True,True,15540.7,18.619,15638.4,19.747,469.0,1.2,30710.1,37.166,2.219,2.001,80.829,0.0,18.0,98.829,3,OPEN,True,168.4912,6,False
DE000534,T0020,S013,CHARGING,train,19,8,True,True,17423.9,22.321,17468.2,22.06,469.0,1.2,34423.1,43.181,2.219,2.001,93.673,0.0,18.0,111.673,1,OPEN,True,190.965,7,False
DE000534,T0020,S017,CHARGING,train,19,8,True,True,20546.1,25.664,20906.8,25.576,469.0,1.2,40983.9,50.04,2.219,2.001,108.126,0.0,18.0,126.126,3,OPEN,True,219.5537,8,False
DE000537,T0021,S030,BATTERY_SWAP,train,4,4,True,True,2951.0,4.987,2526.0,4.269,2962.0,6.593,2515.0,2.663,1.63,2.001,16.671,0.0,6.0,22.671,4,OPEN,True,26.9666,1,True
DE000537,T0021,S018,BATTERY_SWAP,train,4,4,True,True,4950.4,6.343,5090.5,5.597,2962.0,6.593,7078.9,5.347,1.63,2.001,21.539,0.0,6.0,27.539,2,OPEN,True,42.3336,2,False
DE000537,T0021,S010,CHARGING,train,4,4,True,True,4115.2,6.284,3617.6,5.566,2962.0,6.593,4770.8,5.256,1.63,2.001,21.38,0.0,18.0,39.38,2,OPEN,True,49.5354,3,False
DE000537,T0021,S009,BATTERY_SWAP,train,4,4,True,True,9659.7,11.951,9823.0,11.419,2962.0,6.593,16520.7,16.777,1.63,2.001,42.331,0.0,6.0,48.331,4,OPEN,True,84.1664,4,False
DE000541,T0021,S030,BATTERY_SWAP,train,4,4,True,True,2794.7,4.675,2526.0,4.269,2545.0,5.685,2775.7,3.259,2.468,2.001,20.079,0.0,6.0,26.079,4,OPEN,True,31.0451,1,True
DE000541,T0021,S018,BATTERY_SWAP,train,4,4,True,True,4794.1,6.031,5090.5,5.597,2545.0,5.685,7339.6,5.943,2.468,2.001,26.083,0.0,6.0,32.083,2,OPEN,True,47.5482,2,False
DE000541,T0021,S010,CHARGING,train,4,4,True,True,3958.9,5.972,3617.6,5.566,2545.0,5.685,5031.5,5.852,2.468,2.001,25.875,0.0,18.0,43.875,2,OPEN,True,54.7006,3,False
DE000541,T0021,S009,BATTERY_SWAP,train,4,4,True,True,9503.4,11.639,9823.0,11.419,2545.0,5.685,16781.4,17.373,2.468,2.001,51.574,0.0,6.0,57.574,4,OPEN,True,94.0805,4,False
DE000545,T0021,S030,BATTERY_SWAP,train,4,4,True,True,2557.6,4.446,2526.0,4.269,2152.0,4.807,2931.6,3.907,2.737,2.001,20.709,0.0,6.0,26.709,4,OPEN,True,32.149,1,True
DE000545,T0021,S018,BATTERY_SWAP,train,4,4,True,True,4557.0,5.801,5090.5,5.597,2152.0,4.807,7495.5,6.591,2.737,2.001,27.078,0.0,6.0,33.078,2,OPEN,True,49.0168,2,False
DE000545,T0021,S010,CHARGING,train,4,4,True,True,3721.8,5.742,3617.6,5.566,2152.0,4.807,5187.4,6.501,2.737,2.001,26.853,0.0,18.0,44.853,2,OPEN,True,56.1534,3,False
DE000545,T0021,S009,BATTERY_SWAP,train,4,4,True,True,9266.3,11.409,9823.0,11.419,2152.0,4.807,16937.3,18.022,2.737,2.001,54.078,0.0,6.0,60.078,4,OPEN,True,97.0577,4,False
DE000549,T0021,S030,BATTERY_SWAP,train,4,4,True,True,2371.5,4.04,2526.0,4.269,1757.0,3.638,3140.5,4.671,1.939,2.001,16.375,0.0,6.0,22.375,4,OPEN,True,28.4239,1,True
DE000549,T0021,S018,BATTERY_SWAP,train,4,4,True,True,4371.0,5.396,5090.5,5.597,1757.0,3.638,7704.5,7.355,1.939,2.001,21.662,0.0,6.0,27.662,2,OPEN,True,44.21,2,False
DE000549,T0021,S010,CHARGING,train,4,4,True,True,3535.8,5.337,3617.6,5.566,1757.0,3.638,5396.4,7.264,1.939,2.001,21.485,0.0,18.0,39.485,2,OPEN,True,51.3935,3,False
DE000549,T0021,S009,BATTERY_SWAP,train,4,4,True,True,9080.2,11.004,9823.0,11.419,1757.0,3.638,17146.2,18.785,1.939,2.001,44.187,0.0,6.0,50.187,4,OPEN,True,87.7755,4,False
DE000553,T0021,S030,BATTERY_SWAP,train,5,5,True,True,2371.5,4.04,2526.0,4.269,1363.0,2.328,3534.5,5.981,1.711,2.001,15.454,8.0,6.0,29.454,2,OPEN,True,37.3184,1,True
DE000553,T0021,S010,BATTERY_SWAP,train,5,5,True,True,3535.8,5.337,3617.6,5.566,1363.0,2.328,5790.4,8.575,1.711,2.001,20.268,0.0,6.0,26.268,2,OPEN,True,39.2924,2,False
DE000553,T0021,S018,BATTERY_SWAP,train,5,5,True,True,4371.0,5.396,5090.5,5.597,1363.0,2.328,8098.5,8.665,1.711,2.001,20.432,0.0,6.0,26.432,2,OPEN,True,44.0954,3,False
DE000553,T0021,S010,CHARGING,train,5,5,True,True,3535.8,5.337,3617.6,5.566,1363.0,2.328,5790.4,8.575,1.711,2.001,20.268,0.0,18.0,38.268,2,OPEN,True,51.2924,4,False
DE000553,T0021,S009,BATTERY_SWAP,train,5,5,True,True,9080.2,11.004,9823.0,11.419,1363.0,2.328,17540.2,20.096,1.711,2.001,41.678,0.0,6.0,47.678,4,OPEN,True,86.3822,5,False
DE000557,T0021,S030,BATTERY_SWAP,train,5,5,True,True,1988.6,3.466,2526.0,4.269,981.0,1.61,3533.6,6.125,1.973,2.001,15.379,8.0,6.0,29.379,2,OPEN,True,37.2778,1,True
DE000557,T0021,S010,BATTERY_SWAP,train,5,5,True,True,3152.8,4.762,3617.6,5.566,981.0,1.61,5789.4,8.718,1.973,2.001,20.533,0.0,6.0,26.533,2,OPEN,True,39.5913,2,False
DE000557,T0021,S018,BATTERY_SWAP,train,5,5,True,True,3988.1,4.821,5090.5,5.597,981.0,1.61,8097.6,8.809,1.973,2.001,20.712,0.0,6.0,26.712,2,OPEN,True,44.4099,3,False
DE000557,T0021,S010,CHARGING,train,5,5,True,True,3152.8,4.762,3617.6,5.566,981.0,1.61,5789.4,8.718,1.973,2.001,20.533,0.0,18.0,38.533,2,OPEN,True,51.5913,4,False
DE000557,T0021,S009,BATTERY_SWAP,train,5,5,True,True,8697.3,10.429,9823.0,11.419,981.0,1.61,17539.3,20.239,1.973,2.001,43.428,0.0,6.0,49.428,4,OPEN,True,88.1661,5,False
DE000561,T0021,S030,BATTERY_SWAP,train,5,5,True,True,1998.3,3.629,2526.0,4.269,622.0,0.847,3902.3,7.051,2.657,2.001,18.184,8.0,6.0,32.184,2,OPEN,True,41.0511,1,True
DE000561,T0021,S010,BATTERY_SWAP,train,5,5,True,True,3162.5,4.926,3617.6,5.566,622.0,0.847,6158.1,9.644,2.657,2.001,24.225,0.0,6.0,30.225,2,OPEN,True,44.2517,2,False
DE000561,T0021,S018,BATTERY_SWAP,train,5,5,True,True,4178.6,4.985,5090.5,5.597,622.0,0.847,8647.1,9.735,2.657,2.001,24.444,0.0,6.0,30.444,2,OPEN,True,49.4723,3,False
DE000561,T0021,S010,CHARGING,train,5,5,True,True,3162.5,4.926,3617.6,5.566,622.0,0.847,6158.1,9.644,2.657,2.001,24.225,0.0,18.0,42.225,2,OPEN,True,56.2517,4,False
DE000561,T0021,S009,BATTERY_SWAP,train,5,5,True,True,8887.9,10.593,9823.0,11.419,622.0,0.847,18088.9,21.165,2.657,2.001,50.995,0.0,6.0,56.995,4,OPEN,True,97.0645,5,False
DE000565,T0021,S030,BATTERY_SWAP,train,5,5,True,True,2218.9,3.818,2526.0,4.269,244.0,0.393,4500.9,7.693,1.984,2.001,16.117,8.0,6.0,30.117,2,OPEN,True,40.342,1,True
DE000565,T0021,S010,BATTERY_SWAP,train,5,5,True,True,3383.2,5.115,3617.6,5.566,244.0,0.393,6756.8,10.287,1.984,2.001,21.285,0.0,6.0,27.285,2,OPEN,True,42.67,2,False
DE000565,T0021,S018,BATTERY_SWAP,train,5,5,True,True,4399.3,5.174,5090.5,5.597,244.0,0.393,9245.8,10.378,1.984,2.001,21.465,0.0,6.0,27.465,2,OPEN,True,47.8509,3,False
DE000565,T0021,S010,CHARGING,train,5,5,True,True,3383.2,5.115,3617.6,5.566,244.0,0.393,6756.8,10.287,1.984,2.001,21.285,0.0,18.0,39.285,2,OPEN,True,54.67,4,False
DE000565,T0021,S009,BATTERY_SWAP,train,5,5,True,True,9108.5,10.782,9823.0,11.419,244.0,0.393,18687.5,21.808,1.984,2.001,44.242,0.0,6.0,50.242,4,OPEN,True,91.6687,5,False
DE000641,T0025,S019,CHARGING,train,17,8,True,True,2463.1,5.618,1282.3,2.728,5274.0,16.441,0.0,0.0,2.69,2.001,20.571,0.0,18.0,38.571,1,OPEN,True,38.2212,1,True
DE000641,T0025,S011,CHARGING,train,17,8,True,True,6597.4,11.648,5961.4,8.947,5274.0,16.441,7284.8,4.154,2.69,2.001,49.237,0.0,18.0,67.237,3,OPEN,True,81.795,2,False
DE000641,T0025,S007,CHARGING,train,17,8,True,True,8246.2,12.939,7165.4,10.871,5274.0,16.441,10137.6,7.368,2.69,2.001,56.557,0.0,18.0,74.557,4,OPEN,True,95.2745,3,False
DE000641,T0025,S010,CHARGING,train,17,8,True,True,10117.7,13.722,8634.9,10.981,5274.0,16.441,13478.6,8.262,2.69,2.001,58.885,0.0,18.0,76.885,3,OPEN,True,104.8581,4,False
DE000641,T0025,S016,CHARGING,train,17,8,True,True,10340.3,14.548,9538.4,12.058,5274.0,16.441,14604.7,10.165,2.69,2.001,63.263,0.0,18.0,81.263,2,OPEN,True,112.3133,5,False
DE000641,T0025,S026,CHARGING,train,17,8,True,True,10767.6,16.133,9869.0,13.336,5274.0,16.441,15362.6,13.028,2.69,2.001,70.084,0.0,18.0,88.084,1,OPEN,True,121.7163,6,False
DE000641,T0025,S017,CHARGING,train,17,8,True,True,10645.3,16.098,10014.5,13.624,5274.0,16.441,15385.8,13.282,2.69,2.001,70.566,0.0,18.0,88.566,2,OPEN,True,121.9579,7,False
DE000641,T0025,S022,CHARGING,train,17,8,True,True,11722.0,17.011,11084.5,14.637,5274.0,16.441,17532.5,15.207,2.69,2.001,75.048,0.0,18.0,93.048,5,OPEN,True,130.1649,8,False
DE000644,T0025,S019,CHARGING,train,17,8,True,True,2616.3,6.077,1282.3,2.728,4622.0,14.268,0.0,0.0,2.38,2.001,19.923,0.0,18.0,37.923,1,OPEN,True,37.5735,1,True
DE000644,T0025,S011,CHARGING,train,17,8,True,True,6750.6,12.108,5961.4,8.947,4622.0,14.268,8090.0,6.787,2.38,2.001,46.72,0.0,18.0,64.72,3,OPEN,True,81.5463,2,False
DE000644,T0025,S007,CHARGING,train,17,8,True,True,8399.4,13.398,7165.4,10.871,4622.0,14.268,10942.8,10.001,2.38,2.001,53.64,0.0,18.0,71.64,4,OPEN,True,94.6258,3,False
DE000644,T0025,S010,CHARGING,train,17,8,True,True,10270.9,14.182,8634.9,10.981,4622.0,14.268,14283.8,10.895,2.38,2.001,55.725,0.0,18.0,73.725,3,OPEN,True,103.9665,4,False
DE000644,T0025,S016,CHARGING,train,17,8,True,True,10493.5,15.007,9538.4,12.058,4622.0,14.268,15409.9,12.798,2.38,2.001,59.846,0.0,18.0,77.846,2,OPEN,True,111.1657,5,False
DE000644,T0025,S026,CHARGING,train,17,8,True,True,10920.7,16.593,9869.0,13.336,4622.0,14.268,16167.7,15.661,2.38,2.001,66.176,0.0,18.0,84.176,1,OPEN,True,120.077,6,False
DE000644,T0025,S017,CHARGING,train,17,8,True,True,10798.5,16.557,10014.5,13.624,4622.0,14.268,16191.0,15.914,2.38,2.001,66.669,0.0,18.0,84.669,2,OPEN,True,120.3297,7,False
DE000644,T0025,S022,CHARGING,train,17,8,True,True,11875.2,17.471,11084.5,14.637,4622.0,14.268,18337.7,17.839,2.38,2.001,70.868,0.0,18.0,88.868,5,OPEN,True,128.2536,8,False
DE000647,T0025,S019,CHARGING,train,17,8,True,True,2490.0,5.699,1282.3,2.728,3999.0,12.19,0.0,0.0,2.061,2.001,17.204,0.0,18.0,35.204,1,OPEN,True,34.8543,1,True
DE000647,T0025,S011,CHARGING,train,17,8,True,True,6624.3,11.729,5961.4,8.947,3999.0,12.19,8586.7,8.486,2.061,2.001,42.077,0.0,18.0,60.077,3,OPEN,True,78.3215,2,False
DE000647,T0025,S007,CHARGING,train,17,8,True,True,8273.2,13.019,7165.4,10.871,3999.0,12.19,11439.6,11.7,2.061,2.001,48.585,0.0,18.0,66.585,4,OPEN,True,90.9895,3,False
DE000647,T0025,S010,CHARGING,train,17,8,True,True,10144.6,13.803,8634.9,10.981,3999.0,12.19,14780.5,12.593,2.061,2.001,50.421,0.0,18.0,68.421,3,OPEN,True,100.0801,4,False
DE000647,T0025,S016,CHARGING,train,17,8,True,True,10367.2,14.629,9538.4,12.058,3999.0,12.19,15906.6,14.497,2.061,2.001,54.279,0.0,18.0,72.279,2,OPEN,True,107.0159,5,False
DE000647,T0025,S026,CHARGING,train,17,8,True,True,10794.5,16.214,9869.0,13.336,3999.0,12.19,16664.5,17.36,2.061,2.001,60.103,0.0,18.0,78.103,1,OPEN,True,115.4215,6,False
DE000647,T0025,S017,CHARGING,train,17,8,True,True,10672.3,16.179,10014.5,13.624,3999.0,12.19,16687.8,17.613,2.061,2.001,60.607,0.0,18.0,78.607,2,OPEN,True,115.6857,7,False
DE000647,T0025,S022,CHARGING,train,17,8,True,True,11748.9,17.092,11084.5,14.637,3999.0,12.19,18834.4,19.538,2.061,2.001,64.515,0.0,18.0,82.515,5,OPEN,True,123.3179,8,False
DE000650,T0025,S019,CHARGING,train,17,8,True,True,1983.6,4.302,1282.3,2.728,3310.0,9.896,0.0,0.0,1.736,2.001,12.927,0.0,18.0,30.927,1,OPEN,True,30.5771,1,True
DE000650,T0025,S011,CHARGING,train,17,8,True,True,6057.1,10.027,5961.4,8.947,3310.0,9.896,8708.5,9.078,1.736,2.001,35.311,0.0,18.0,53.311,3,OPEN,True,71.9474,2,False
DE000650,T0025,S007,CHARGING,train,17,8,True,True,7825.6,11.318,7165.4,10.871,3310.0,9.896,11681.0,12.292,1.736,2.001,41.4,0.0,18.0,59.4,4,OPEN,True,84.4351,3,False
DE000650,T0025,S010,CHARGING,train,17,8,True,True,9577.4,12.101,8634.9,10.981,3310.0,9.896,14902.3,13.186,1.736,2.001,42.981,0.0,18.0,60.981,3,OPEN,True,93.0319,4,False
DE000650,T0025,S016,CHARGING,train,17,8,True,True,9800.0,12.927,9538.4,12.058,3310.0,9.896,16028.4,15.089,1.736,2.001,46.57,0.0,18.0,64.57,2,OPEN,True,99.6993,5,False
DE000650,T0025,S026,CHARGING,train,17,8,True,True,10346.9,14.513,9869.0,13.336,3310.0,9.896,16905.9,17.952,1.736,2.001,51.879,0.0,18.0,69.879,1,OPEN,True,107.8289,6,False
DE000650,T0025,S017,CHARGING,train,17,8,True,True,10272.0,14.477,10014.5,13.624,3310.0,9.896,16976.5,18.205,1.736,2.001,52.395,0.0,18.0,70.395,2,OPEN,True,108.1992,7,False
DE000650,T0025,S022,CHARGING,train,17,8,True,True,11181.7,15.391,11084.5,14.637,3310.0,9.896,18956.2,20.131,1.736,2.001,56.006,0.0,18.0,74.006,5,OPEN,True,115.2008,8,False
DE000653,T0025,S019,CHARGING,train,19,8,True,True,1731.9,3.939,1282.3,2.728,2548.0,7.549,466.2,0.0,2.787,2.001,16.436,0.0,18.0,34.436,2,OPEN,True,34.6686,1,True
DE000653,T0025,S011,CHARGING,train,19,8,True,True,6042.6,9.984,5961.4,8.947,2548.0,7.549,9456.0,11.382,2.787,2.001,45.728,0.0,18.0,63.728,2,OPEN,True,84.7859,2,False
DE000653,T0025,S007,CHARGING,train,19,8,True,True,7811.1,11.274,7165.4,10.871,2548.0,7.549,12428.5,14.596,2.787,2.001,53.174,0.0,18.0,71.174,3,OPEN,True,98.63,3,False
DE000653,T0025,S010,CHARGING,train,19,8,True,True,9562.9,12.058,8634.9,10.981,2548.0,7.549,15649.8,15.489,2.787,2.001,55.578,0.0,18.0,73.578,2,OPEN,True,108.0502,4,False
DE000653,T0025,S016,CHARGING,train,19,8,True,True,9785.5,12.884,9538.4,12.058,2548.0,7.549,16775.9,17.393,2.787,2.001,60.036,0.0,18.0,78.036,3,OPEN,True,114.8855,5,False
DE000653,T0025,S026,CHARGING,train,19,8,True,True,10332.5,14.469,9869.0,13.336,2548.0,7.549,17653.5,20.256,2.787,2.001,67.011,0.0,18.0,85.011,3,OPEN,True,124.3317,6,False
DE000653,T0025,S017,CHARGING,train,19,8,True,True,10020.2,14.434,10014.5,13.624,2548.0,7.549,17486.7,20.509,2.787,2.001,67.489,0.0,18.0,85.489,1,OPEN,True,125.2398,7,False
DE000653,T0025,S022,CHARGING,train,19,8,True,True,11167.3,15.347,11084.5,14.637,2548.0,7.549,19703.8,22.434,2.787,2.001,72.06,0.0,18.0,90.06,5,OPEN,True,133.3262,8,False
DE000656,T0025,S019,CHARGING,train,19,8,True,True,1997.7,4.176,1282.3,2.728,1794.0,5.037,1486.0,1.867,2.75,2.001,16.943,0.0,18.0,34.943,2,OPEN,True,37.6815,1,True
DE000656,T0025,S011,CHARGING,train,19,8,True,True,5799.4,9.519,5961.4,8.947,1794.0,5.037,9966.8,13.429,2.75,2.001,44.081,0.0,18.0,62.081,2,OPEN,True,84.6719,2,False
DE000656,T0025,S007,CHARGING,train,19,8,True,True,7442.8,10.732,7165.4,10.871,1794.0,5.037,12814.2,16.565,2.75,2.001,51.265,0.0,18.0,69.265,3,OPEN,True,97.9842,3,False
DE000656,T0025,S010,CHARGING,train,19,8,True,True,9319.7,11.593,8634.9,10.981,1794.0,5.037,16160.6,17.537,2.75,2.001,53.854,0.0,18.0,71.854,2,OPEN,True,107.8595,4,False
DE000656,T0025,S016,CHARGING,train,19,8,True,True,9758.1,12.801,9538.4,12.058,1794.0,5.037,17502.5,19.822,2.75,2.001,59.332,0.0,18.0,77.332,3,OPEN,True,116.2428,5,False
DE000656,T0025,S026,CHARGING,train,19,8,True,True,9964.2,13.927,9869.0,13.336,1794.0,5.037,18039.2,22.225,2.75,2.001,64.983,0.0,18.0,82.983,3,OPEN,True,123.5677,6,False
DE000656,T0025,S017,CHARGING,train,19,8,True,True,10321.6,14.351,10014.5,13.624,1794.0,5.037,18542.1,22.938,2.75,2.001,66.729,0.0,18.0,84.729,1,OPEN,True,127.1974,7,False
DE000656,T0025,S022,CHARGING,train,19,8,True,True,11139.8,15.265,11084.5,14.637,1794.0,5.037,20430.3,24.864,2.75,2.001,71.266,0.0,18.0,89.266,5,OPEN,True,134.5922,8,False
DE000659,T0025,S019,CHARGING,train,19,8,True,True,1652.7,3.372,1282.3,2.728,1040.0,2.588,1895.0,3.512,1.82,2.001,11.596,0.0,18.0,29.596,2,OPEN,True,33.5636,1,True
DE000659,T0025,S011,CHARGING,train,19,8,True,True,5769.4,9.097,5961.4,8.947,1040.0,2.588,10690.8,15.456,1.82,2.001,34.46,0.0,18.0,52.46,2,OPEN,True,77.0061,2,False
DE000659,T0025,S007,CHARGING,train,19,8,True,True,7617.7,10.388,7165.4,10.871,1040.0,2.588,13743.1,18.67,1.82,2.001,40.658,0.0,18.0,58.658,3,OPEN,True,89.7618,3,False
DE000659,T0025,S010,CHARGING,train,19,8,True,True,9289.7,11.171,8634.9,10.981,1040.0,2.588,16884.6,19.564,1.82,2.001,42.305,0.0,18.0,60.305,2,OPEN,True,98.2648,4,False
DE000659,T0025,S016,CHARGING,train,19,8,True,True,9512.3,11.997,9538.4,12.058,1040.0,2.588,18010.7,21.467,1.82,2.001,45.963,0.0,18.0,63.963,3,OPEN,True,104.3016,5,False
DE000659,T0025,S026,CHARGING,train,19,8,True,True,10128.7,13.583,9869.0,13.336,1040.0,2.588,18957.7,24.33,1.82,2.001,51.405,0.0,18.0,69.405,3,OPEN,True,112.3533,6,False
DE000659,T0025,S017,CHARGING,train,19,8,True,True,9976.6,13.547,10014.5,13.624,1040.0,2.588,18951.1,24.583,1.82,2.001,51.918,0.0,18.0,69.918,1,OPEN,True,113.6162,7,False
DE000659,T0025,S022,CHARGING,train,19,8,True,True,10894.0,14.46,11084.5,14.637,1040.0,2.588,20938.5,26.509,1.82,2.001,55.606,0.0,18.0,73.606,5,OPEN,True,120.36,8,False
DE000662,T0025,S019,CHARGING,train,19,8,True,True,1625.9,3.318,1282.3,2.728,412.0,1.079,2496.2,4.967,2.528,2.001,13.848,0.0,18.0,31.848,2,OPEN,True,37.382,1,True
DE000662,T0025,S011,CHARGING,train,19,8,True,True,5796.2,9.151,5961.4,8.947,412.0,1.079,11345.6,17.019,2.528,2.001,41.037,0.0,18.0,59.037,2,OPEN,True,85.2829,2,False
DE000662,T0025,S007,CHARGING,train,19,8,True,True,7644.6,10.442,7165.4,10.871,412.0,1.079,14398.0,20.233,2.528,2.001,48.148,0.0,18.0,66.148,3,OPEN,True,98.9526,3,False
DE000662,T0025,S010,CHARGING,train,19,8,True,True,9316.6,11.225,8634.9,10.981,412.0,1.079,17539.5,21.127,2.528,2.001,50.35,0.0,18.0,68.35,2,OPEN,True,108.0103,4,False
DE000662,T0025,S016,CHARGING,train,19,8,True,True,9539.2,12.051,9538.4,12.058,412.0,1.079,18665.6,23.03,2.528,2.001,54.593,0.0,18.0,72.593,3,OPEN,True,114.6317,5,False
DE000662,T0025,S026,CHARGING,train,19,8,True,True,10155.5,13.636,9869.0,13.336,412.0,1.079,19612.5,25.893,2.528,2.001,61.158,0.0,18.0,79.158,3,OPEN,True,123.8058,6,False
DE000662,T0025,S017,CHARGING,train,19,8,True,True,9949.8,13.601,10014.5,13.624,412.0,1.079,19552.3,26.146,2.528,2.001,61.645,0.0,18.0,79.645,1,OPEN,True,124.9364,7,False
DE000662,T0025,S022,CHARGING,train,19,8,True,True,10920.9,14.514,11084.5,14.637,412.0,1.079,21593.4,28.072,2.528,2.001,65.979,0.0,18.0,83.979,5,OPEN,True,132.4342,8,False
DE000721,T0028,S022,CHARGING,validation,19,8,True,True,7098.8,11.414,6612.5,10.363,5753.0,14.58,7958.3,7.196,1.587,2.001,38.85,0.0,18.0,56.85,5,OPEN,True,72.8152,1,True
DE000721,T0028,S025,CHARGING,validation,19,8,True,True,6465.0,11.006,7019.8,10.533,5753.0,14.58,7731.8,6.959,1.587,2.001,38.543,0.0,18.0,56.543,1,OPEN,True,73.3969,2,False
DE000721,T0028,S016,CHARGING,validation,19,8,True,True,8377.3,13.228,7956.3,12.684,5753.0,14.58,10580.6,11.332,1.587,2.001,46.373,0.0,18.0,64.373,3,OPEN,True,87.3174,3,False
DE000721,T0028,S017,CHARGING,validation,19,8,True,True,11202.9,16.564,10995.7,15.878,5753.0,14.58,16445.6,17.861,1.587,2.001,58.058,0.0,18.0,76.058,1,OPEN,True,113.0648,4,False
DE000721,T0028,S004,CHARGING,validation,19,8,True,True,14794.2,16.526,14466.3,16.378,5753.0,14.58,23507.5,18.323,1.587,2.001,58.999,0.0,18.0,76.999,1,OPEN,True,128.2444,5,False
DE000721,T0028,S002,CHARGING,validation,19,8,True,True,15702.5,17.264,15086.3,16.473,5753.0,14.58,25035.8,19.157,1.587,2.001,60.361,0.0,18.0,78.361,4,OPEN,True,131.8214,6,False
DE000721,T0028,S019,CHARGING,validation,19,8,True,True,14085.7,19.519,13128.8,17.977,5753.0,14.58,21461.5,22.917,1.587,2.001,66.95,0.0,18.0,84.95,2,OPEN,True,132.902,7,False
DE000721,T0028,S008,CHARGING,validation,19,8,True,True,15025.3,19.436,14417.1,18.501,5753.0,14.58,23689.4,23.356,1.587,2.001,67.864,0.0,18.0,85.864,3,OPEN,True,138.0319,8,False
DE000724,T0028,S022,CHARGING,validation,18,8,True,True,7396.1,11.064,6612.5,10.363,5003.0,12.782,9005.6,8.644,1.784,2.001,40.474,0.0,18.0,58.474,5,OPEN,True,76.8959,1,True
DE000724,T0028,S016,CHARGING,validation,18,8,True,True,8674.6,12.878,7956.3,12.684,5003.0,12.782,11627.9,12.779,1.784,2.001,48.355,0.0,18.0,66.355,2,OPEN,True,92.1054,2,False
DE000724,T0028,S017,CHARGING,validation,18,8,True,True,11500.2,16.214,10995.7,15.878,5003.0,12.782,17492.9,19.309,1.784,2.001,60.697,0.0,18.0,78.697,2,OPEN,True,117.8099,3,False
DE000724,T0028,S004,CHARGING,validation,18,8,True,True,15091.6,16.175,14466.3,16.378,5003.0,12.782,24554.9,19.771,1.784,2.001,61.63,0.0,18.0,79.63,2,OPEN,True,132.9822,4,False
DE000724,T0028,S002,CHARGING,validation,18,8,True,True,15999.8,16.914,15086.3,16.473,5003.0,12.782,26083.1,20.605,1.784,2.001,63.137,0.0,18.0,81.137,4,OPEN,True,137.0543,5,False
DE000724,T0028,S019,CHARGING,validation,18,8,True,True,14383.0,19.169,13128.8,17.977,5003.0,12.782,22508.8,24.364,1.784,2.001,70.171,0.0,18.0,88.171,4,OPEN,True,137.8793,6,False
DE000724,T0028,S008,CHARGING,validation,18,8,True,True,14863.0,19.086,14417.1,18.501,5003.0,12.782,24277.1,24.804,1.784,2.001,71.069,0.0,18.0,89.069,2,OPEN,True,143.1236,7,False
DE000724,T0028,S011,CHARGING,validation,18,8,True,True,16266.9,21.19,15531.5,20.604,5003.0,12.782,26795.4,29.012,1.784,2.001,79.033,0.0,18.0,97.033,1,OPEN,True,157.5272,8,False
DE000727,T0028,S022,CHARGING,validation,18,8,True,True,7198.1,11.189,6612.5,10.363,4265.0,11.011,9545.6,10.54,2.498,2.001,48.685,0.0,18.0,66.685,5,OPEN,True,86.6607,1,True
DE000727,T0028,S016,CHARGING,validation,18,8,True,True,8476.6,13.003,7956.3,12.684,4265.0,11.011,12167.9,14.676,2.498,2.001,57.861,0.0,18.0,75.861,2,OPEN,True,103.1656,2,False
DE000727,T0028,S017,CHARGING,validation,18,8,True,True,11302.1,16.338,10995.7,15.878,4265.0,11.011,18032.8,21.205,2.498,2.001,72.585,0.0,18.0,90.585,2,OPEN,True,131.2516,3,False
DE000727,T0028,S004,CHARGING,validation,18,8,True,True,14893.5,16.3,14466.3,16.378,4265.0,11.011,25094.8,21.667,2.498,2.001,73.49,0.0,18.0,91.49,2,OPEN,True,146.3965,4,False
DE000727,T0028,S002,CHARGING,validation,18,8,True,True,15801.7,17.038,15086.3,16.473,4265.0,11.011,26623.0,22.501,2.498,2.001,75.524,0.0,18.0,93.524,4,OPEN,True,150.9956,5,False
DE000727,T0028,S019,CHARGING,validation,18,8,True,True,14184.9,19.294,13128.8,17.977,4265.0,11.011,23048.7,26.26,2.498,2.001,84.169,0.0,18.0,102.169,4,OPEN,True,153.4312,6,False
DE000727,T0028,S008,CHARGING,validation,18,8,True,True,14952.2,19.21,14417.1,18.501,4265.0,11.011,25104.3,26.7,2.498,2.001,85.007,0.0,18.0,103.007,2,OPEN,True,159.1903,7,False
DE000727,T0028,S011,CHARGING,validation,18,8,True,True,16068.9,21.315,15531.5,20.604,4265.0,11.011,27335.4,30.909,2.498,2.001,94.474,0.0,18.0,112.474,1,OPEN,True,174.5223,8,False
DE000730,T0028,S022,CHARGING,validation,18,8,True,True,7203.6,11.158,6612.5,10.363,3497.0,9.168,10319.1,12.353,1.706,2.001,39.771,0.0,18.0,57.771,5,OPEN,True,79.7475,1,True
DE000730,T0028,S016,CHARGING,validation,18,8,True,True,8482.2,12.972,7956.3,12.684,3497.0,9.168,12941.5,16.488,1.706,2.001,47.511,0.0,18.0,65.511,2,OPEN,True,94.8158,2,False
DE000730,T0028,S017,CHARGING,validation,18,8,True,True,11307.7,16.308,10995.7,15.878,3497.0,9.168,18806.4,23.018,1.706,2.001,59.593,0.0,18.0,77.593,2,OPEN,True,120.2599,3,False
DE000730,T0028,S004,CHARGING,validation,18,8,True,True,14899.1,16.27,14466.3,16.378,3497.0,9.168,25868.4,23.48,1.706,2.001,60.528,0.0,18.0,78.528,2,OPEN,True,135.4352,4,False
DE000730,T0028,S002,CHARGING,validation,18,8,True,True,15807.3,17.008,15086.3,16.473,3497.0,9.168,27396.6,24.313,1.706,2.001,61.978,0.0,18.0,79.978,4,OPEN,True,139.4498,5,False
DE000730,T0028,S019,CHARGING,validation,18,8,True,True,14190.5,19.263,13128.8,17.977,3497.0,9.168,23822.3,28.073,1.706,2.001,68.836,0.0,18.0,86.836,4,OPEN,True,140.0988,6,False
DE000730,T0028,S008,CHARGING,validation,18,8,True,True,14936.9,19.18,14417.1,18.501,3497.0,9.168,25857.0,28.513,1.706,2.001,69.74,0.0,18.0,87.74,2,OPEN,True,145.8824,7,False
DE000730,T0028,S011,CHARGING,validation,18,8,True,True,16074.5,21.284,15531.5,20.604,3497.0,9.168,28109.0,32.721,1.706,2.001,77.541,0.0,18.0,95.541,1,OPEN,True,159.5892,8,False
DE000733,T0028,S022,CHARGING,validation,18,8,True,True,7109.8,11.365,6612.5,10.363,2746.0,7.153,10976.3,14.575,1.919,2.001,42.545,0.0,18.0,60.545,5,OPEN,True,84.3915,1,True
DE000733,T0028,S016,CHARGING,validation,18,8,True,True,8388.3,13.179,7956.3,12.684,2746.0,7.153,13598.6,18.71,1.919,2.001,50.671,0.0,18.0,68.671,2,OPEN,True,99.846,2,False
DE000733,T0028,S017,CHARGING,validation,18,8,True,True,11213.9,16.515,10995.7,15.878,2746.0,7.153,19463.6,25.24,1.919,2.001,63.464,0.0,18.0,81.464,2,OPEN,True,126.0008,3,False
DE000733,T0028,S004,CHARGING,validation,18,8,True,True,14805.2,16.477,14466.3,16.378,2746.0,7.153,26525.5,25.702,1.919,2.001,64.391,0.0,18.0,82.391,2,OPEN,True,141.1677,4,False
DE000733,T0028,S002,CHARGING,validation,18,8,True,True,15713.4,17.215,15086.3,16.473,2746.0,7.153,28053.7,26.535,1.919,2.001,65.998,0.0,18.0,83.998,4,OPEN,True,145.3395,5,False
DE000733,T0028,S019,CHARGING,validation,18,8,True,True,14096.6,19.47,13128.8,17.977,2746.0,7.153,24479.4,30.295,1.919,2.001,73.336,0.0,18.0,91.336,4,OPEN,True,146.469,6,False
DE000733,T0028,S008,CHARGING,validation,18,8,True,True,14989.9,19.387,14417.1,18.501,2746.0,7.153,26661.0,30.735,1.919,2.001,74.223,0.0,18.0,92.223,2,OPEN,True,152.5286,7,False
DE000733,T0028,S011,CHARGING,validation,18,8,True,True,15980.6,21.492,15531.5,20.604,2746.0,7.153,28766.1,34.943,1.919,2.001,82.472,0.0,18.0,100.472,1,OPEN,True,166.3899,8,False
DE000736,T0028,S022,CHARGING,validation,18,8,True,True,6529.4,10.402,6612.5,10.363,1959.0,5.159,11182.9,15.606,2.79,2.001,49.757,0.0,18.0,67.757,5,OPEN,True,92.2747,1,True
DE000736,T0028,S016,CHARGING,validation,18,8,True,True,7807.9,12.216,7956.3,12.684,1959.0,5.159,13805.2,19.741,2.79,2.001,59.464,0.0,18.0,77.464,2,OPEN,True,109.3094,2,False
DE000736,T0028,S017,CHARGING,validation,18,8,True,True,10633.5,15.552,10995.7,15.878,1959.0,5.159,19670.2,26.271,2.79,2.001,75.161,0.0,18.0,93.161,2,OPEN,True,138.3696,3,False
DE000736,T0028,S004,CHARGING,validation,18,8,True,True,14224.9,15.514,14466.3,16.378,1959.0,5.159,26732.2,26.733,2.79,2.001,76.055,0.0,18.0,94.055,2,OPEN,True,153.5032,4,False
DE000736,T0028,S002,CHARGING,validation,18,8,True,True,15133.1,16.252,15086.3,16.473,1959.0,5.159,28260.4,27.567,2.79,2.001,78.305,0.0,18.0,96.305,4,OPEN,True,158.3179,5,False
DE000736,T0028,S019,CHARGING,validation,18,8,True,True,13516.3,18.507,13128.8,17.977,1959.0,5.159,24686.1,31.326,2.79,2.001,87.608,0.0,18.0,105.608,4,OPEN,True,161.4121,6,False
DE000736,T0028,S008,CHARGING,validation,18,8,True,True,15654.8,18.424,14417.1,18.501,1959.0,5.159,28112.9,31.766,2.79,2.001,88.422,0.0,18.0,106.422,2,OPEN,True,169.8891,7,False
DE000736,T0028,S011,CHARGING,validation,18,8,True,True,15400.2,20.529,15531.5,20.604,1959.0,5.159,28972.7,35.974,2.79,2.001,98.504,0.0,18.0,116.504,1,OPEN,True,183.0932,8,False
DE000739,T0028,S022,CHARGING,validation,19,8,True,True,6281.7,9.854,6612.5,10.363,1233.0,2.958,11661.2,17.258,1.109,1.143,22.772,0.0,18.0,40.772,6,OPEN,True,66.3094,1,True
DE000739,T0028,S025,CHARGING,validation,19,8,True,True,7197.1,12.47,7019.8,10.533,1233.0,2.958,12983.9,20.045,1.109,1.143,25.869,0.0,18.0,43.869,3,OPEN,True,73.7981,2,False
DE000739,T0028,S016,CHARGING,validation,19,8,True,True,7560.2,11.668,7956.3,12.684,1233.0,2.958,14283.5,21.394,1.109,1.143,27.437,0.0,18.0,45.437,4,OPEN,True,77.9529,3,False
DE000739,T0028,S017,CHARGING,validation,19,8,True,True,10385.8,15.004,10995.7,15.878,1233.0,2.958,20148.5,27.923,1.109,1.143,34.787,0.0,18.0,52.787,2,OPEN,True,99.3653,4,False
DE000739,T0028,S004,CHARGING,validation,19,8,True,True,13977.2,14.965,14466.3,16.378,1233.0,2.958,27210.5,28.385,1.109,1.143,35.317,0.0,18.0,53.317,3,OPEN,True,113.7842,5,False
DE000739,T0028,S019,CHARGING,validation,19,8,True,True,13268.6,17.959,13128.8,17.977,1233.0,2.958,25164.4,32.978,1.109,1.143,40.465,0.0,18.0,58.465,6,OPEN,True,114.9383,6,False
DE000739,T0028,S002,CHARGING,validation,19,8,True,True,14885.4,15.704,15086.3,16.473,1233.0,2.958,28738.7,29.219,1.109,1.143,36.244,0.0,18.0,54.244,7,OPEN,True,116.9263,7,False
DE000739,T0028,S011,CHARGING,validation,19,8,True,True,15152.5,19.98,15531.5,20.604,1233.0,2.958,29451.0,37.627,1.109,1.143,45.709,0.0,18.0,63.709,5,OPEN,True,130.2679,8,False
DE000742,T0028,S022,CHARGING,validation,19,8,True,True,6636.8,10.564,6612.5,10.363,485.0,1.165,12764.3,19.762,1.106,1.143,23.528,0.0,18.0,41.528,6,OPEN,True,69.8975,1,True
DE000742,T0028,S025,CHARGING,validation,19,8,True,True,7264.7,11.751,7019.8,10.533,485.0,1.165,13799.5,21.12,1.106,1.143,25.037,0.0,18.0,43.037,3,OPEN,True,74.8658,2,False
DE000742,T0028,S016,CHARGING,validation,19,8,True,True,7915.3,12.378,7956.3,12.684,485.0,1.165,15386.6,23.897,1.106,1.143,28.188,0.0,18.0,46.188,4,OPEN,True,81.5355,3,False
DE000742,T0028,S017,CHARGING,validation,19,8,True,True,10740.9,15.714,10995.7,15.878,485.0,1.165,21251.6,30.427,1.106,1.143,35.528,0.0,18.0,53.528,2,OPEN,True,102.9379,4,False
DE000742,T0028,S004,CHARGING,validation,19,8,True,True,14332.3,15.676,14466.3,16.378,485.0,1.165,28313.6,30.889,1.106,1.143,36.057,0.0,18.0,54.057,3,OPEN,True,117.3569,5,False
DE000742,T0028,S019,CHARGING,validation,19,8,True,True,13623.7,18.67,13128.8,17.977,485.0,1.165,26267.5,35.482,1.106,1.143,41.197,0.0,18.0,59.197,6,OPEN,True,118.5021,6,False
DE000742,T0028,S002,CHARGING,validation,19,8,True,True,15240.5,16.414,15086.3,16.473,485.0,1.165,29841.8,31.723,1.106,1.143,36.983,0.0,18.0,54.983,7,OPEN,True,120.4969,7,False
DE000742,T0028,S008,CHARGING,validation,19,8,True,True,15412.1,18.586,14417.1,18.501,485.0,1.165,29344.2,35.922,1.106,1.143,41.702,0.0,18.0,59.702,3,OPEN,True,126.3209,8,False
DE000745,T0029,S014,CHARGING,train,18,8,True,True,5152.3,7.272,5146.2,7.155,2869.0,6.887,7429.5,7.541,2.071,2.001,29.378,0.0,18.0,47.378,4,OPEN,True,62.7218,1,True
DE000745,T0029,S028,CHARGING,train,18,8,True,True,5452.2,8.151,5770.4,8.787,2869.0,6.887,8353.6,10.051,2.071,2.001,34.463,0.0,18.0,52.463,2,OPEN,True,70.9831,2,False
DE000745,T0029,S023,CHARGING,train,18,8,True,True,7575.2,11.834,7569.2,11.717,2869.0,6.887,12275.4,16.665,2.071,2.001,47.955,0.0,18.0,65.955,3,OPEN,True,93.6223,3,False
DE000745,T0029,S007,CHARGING,train,18,8,True,True,15496.0,19.768,15465.8,19.607,2869.0,6.887,28092.8,32.488,2.071,2.001,80.172,0.0,18.0,98.172,2,OPEN,True,161.7791,4,False
DE000745,T0029,S019,CHARGING,train,18,8,True,True,18247.4,22.162,18398.5,22.61,2869.0,6.887,33776.9,37.886,2.071,2.001,91.141,0.0,18.0,109.141,4,OPEN,True,184.766,5,False
DE000745,T0029,S026,CHARGING,train,18,8,True,True,18484.6,24.978,18853.2,25.022,2869.0,6.887,34468.8,43.113,2.071,2.001,101.798,0.0,18.0,119.798,3,OPEN,True,198.4645,6,False
DE000745,T0029,S011,CHARGING,train,18,8,True,True,20997.7,26.381,21613.1,27.064,2869.0,6.887,39741.8,46.559,2.071,2.001,108.79,0.0,18.0,126.79,1,OPEN,True,217.5636,7,False
DE000745,T0029,S016,CHARGING,train,18,8,True,True,23679.8,28.2,24344.4,29.103,2869.0,6.887,45155.2,50.417,2.071,2.001,116.638,0.0,18.0,134.638,2,OPEN,True,236.8522,8,False
DE000748,T0029,S014,CHARGING,train,18,8,True,True,5190.9,7.35,5146.2,7.155,2487.0,5.969,7850.1,8.536,1.841,2.001,27.847,0.0,18.0,45.847,4,OPEN,True,62.2814,1,True
DE000748,T0029,S028,CHARGING,train,18,8,True,True,5400.4,8.047,5770.4,8.787,2487.0,5.969,8683.8,10.865,1.841,2.001,32.398,0.0,18.0,50.398,2,OPEN,True,69.7815,2,False
DE000748,T0029,S023,CHARGING,train,18,8,True,True,7579.3,11.911,7569.2,11.717,2487.0,5.969,12661.5,17.66,1.841,2.001,45.376,0.0,18.0,63.376,3,OPEN,True,92.0635,3,False
DE000748,T0029,S007,CHARGING,train,18,8,True,True,15444.2,19.664,15465.8,19.607,2487.0,5.969,28423.0,33.302,1.841,2.001,75.434,0.0,18.0,93.434,2,OPEN,True,157.9056,4,False
DE000748,T0029,S019,CHARGING,train,18,8,True,True,18195.6,22.059,18398.5,22.61,2487.0,5.969,34107.1,38.7,1.841,2.001,85.852,0.0,18.0,103.852,4,OPEN,True,180.3417,5,False
DE000748,T0029,S026,CHARGING,train,18,8,True,True,18432.7,24.874,18853.2,25.022,2487.0,5.969,34798.9,43.928,1.841,2.001,95.863,0.0,18.0,113.863,3,OPEN,True,193.3925,6,False
DE000748,T0029,S011,CHARGING,train,18,8,True,True,20945.9,26.277,21613.1,27.064,2487.0,5.969,40072.0,47.373,1.841,2.001,102.532,0.0,18.0,120.532,1,OPEN,True,212.1691,7,False
DE000748,T0029,S016,CHARGING,train,18,8,True,True,23628.0,28.096,24344.4,29.103,2487.0,5.969,45485.4,51.231,1.841,2.001,109.961,0.0,18.0,127.961,2,OPEN,True,231.0393,8,False
DE000751,T0029,S014,CHARGING,train,18,8,True,True,4940.9,6.85,5146.2,7.155,2168.0,5.204,7919.1,8.801,1.695,2.001,25.927,0.0,18.0,43.927,4,OPEN,True,60.5652,1,True
DE000751,T0029,S028,CHARGING,train,18,8,True,True,5650.3,8.547,5770.4,8.787,2168.0,5.204,9252.7,12.13,1.695,2.001,32.07,0.0,18.0,50.07,2,OPEN,True,70.9079,2,False
DE000751,T0029,S023,CHARGING,train,18,8,True,True,7363.9,11.412,7569.2,11.717,2168.0,5.204,12765.1,17.925,1.695,2.001,42.789,0.0,18.0,60.789,3,OPEN,True,89.7505,3,False
DE000751,T0029,S007,CHARGING,train,18,8,True,True,15694.1,20.164,15465.8,19.607,2168.0,5.204,28991.9,34.567,1.695,2.001,73.411,0.0,18.0,91.411,2,OPEN,True,157.336,4,False
DE000751,T0029,S019,CHARGING,train,18,8,True,True,18445.5,22.559,18398.5,22.61,2168.0,5.204,34676.0,39.965,1.695,2.001,83.479,0.0,18.0,101.479,4,OPEN,True,179.4224,5,False
DE000751,T0029,S026,CHARGING,train,18,8,True,True,18682.7,25.374,18853.2,25.022,2168.0,5.204,35367.9,45.192,1.695,2.001,93.078,0.0,18.0,111.078,3,OPEN,True,192.0624,6,False
DE000751,T0029,S011,CHARGING,train,18,8,True,True,21195.9,26.777,21613.1,27.064,2168.0,5.204,40641.0,48.637,1.695,2.001,99.543,0.0,18.0,117.543,1,OPEN,True,210.6342,7,False
DE000751,T0029,S016,CHARGING,train,18,8,True,True,23877.9,28.596,24344.4,29.103,2168.0,5.204,46054.3,52.495,1.695,2.001,106.706,0.0,18.0,124.706,2,OPEN,True,229.2385,8,False
DE000754,T0029,S014,CHARGING,train,18,8,True,True,4989.9,6.948,5146.2,7.155,1796.0,4.311,8340.1,9.791,1.885,2.001,27.413,0.0,18.0,45.413,4,OPEN,True,63.1411,1,True
DE000754,T0029,S028,CHARGING,train,18,8,True,True,5611.2,8.469,5770.4,8.787,1796.0,4.311,9585.6,12.945,1.885,2.001,33.547,0.0,18.0,51.547,2,OPEN,True,73.254,2,False
DE000754,T0029,S023,CHARGING,train,18,8,True,True,7412.9,11.51,7569.2,11.717,1796.0,4.311,13186.1,18.916,1.885,2.001,45.142,0.0,18.0,63.142,3,OPEN,True,93.1932,3,False
DE000754,T0029,S007,CHARGING,train,18,8,True,True,15655.0,20.086,15465.8,19.607,1796.0,4.311,29324.8,35.381,1.885,2.001,77.094,0.0,18.0,95.094,2,OPEN,True,161.8893,4,False
DE000754,T0029,S019,CHARGING,train,18,8,True,True,18406.5,22.481,18398.5,22.61,1796.0,4.311,35009.0,40.779,1.885,2.001,87.618,0.0,18.0,105.618,4,OPEN,True,184.4309,5,False
DE000754,T0029,S026,CHARGING,train,18,8,True,True,18643.6,25.296,18853.2,25.022,1796.0,4.311,35700.8,46.007,1.885,2.001,97.752,0.0,18.0,115.752,3,OPEN,True,197.6056,6,False
DE000754,T0029,S011,CHARGING,train,18,8,True,True,21156.8,26.699,21613.1,27.064,1796.0,4.311,40973.9,49.452,1.885,2.001,104.483,0.0,18.0,122.483,1,OPEN,True,216.4439,7,False
DE000754,T0029,S016,CHARGING,train,18,8,True,True,23838.8,28.518,24344.4,29.103,1796.0,4.311,46387.2,53.31,1.885,2.001,111.992,0.0,18.0,129.992,2,OPEN,True,235.3939,8,False
DE000757,T0029,S014,CHARGING,train,18,8,True,True,5009.8,6.881,5146.2,7.155,1438.0,3.452,8718.0,10.584,1.693,2.001,25.966,0.0,18.0,43.966,4,OPEN,True,62.6479,1,True
DE000757,T0029,S028,CHARGING,train,18,8,True,True,5907.4,9.061,5770.4,8.787,1438.0,3.452,10239.8,14.396,1.693,2.001,32.923,0.0,18.0,50.923,2,OPEN,True,74.3019,2,False
DE000757,T0029,S023,CHARGING,train,18,8,True,True,7432.8,11.443,7569.2,11.717,1438.0,3.452,13564.0,19.708,1.693,2.001,42.819,0.0,18.0,60.819,3,OPEN,True,91.8241,3,False
DE000757,T0029,S007,CHARGING,train,18,8,True,True,15784.1,20.678,15465.8,19.607,1438.0,3.452,29811.9,36.833,1.693,2.001,74.241,0.0,18.0,92.241,2,OPEN,True,160.3726,4,False
DE000757,T0029,S019,CHARGING,train,18,8,True,True,18535.5,23.073,18398.5,22.61,1438.0,3.452,35496.0,42.231,1.693,2.001,84.305,0.0,18.0,102.305,4,OPEN,True,182.4542,5,False
DE000757,T0029,S026,CHARGING,train,18,8,True,True,18939.7,25.888,18853.2,25.022,1438.0,3.452,36354.9,47.458,1.693,2.001,93.898,0.0,18.0,111.898,3,OPEN,True,195.4226,6,False
DE000757,T0029,S011,CHARGING,train,18,8,True,True,21285.8,27.291,21613.1,27.064,1438.0,3.452,41460.9,50.903,1.693,2.001,100.36,0.0,18.0,118.36,1,OPEN,True,213.6573,7,False
DE000757,T0029,S016,CHARGING,train,18,8,True,True,23967.9,29.11,24344.4,29.103,1438.0,3.452,46874.3,54.762,1.693,2.001,107.519,0.0,18.0,125.519,2,OPEN,True,232.2582,8,False
DE000760,T0029,S014,CHARGING,train,18,8,True,True,5259.9,6.793,5146.2,7.155,1028.0,2.466,9378.1,11.481,2.331,2.001,30.151,0.0,18.0,48.151,4,OPEN,True,68.3775,1,True
DE000760,T0029,S028,CHARGING,train,18,8,True,True,6318.1,9.628,5770.4,8.787,1028.0,2.466,11060.5,15.949,2.331,2.001,40.026,0.0,18.0,58.026,2,OPEN,True,83.4346,2,False
DE000760,T0029,S023,CHARGING,train,18,8,True,True,7688.4,11.355,7569.2,11.717,1028.0,2.466,14229.6,20.606,2.331,2.001,49.915,0.0,18.0,67.915,3,OPEN,True,100.4752,3,False
DE000760,T0029,S007,CHARGING,train,18,8,True,True,16194.8,20.62,15465.8,19.607,1028.0,2.466,30632.6,37.761,2.331,2.001,87.298,0.0,18.0,105.298,2,OPEN,True,175.3038,4,False
DE000760,T0029,S019,CHARGING,train,18,8,True,True,18946.3,23.015,18398.5,22.61,1028.0,2.466,36316.8,43.159,2.331,2.001,98.89,0.0,18.0,116.89,4,OPEN,True,198.9134,5,False
DE000760,T0029,S026,CHARGING,train,18,8,True,True,19350.5,25.83,18853.2,25.022,1028.0,2.466,37175.7,48.386,2.331,2.001,110.28,0.0,18.0,128.28,3,OPEN,True,213.6779,6,False
DE000760,T0029,S011,CHARGING,train,18,8,True,True,21696.6,27.233,21613.1,27.064,1028.0,2.466,42281.7,51.831,2.331,2.001,117.637,0.0,18.0,135.637,1,OPEN,True,232.8078,7,False
DE000760,T0029,S016,CHARGING,train,18,8,True,True,24378.6,29.053,24344.4,29.103,1028.0,2.466,47695.0,55.689,2.331,2.001,125.957,0.0,18.0,143.957,2,OPEN,True,252.5692,8,False
DE000763,T0029,S014,CHARGING,train,19,8,True,True,5163.8,7.035,5146.2,7.155,615.0,1.477,9695.0,12.713,1.218,1.143,16.746,0.0,18.0,34.746,7,OPEN,True,55.2143,1,True
DE000763,T0029,S028,CHARGING,train,19,8,True,True,6061.4,9.369,5770.4,8.787,615.0,1.477,11216.8,16.68,1.218,1.143,21.455,0.0,18.0,39.455,3,OPEN,True,65.0086,2,False
DE000763,T0029,S023,CHARGING,train,19,8,True,True,7586.8,11.597,7569.2,11.717,615.0,1.477,14541.0,21.837,1.218,1.143,27.518,0.0,18.0,45.518,6,OPEN,True,77.9588,3,False
DE000763,T0029,S007,CHARGING,train,19,8,True,True,15938.1,20.887,15465.8,19.607,615.0,1.477,30788.9,39.017,1.218,1.143,47.851,0.0,18.0,65.851,7,OPEN,True,135.0828,4,False
DE000763,T0029,S019,CHARGING,train,19,8,True,True,18689.5,23.282,18398.5,22.61,615.0,1.477,36473.0,44.415,1.218,1.143,54.2,0.0,18.0,72.2,6,OPEN,True,154.15,5,False
DE000763,T0029,S026,CHARGING,train,19,8,True,True,19093.7,26.097,18853.2,25.022,615.0,1.477,37331.9,49.643,1.218,1.143,60.387,0.0,18.0,78.387,5,OPEN,True,163.7113,6,False
DE000763,T0029,S011,CHARGING,train,19,8,True,True,21439.8,27.5,21613.1,27.064,615.0,1.477,42437.9,53.088,1.218,1.143,64.43,0.0,18.0,82.43,5,OPEN,True,178.8275,7,False
DE000763,T0029,S016,CHARGING,train,19,8,True,True,24121.9,29.319,24344.4,29.103,615.0,1.477,47851.3,56.946,1.218,1.143,68.976,0.0,18.0,86.976,4,OPEN,True,195.5149,8,False
DE000766,T0029,S014,CHARGING,train,19,8,True,True,4924.5,6.817,5146.2,7.155,228.0,0.548,9842.7,13.424,1.273,1.143,16.856,0.0,18.0,34.856,7,OPEN,True,55.797,1,True
DE000766,T0029,S028,CHARGING,train,19,8,True,True,5719.1,8.685,5770.4,8.787,228.0,0.548,11261.5,16.924,1.273,1.143,21.099,0.0,18.0,39.099,3,OPEN,True,64.8031,2,False
DE000766,T0029,S023,CHARGING,train,19,8,True,True,7347.4,11.379,7569.2,11.717,228.0,0.548,14688.6,22.548,1.273,1.143,27.878,0.0,18.0,45.878,6,OPEN,True,78.7922,3,False
DE000766,T0029,S007,CHARGING,train,19,8,True,True,15762.9,20.302,15465.8,19.607,228.0,0.548,31000.7,39.36,1.273,1.143,48.254,0.0,18.0,66.254,7,OPEN,True,135.9957,4,False
DE000766,T0029,S019,CHARGING,train,19,8,True,True,18514.4,22.696,18398.5,22.61,228.0,0.548,36684.9,44.758,1.273,1.143,54.735,0.0,18.0,72.735,6,OPEN,True,155.1949,5,False
DE000766,T0029,S026,CHARGING,train,19,8,True,True,18751.5,25.512,18853.2,25.022,228.0,0.548,37376.7,49.986,1.273,1.143,61.077,0.0,18.0,79.077,5,OPEN,True,164.5768,6,False
DE000766,T0029,S011,CHARGING,train,19,8,True,True,21264.7,26.915,21613.1,27.064,228.0,0.548,42649.8,53.431,1.273,1.143,65.197,0.0,18.0,83.197,5,OPEN,True,180.1043,7,False
DE000766,T0029,S016,CHARGING,train,19,8,True,True,23946.8,28.734,24344.4,29.103,228.0,0.548,48063.2,57.289,1.273,1.143,69.843,0.0,18.0,87.843,4,OPEN,True,196.8919,8,False
DE000793,T0031,S008,CHARGING,train,19,8,True,True,2572.8,4.92,3140.7,4.484,3032.0,7.23,2681.5,2.173,1.255,1.143,11.3,0.0,18.0,29.3,3,OPEN,True,34.156,1,True
DE000793,T0031,S002,CHARGING,train,19,8,True,True,8079.1,10.365,8200.9,10.306,3032.0,7.23,13248.0,13.441,1.255,1.143,24.788,0.0,18.0,42.788,7,OPEN,True,70.5444,2,False
DE000793,T0031,S004,CHARGING,train,19,8,True,True,9137.1,10.916,9187.2,10.302,3032.0,7.23,15292.3,13.988,1.255,1.143,25.476,0.0,18.0,43.476,3,OPEN,True,76.5073,3,False
DE000793,T0031,S017,CHARGING,train,19,8,True,True,10781.1,12.3,11589.1,12.6,3032.0,7.23,19338.2,17.669,1.255,1.143,29.838,0.0,18.0,47.838,2,OPEN,True,90.2312,4,False
DE000793,T0031,S020,CHARGING,train,19,8,True,True,10475.1,11.652,11956.5,12.985,3032.0,7.23,19399.6,17.406,1.255,1.143,29.465,0.0,18.0,47.465,1,OPEN,True,90.2657,5,False
DE000793,T0031,S016,CHARGING,train,19,8,True,True,11945.7,13.272,12740.1,13.538,3032.0,7.23,21653.8,19.579,1.255,1.143,32.13,0.0,18.0,50.13,4,OPEN,True,96.9323,6,False
DE000793,T0031,S022,CHARGING,train,19,8,True,True,12134.1,14.872,13368.0,15.637,3032.0,7.23,22470.1,23.279,1.255,1.143,36.538,0.0,18.0,54.538,6,OPEN,True,103.1975,7,False
DE000793,T0031,S025,CHARGING,train,19,8,True,True,17596.7,21.186,18473.1,21.293,3032.0,7.23,33037.8,35.249,1.255,1.143,50.926,0.0,18.0,68.926,3,OPEN,True,142.7642,8,False
DE000796,T0031,S008,CHARGING,train,19,8,True,True,2356.1,4.369,3140.7,4.484,2639.0,5.919,2857.8,2.934,1.195,1.143,10.346,0.0,18.0,28.346,3,OPEN,True,33.7454,1,True
DE000796,T0031,S002,CHARGING,train,19,8,True,True,7970.0,10.418,8200.9,10.306,2639.0,5.919,13531.9,14.806,1.195,1.143,24.23,0.0,18.0,42.23,7,OPEN,True,70.8948,2,False
DE000796,T0031,S004,CHARGING,train,19,8,True,True,8947.8,10.969,9187.2,10.302,2639.0,5.919,15496.0,15.353,1.195,1.143,24.884,0.0,18.0,42.884,3,OPEN,True,76.6643,3,False
DE000796,T0031,S020,CHARGING,train,19,8,True,True,10258.3,11.002,11956.5,12.985,2639.0,5.919,19575.8,18.068,1.195,1.143,27.989,0.0,18.0,45.989,1,OPEN,True,89.3074,4,False
DE000796,T0031,S017,CHARGING,train,19,8,True,True,10564.4,11.734,11589.1,12.6,2639.0,5.919,19514.5,18.415,1.195,1.143,28.424,0.0,18.0,46.424,2,OPEN,True,89.3569,5,False
DE000796,T0031,S016,CHARGING,train,19,8,True,True,11729.0,12.707,12740.1,13.538,2639.0,5.919,21830.1,20.326,1.195,1.143,30.658,0.0,18.0,48.658,4,OPEN,True,95.9997,6,False
DE000796,T0031,S022,CHARGING,train,19,8,True,True,11917.4,14.307,13368.0,15.637,2639.0,5.919,22646.4,24.025,1.195,1.143,34.97,0.0,18.0,52.97,6,OPEN,True,102.1688,7,False
DE000796,T0031,S025,CHARGING,train,19,8,True,True,17379.9,20.621,18473.1,21.293,2639.0,5.919,33214.0,35.995,1.195,1.143,48.98,0.0,18.0,66.98,3,OPEN,True,141.3565,8,False
DE000799,T0031,S008,CHARGING,train,19,8,True,True,2602.5,4.577,3140.7,4.484,2339.0,4.92,3404.2,4.141,1.079,1.143,10.064,0.0,18.0,28.064,3,OPEN,True,34.8573,1,True
DE000799,T0031,S002,CHARGING,train,19,8,True,True,7964.8,10.022,8200.9,10.306,2339.0,4.92,13826.7,15.408,1.079,1.143,22.594,0.0,18.0,40.594,7,OPEN,True,69.9994,2,False
DE000799,T0031,S004,CHARGING,train,19,8,True,True,9022.8,10.574,9187.2,10.302,2339.0,4.92,15871.0,15.955,1.079,1.143,23.184,0.0,18.0,41.184,3,OPEN,True,75.8652,3,False
DE000799,T0031,S017,CHARGING,train,19,8,True,True,10810.8,11.957,11589.1,12.6,2339.0,4.92,20060.9,19.636,1.079,1.143,27.303,0.0,18.0,45.303,2,OPEN,True,89.6336,4,False
DE000799,T0031,S020,CHARGING,train,19,8,True,True,10504.8,11.574,11956.5,12.985,2339.0,4.92,20122.3,19.639,1.079,1.143,27.33,0.0,18.0,45.33,1,OPEN,True,90.1344,5,False
DE000799,T0031,S016,CHARGING,train,19,8,True,True,11975.4,12.929,12740.1,13.538,2339.0,4.92,22376.5,21.546,1.079,1.143,29.424,0.0,18.0,47.424,4,OPEN,True,96.1636,6,False
DE000799,T0031,S022,CHARGING,train,19,8,True,True,12163.8,14.529,13368.0,15.637,2339.0,4.92,23192.8,25.246,1.079,1.143,33.55,0.0,18.0,51.55,6,OPEN,True,102.1472,7,False
DE000799,T0031,S025,CHARGING,train,19,8,True,True,17626.4,20.843,18473.1,21.293,2339.0,4.92,33760.5,37.216,1.079,1.143,46.828,0.0,18.0,64.828,3,OPEN,True,140.6026,8,False
DE000802,T0031,S008,CHARGING,train,20,8,True,True,2853.0,4.572,3140.7,4.484,1904.0,3.835,4089.7,5.221,1.189,1.143,10.561,0.0,18.0,28.561,4,OPEN,True,36.6457,1,True
DE000802,T0031,S002,CHARGING,train,20,8,True,True,7996.9,9.989,8200.9,10.306,1904.0,3.835,14293.8,16.461,1.189,1.143,23.658,0.0,18.0,41.658,7,OPEN,True,72.2604,2,False
DE000802,T0031,S004,CHARGING,train,20,8,True,True,9054.8,10.541,9187.2,10.302,1904.0,3.835,16338.0,17.008,1.189,1.143,24.309,0.0,18.0,42.309,3,OPEN,True,78.1868,3,False
DE000802,T0031,S020,CHARGING,train,20,8,True,True,10567.4,11.481,11956.5,12.985,1904.0,3.835,20619.9,20.631,1.189,1.143,28.493,0.0,18.0,46.493,2,OPEN,True,92.1901,4,False
DE000802,T0031,S017,CHARGING,train,20,8,True,True,10977.6,12.346,11589.1,12.6,1904.0,3.835,20662.7,21.111,1.189,1.143,29.081,0.0,18.0,47.081,3,OPEN,True,92.6341,5,False
DE000802,T0031,S022,CHARGING,train,20,8,True,True,12330.6,14.918,13368.0,15.637,1904.0,3.835,23794.6,26.72,1.189,1.143,35.611,0.0,18.0,53.611,1,OPEN,True,107.5306,6,False
DE000802,T0031,S025,CHARGING,train,20,8,True,True,17780.9,21.233,18473.1,21.293,1904.0,3.835,34350.0,38.69,1.189,1.143,49.583,0.0,18.0,67.583,2,OPEN,True,145.2559,7,False
DE000802,T0031,S016,CHARGING,train,20,8,True,True,12142.3,13.319,12740.1,13.538,1904.0,3.835,22978.4,23.021,1.189,1.143,31.309,60.0,18.0,109.309,1,OPEN,True,160.6712,8,False
DE000805,T0031,S008,CHARGING,train,20,8,True,True,2724.4,4.314,3140.7,4.484,1501.0,2.869,4364.1,5.929,1.17,1.143,10.173,0.0,18.0,28.173,4,OPEN,True,36.9838,1,True
DE000805,T0031,S002,CHARGING,train,20,8,True,True,7868.2,9.732,8200.9,10.306,1501.0,2.869,14568.1,17.169,1.17,1.143,23.167,0.0,18.0,41.167,7,OPEN,True,72.4955,2,False
DE000805,T0031,S004,CHARGING,train,20,8,True,True,8926.2,10.284,9187.2,10.302,1501.0,2.869,16612.4,17.717,1.17,1.143,23.807,0.0,18.0,41.807,3,OPEN,True,78.4115,3,False
DE000805,T0031,S020,CHARGING,train,20,8,True,True,10438.8,11.224,11956.5,12.985,1501.0,2.869,20894.3,21.34,1.17,1.143,27.974,0.0,18.0,45.974,2,OPEN,True,92.397,4,False
DE000805,T0031,S017,CHARGING,train,20,8,True,True,10849.0,12.089,11589.1,12.6,1501.0,2.869,20937.1,21.819,1.17,1.143,28.545,0.0,18.0,46.545,3,OPEN,True,92.8245,5,False
DE000805,T0031,S022,CHARGING,train,20,8,True,True,12202.0,14.661,13368.0,15.637,1501.0,2.869,24069.0,27.429,1.17,1.143,35.027,0.0,18.0,53.027,1,OPEN,True,107.6722,6,False
DE000805,T0031,S025,CHARGING,train,20,8,True,True,17652.2,20.976,18473.1,21.293,1501.0,2.869,34624.3,39.399,1.17,1.143,48.879,0.0,18.0,66.879,2,OPEN,True,145.2773,7,False
DE000805,T0031,S016,CHARGING,train,20,8,True,True,12013.7,13.061,12740.1,13.538,1501.0,2.869,23252.8,23.73,1.17,1.143,30.755,60.0,18.0,108.755,1,OPEN,True,160.8432,8,False
DE000808,T0031,S008,CHARGING,train,20,8,True,True,2413.2,3.464,3140.7,4.484,1046.0,1.803,4507.9,6.145,1.044,1.143,8.742,0.0,18.0,26.742,4,OPEN,True,35.8938,1,True
DE000808,T0031,S002,CHARGING,train,20,8,True,True,7439.2,8.882,8200.9,10.306,1046.0,1.803,14594.1,17.385,1.044,1.143,21.053,0.0,18.0,39.053,7,OPEN,True,70.4872,2,False
DE000808,T0031,S004,CHARGING,train,20,8,True,True,8497.1,9.433,9187.2,10.302,1046.0,1.803,16638.3,17.933,1.044,1.143,21.624,0.0,18.0,39.624,3,OPEN,True,76.3335,3,False
DE000808,T0031,S017,CHARGING,train,20,8,True,True,10863.2,11.559,11589.1,12.6,1046.0,1.803,21406.3,22.356,1.044,1.143,26.469,0.0,18.0,44.469,3,OPEN,True,91.8212,4,False
DE000808,T0031,S020,CHARGING,train,20,8,True,True,11520.7,11.914,11956.5,12.985,1046.0,1.803,22431.2,23.096,1.044,1.143,27.28,0.0,18.0,45.28,2,OPEN,True,95.2159,5,False
DE000808,T0031,S022,CHARGING,train,20,8,True,True,12216.2,14.132,13368.0,15.637,1046.0,1.803,24538.2,27.966,1.044,1.143,32.627,0.0,18.0,50.627,1,OPEN,True,106.3447,6,False
DE000808,T0031,S025,CHARGING,train,20,8,True,True,17679.2,20.446,18473.1,21.293,1046.0,1.803,35106.3,39.936,1.044,1.143,45.683,0.0,18.0,63.683,2,OPEN,True,143.1798,7,False
DE000808,T0031,S016,CHARGING,train,20,8,True,True,12027.9,12.532,12740.1,13.538,1046.0,1.803,23722.0,24.267,1.044,1.143,28.557,60.0,18.0,106.557,1,OPEN,True,159.7173,8,False
DE000811,T0031,S008,CHARGING,train,20,8,True,True,2208.0,3.199,3140.7,4.484,670.0,1.148,4678.7,6.535,1.207,1.143,8.986,0.0,18.0,26.986,4,OPEN,True,36.5775,1,True
DE000811,T0031,S002,CHARGING,train,20,8,True,True,7234.0,8.617,8200.9,10.306,670.0,1.148,14764.9,17.775,1.207,1.143,22.181,0.0,18.0,40.181,7,OPEN,True,72.054,2,False
DE000811,T0031,S004,CHARGING,train,20,8,True,True,8291.9,9.168,9187.2,10.302,670.0,1.148,16809.1,18.322,1.207,1.143,22.841,0.0,18.0,40.841,3,OPEN,True,77.9903,3,False
DE000811,T0031,S017,CHARGING,train,20,8,True,True,10658.0,11.294,11589.1,12.6,670.0,1.148,21577.1,22.746,1.207,1.143,28.034,0.0,18.0,46.034,3,OPEN,True,93.8245,4,False
DE000811,T0031,S020,CHARGING,train,20,8,True,True,11315.5,11.649,11956.5,12.985,670.0,1.148,22602.0,23.485,1.207,1.143,28.902,0.0,18.0,46.902,2,OPEN,True,97.277,5,False
DE000811,T0031,S022,CHARGING,train,20,8,True,True,12011.0,13.867,13368.0,15.637,670.0,1.148,24709.0,28.356,1.207,1.143,34.61,0.0,18.0,52.61,1,OPEN,True,108.7673,6,False
DE000811,T0031,S025,CHARGING,train,20,8,True,True,17474.1,20.181,18473.1,21.293,670.0,1.148,35277.2,40.325,1.207,1.143,48.696,0.0,18.0,66.696,2,OPEN,True,146.6319,7,False
DE000811,T0031,S016,CHARGING,train,20,8,True,True,11822.7,12.267,12740.1,13.538,670.0,1.148,23892.8,24.656,1.207,1.143,30.28,60.0,18.0,108.28,1,OPEN,True,161.8791,8,False
DE000817,T0032,S008,CHARGING,train,20,8,True,True,1504.6,2.783,1232.9,2.661,6359.0,19.193,0.0,0.0,1.007,1.143,5.843,0.0,18.0,23.843,4,OPEN,True,22.4434,1,True
DE000817,T0032,S002,CHARGING,train,20,8,True,True,7118.5,9.16,7005.8,9.013,6359.0,19.193,7765.3,0.0,1.007,1.143,19.526,0.0,18.0,37.526,7,OPEN,True,50.9571,2,False
DE000817,T0032,S004,CHARGING,train,20,8,True,True,8096.4,9.712,7778.2,8.918,6359.0,19.193,9515.6,0.0,1.007,1.143,19.973,0.0,18.0,37.973,3,OPEN,True,55.9542,3,False
DE000817,T0032,S017,CHARGING,train,20,8,True,True,9384.0,10.691,8574.1,9.427,6359.0,19.193,11599.1,0.925,1.007,1.143,21.541,0.0,18.0,39.541,3,OPEN,True,61.9199,4,False
DE000817,T0032,S020,CHARGING,train,20,8,True,True,11157.1,11.68,11297.3,11.42,6359.0,19.193,16095.4,3.906,1.007,1.143,24.814,0.0,18.0,42.814,2,OPEN,True,75.2813,5,False
DE000817,T0032,S022,CHARGING,train,20,8,True,True,10737.0,13.263,10353.0,12.464,6359.0,19.193,14731.0,6.535,1.007,1.143,27.603,0.0,18.0,45.603,1,OPEN,True,76.3483,6,False
DE000817,T0032,S025,CHARGING,train,20,8,True,True,16200.0,19.578,15458.1,18.12,6359.0,19.193,25299.1,18.505,1.007,1.143,40.425,0.0,18.0,58.425,2,OPEN,True,112.9498,7,False
DE000817,T0032,S016,CHARGING,train,20,8,True,True,10548.6,11.663,9725.0,10.365,6359.0,19.193,13914.6,2.835,1.007,1.143,23.592,60.0,18.0,101.592,1,OPEN,True,129.7799,8,False
DE000820,T0032,S008,CHARGING,train,20,8,True,True,1572.0,2.985,1232.9,2.661,5396.0,16.14,0.0,0.0,1.073,1.143,6.244,0.0,18.0,24.244,4,OPEN,True,22.844,1,True
DE000820,T0032,S002,CHARGING,train,20,8,True,True,7185.9,9.362,7005.8,9.013,5396.0,16.14,8795.7,2.236,1.073,1.143,20.348,0.0,18.0,38.348,7,OPEN,True,54.3983,2,False
DE000820,T0032,S004,CHARGING,train,20,8,True,True,8163.8,9.914,7778.2,8.918,5396.0,16.14,10546.0,2.692,1.073,1.143,20.831,0.0,18.0,38.831,3,OPEN,True,59.5458,3,False
DE000820,T0032,S017,CHARGING,train,20,8,True,True,9451.4,10.893,8574.1,9.427,5396.0,16.14,12629.5,4.18,1.073,1.143,22.463,0.0,18.0,40.463,3,OPEN,True,65.7169,4,False
DE000820,T0032,S020,CHARGING,train,20,8,True,True,11224.4,11.882,11297.3,11.42,5396.0,16.14,17125.7,7.161,1.073,1.143,25.802,0.0,18.0,43.802,2,OPEN,True,79.1434,5,False
DE000820,T0032,S022,CHARGING,train,20,8,True,True,10804.4,13.465,10353.0,12.464,5396.0,16.14,15761.4,9.79,1.073,1.143,28.695,0.0,18.0,46.695,1,OPEN,True,80.3151,6,False
DE000820,T0032,S025,CHARGING,train,20,8,True,True,16267.4,19.78,15458.1,18.12,5396.0,16.14,26329.5,21.76,1.073,1.143,41.935,0.0,18.0,59.935,2,OPEN,True,117.3333,7,False
DE000820,T0032,S016,CHARGING,train,20,8,True,True,10616.0,11.865,9725.0,10.365,5396.0,16.14,14945.0,6.09,1.073,1.143,24.578,60.0,18.0,102.578,1,OPEN,True,133.6411,8,False
DE000823,T0032,S008,CHARGING,train,20,8,True,True,1292.6,2.76,1232.9,2.661,4490.0,13.452,0.0,0.0,1.236,1.143,6.453,0.0,18.0,24.453,4,OPEN,True,23.0527,1,True
DE000823,T0032,S002,CHARGING,train,20,8,True,True,7020.7,9.201,7005.8,9.013,4490.0,13.452,9536.5,4.762,1.236,1.143,21.674,0.0,18.0,39.674,7,OPEN,True,57.8379,2,False
DE000823,T0032,S004,CHARGING,train,20,8,True,True,7948.7,9.225,7778.2,8.918,4490.0,13.452,11236.9,4.69,1.236,1.143,21.595,0.0,18.0,39.595,3,OPEN,True,62.1914,3,False
DE000823,T0032,S017,CHARGING,train,20,8,True,True,9077.4,9.942,8574.1,9.427,4490.0,13.452,13161.5,5.916,1.236,1.143,23.063,0.0,18.0,41.063,3,OPEN,True,67.8147,4,False
DE000823,T0032,S020,CHARGING,train,20,8,True,True,11057.5,11.521,11297.3,11.42,4490.0,13.452,17864.8,9.488,1.236,1.143,27.292,0.0,18.0,45.292,2,OPEN,True,82.6941,5,False
DE000823,T0032,S022,CHARGING,train,20,8,True,True,10430.4,12.514,10353.0,12.464,4490.0,13.452,16293.4,11.526,1.236,1.143,29.714,0.0,18.0,47.714,1,OPEN,True,82.8321,6,False
DE000823,T0032,S025,CHARGING,train,20,8,True,True,15893.4,18.828,15458.1,18.12,4490.0,13.452,26861.5,23.496,1.236,1.143,43.983,0.0,18.0,61.983,2,OPEN,True,120.8796,7,False
DE000823,T0032,S016,CHARGING,train,20,8,True,True,10242.1,10.914,9725.0,10.365,4490.0,13.452,15477.1,7.826,1.236,1.143,25.337,60.0,18.0,103.337,1,OPEN,True,135.8976,8,False
DE000826,T0032,S008,CHARGING,train,20,8,True,True,1502.8,3.312,1232.9,2.661,3579.0,10.852,0.0,0.0,2.857,1.143,12.502,0.0,18.0,30.502,4,OPEN,True,29.1023,1,True
DE000826,T0032,S002,CHARGING,train,20,8,True,True,7231.0,9.726,7005.8,9.013,3579.0,10.852,10657.8,7.888,2.857,1.143,38.091,0.0,18.0,56.091,7,OPEN,True,77.2782,2,False
DE000826,T0032,S004,CHARGING,train,20,8,True,True,8158.9,9.776,7778.2,8.918,3579.0,10.852,12358.1,7.842,2.857,1.143,38.124,0.0,18.0,56.124,3,OPEN,True,81.7503,3,False
DE000826,T0032,S017,CHARGING,train,20,8,True,True,9287.7,10.493,8574.1,9.427,3579.0,10.852,14282.8,9.068,2.857,1.143,40.754,0.0,18.0,58.754,3,OPEN,True,88.5364,4,False
DE000826,T0032,S016,CHARGING,train,20,8,True,True,10452.3,11.466,9725.0,10.365,3579.0,10.852,16598.3,10.978,2.857,1.143,44.604,0.0,18.0,62.604,3,OPEN,True,97.4953,5,False
DE000826,T0032,S020,CHARGING,train,20,8,True,True,11061.6,11.564,11297.3,11.42,3579.0,10.852,18779.9,12.131,2.857,1.143,46.09,0.0,18.0,64.09,2,OPEN,True,103.9828,6,False
DE000826,T0032,S022,CHARGING,train,20,8,True,True,10640.7,13.066,10353.0,12.464,3579.0,10.852,17414.7,14.678,2.857,1.143,51.575,0.0,18.0,69.575,6,OPEN,True,105.9737,7,False
DE000826,T0032,S025,CHARGING,train,20,8,True,True,16103.7,19.38,15458.1,18.12,3579.0,10.852,27982.8,26.648,2.857,1.143,76.079,0.0,18.0,94.079,2,OPEN,True,156.0066,8,False
DE000829,T0032,S008,CHARGING,train,20,8,True,True,1487.7,3.266,1232.9,2.661,2904.0,8.717,0.0,0.0,1.052,1.143,6.477,0.0,18.0,24.477,4,OPEN,True,23.0772,1,True
DE000829,T0032,S002,CHARGING,train,20,8,True,True,7215.9,9.707,7005.8,9.013,2904.0,8.717,11317.7,10.004,1.052,1.143,20.514,0.0,18.0,38.514,7,OPEN,True,61.5502,2,False
DE000829,T0032,S004,CHARGING,train,20,8,True,True,8143.8,9.731,7778.2,8.918,2904.0,8.717,13018.0,9.932,1.052,1.143,20.43,0.0,18.0,38.43,3,OPEN,True,65.899,3,False
DE000829,T0032,S017,CHARGING,train,20,8,True,True,9272.5,10.448,8574.1,9.427,2904.0,8.717,14942.6,11.158,1.052,1.143,21.766,0.0,18.0,39.766,3,OPEN,True,71.3904,4,False
DE000829,T0032,S016,CHARGING,train,20,8,True,True,10437.2,11.42,9725.0,10.365,2904.0,8.717,17258.2,13.068,1.052,1.143,23.861,0.0,18.0,41.861,3,OPEN,True,78.5943,5,False
DE000829,T0032,S022,CHARGING,train,20,8,True,True,10625.5,13.02,10353.0,12.464,2904.0,8.717,18074.5,16.768,1.052,1.143,27.944,0.0,18.0,45.944,6,OPEN,True,84.1845,6,False
DE000829,T0032,S020,CHARGING,train,20,8,True,True,11076.7,11.609,11297.3,11.42,2904.0,8.717,19470.0,14.312,1.052,1.143,25.265,0.0,18.0,43.265,2,OPEN,True,85.0834,7,False
DE000829,T0032,S025,CHARGING,train,20,8,True,True,16088.5,19.334,15458.1,18.12,2904.0,8.717,28642.6,28.738,1.052,1.143,41.051,0.0,18.0,59.051,2,OPEN,True,122.8202,8,False
DE000832,T0032,S008,CHARGING,train,20,8,True,True,1496.4,3.292,1232.9,2.661,2205.0,6.502,524.3,0.0,1.307,1.143,7.344,0.0,18.0,25.344,4,OPEN,True,24.993,1,True
DE000832,T0032,S002,CHARGING,train,20,8,True,True,7224.6,9.733,7005.8,9.013,2205.0,6.502,12025.4,12.245,1.307,1.143,23.023,0.0,18.0,41.023,7,OPEN,True,66.0354,2,False
DE000832,T0032,S004,CHARGING,train,20,8,True,True,8152.5,9.757,7778.2,8.918,2205.0,6.502,13725.7,12.173,1.307,1.143,22.946,0.0,18.0,40.946,3,OPEN,True,70.3904,3,False
DE000832,T0032,S017,CHARGING,train,20,8,True,True,9281.3,10.474,8574.1,9.427,2205.0,6.502,15650.4,13.399,1.307,1.143,24.464,0.0,18.0,42.464,3,OPEN,True,76.0649,4,False
DE000832,T0032,S016,CHARGING,train,20,8,True,True,10445.9,11.446,9725.0,10.365,2205.0,6.502,17965.9,15.309,1.307,1.143,26.807,0.0,18.0,44.807,3,OPEN,True,83.5166,5,False
DE000832,T0032,S022,CHARGING,train,20,8,True,True,10634.3,13.046,10353.0,12.464,2205.0,6.502,18782.3,19.009,1.307,1.143,31.298,0.0,18.0,49.298,6,OPEN,True,89.5149,6,False
DE000832,T0032,S020,CHARGING,train,20,8,True,True,11116.9,11.73,11297.3,11.42,2205.0,6.502,20209.2,16.648,1.307,1.143,28.383,0.0,18.0,46.383,2,OPEN,True,90.2636,7,False
DE000832,T0032,S025,CHARGING,train,20,8,True,True,16097.3,19.361,15458.1,18.12,2205.0,6.502,29350.4,30.979,1.307,1.143,46.015,0.0,18.0,64.015,2,OPEN,True,129.7607,8,False
DE000835,T0032,S008,CHARGING,train,20,8,True,True,1370.2,2.993,1232.9,2.661,1451.0,4.134,1152.1,1.52,1.287,1.143,6.893,0.0,18.0,24.893,4,OPEN,True,26.1774,1,True
DE000835,T0032,S002,CHARGING,train,20,8,True,True,7098.4,9.434,7005.8,9.013,1451.0,4.134,12653.2,14.313,1.287,1.143,22.443,0.0,18.0,40.443,7,OPEN,True,67.2282,2,False
DE000835,T0032,S004,CHARGING,train,20,8,True,True,8026.3,9.457,7778.2,8.918,1451.0,4.134,14353.5,14.242,1.287,1.143,22.365,0.0,18.0,40.365,3,OPEN,True,71.5826,3,False
DE000835,T0032,S017,CHARGING,train,20,8,True,True,9155.1,10.175,8574.1,9.427,1451.0,4.134,16278.2,15.468,1.287,1.143,23.87,0.0,18.0,41.87,3,OPEN,True,77.2428,4,False
DE000835,T0032,S016,CHARGING,train,20,8,True,True,10319.7,11.147,9725.0,10.365,1451.0,4.134,18593.7,17.378,1.287,1.143,26.193,0.0,18.0,44.193,3,OPEN,True,84.675,5,False
DE000835,T0032,S022,CHARGING,train,20,8,True,True,10508.0,12.747,10353.0,12.464,1451.0,4.134,19410.0,21.077,1.287,1.143,30.652,0.0,18.0,48.652,6,OPEN,True,90.6412,6,False
DE000835,T0032,S020,CHARGING,train,20,8,True,True,11044.9,11.514,11297.3,11.42,1451.0,4.134,20891.2,18.799,1.287,1.143,27.871,0.0,18.0,45.871,2,OPEN,True,91.6528,7,False
DE000835,T0032,S025,CHARGING,train,20,8,True,True,15971.1,19.061,15458.1,18.12,1451.0,4.134,29978.2,33.047,1.287,1.143,45.243,0.0,18.0,63.243,2,OPEN,True,130.7609,8,False
DE000838,T0032,S008,CHARGING,train,19,8,True,True,1207.6,2.904,1232.9,2.661,605.0,1.431,1835.5,4.134,1.114,1.143,6.276,0.0,18.0,24.276,4,OPEN,True,27.5807,1,True
DE000838,T0032,S002,CHARGING,train,19,8,True,True,6935.7,9.345,7005.8,9.013,605.0,1.431,13336.5,16.927,1.114,1.143,20.712,0.0,18.0,38.712,8,OPEN,True,67.517,2,False
DE000838,T0032,S004,CHARGING,train,19,8,True,True,7863.7,9.477,7778.2,8.918,605.0,1.431,15036.9,16.964,1.114,1.143,20.75,0.0,18.0,38.75,3,OPEN,True,72.015,3,False
DE000838,T0032,S017,CHARGING,train,19,8,True,True,9073.5,10.194,8574.1,9.427,605.0,1.431,17042.6,18.189,1.114,1.143,22.131,0.0,18.0,40.131,3,OPEN,True,77.713,4,False
DE000838,T0032,S016,CHARGING,train,19,8,True,True,10238.1,11.166,9725.0,10.365,605.0,1.431,19358.1,20.1,1.114,1.143,24.286,0.0,18.0,42.286,4,OPEN,True,84.6271,5,False
DE000838,T0032,S022,CHARGING,train,19,8,True,True,10426.5,12.766,10353.0,12.464,605.0,1.431,20174.5,23.799,1.114,1.143,28.468,0.0,18.0,46.468,6,OPEN,True,90.6666,6,False
DE000838,T0032,S020,CHARGING,train,19,8,True,True,11379.3,12.15,11297.3,11.42,605.0,1.431,22071.6,22.139,1.114,1.143,26.588,0.0,18.0,44.588,1,OPEN,True,93.9154,7,False
DE000838,T0032,S025,CHARGING,train,19,8,True,True,15889.5,19.08,15458.1,18.12,605.0,1.431,30742.6,35.769,1.114,1.143,41.966,0.0,18.0,59.966,3,OPEN,True,129.3438,8,False
DE000961,T0038,S007,CHARGING,train,20,8,True,True,3937.8,6.997,4024.5,6.495,3083.0,7.492,4879.3,6.0,1.017,1.143,14.54,0.0,18.0,32.54,9,OPEN,True,41.6987,1,True
DE000961,T0038,S019,CHARGING,train,20,8,True,True,5415.9,7.264,5823.6,7.465,3083.0,7.492,8156.5,7.237,1.017,1.143,15.92,0.0,18.0,33.92,9,OPEN,True,49.9426,2,False
DE000961,T0038,S028,CHARGING,train,20,8,True,True,9183.3,8.758,9039.5,9.131,3083.0,7.492,15139.8,10.396,1.017,1.143,19.343,0.0,18.0,37.343,3,OPEN,True,69.1714,3,False
DE000961,T0038,S026,CHARGING,train,20,8,True,True,8500.2,11.822,8725.6,11.168,3083.0,7.492,14142.8,15.498,1.017,1.143,24.788,0.0,18.0,42.788,6,OPEN,True,72.8482,4,False
DE000961,T0038,S011,CHARGING,train,20,8,True,True,8118.1,11.482,9038.2,11.958,3083.0,7.492,14073.3,15.948,1.017,1.143,25.345,0.0,18.0,43.345,6,OPEN,True,73.3791,5,False
DE000961,T0038,S016,CHARGING,train,20,8,True,True,10780.5,13.567,11769.5,14.219,3083.0,7.492,19467.0,20.294,1.017,1.143,30.05,0.0,18.0,48.05,2,OPEN,True,91.3574,6,False
DE000961,T0038,S010,CHARGING,train,20,8,True,True,11638.5,13.408,12452.7,13.942,3083.0,7.492,21008.2,19.858,1.017,1.143,29.572,0.0,18.0,47.572,2,OPEN,True,93.8527,7,False
DE000961,T0038,S022,CHARGING,train,20,8,True,True,10879.0,13.883,13315.6,16.797,3083.0,7.492,21111.6,23.188,1.017,1.143,33.318,0.0,18.0,51.318,5,OPEN,True,97.5886,8,False
DE000964,T0038,S007,CHARGING,train,20,8,True,True,3946.2,7.014,4024.5,6.495,2652.0,6.459,5318.7,7.051,1.013,1.143,14.529,0.0,18.0,32.529,9,OPEN,True,42.8293,1,True
DE000964,T0038,S019,CHARGING,train,20,8,True,True,5422.6,7.277,5823.6,7.465,2652.0,6.459,8594.2,8.284,1.013,1.143,15.905,0.0,18.0,33.905,9,OPEN,True,51.0644,2,False
DE000964,T0038,S028,CHARGING,train,20,8,True,True,9191.7,8.774,9039.5,9.131,2652.0,6.459,15579.2,11.447,1.013,1.143,19.325,0.0,18.0,37.325,3,OPEN,True,70.2949,3,False
DE000964,T0038,S026,CHARGING,train,20,8,True,True,8507.0,11.836,8725.6,11.168,2652.0,6.459,14580.6,16.545,1.013,1.143,24.754,0.0,18.0,42.754,6,OPEN,True,73.9519,4,False
DE000964,T0038,S011,CHARGING,train,20,8,True,True,8124.9,11.495,9038.2,11.958,2652.0,6.459,14511.1,16.995,1.013,1.143,25.313,0.0,18.0,43.313,6,OPEN,True,74.4841,5,False
DE000964,T0038,S016,CHARGING,train,20,8,True,True,10787.2,13.58,11769.5,14.219,2652.0,6.459,19904.7,21.341,1.013,1.143,30.009,0.0,18.0,48.009,2,OPEN,True,92.454,6,False
DE000964,T0038,S010,CHARGING,train,20,8,True,True,11645.2,13.422,12452.7,13.942,2652.0,6.459,21445.9,20.905,1.013,1.143,29.532,0.0,18.0,47.532,2,OPEN,True,94.9499,7,False
DE000964,T0038,S022,CHARGING,train,20,8,True,True,10885.7,13.896,13315.6,16.797,2652.0,6.459,21549.3,24.235,1.013,1.143,33.276,0.0,18.0,51.276,5,OPEN,True,98.6838,8,False
DE000967,T0038,S007,CHARGING,train,20,8,True,True,4046.7,7.215,4024.5,6.495,2211.0,5.399,5860.2,8.311,1.029,1.143,14.848,0.0,18.0,32.848,2,OPEN,True,45.9464,1,True
DE000967,T0038,S019,CHARGING,train,20,8,True,True,5454.9,6.978,5823.6,7.465,2211.0,5.399,9067.5,9.045,1.029,1.143,15.713,0.0,18.0,33.713,8,OPEN,True,52.0096,2,False
DE000967,T0038,S028,CHARGING,train,20,8,True,True,9292.2,8.975,9039.5,9.131,2211.0,5.399,16120.7,12.707,1.029,1.143,19.672,0.0,18.0,37.672,4,OPEN,True,71.6902,3,False
DE000967,T0038,S026,CHARGING,train,20,8,True,True,8604.6,11.895,8725.6,11.168,2211.0,5.399,15119.2,17.664,1.029,1.143,25.005,0.0,18.0,43.005,7,OPEN,True,75.5599,4,False
DE000967,T0038,S011,CHARGING,train,20,8,True,True,8205.2,11.196,9038.2,11.958,2211.0,5.399,15032.4,17.756,1.029,1.143,25.189,0.0,18.0,43.189,6,OPEN,True,75.5929,5,False
DE000967,T0038,S016,CHARGING,train,20,8,True,True,10884.8,13.635,11769.5,14.219,2211.0,5.399,20443.3,22.455,1.029,1.143,30.283,0.0,18.0,48.283,2,OPEN,True,94.0831,6,False
DE000967,T0038,S010,CHARGING,train,20,8,True,True,11725.5,13.123,12452.7,13.942,2211.0,5.399,21967.2,21.666,1.029,1.143,29.439,0.0,18.0,47.439,1,OPEN,True,96.4395,7,False
DE000967,T0038,S022,CHARGING,train,20,8,True,True,10983.3,13.951,13315.6,16.797,2211.0,5.399,22087.9,25.349,1.029,1.143,33.555,0.0,18.0,51.555,5,OPEN,True,100.318,8,False
DE000970,T0038,S007,CHARGING,train,20,8,True,True,3910.9,6.943,4024.5,6.495,1788.0,4.385,6147.4,9.053,1.279,1.143,16.304,0.0,18.0,34.304,2,OPEN,True,48.1627,1,True
DE000970,T0038,S019,CHARGING,train,20,8,True,True,5451.4,7.25,5823.6,7.465,1788.0,4.385,9487.0,10.33,1.279,1.143,17.805,0.0,18.0,35.805,8,OPEN,True,55.262,2,False
DE000970,T0038,S028,CHARGING,train,20,8,True,True,9156.4,8.704,9039.5,9.131,1788.0,4.385,16407.9,13.449,1.279,1.143,21.568,0.0,18.0,39.568,4,OPEN,True,74.3467,3,False
DE000970,T0038,S026,CHARGING,train,20,8,True,True,8535.7,11.893,8725.6,11.168,1788.0,4.385,15473.3,18.676,1.279,1.143,27.976,0.0,18.0,45.976,7,OPEN,True,79.4918,4,False
DE000970,T0038,S011,CHARGING,train,20,8,True,True,8153.6,11.468,9038.2,11.958,1788.0,4.385,15403.8,19.041,1.279,1.143,28.336,0.0,18.0,46.336,6,OPEN,True,79.8036,5,False
DE000970,T0038,S016,CHARGING,train,20,8,True,True,10815.9,13.638,11769.5,14.219,1788.0,4.385,20797.4,23.472,1.279,1.143,33.695,0.0,18.0,51.695,2,OPEN,True,98.458,6,False
DE000970,T0038,S010,CHARGING,train,20,8,True,True,11673.9,13.394,12452.7,13.942,1788.0,4.385,22338.6,22.951,1.279,1.143,33.067,0.0,18.0,51.067,1,OPEN,True,101.1317,7,False
DE000970,T0038,S022,CHARGING,train,20,8,True,True,10914.4,13.954,13315.6,16.797,1788.0,4.385,22442.0,26.366,1.279,1.143,37.046,0.0,18.0,55.046,5,OPEN,True,104.772,8,False
DE000973,T0038,S007,CHARGING,train,20,8,True,True,3767.4,6.656,4024.5,6.495,1403.0,3.46,6388.9,9.692,1.294,1.143,16.037,0.0,18.0,34.037,2,OPEN,True,48.538,1,True
DE000973,T0038,S019,CHARGING,train,20,8,True,True,5594.8,7.409,5823.6,7.465,1403.0,3.46,10015.4,11.415,1.294,1.143,18.12,0.0,18.0,36.12,8,OPEN,True,56.9048,2,False
DE000973,T0038,S028,CHARGING,train,20,8,True,True,9012.9,8.417,9039.5,9.131,1403.0,3.46,16649.4,14.088,1.294,1.143,21.328,0.0,18.0,39.328,4,OPEN,True,74.7485,3,False
DE000973,T0038,S026,CHARGING,train,20,8,True,True,8427.5,11.866,8725.6,11.168,1403.0,3.46,15750.1,19.574,1.294,1.143,28.12,0.0,18.0,46.12,7,OPEN,True,80.4137,4,False
DE000973,T0038,S011,CHARGING,train,20,8,True,True,8297.1,11.627,9038.2,11.958,1403.0,3.46,15932.3,20.126,1.294,1.143,28.714,0.0,18.0,46.714,6,OPEN,True,81.5099,5,False
DE000973,T0038,S016,CHARGING,train,20,8,True,True,10959.4,13.622,11769.5,14.219,1403.0,3.46,21325.9,24.381,1.294,1.143,33.879,0.0,18.0,51.879,2,OPEN,True,99.9262,6,False
DE000973,T0038,S010,CHARGING,train,20,8,True,True,11817.4,13.554,12452.7,13.942,1403.0,3.46,22867.1,24.036,1.294,1.143,33.474,0.0,18.0,51.474,1,OPEN,True,102.8669,7,False
DE000973,T0038,S022,CHARGING,train,20,8,True,True,11057.9,13.938,13315.6,16.797,1403.0,3.46,22970.5,27.275,1.294,1.143,37.235,0.0,18.0,55.235,5,OPEN,True,106.2448,8,False
DE000976,T0038,S007,CHARGING,train,20,8,True,True,4051.5,6.98,4024.5,6.495,1036.0,2.578,7040.0,10.896,1.274,1.143,16.316,0.0,18.0,34.316,2,OPEN,True,50.4203,1,True
DE000976,T0038,S019,CHARGING,train,20,8,True,True,5925.3,8.089,5823.6,7.465,1036.0,2.578,10712.9,12.976,1.274,1.143,18.838,0.0,18.0,36.838,8,OPEN,True,59.4076,2,False
DE000976,T0038,S028,CHARGING,train,20,8,True,True,8833.1,8.74,9039.5,9.131,1036.0,2.578,16836.6,15.292,1.274,1.143,21.571,0.0,18.0,39.571,4,OPEN,True,75.6677,3,False
DE000976,T0038,S026,CHARGING,train,20,8,True,True,8711.6,12.189,8725.6,11.168,1036.0,2.578,16401.2,20.779,1.274,1.143,28.295,0.0,18.0,46.295,7,OPEN,True,82.1917,4,False
DE000976,T0038,S011,CHARGING,train,20,8,True,True,8627.6,12.307,9038.2,11.958,1036.0,2.578,16629.8,21.687,1.274,1.143,29.347,0.0,18.0,47.347,6,OPEN,True,83.9284,5,False
DE000976,T0038,S016,CHARGING,train,20,8,True,True,11289.9,14.19,11769.5,14.219,1036.0,2.578,22023.4,25.831,1.274,1.143,34.331,0.0,18.0,52.331,2,OPEN,True,102.135,6,False
DE000976,T0038,S010,CHARGING,train,20,8,True,True,12147.9,14.233,12452.7,13.942,1036.0,2.578,23564.6,25.597,1.274,1.143,34.069,0.0,18.0,52.069,1,OPEN,True,105.2468,7,False
DE000976,T0038,S022,CHARGING,train,20,8,True,True,11388.4,14.506,13315.6,16.797,1036.0,2.578,23668.0,28.725,1.274,1.143,37.68,0.0,18.0,55.68,5,OPEN,True,108.4473,8,False
DE000979,T0038,S007,CHARGING,train,20,8,True,True,3977.5,7.076,4024.5,6.495,619.0,1.486,7383.0,12.085,1.072,1.143,15.01,0.0,18.0,33.01,2,OPEN,True,50.0975,1,True
DE000979,T0038,S019,CHARGING,train,20,8,True,True,5851.3,7.941,5823.6,7.465,619.0,1.486,11055.9,13.92,1.072,1.143,17.045,0.0,18.0,35.045,8,OPEN,True,58.5371,2,False
DE000979,T0038,S028,CHARGING,train,20,8,True,True,8907.1,8.837,9039.5,9.131,619.0,1.486,17327.6,16.481,1.072,1.143,19.91,0.0,18.0,37.91,4,OPEN,True,75.2852,3,False
DE000979,T0038,S026,CHARGING,train,20,8,True,True,8637.6,12.286,8725.6,11.168,619.0,1.486,16744.2,21.968,1.072,1.143,25.936,0.0,18.0,43.936,7,OPEN,True,80.8165,4,False
DE000979,T0038,S011,CHARGING,train,20,8,True,True,8553.6,12.159,9038.2,11.958,619.0,1.486,16972.8,22.631,1.072,1.143,26.703,0.0,18.0,44.703,6,OPEN,True,82.2058,5,False
DE000979,T0038,S016,CHARGING,train,20,8,True,True,11215.9,14.042,11769.5,14.219,619.0,1.486,22366.4,26.775,1.072,1.143,31.306,0.0,18.0,49.306,2,OPEN,True,100.032,6,False
DE000979,T0038,S010,CHARGING,train,20,8,True,True,12073.9,14.085,12452.7,13.942,619.0,1.486,23907.6,26.541,1.072,1.143,31.035,0.0,18.0,49.035,1,OPEN,True,103.1352,7,False
DE000979,T0038,S022,CHARGING,train,20,8,True,True,11314.4,14.358,13315.6,16.797,619.0,1.486,24011.0,29.669,1.072,1.143,34.591,0.0,18.0,52.591,5,OPEN,True,106.2805,8,False
DE000982,T0038,S007,CHARGING,train,20,8,True,True,3846.6,6.815,4024.5,6.495,245.0,0.589,7626.1,12.721,1.097,1.143,14.9,0.0,18.0,32.9,2,OPEN,True,50.6323,1,True
DE000982,T0038,S019,CHARGING,train,20,8,True,True,5674.0,7.567,5823.6,7.465,245.0,0.589,11252.6,14.444,1.097,1.143,16.834,0.0,18.0,34.834,8,OPEN,True,58.8508,2,False
DE000982,T0038,S028,CHARGING,train,20,8,True,True,9090.8,8.575,9039.5,9.131,245.0,0.589,17885.3,17.117,1.097,1.143,19.843,0.0,18.0,37.843,4,OPEN,True,76.4933,3,False
DE000982,T0038,S026,CHARGING,train,20,8,True,True,8506.7,12.025,8725.6,11.168,245.0,0.589,16987.3,22.604,1.097,1.143,25.956,0.0,18.0,43.956,7,OPEN,True,81.4816,4,False
DE000982,T0038,S011,CHARGING,train,20,8,True,True,8376.3,11.786,9038.2,11.958,245.0,0.589,17169.5,23.155,1.097,1.143,26.597,0.0,18.0,44.597,6,OPEN,True,82.6249,5,False
DE000982,T0038,S016,CHARGING,train,20,8,True,True,11038.6,13.78,11769.5,14.219,245.0,0.589,22563.1,27.411,1.097,1.143,31.369,0.0,18.0,49.369,2,OPEN,True,100.6482,6,False
DE000982,T0038,S010,CHARGING,train,20,8,True,True,11896.6,13.712,12452.7,13.942,245.0,0.589,24104.3,27.065,1.097,1.143,30.978,0.0,18.0,48.978,1,OPEN,True,103.6024,7,False
DE000982,T0038,S022,CHARGING,train,20,8,True,True,11137.1,14.096,13315.6,16.797,245.0,0.589,24207.7,30.305,1.097,1.143,34.663,0.0,18.0,52.663,5,OPEN,True,106.9046,8,False
DE001027,T0040,S011,CHARGING,train,19,8,True,True,6554.5,10.84,6054.0,9.951,830.0,2.768,11778.5,18.023,1.087,1.142,23.147,0.0,18.0,41.147,7,OPEN,True,67.1099,1,True
DE001027,T0040,S007,CHARGING,train,19,8,True,True,7070.4,12.053,7040.0,11.874,830.0,2.768,13280.4,21.159,1.087,1.142,26.662,0.0,18.0,44.662,8,OPEN,True,74.4125,2,False
DE001027,T0040,S010,CHARGING,train,19,8,True,True,10074.8,12.914,9425.6,12.171,830.0,2.768,18670.4,22.317,1.087,1.142,27.937,0.0,18.0,45.937,2,OPEN,True,88.1567,3,False
DE001027,T0040,S016,CHARGING,train,19,8,True,True,10338.4,14.542,9429.3,13.062,830.0,2.768,18937.7,24.836,1.087,1.142,30.724,0.0,18.0,48.724,1,OPEN,True,92.4586,4,False
DE001027,T0040,S026,CHARGING,train,19,8,True,True,10319.0,15.248,9743.6,14.34,830.0,2.768,19232.6,26.819,1.087,1.142,32.95,0.0,18.0,50.95,7,OPEN,True,94.0198,5,False
DE001027,T0040,S017,CHARGING,train,19,8,True,True,10810.3,16.092,10829.1,14.915,830.0,2.768,20809.4,28.24,1.087,1.142,34.526,0.0,18.0,52.526,2,OPEN,True,100.5043,6,False
DE001027,T0040,S022,CHARGING,train,19,8,True,True,11720.1,17.006,10975.4,15.64,830.0,2.768,21865.5,29.878,1.087,1.142,36.346,0.0,18.0,54.346,6,OPEN,True,103.4467,7,False
DE001027,T0040,S005,CHARGING,train,19,8,True,True,11617.6,16.772,11066.5,15.514,830.0,2.768,21854.1,29.519,1.087,1.142,35.949,0.0,18.0,53.949,2,OPEN,True,104.3369,8,False
DE001030,T0040,S011,CHARGING,train,19,8,True,True,6055.4,10.145,6054.0,9.951,331.0,1.104,11778.4,18.992,1.216,1.142,23.7,0.0,18.0,41.7,7,OPEN,True,67.9049,1,True
DE001030,T0040,S007,CHARGING,train,19,8,True,True,7569.5,11.435,7040.0,11.874,331.0,1.104,14278.5,22.206,1.216,1.142,27.466,0.0,18.0,45.466,8,OPEN,True,77.4746,2,False
DE001030,T0040,S010,CHARGING,train,19,8,True,True,9575.7,12.219,9425.6,12.171,331.0,1.104,18670.3,23.286,1.216,1.142,28.757,0.0,18.0,46.757,2,OPEN,True,89.2193,3,False
DE001030,T0040,S016,CHARGING,train,19,8,True,True,9839.2,13.045,9429.3,13.062,331.0,1.104,18937.5,25.003,1.216,1.142,30.779,0.0,18.0,48.779,1,OPEN,True,92.555,4,False
DE001030,T0040,S026,CHARGING,train,19,8,True,True,10220.2,14.63,9743.6,14.34,331.0,1.104,19632.8,27.866,1.216,1.142,34.166,0.0,18.0,52.166,7,OPEN,True,96.2983,5,False
DE001030,T0040,S017,CHARGING,train,19,8,True,True,10311.2,14.595,10829.1,14.915,331.0,1.104,20809.3,28.406,1.216,1.142,34.781,0.0,18.0,52.781,2,OPEN,True,100.8008,6,False
DE001030,T0040,S022,CHARGING,train,19,8,True,True,11221.0,15.508,10975.4,15.64,331.0,1.104,21865.4,30.044,1.216,1.142,36.719,0.0,18.0,54.719,6,OPEN,True,103.861,7,False
DE001030,T0040,S005,CHARGING,train,19,8,True,True,11118.5,15.275,11066.5,15.514,331.0,1.104,21854.0,29.685,1.216,1.142,36.292,0.0,18.0,54.292,2,OPEN,True,104.7211,8,False
DE001045,T0041,S022,CHARGING,train,19,8,True,True,1998.9,2.888,2227.5,3.485,1156.0,2.871,3070.4,3.503,1.103,1.142,7.166,0.0,18.0,25.166,6,OPEN,True,30.0828,1,True
DE001045,T0041,S016,CHARGING,train,19,8,True,True,3021.5,3.847,2514.2,3.529,1156.0,2.871,4379.7,4.506,1.103,1.142,8.274,0.0,18.0,26.274,1,OPEN,True,35.8095,2,False
DE001045,T0041,S017,CHARGING,train,19,8,True,True,4691.4,6.039,4508.8,5.959,1156.0,2.871,8044.2,9.128,1.103,1.142,13.467,0.0,18.0,31.467,2,OPEN,True,49.1368,3,False
DE001045,T0041,S004,CHARGING,train,19,8,True,True,7696.0,8.794,7874.1,9.643,1156.0,2.871,14414.1,15.566,1.103,1.142,20.712,0.0,18.0,38.712,2,OPEN,True,70.7317,4,False
DE001045,T0041,S002,CHARGING,train,19,8,True,True,8854.8,9.801,8815.1,9.967,1156.0,2.871,16513.9,16.898,1.103,1.142,22.193,0.0,18.0,40.193,5,OPEN,True,75.6955,5,False
DE001045,T0041,S008,CHARGING,train,19,8,True,True,9562.4,11.193,9241.8,11.422,1156.0,2.871,17648.2,19.745,1.103,1.142,25.391,0.0,18.0,43.391,4,OPEN,True,82.2235,6,False
DE001045,T0041,S025,CHARGING,train,19,8,True,True,10601.2,11.464,10577.8,11.622,1156.0,2.871,20023.0,20.216,1.103,1.142,25.917,0.0,18.0,43.917,2,OPEN,True,88.3173,7,False
DE001045,T0041,S005,CHARGING,train,19,8,True,True,13097.0,15.35,12309.1,14.278,1156.0,2.871,24250.1,26.758,1.103,1.142,33.237,0.0,18.0,51.237,2,OPEN,True,105.7267,8,False
DE001048,T0041,S022,CHARGING,train,19,8,True,True,2246.2,3.376,2227.5,3.485,826.0,1.996,3647.7,4.865,1.29,1.142,8.335,0.0,18.0,26.335,6,OPEN,True,32.7466,1,True
DE001048,T0041,S016,CHARGING,train,19,8,True,True,2963.2,3.927,2514.2,3.529,826.0,1.996,4651.4,5.46,1.29,1.142,9.096,0.0,18.0,27.096,1,OPEN,True,37.4138,2,False
DE001048,T0041,S017,CHARGING,train,19,8,True,True,4633.1,6.119,4508.8,5.959,826.0,1.996,8315.9,10.082,1.29,1.142,14.699,0.0,18.0,32.699,2,OPEN,True,51.151,3,False
DE001048,T0041,S004,CHARGING,train,19,8,True,True,7637.7,8.874,7874.1,9.643,826.0,1.996,14685.8,16.521,1.29,1.142,22.459,0.0,18.0,40.459,2,OPEN,True,73.2611,4,False
DE001048,T0041,S002,CHARGING,train,19,8,True,True,8998.6,10.288,8815.1,9.967,826.0,1.996,16987.7,18.26,1.29,1.142,24.655,0.0,18.0,42.655,5,OPEN,True,79.445,5,False
DE001048,T0041,S008,CHARGING,train,19,8,True,True,9795.3,11.681,9241.8,11.422,826.0,1.996,18211.1,21.107,1.29,1.142,28.112,0.0,18.0,46.112,4,OPEN,True,86.4115,6,False
DE001048,T0041,S025,CHARGING,train,19,8,True,True,10848.5,11.951,10577.8,11.622,826.0,1.996,20600.3,21.578,1.29,1.142,28.69,0.0,18.0,46.69,2,OPEN,True,92.5847,7,False
DE001048,T0041,S005,CHARGING,train,19,8,True,True,13038.7,15.43,12309.1,14.278,826.0,1.996,24521.8,27.712,1.29,1.142,36.21,0.0,18.0,54.21,2,OPEN,True,109.482,8,False
DE001051,T0041,S022,CHARGING,train,19,8,True,True,2208.7,3.257,2227.5,3.485,522.0,1.23,3914.2,5.512,1.027,1.142,7.325,0.0,18.0,25.325,6,OPEN,True,32.4316,1,True
DE001051,T0041,S016,CHARGING,train,19,8,True,True,3078.3,4.012,2514.2,3.529,522.0,1.23,5070.5,6.311,1.027,1.142,8.15,0.0,18.0,26.15,1,OPEN,True,37.519,2,False
DE001051,T0041,S017,CHARGING,train,19,8,True,True,4748.2,6.204,4508.8,5.959,522.0,1.23,8735.0,10.933,1.027,1.142,13.176,0.0,18.0,31.176,2,OPEN,True,50.6796,3,False
DE001051,T0041,S004,CHARGING,train,19,8,True,True,7752.8,8.959,7874.1,9.643,522.0,1.23,15104.9,17.371,1.027,1.142,20.213,0.0,18.0,38.213,2,OPEN,True,72.0652,4,False
DE001051,T0041,S002,CHARGING,train,19,8,True,True,9064.6,10.17,8815.1,9.967,522.0,1.23,17357.7,18.907,1.027,1.142,21.827,0.0,18.0,39.827,5,OPEN,True,77.5191,5,False
DE001051,T0041,S008,CHARGING,train,19,8,True,True,9772.2,11.562,9241.8,11.422,522.0,1.23,18492.0,21.754,1.027,1.142,24.919,0.0,18.0,42.919,4,OPEN,True,83.9412,6,False
DE001051,T0041,S025,CHARGING,train,19,8,True,True,10811.0,11.833,10577.8,11.622,522.0,1.23,20866.8,22.225,1.027,1.142,25.425,0.0,18.0,43.425,2,OPEN,True,90.0144,7,False
DE001051,T0041,S005,CHARGING,train,19,8,True,True,13153.8,15.515,12309.1,14.278,522.0,1.23,24940.9,28.563,1.027,1.142,32.239,0.0,18.0,50.239,2,OPEN,True,106.5619,8,False
DE001054,T0041,S022,CHARGING,train,19,8,True,True,2075.4,2.991,2227.5,3.485,198.0,0.466,4104.9,6.01,1.245,1.142,7.703,0.0,18.0,25.703,6,OPEN,True,33.3156,1,True
DE001054,T0041,S016,CHARGING,train,19,8,True,True,2945.0,3.745,2514.2,3.529,198.0,0.466,5261.2,6.808,1.245,1.142,8.693,0.0,18.0,26.693,1,OPEN,True,38.5674,2,False
DE001054,T0041,S017,CHARGING,train,19,8,True,True,4614.9,5.937,4508.8,5.959,198.0,0.466,8925.7,11.43,1.245,1.142,14.197,0.0,18.0,32.197,2,OPEN,True,52.206,3,False
DE001054,T0041,S004,CHARGING,train,19,8,True,True,7619.5,8.692,7874.1,9.643,198.0,0.466,15295.6,17.869,1.245,1.142,21.834,0.0,18.0,39.834,2,OPEN,True,74.1921,4,False
DE001054,T0041,S002,CHARGING,train,19,8,True,True,8931.3,9.903,8815.1,9.967,198.0,0.466,17548.4,19.404,1.245,1.142,23.712,0.0,18.0,41.712,5,OPEN,True,79.91,5,False
DE001054,T0041,S008,CHARGING,train,19,8,True,True,9638.9,11.295,9241.8,11.422,198.0,0.466,18682.7,22.252,1.245,1.142,27.107,0.0,18.0,45.107,4,OPEN,True,86.6356,6,False
DE001054,T0041,S025,CHARGING,train,19,8,True,True,10677.7,11.566,10577.8,11.622,198.0,0.466,21057.5,22.722,1.245,1.142,27.672,0.0,18.0,45.672,2,OPEN,True,92.7678,7,False
DE001054,T0041,S005,CHARGING,train,19,8,True,True,13020.5,15.248,12309.1,14.278,198.0,0.466,25131.6,29.06,1.245,1.142,35.29,0.0,18.0,53.29,2,OPEN,True,110.118,8,False
DE001057,T0042,S005,CHARGING,train,1,1,False,True,9479.5,11.264,10007.1,11.247,7225.0,21.395,12261.6,1.116,1.216,1.142,26.541,0.0,18.0,44.541,2,OPEN,True,68.6437,1,True
DE001060,T0042,S005,CHARGING,train,1,1,False,True,9275.4,10.728,10007.1,11.247,6308.0,18.94,12974.5,3.035,1.221,1.142,25.943,0.0,18.0,43.943,2,OPEN,True,69.9506,1,True
DE001063,T0042,S005,CHARGING,train,1,1,False,True,9322.8,10.708,10007.1,11.247,5395.0,16.096,13934.9,5.859,1.105,1.142,24.677,0.0,18.0,42.677,2,OPEN,True,71.3116,1,True
DE001153,T0046,S007,CHARGING,train,19,8,True,True,1475.0,2.942,720.8,1.442,4572.0,13.822,0.0,0.0,1.097,1.142,4.875,0.0,18.0,22.875,8,OPEN,True,20.7748,1,True
DE001153,T0046,S026,CHARGING,train,19,8,True,True,5333.4,8.389,5455.3,8.115,4572.0,13.822,6216.7,2.682,1.097,1.142,18.47,0.0,18.0,36.47,7,OPEN,True,47.4735,2,False
DE001153,T0046,S019,CHARGING,train,19,8,True,True,6672.2,10.046,7934.8,9.993,4572.0,13.822,10035.0,6.217,1.097,1.142,22.432,0.0,18.0,40.432,8,OPEN,True,59.9559,3,False
DE001153,T0046,S011,CHARGING,train,19,8,True,True,8222.1,10.257,8490.3,10.426,4572.0,13.822,12140.4,6.861,1.097,1.142,23.158,0.0,18.0,41.158,7,OPEN,True,65.0543,4,False
DE001153,T0046,S010,CHARGING,train,19,8,True,True,11932.5,12.183,11904.7,11.878,4572.0,13.822,19265.2,10.24,1.097,1.142,26.93,0.0,18.0,44.93,3,OPEN,True,84.9705,5,False
DE001153,T0046,S028,CHARGING,train,19,8,True,True,11287.1,12.708,11443.6,13.685,4572.0,13.822,18158.7,12.571,1.097,1.142,29.568,0.0,18.0,47.568,1,OPEN,True,86.6783,6,False
DE001153,T0046,S029,CHARGING,train,19,8,True,True,10996.2,14.006,12226.9,14.226,4572.0,13.822,18651.1,14.41,1.097,1.142,31.611,0.0,18.0,49.611,3,OPEN,True,89.4655,7,False
DE001153,T0046,S016,CHARGING,train,19,8,True,True,13704.7,15.979,13686.6,15.177,4572.0,13.822,22819.3,17.335,1.097,1.142,34.861,0.0,18.0,52.861,1,OPEN,True,102.4837,8,False
DE001156,T0046,S007,CHARGING,train,19,8,True,True,1406.2,2.66,720.8,1.442,3910.0,12.123,0.0,0.0,1.147,1.142,4.698,0.0,18.0,22.698,8,OPEN,True,20.5984,1,True
DE001156,T0046,S026,CHARGING,train,19,8,True,True,4628.9,6.821,5455.3,8.115,3910.0,12.123,6174.2,2.812,1.147,1.142,17.09,0.0,18.0,35.09,7,OPEN,True,46.0415,2,False
DE001156,T0046,S019,CHARGING,train,19,8,True,True,7242.0,8.916,7934.8,9.993,3910.0,12.123,11266.8,6.785,1.147,1.142,21.638,0.0,18.0,39.638,8,OPEN,True,61.7677,3,False
DE001156,T0046,S011,CHARGING,train,19,8,True,True,7517.6,8.689,8490.3,10.426,3910.0,12.123,12097.9,6.991,1.147,1.142,21.872,0.0,18.0,39.872,7,OPEN,True,63.7156,4,False
DE001156,T0046,S010,CHARGING,train,19,8,True,True,11228.0,10.615,11904.7,11.878,3910.0,12.123,19222.7,10.37,1.147,1.142,25.74,0.0,18.0,43.74,3,OPEN,True,83.7282,5,False
DE001156,T0046,S029,CHARGING,train,19,8,True,True,10291.8,12.437,12226.9,14.226,3910.0,12.123,18608.7,14.541,1.147,1.142,30.512,0.0,18.0,48.512,3,OPEN,True,88.3145,6,False
DE001156,T0046,S028,CHARGING,train,19,8,True,True,11856.9,13.703,11443.6,13.685,3910.0,12.123,19390.5,15.265,1.147,1.142,31.345,0.0,18.0,49.345,1,OPEN,True,91.5922,7,False
DE001156,T0046,S016,CHARGING,train,19,8,True,True,14219.6,14.411,13686.6,15.177,3910.0,12.123,23996.2,17.465,1.147,1.142,33.861,0.0,18.0,51.861,1,OPEN,True,103.87,8,False
DE001159,T0046,S007,CHARGING,train,20,8,True,True,1342.3,2.533,720.8,1.442,3288.0,10.347,0.0,0.0,1.133,1.142,4.516,0.0,18.0,22.516,8,OPEN,True,20.4163,1,True
DE001159,T0046,S026,CHARGING,train,20,8,True,True,4599.8,6.763,5455.3,8.115,3288.0,10.347,6767.1,4.53,1.133,1.142,16.929,0.0,18.0,34.929,7,OPEN,True,47.4955,2,False
DE001159,T0046,S019,CHARGING,train,20,8,True,True,7178.1,8.857,7934.8,9.993,3288.0,10.347,11824.9,8.503,1.133,1.142,21.447,0.0,18.0,39.447,8,OPEN,True,63.1227,3,False
DE001159,T0046,S011,CHARGING,train,20,8,True,True,7488.6,8.63,8490.3,10.426,3288.0,10.347,12690.9,8.709,1.133,1.142,21.685,0.0,18.0,39.685,7,OPEN,True,65.1436,4,False
DE001159,T0046,S010,CHARGING,train,20,8,True,True,11199.0,10.557,11904.7,11.878,3288.0,10.347,19815.7,12.088,1.133,1.142,25.526,0.0,18.0,43.526,2,OPEN,True,85.4792,5,False
DE001159,T0046,S029,CHARGING,train,20,8,True,True,10262.7,12.379,12226.9,14.226,3288.0,10.347,19201.6,16.259,1.133,1.142,30.272,0.0,18.0,48.272,3,OPEN,True,89.6898,6,False
DE001159,T0046,S028,CHARGING,train,20,8,True,True,11793.0,13.575,11443.6,13.685,3288.0,10.347,19948.6,16.913,1.133,1.142,31.008,0.0,18.0,49.008,2,OPEN,True,92.4337,7,False
DE001159,T0046,S016,CHARGING,train,20,8,True,True,14190.6,14.353,13686.6,15.177,3288.0,10.347,24589.2,19.183,1.133,1.142,33.594,0.0,18.0,51.594,2,OPEN,True,104.8679,8,False
DE001162,T0046,S007,CHARGING,train,20,8,True,True,626.7,1.102,720.8,1.442,2826.0,9.236,0.0,0.0,1.169,1.142,2.935,0.0,18.0,20.935,8,OPEN,True,18.8345,1,True
DE001162,T0046,S026,CHARGING,train,20,8,True,True,5225.9,7.49,5455.3,8.115,2826.0,9.236,7855.2,6.368,1.169,1.142,18.023,0.0,18.0,36.023,7,OPEN,True,51.225,2,False
DE001162,T0046,S019,CHARGING,train,20,8,True,True,6575.9,9.585,7934.8,9.993,2826.0,9.236,11684.7,10.341,1.169,1.142,22.616,0.0,18.0,40.616,8,OPEN,True,64.471,3,False
DE001162,T0046,S011,CHARGING,train,20,8,True,True,8114.6,9.358,8490.3,10.426,2826.0,9.236,13778.9,10.547,1.169,1.142,22.846,0.0,18.0,40.846,7,OPEN,True,68.9402,4,False
DE001162,T0046,S010,CHARGING,train,20,8,True,True,11825.0,11.284,11904.7,11.878,2826.0,9.236,20903.7,13.926,1.169,1.142,26.756,0.0,18.0,44.756,2,OPEN,True,89.3451,5,False
DE001162,T0046,S028,CHARGING,train,20,8,True,True,11190.7,12.371,11443.6,13.685,2826.0,9.236,19808.3,16.819,1.169,1.142,30.089,0.0,18.0,48.089,2,OPEN,True,91.2103,6,False
DE001162,T0046,S029,CHARGING,train,20,8,True,True,10888.8,13.106,12226.9,14.226,2826.0,9.236,20289.7,18.097,1.169,1.142,31.568,0.0,18.0,49.568,3,OPEN,True,93.6215,7,False
DE001162,T0046,S016,CHARGING,train,20,8,True,True,13608.4,15.08,13686.6,15.177,2826.0,9.236,24469.0,21.021,1.169,1.142,34.961,0.0,18.0,52.961,2,OPEN,True,106.4541,8,False
DE001165,T0046,S007,CHARGING,train,20,8,True,True,783.6,1.631,720.8,1.442,2154.0,7.181,0.0,0.0,1.191,1.142,3.589,0.0,18.0,21.589,8,OPEN,True,19.4891,1,True
DE001165,T0046,S026,CHARGING,train,20,8,True,True,5477.2,8.129,5455.3,8.115,2154.0,7.181,8778.5,9.062,1.191,1.142,18.948,0.0,18.0,36.948,7,OPEN,True,54.6708,2,False
DE001165,T0046,S019,CHARGING,train,20,8,True,True,6765.0,10.224,7934.8,9.993,2154.0,7.181,12545.8,13.035,1.191,1.142,23.588,0.0,18.0,41.588,8,OPEN,True,67.8385,3,False
DE001165,T0046,S011,CHARGING,train,20,8,True,True,8365.9,9.997,8490.3,10.426,2154.0,7.181,14702.2,13.242,1.191,1.142,23.812,0.0,18.0,41.812,7,OPEN,True,72.4271,4,False
DE001165,T0046,S010,CHARGING,train,20,8,True,True,12076.3,11.923,11904.7,11.878,2154.0,7.181,21827.0,16.62,1.191,1.142,27.765,0.0,18.0,45.765,2,OPEN,True,92.8745,5,False
DE001165,T0046,S028,CHARGING,train,20,8,True,True,11379.9,12.964,11443.6,13.685,2154.0,7.181,20669.5,19.468,1.191,1.142,31.068,0.0,18.0,49.068,2,OPEN,True,94.5742,6,False
DE001165,T0046,S029,CHARGING,train,20,8,True,True,11140.0,13.745,12226.9,14.226,2154.0,7.181,21212.9,20.791,1.191,1.142,32.617,0.0,18.0,50.617,3,OPEN,True,97.1907,7,False
DE001165,T0046,S016,CHARGING,train,20,8,True,True,13797.5,15.719,13686.6,15.177,2154.0,7.181,25330.1,23.715,1.191,1.142,36.053,0.0,18.0,54.053,2,OPEN,True,109.9425,8,False
DE001168,T0046,S007,CHARGING,train,20,8,True,True,720.8,1.442,720.8,1.442,1442.0,4.807,0.0,0.0,1.301,1.142,3.523,0.0,18.0,21.523,8,OPEN,True,19.4231,1,True
DE001168,T0046,S026,CHARGING,train,20,8,True,True,5414.3,7.94,5455.3,8.115,1442.0,4.807,9427.6,11.247,1.301,1.142,19.597,0.0,18.0,37.597,7,OPEN,True,57.164,2,False
DE001168,T0046,S019,CHARGING,train,20,8,True,True,6702.1,10.035,7934.8,9.993,1442.0,4.807,13194.9,15.22,1.301,1.142,24.467,0.0,18.0,42.467,8,OPEN,True,70.5621,3,False
DE001168,T0046,S011,CHARGING,train,20,8,True,True,8303.0,9.808,8490.3,10.426,1442.0,4.807,15351.3,15.426,1.301,1.142,24.667,0.0,18.0,42.667,7,OPEN,True,75.1258,4,False
DE001168,T0046,S010,CHARGING,train,20,8,True,True,12013.5,11.734,11904.7,11.878,1442.0,4.807,22476.2,18.805,1.301,1.142,28.831,0.0,18.0,46.831,2,OPEN,True,95.7852,5,False
DE001168,T0046,S028,CHARGING,train,20,8,True,True,11317.0,12.776,11443.6,13.685,1442.0,4.807,21318.6,21.653,1.301,1.142,32.249,0.0,18.0,50.249,2,OPEN,True,97.5993,6,False
DE001168,T0046,S029,CHARGING,train,20,8,True,True,11077.2,13.557,12226.9,14.226,1442.0,4.807,21862.1,22.976,1.301,1.142,33.884,0.0,18.0,51.884,3,OPEN,True,100.3019,7,False
DE001168,T0046,S016,CHARGING,train,20,8,True,True,13734.6,15.531,13686.6,15.177,1442.0,4.807,25979.2,25.9,1.301,1.142,37.537,0.0,18.0,55.537,2,OPEN,True,113.2706,8,False
DE001171,T0046,S007,CHARGING,train,20,8,True,True,1344.2,3.312,720.8,1.442,868.0,2.892,1197.0,1.862,1.207,1.142,5.645,0.0,18.0,23.645,8,OPEN,True,24.4044,1,True
DE001171,T0046,S026,CHARGING,train,20,8,True,True,6037.7,9.811,5455.3,8.115,868.0,2.892,10625.0,15.033,1.207,1.142,21.108,0.0,18.0,39.108,7,OPEN,True,62.0162,2,False
DE001171,T0046,S019,CHARGING,train,20,8,True,True,7325.6,11.905,7934.8,9.993,868.0,2.892,14392.4,19.006,1.207,1.142,25.781,0.0,18.0,43.781,8,OPEN,True,75.2177,3,False
DE001171,T0046,S011,CHARGING,train,20,8,True,True,8926.5,11.678,8490.3,10.426,868.0,2.892,16548.8,19.212,1.207,1.142,26.002,0.0,18.0,44.002,7,OPEN,True,79.8026,4,False
DE001171,T0046,S010,CHARGING,train,20,8,True,True,12636.9,13.605,11904.7,11.878,868.0,2.892,23673.6,22.591,1.207,1.142,29.986,0.0,18.0,47.986,2,OPEN,True,100.2808,5,False
DE001171,T0046,S028,CHARGING,train,20,8,True,True,11940.4,14.646,11443.6,13.685,868.0,2.892,22516.0,25.438,1.207,1.142,33.305,0.0,18.0,51.305,2,OPEN,True,101.997,6,False
DE001171,T0046,S029,CHARGING,train,20,8,True,True,11700.6,15.427,12226.9,14.226,868.0,2.892,23059.5,26.761,1.207,1.142,34.867,0.0,18.0,52.867,3,OPEN,True,104.6262,7,False
DE001171,T0046,S016,CHARGING,train,20,8,True,True,14358.1,17.401,13686.6,15.177,868.0,2.892,27176.7,29.685,1.207,1.142,38.335,0.0,18.0,56.335,2,OPEN,True,117.4095,8,False
DE001174,T0046,S007,CHARGING,train,20,8,True,True,1175.6,2.807,720.8,1.442,417.0,1.39,1479.4,2.858,1.169,1.142,4.928,0.0,18.0,22.928,8,OPEN,True,24.5013,1,True
DE001174,T0046,S026,CHARGING,train,20,8,True,True,5869.2,9.305,5455.3,8.115,417.0,1.39,10907.5,16.029,1.169,1.142,20.144,0.0,18.0,38.144,7,OPEN,True,61.8664,2,False
DE001174,T0046,S019,CHARGING,train,20,8,True,True,7157.0,11.4,7934.8,9.993,417.0,1.39,14674.8,20.002,1.169,1.142,24.738,0.0,18.0,42.738,8,OPEN,True,74.988,3,False
DE001174,T0046,S011,CHARGING,train,20,8,True,True,8757.9,11.173,8490.3,10.426,417.0,1.39,16831.2,20.208,1.169,1.142,24.967,0.0,18.0,42.967,7,OPEN,True,79.5816,4,False
DE001174,T0046,S010,CHARGING,train,20,8,True,True,12468.3,13.099,11904.7,11.878,417.0,1.39,23956.0,23.587,1.169,1.142,28.878,0.0,18.0,46.878,2,OPEN,True,99.9865,5,False
DE001174,T0046,S028,CHARGING,train,20,8,True,True,11771.9,14.14,11443.6,13.685,417.0,1.39,22798.5,26.434,1.169,1.142,32.158,0.0,18.0,50.158,2,OPEN,True,101.6634,6,False
DE001174,T0046,S029,CHARGING,train,20,8,True,True,11532.0,14.921,12226.9,14.226,417.0,1.39,23341.9,27.757,1.169,1.142,33.69,0.0,18.0,51.69,3,OPEN,True,104.2627,7,False
DE001174,T0046,S016,CHARGING,train,20,8,True,True,14189.5,16.895,13686.6,15.177,417.0,1.39,27459.1,30.682,1.169,1.142,37.082,0.0,18.0,55.082,2,OPEN,True,116.971,8,False
DE001177,T0047,S025,BATTERY_SWAP,validation,3,3,True,True,3642.1,5.748,4503.8,7.052,6701.0,19.479,1444.9,0.0,1.281,1.142,15.416,0.0,6.0,21.416,3,OPEN,True,23.2561,1,True
DE001177,T0047,S025,CHARGING,validation,3,3,True,True,3642.1,5.748,4503.8,7.052,6701.0,19.479,1444.9,0.0,1.281,1.142,15.416,0.0,18.0,33.416,3,OPEN,True,35.2561,2,False
DE001177,T0047,S024,BATTERY_SWAP,validation,3,3,True,True,10438.0,11.839,10122.5,11.736,6701.0,19.479,13859.5,4.096,1.281,1.142,28.568,0.0,6.0,34.568,3,OPEN,True,62.2608,3,False
DE001181,T0047,S025,BATTERY_SWAP,validation,2,2,True,True,3477.7,5.255,4503.8,7.052,5934.0,17.097,2047.5,0.0,1.02,1.142,13.413,0.0,6.0,19.413,3,OPEN,True,22.458,1,True
DE001181,T0047,S025,CHARGING,validation,2,2,True,True,3477.7,5.255,4503.8,7.052,5934.0,17.097,2047.5,0.0,1.02,1.142,13.413,0.0,18.0,31.413,3,OPEN,True,34.458,2,False
DE001185,T0047,S025,BATTERY_SWAP,validation,2,2,True,True,3477.7,5.255,4503.8,7.052,5207.0,14.852,2774.5,0.0,1.02,1.142,13.413,0.0,6.0,19.413,3,OPEN,True,23.912,1,True
DE001185,T0047,S025,CHARGING,validation,2,2,True,True,3477.7,5.255,4503.8,7.052,5207.0,14.852,2774.5,0.0,1.02,1.142,13.413,0.0,18.0,31.413,3,OPEN,True,35.912,2,False
DE001189,T0047,S025,BATTERY_SWAP,validation,2,2,True,True,3699.2,5.919,4503.8,7.052,4469.0,12.522,3734.0,0.45,1.112,1.142,14.635,0.0,6.0,20.635,3,OPEN,True,27.1657,1,True
DE001189,T0047,S025,CHARGING,validation,2,2,True,True,3699.2,5.919,4503.8,7.052,4469.0,12.522,3734.0,0.45,1.112,1.142,14.635,0.0,18.0,32.635,3,OPEN,True,39.1657,2,False
DE001193,T0047,S025,BATTERY_SWAP,validation,2,2,True,True,3955.1,6.232,4503.8,7.052,3702.0,10.391,4756.9,2.893,1.086,1.142,14.821,0.0,6.0,20.821,3,OPEN,True,30.0082,1,True
DE001193,T0047,S025,CHARGING,validation,2,2,True,True,3955.1,6.232,4503.8,7.052,3702.0,10.391,4756.9,2.893,1.086,1.142,14.821,0.0,18.0,32.821,2,OPEN,True,42.3582,2,False
DE001197,T0047,S025,BATTERY_SWAP,validation,2,2,True,True,3912.6,6.104,4503.8,7.052,2661.0,7.549,5755.4,5.607,1.211,1.142,15.446,0.0,6.0,21.446,3,OPEN,True,33.3081,1,True
DE001197,T0047,S025,CHARGING,validation,2,2,True,True,3912.6,6.104,4503.8,7.052,2661.0,7.549,5755.4,5.607,1.211,1.142,15.446,0.0,18.0,33.446,2,OPEN,True,45.6581,2,False
DE001201,T0047,S025,BATTERY_SWAP,validation,2,2,True,True,4203.1,6.816,4503.8,7.052,1632.0,4.269,7074.9,9.599,1.219,1.142,16.362,0.0,6.0,22.362,3,OPEN,True,37.862,1,True
DE001201,T0047,S025,CHARGING,validation,2,2,True,True,4203.1,6.816,4503.8,7.052,1632.0,4.269,7074.9,9.599,1.219,1.142,16.362,0.0,18.0,34.362,2,OPEN,True,50.212,2,False
DE001205,T0047,S025,BATTERY_SWAP,validation,2,2,True,True,4087.7,6.585,4503.8,7.052,643.0,1.895,7948.5,11.742,1.091,1.143,15.245,0.0,6.0,21.245,3,OPEN,True,39.0275,1,True
DE001205,T0047,S025,CHARGING,validation,2,2,True,True,4087.7,6.585,4503.8,7.052,643.0,1.895,7948.5,11.742,1.091,1.143,15.245,0.0,18.0,33.245,3,OPEN,True,51.0275,2,False
DE001209,T0048,S020,CHARGING,train,2,2,True,True,9216.7,14.926,10007.0,13.46,5279.0,13.699,13944.7,14.687,1.304,1.142,34.835,0.0,18.0,52.835,2,OPEN,True,83.6959,1,True
DE001209,T0048,S025,CHARGING,train,2,2,True,True,10675.7,13.674,10552.3,12.27,5279.0,13.699,15949.0,12.246,1.304,1.142,31.844,0.0,18.0,49.844,3,OPEN,True,83.7529,2,False
DE001212,T0048,S025,CHARGING,train,1,1,False,True,10382.8,14.261,10552.3,12.27,4555.0,11.889,16380.1,14.641,1.131,1.142,30.141,0.0,18.0,48.141,2,OPEN,True,83.8613,1,True
DE001215,T0048,S025,CHARGING,train,1,1,False,True,10382.8,14.261,10552.3,12.27,3906.0,10.095,17029.1,16.436,1.131,1.142,30.141,0.0,18.0,48.141,2,OPEN,True,85.608,1,True
DE001233,T0049,S004,CHARGING,train,18,8,True,True,2153.4,2.792,2962.3,3.74,3990.0,10.311,1125.7,0.0,1.288,1.142,7.867,0.0,18.0,25.867,2,OPEN,True,27.4186,1,True
DE001233,T0049,S008,CHARGING,train,18,8,True,True,6516.6,8.05,5446.9,6.97,3990.0,10.311,7973.5,4.709,1.288,1.142,18.328,0.0,18.0,36.328,4,OPEN,True,52.0529,2,False
DE001233,T0049,S017,CHARGING,train,18,8,True,True,6873.6,7.887,7498.2,8.473,3990.0,10.311,10381.8,6.049,1.288,1.142,19.834,0.0,18.0,37.834,4,OPEN,True,58.7097,3,False
DE001233,T0049,S016,CHARGING,train,18,8,True,True,8341.8,9.119,9107.3,9.717,3990.0,10.311,13459.1,8.526,1.288,1.142,22.843,0.0,18.0,40.843,2,OPEN,True,69.192,4,False
DE001233,T0049,S022,CHARGING,train,18,8,True,True,9940.0,11.004,10748.6,12.215,3990.0,10.311,16698.6,12.908,1.288,1.142,28.123,0.0,18.0,46.123,4,OPEN,True,81.347,5,False
DE001233,T0049,S001,CHARGING,train,18,8,True,True,11376.3,12.964,11354.3,13.617,3990.0,10.311,18740.6,16.27,1.288,1.142,32.248,0.0,18.0,50.248,4,OPEN,True,90.3967,6,False
DE001233,T0049,S005,CHARGING,train,18,8,True,True,11195.0,14.589,11992.9,15.32,3990.0,10.311,19197.9,19.598,1.288,1.142,36.286,0.0,18.0,54.286,2,OPEN,True,96.8815,7,False
DE001233,T0049,S019,CHARGING,train,18,8,True,True,13304.2,16.36,14058.1,16.939,3990.0,10.311,23372.3,22.988,1.288,1.142,40.415,0.0,18.0,58.415,7,OPEN,True,108.8069,8,False
DE001236,T0049,S004,CHARGING,train,18,8,True,True,1910.4,2.68,2962.3,3.74,3582.0,9.312,1290.7,0.0,1.228,1.142,7.562,0.0,18.0,25.562,2,OPEN,True,27.4436,1,True
DE001236,T0049,S008,CHARGING,train,18,8,True,True,6705.7,8.415,5446.9,6.97,3582.0,9.312,8570.6,6.073,1.228,1.142,18.293,0.0,18.0,36.293,4,OPEN,True,53.5527,2,False
DE001236,T0049,S017,CHARGING,train,18,8,True,True,6630.6,7.837,7498.2,8.473,3582.0,9.312,10546.8,6.997,1.228,1.142,19.299,0.0,18.0,37.299,4,OPEN,True,58.7424,3,False
DE001236,T0049,S016,CHARGING,train,18,8,True,True,8098.8,9.067,9107.3,9.717,3582.0,9.312,13624.1,9.472,1.228,1.142,22.231,0.0,18.0,40.231,2,OPEN,True,69.1471,4,False
DE001236,T0049,S022,CHARGING,train,18,8,True,True,10064.2,11.369,10748.6,12.215,3582.0,9.312,17230.8,14.271,1.228,1.142,27.91,0.0,18.0,45.91,4,OPEN,True,82.5398,5,False
DE001236,T0049,S001,CHARGING,train,18,8,True,True,11534.5,13.329,11354.3,13.617,3582.0,9.312,19306.8,17.633,1.228,1.142,31.918,0.0,18.0,49.918,4,OPEN,True,91.5399,6,False
DE001236,T0049,S005,CHARGING,train,18,8,True,True,10952.0,14.389,11992.9,15.32,3582.0,9.312,19362.9,20.397,1.228,1.142,35.166,0.0,18.0,53.166,2,OPEN,True,96.2908,7,False
DE001236,T0049,S019,CHARGING,train,18,8,True,True,13061.2,16.215,14058.1,16.939,3582.0,9.312,23537.3,23.842,1.228,1.142,39.256,0.0,18.0,57.256,7,OPEN,True,108.1914,8,False
DE001239,T0049,S004,CHARGING,train,18,8,True,True,1941.0,2.556,2962.3,3.74,3091.0,8.308,1812.3,0.0,1.186,1.142,7.302,0.0,18.0,25.302,2,OPEN,True,28.227,1,True
DE001239,T0049,S008,CHARGING,train,18,8,True,True,6741.4,8.298,5446.9,6.97,3091.0,8.308,9097.3,6.959,1.186,1.142,17.801,0.0,18.0,35.801,4,OPEN,True,54.3352,2,False
DE001239,T0049,S017,CHARGING,train,18,8,True,True,6661.2,7.713,7498.2,8.473,3091.0,8.308,11068.4,7.877,1.186,1.142,18.823,0.0,18.0,36.823,4,OPEN,True,59.5292,3,False
DE001239,T0049,S016,CHARGING,train,18,8,True,True,8129.4,8.943,9107.3,9.717,3091.0,8.308,14145.7,10.352,1.186,1.142,21.703,0.0,18.0,39.703,2,OPEN,True,69.8823,4,False
DE001239,T0049,S022,CHARGING,train,18,8,True,True,10113.3,11.251,10748.6,12.215,3091.0,8.308,17770.9,15.158,1.186,1.142,27.294,0.0,18.0,45.294,4,OPEN,True,83.2251,5,False
DE001239,T0049,S001,CHARGING,train,18,8,True,True,11570.2,13.211,11354.3,13.617,3091.0,8.308,19833.5,18.52,1.186,1.142,31.219,0.0,18.0,49.219,4,OPEN,True,92.1161,6,False
DE001239,T0049,S005,CHARGING,train,18,8,True,True,10982.6,14.265,11992.9,15.32,3091.0,8.308,19884.5,21.277,1.186,1.142,34.414,0.0,18.0,52.414,2,OPEN,True,96.8024,7,False
DE001239,T0049,S019,CHARGING,train,18,8,True,True,13091.8,16.091,14058.1,16.939,3091.0,8.308,24058.9,24.722,1.186,1.142,38.428,0.0,18.0,56.428,7,OPEN,True,108.6263,8,False
DE001242,T0049,S004,CHARGING,train,18,8,True,True,2339.4,2.991,2962.3,3.74,2613.0,7.015,2688.7,0.0,1.181,1.142,7.804,0.0,18.0,25.804,2,OPEN,True,30.4811,1,True
DE001242,T0049,S008,CHARGING,train,18,8,True,True,6548.9,8.249,5446.9,6.97,2613.0,7.015,9382.8,8.204,1.181,1.142,17.702,0.0,18.0,35.702,4,OPEN,True,55.1189,2,False
DE001242,T0049,S017,CHARGING,train,18,8,True,True,7059.6,8.086,7498.2,8.473,2613.0,7.015,11944.8,9.543,1.181,1.142,19.225,0.0,18.0,37.225,4,OPEN,True,62.1007,3,False
DE001242,T0049,S016,CHARGING,train,18,8,True,True,8527.8,9.318,9107.3,9.717,2613.0,7.015,15022.1,12.02,1.181,1.142,22.102,0.0,18.0,40.102,2,OPEN,True,72.4511,4,False
DE001242,T0049,S022,CHARGING,train,18,8,True,True,9972.3,11.203,10748.6,12.215,2613.0,7.015,18107.9,16.403,1.181,1.142,27.18,0.0,18.0,45.18,4,OPEN,True,84.097,5,False
DE001242,T0049,S001,CHARGING,train,18,8,True,True,11307.9,13.163,11354.3,13.617,2613.0,7.015,20049.2,19.765,1.181,1.142,31.096,0.0,18.0,49.096,4,OPEN,True,92.7356,6,False
DE001242,T0049,S005,CHARGING,train,18,8,True,True,11381.0,14.914,11992.9,15.32,2613.0,7.015,20760.9,23.219,1.181,1.142,35.109,0.0,18.0,53.109,2,OPEN,True,99.7353,7,False
DE001242,T0049,S019,CHARGING,train,18,8,True,True,13490.2,16.559,14058.1,16.939,2613.0,7.015,24935.3,26.482,1.181,1.142,38.9,0.0,18.0,56.9,7,OPEN,True,111.2912,8,False
DE001245,T0049,S004,CHARGING,train,18,8,True,True,2366.0,2.997,2962.3,3.74,2057.0,5.38,3271.3,1.357,1.109,1.142,7.595,0.0,18.0,25.595,2,OPEN,True,31.7762,1,True
DE001245,T0049,S008,CHARGING,train,18,8,True,True,6534.1,8.255,5446.9,6.97,2057.0,5.38,9924.0,9.845,1.109,1.142,17.115,0.0,18.0,35.115,4,OPEN,True,56.0237,2,False
DE001245,T0049,S017,CHARGING,train,18,8,True,True,7086.2,8.091,7498.2,8.473,2057.0,5.38,12527.4,11.184,1.109,1.142,18.649,0.0,18.0,36.649,4,OPEN,True,63.1001,3,False
DE001245,T0049,S016,CHARGING,train,18,8,True,True,8554.4,9.324,9107.3,9.717,2057.0,5.38,15604.7,13.661,1.109,1.142,21.437,0.0,18.0,39.437,2,OPEN,True,73.3618,4,False
DE001245,T0049,S022,CHARGING,train,18,8,True,True,9998.9,11.209,10748.6,12.215,2057.0,5.38,18690.5,18.044,1.109,1.142,26.38,0.0,18.0,44.38,4,OPEN,True,84.872,5,False
DE001245,T0049,S001,CHARGING,train,18,8,True,True,11094.0,12.757,11354.3,13.617,2057.0,5.38,20391.3,20.993,1.109,1.142,29.698,0.0,18.0,47.698,4,OPEN,True,92.3287,6,False
DE001245,T0049,S005,CHARGING,train,18,8,True,True,11407.6,14.823,11992.9,15.32,2057.0,5.38,21343.5,24.763,1.109,1.142,33.935,0.0,18.0,51.935,2,OPEN,True,100.1124,7,False
DE001245,T0049,S019,CHARGING,train,18,8,True,True,13516.8,16.564,14058.1,16.939,2057.0,5.38,25517.9,28.123,1.109,1.142,37.714,0.0,18.0,55.714,7,OPEN,True,111.6806,8,False
DE001248,T0049,S002,CHARGING,train,20,8,True,True,576.8,0.936,1283.9,1.629,1489.0,3.709,371.7,0.0,1.049,1.143,2.844,0.0,18.0,20.844,6,OPEN,True,19.4875,1,True
DE001248,T0049,S004,CHARGING,train,20,8,True,True,2427.8,3.053,2962.3,3.74,1489.0,3.709,3901.1,3.084,1.049,1.143,7.477,0.0,18.0,25.477,3,OPEN,True,33.0002,2,False
DE001248,T0049,S008,CHARGING,train,20,8,True,True,6278.7,8.115,5446.9,6.97,1489.0,3.709,10236.6,11.376,1.049,1.143,16.479,0.0,18.0,34.479,1,OPEN,True,57.4464,3,False
DE001248,T0049,S017,CHARGING,train,20,8,True,True,7148.0,8.147,7498.2,8.473,1489.0,3.709,13157.2,12.911,1.049,1.143,18.231,0.0,18.0,36.231,4,OPEN,True,64.3732,4,False
DE001248,T0049,S016,CHARGING,train,20,8,True,True,8616.2,9.38,9107.3,9.717,1489.0,3.709,16234.5,15.388,1.049,1.143,20.946,0.0,18.0,38.946,2,OPEN,True,74.5622,5,False
DE001248,T0049,S022,CHARGING,train,20,8,True,True,10060.7,11.265,10748.6,12.215,1489.0,3.709,19320.3,19.771,1.049,1.143,25.778,0.0,18.0,43.778,3,OPEN,True,86.3118,6,False
DE001248,T0049,S001,CHARGING,train,20,8,True,True,11160.9,12.956,11354.3,13.617,1489.0,3.709,21026.2,22.865,1.049,1.143,29.156,0.0,18.0,47.156,5,OPEN,True,93.1741,7,False
DE001248,T0049,S005,CHARGING,train,20,8,True,True,11469.4,14.975,11992.9,15.32,1489.0,3.709,21973.3,26.587,1.049,1.143,33.22,0.0,18.0,51.22,2,OPEN,True,101.1134,8,False
DE001251,T0049,S002,CHARGING,train,20,8,True,True,736.1,1.273,1283.9,1.629,933.0,2.376,1087.0,0.527,1.195,1.143,3.384,0.0,18.0,21.384,6,OPEN,True,21.5894,1,True
DE001251,T0049,S004,CHARGING,train,20,8,True,True,2700.4,3.539,2962.3,3.74,933.0,2.376,4729.7,4.903,1.195,1.143,8.504,0.0,18.0,26.504,3,OPEN,True,36.139,2,False
DE001251,T0049,S008,CHARGING,train,20,8,True,True,6084.9,7.952,5446.9,6.97,933.0,2.376,10598.8,12.546,1.195,1.143,17.469,0.0,18.0,35.469,1,OPEN,True,59.4535,3,False
DE001251,T0049,S017,CHARGING,train,20,8,True,True,7420.6,8.633,7498.2,8.473,933.0,2.376,13985.8,14.731,1.195,1.143,20.001,0.0,18.0,38.001,4,OPEN,True,68.2557,4,False
DE001251,T0049,S016,CHARGING,train,20,8,True,True,8888.8,9.866,9107.3,9.717,933.0,2.376,17063.1,17.208,1.195,1.143,22.897,0.0,18.0,40.897,2,OPEN,True,78.6246,5,False
DE001251,T0049,S022,CHARGING,train,20,8,True,True,10333.3,11.751,10748.6,12.215,933.0,2.376,20148.9,21.59,1.195,1.143,28.004,0.0,18.0,46.004,3,OPEN,True,90.6494,6,False
DE001251,T0049,S001,CHARGING,train,20,8,True,True,11365.7,13.443,11354.3,13.617,933.0,2.376,21787.0,24.684,1.195,1.143,31.628,0.0,18.0,49.628,5,OPEN,True,97.6232,7,False
DE001251,T0049,S005,CHARGING,train,20,8,True,True,11742.0,15.461,11992.9,15.32,933.0,2.376,22801.9,28.406,1.195,1.143,35.987,0.0,18.0,53.987,2,OPEN,True,105.9928,8,False
DE001254,T0049,S002,CHARGING,train,20,8,True,True,931.8,1.646,1283.9,1.629,387.0,0.971,1828.7,2.305,1.018,1.143,3.538,0.0,18.0,21.538,6,OPEN,True,23.6715,1,True
DE001254,T0049,S004,CHARGING,train,20,8,True,True,2908.4,3.955,2962.3,3.74,387.0,0.971,5483.7,6.724,1.018,1.143,8.301,0.0,18.0,26.301,3,OPEN,True,37.8993,2,False
DE001254,T0049,S008,CHARGING,train,20,8,True,True,6162.7,8.23,5446.9,6.97,387.0,0.971,11222.6,14.229,1.018,1.143,16.345,0.0,18.0,34.345,1,OPEN,True,59.9974,3,False
DE001254,T0049,S017,CHARGING,train,20,8,True,True,7628.6,9.049,7498.2,8.473,387.0,0.971,14739.8,16.552,1.018,1.143,18.897,0.0,18.0,36.897,4,OPEN,True,69.1143,4,False
DE001254,T0049,S016,CHARGING,train,20,8,True,True,9096.8,10.282,9107.3,9.717,387.0,0.971,17817.1,19.029,1.018,1.143,21.574,0.0,18.0,39.574,2,OPEN,True,79.2651,5,False
DE001254,T0049,S022,CHARGING,train,20,8,True,True,10541.3,12.167,10748.6,12.215,387.0,0.971,20902.9,23.411,1.018,1.143,26.348,0.0,18.0,44.348,3,OPEN,True,90.9563,6,False
DE001254,T0049,S001,CHARGING,train,20,8,True,True,11325.3,13.859,11354.3,13.617,387.0,0.971,22292.6,26.505,1.018,1.143,29.672,0.0,18.0,47.672,5,OPEN,True,97.1338,7,False
DE001254,T0049,S005,CHARGING,train,20,8,True,True,11950.0,15.877,11992.9,15.32,387.0,0.971,23555.9,30.227,1.018,1.143,33.674,0.0,18.0,51.674,2,OPEN,True,105.6429,8,False
DE001281,T0051,S020,CHARGING,train,1,1,False,True,11414.2,11.563,11870.6,12.196,3539.0,10.098,19745.8,13.661,1.066,1.143,26.266,0.0,18.0,44.266,1,OPEN,True,86.823,1,True
DE001284,T0051,S020,CHARGING,train,1,1,False,True,11091.2,11.588,11870.6,12.196,3056.0,8.61,19905.8,15.174,1.096,1.143,26.64,0.0,18.0,44.64,1,OPEN,True,87.8956,1,True
DE001305,T0052,S029,CHARGING,validation,19,8,True,True,6791.6,9.442,7216.8,10.487,5244.0,16.235,8764.4,3.695,1.004,1.143,21.467,0.0,18.0,39.467,3,OPEN,True,56.8695,1,True
DE001305,T0052,S007,CHARGING,validation,19,8,True,True,12717.1,14.378,11911.3,13.895,5244.0,16.235,19384.4,12.038,1.004,1.143,30.317,0.0,18.0,48.317,8,OPEN,True,87.9953,2,False
DE001305,T0052,S026,CHARGING,validation,19,8,True,True,11678.5,14.248,13645.8,16.36,5244.0,16.235,20080.3,14.373,1.004,1.143,33.005,0.0,18.0,51.005,6,OPEN,True,92.6585,3,False
DE001305,T0052,S011,CHARGING,validation,19,8,True,True,13454.4,15.68,13746.6,18.76,5244.0,16.235,21957.0,18.205,1.004,1.143,37.185,0.0,18.0,55.185,8,OPEN,True,101.5506,4,False
DE001305,T0052,S019,CHARGING,validation,19,8,True,True,14908.8,16.89,15636.6,18.605,5244.0,16.235,25301.4,19.261,1.004,1.143,38.223,0.0,18.0,56.223,1,OPEN,True,111.2914,5,False
DE001305,T0052,S016,CHARGING,validation,19,8,True,True,21386.8,22.386,21388.4,23.789,5244.0,16.235,37531.2,29.94,1.004,1.143,49.666,0.0,18.0,67.666,3,OPEN,True,149.1639,6,False
DE001305,T0052,S013,CHARGING,validation,19,8,True,True,20260.0,25.455,20739.8,26.602,5244.0,16.235,35755.8,35.823,1.004,1.143,55.963,0.0,18.0,73.963,4,OPEN,True,153.0304,7,False
DE001305,T0052,S022,CHARGING,validation,19,8,True,True,21485.3,23.307,22934.5,26.367,5244.0,16.235,39175.8,33.44,1.004,1.143,53.538,0.0,18.0,71.538,4,OPEN,True,156.8497,8,False
DE001308,T0052,S029,CHARGING,validation,19,8,True,True,7281.2,10.514,7216.8,10.487,4527.0,14.158,9971.0,6.844,1.072,1.143,23.258,0.0,18.0,41.258,3,OPEN,True,61.8611,1,True
DE001308,T0052,S007,CHARGING,validation,19,8,True,True,13217.0,15.45,11911.3,13.895,4527.0,14.158,20601.3,15.187,1.072,1.143,32.444,0.0,18.0,50.444,8,OPEN,True,93.3431,2,False
DE001308,T0052,S026,CHARGING,validation,19,8,True,True,12178.4,15.32,13645.8,16.36,4527.0,14.158,21297.2,17.522,1.072,1.143,35.123,0.0,18.0,53.123,6,OPEN,True,97.9976,3,False
DE001308,T0052,S011,CHARGING,validation,19,8,True,True,13954.4,16.752,13746.6,18.76,4527.0,14.158,23174.0,21.354,1.072,1.143,39.401,0.0,18.0,57.401,8,OPEN,True,106.9872,4,False
DE001308,T0052,S019,CHARGING,validation,19,8,True,True,15408.8,17.962,15636.6,18.605,4527.0,14.158,26518.4,22.409,1.072,1.143,40.521,0.0,18.0,58.521,1,OPEN,True,116.8103,5,False
DE001308,T0052,S016,CHARGING,validation,19,8,True,True,21886.7,23.458,21388.4,23.789,4527.0,14.158,38748.1,33.089,1.072,1.143,52.338,0.0,18.0,70.338,3,OPEN,True,155.0563,6,False
DE001308,T0052,S013,CHARGING,validation,19,8,True,True,20749.6,26.527,20739.8,26.602,4527.0,14.158,36962.4,38.971,1.072,1.143,58.843,0.0,18.0,76.843,4,OPEN,True,159.1109,7,False
DE001308,T0052,S022,CHARGING,validation,19,8,True,True,21985.2,24.379,22934.5,26.367,4527.0,14.158,40392.7,36.588,1.072,1.143,56.272,0.0,18.0,74.272,4,OPEN,True,162.8047,8,False
DE001311,T0052,S029,CHARGING,validation,19,8,True,True,6928.2,10.213,7216.8,10.487,3852.0,12.205,10293.0,8.495,1.092,1.143,23.139,0.0,18.0,41.139,3,OPEN,True,62.7991,1,True
DE001311,T0052,S007,CHARGING,validation,19,8,True,True,13081.2,15.148,11911.3,13.895,3852.0,12.205,21140.5,16.838,1.092,1.143,32.424,0.0,18.0,50.424,8,OPEN,True,94.8142,2,False
DE001311,T0052,S026,CHARGING,validation,19,8,True,True,12042.6,15.019,13645.8,16.36,3852.0,12.205,21836.4,19.174,1.092,1.143,35.1,0.0,18.0,53.1,6,OPEN,True,99.4661,3,False
DE001311,T0052,S011,CHARGING,validation,19,8,True,True,13818.6,16.451,13746.6,18.76,3852.0,12.205,23713.2,23.005,1.092,1.143,39.407,0.0,18.0,57.407,8,OPEN,True,108.4844,4,False
DE001311,T0052,S019,CHARGING,validation,19,8,True,True,15273.0,17.661,15636.6,18.605,3852.0,12.205,27057.6,24.061,1.092,1.143,40.551,0.0,18.0,58.551,1,OPEN,True,118.3316,5,False
DE001311,T0052,S016,CHARGING,validation,19,8,True,True,21750.9,23.156,21388.4,23.789,3852.0,12.205,39287.3,34.74,1.092,1.143,52.478,0.0,18.0,70.478,3,OPEN,True,156.6875,6,False
DE001311,T0052,S013,CHARGING,validation,19,8,True,True,20489.8,26.226,20739.8,26.602,3852.0,12.205,37377.6,40.623,1.092,1.143,59.045,0.0,18.0,77.045,4,OPEN,True,160.5555,7,False
DE001311,T0052,S022,CHARGING,validation,19,8,True,True,21849.4,24.077,22934.5,26.367,3852.0,12.205,40931.9,38.24,1.092,1.143,56.431,0.0,18.0,74.431,4,OPEN,True,164.4544,8,False
DE001314,T0052,S029,CHARGING,validation,19,8,True,True,6861.2,10.012,7216.8,10.487,3176.0,9.953,10902.0,10.546,1.246,1.143,24.461,0.0,18.0,42.461,3,OPEN,True,65.852,1,True
DE001314,T0052,S007,CHARGING,validation,19,8,True,True,13014.1,14.947,11911.3,13.895,3176.0,9.953,21749.4,18.889,1.246,1.143,34.506,0.0,18.0,52.506,8,OPEN,True,98.627,2,False
DE001314,T0052,S026,CHARGING,validation,19,8,True,True,11975.6,14.818,13645.8,16.36,3176.0,9.953,22445.4,21.225,1.246,1.143,37.162,0.0,18.0,55.162,6,OPEN,True,103.2591,3,False
DE001314,T0052,S011,CHARGING,validation,19,8,True,True,13751.5,16.25,13746.6,18.76,3176.0,9.953,24322.1,25.057,1.246,1.143,41.689,0.0,18.0,59.689,8,OPEN,True,112.4977,4,False
DE001314,T0052,S019,CHARGING,validation,19,8,True,True,15205.9,17.46,15636.6,18.605,3176.0,9.953,27666.5,26.112,1.246,1.143,43.02,0.0,18.0,61.02,1,OPEN,True,122.5314,5,False
DE001314,T0052,S016,CHARGING,validation,19,8,True,True,21683.9,22.955,21388.4,23.789,3176.0,9.953,39896.3,36.792,1.246,1.143,55.793,0.0,18.0,73.793,3,OPEN,True,161.7337,6,False
DE001314,T0052,S013,CHARGING,validation,19,8,True,True,20422.7,26.025,20739.8,26.602,3176.0,9.953,37986.5,42.674,1.246,1.143,62.833,0.0,18.0,80.833,4,OPEN,True,166.0742,7,False
DE001314,T0052,S022,CHARGING,validation,19,8,True,True,21782.4,23.876,22934.5,26.367,3176.0,9.953,41540.9,40.291,1.246,1.143,59.888,0.0,18.0,77.888,4,OPEN,True,169.6424,8,False
DE001317,T0052,S029,CHARGING,validation,20,8,True,True,6850.6,9.561,7216.8,10.487,2459.0,7.644,11608.4,12.404,1.243,1.143,23.871,0.0,18.0,41.871,3,OPEN,True,67.1386,1,True
DE001317,T0052,S007,CHARGING,validation,20,8,True,True,12761.6,14.496,11911.3,13.895,2459.0,7.644,22213.9,20.747,1.243,1.143,33.9,0.0,18.0,51.9,7,OPEN,True,99.415,2,False
DE001317,T0052,S026,CHARGING,validation,20,8,True,True,11723.0,14.367,13645.8,16.36,2459.0,7.644,22909.8,23.082,1.243,1.143,36.557,0.0,18.0,54.557,6,OPEN,True,104.0473,3,False
DE001317,T0052,S011,CHARGING,validation,20,8,True,True,13498.9,15.799,13746.6,18.76,2459.0,7.644,24786.5,26.914,1.243,1.143,41.08,0.0,18.0,59.08,7,OPEN,True,113.2816,4,False
DE001317,T0052,S019,CHARGING,validation,20,8,True,True,14953.3,17.009,15636.6,18.605,2459.0,7.644,28130.9,27.97,1.243,1.143,42.407,0.0,18.0,60.407,8,OPEN,True,121.5616,5,False
DE001317,T0052,S010,CHARGING,validation,20,8,True,True,14743.0,18.708,15185.7,19.614,2459.0,7.644,27469.7,30.678,1.243,1.143,45.673,0.0,18.0,63.673,2,OPEN,True,125.5822,6,False
DE001317,T0052,S016,CHARGING,validation,20,8,True,True,21431.3,22.504,21388.4,23.789,2459.0,7.644,40360.7,38.649,1.243,1.143,55.164,0.0,18.0,73.164,2,OPEN,True,162.8475,7,False
DE001317,T0052,S013,CHARGING,validation,20,8,True,True,20318.9,25.574,20739.8,26.602,2459.0,7.644,38599.7,44.531,1.243,1.143,62.194,0.0,18.0,80.194,4,OPEN,True,167.1264,8,False
DE001320,T0052,S029,CHARGING,validation,20,8,True,True,7020.1,10.111,7216.8,10.487,1830.0,5.547,12406.9,15.052,1.167,1.143,23.787,0.0,18.0,41.787,3,OPEN,True,69.3137,1,True
DE001320,T0052,S007,CHARGING,validation,20,8,True,True,12945.6,15.047,11911.3,13.895,1830.0,5.547,23026.9,23.395,1.167,1.143,33.441,0.0,18.0,51.441,7,OPEN,True,101.2439,2,False
DE001320,T0052,S026,CHARGING,validation,20,8,True,True,11907.0,14.917,13645.8,16.36,1830.0,5.547,23722.8,25.73,1.167,1.143,36.108,0.0,18.0,54.108,6,OPEN,True,105.8861,3,False
DE001320,T0052,S011,CHARGING,validation,20,8,True,True,13682.9,16.35,13746.6,18.76,1830.0,5.547,25599.5,29.562,1.167,1.143,40.522,0.0,18.0,58.522,7,OPEN,True,115.0116,4,False
DE001320,T0052,S019,CHARGING,validation,20,8,True,True,15137.3,17.559,15636.6,18.605,1830.0,5.547,28943.9,30.618,1.167,1.143,41.757,0.0,18.0,59.757,8,OPEN,True,123.1996,5,False
DE001320,T0052,S010,CHARGING,validation,20,8,True,True,14912.5,19.259,15185.7,19.614,1830.0,5.547,28268.2,33.326,1.167,1.143,44.894,0.0,18.0,62.894,2,OPEN,True,127.0621,6,False
DE001320,T0052,S016,CHARGING,validation,20,8,True,True,21615.3,23.055,21388.4,23.789,1830.0,5.547,41173.7,41.297,1.167,1.143,54.096,0.0,18.0,72.096,2,OPEN,True,164.0679,7,False
DE001320,T0052,S013,CHARGING,validation,20,8,True,True,20488.5,26.124,20739.8,26.602,1830.0,5.547,39398.3,47.179,1.167,1.143,60.893,0.0,18.0,78.893,4,OPEN,True,168.0847,8,False
DE001323,T0052,S029,CHARGING,validation,20,8,True,True,7017.7,9.808,7216.8,10.487,1135.0,3.552,13099.5,16.743,1.1,1.143,22.776,0.0,18.0,40.776,3,OPEN,True,70.111,1,True
DE001323,T0052,S007,CHARGING,validation,20,8,True,True,12924.9,14.744,11911.3,13.895,1135.0,3.552,23701.2,25.086,1.1,1.143,32.1,0.0,18.0,50.1,7,OPEN,True,101.674,2,False
DE001323,T0052,S026,CHARGING,validation,20,8,True,True,11886.3,14.614,13645.8,16.36,1135.0,3.552,24397.1,27.422,1.1,1.143,34.775,0.0,18.0,52.775,6,OPEN,True,106.3248,3,False
DE001323,T0052,S011,CHARGING,validation,20,8,True,True,13662.2,16.047,13746.6,18.76,1135.0,3.552,26273.8,31.254,1.1,1.143,39.093,0.0,18.0,57.093,7,OPEN,True,115.3544,4,False
DE001323,T0052,S019,CHARGING,validation,20,8,True,True,15116.6,17.256,15636.6,18.605,1135.0,3.552,29618.2,32.309,1.1,1.143,40.248,0.0,18.0,58.248,8,OPEN,True,123.4613,5,False
DE001323,T0052,S010,CHARGING,validation,20,8,True,True,14910.1,18.956,15185.7,19.614,1135.0,3.552,28960.8,35.018,1.1,1.143,43.27,0.0,18.0,61.27,2,OPEN,True,127.2465,6,False
DE001323,T0052,S016,CHARGING,validation,20,8,True,True,21594.6,22.752,21388.4,23.789,1135.0,3.552,41848.0,42.989,1.1,1.143,52.218,0.0,18.0,70.218,2,OPEN,True,163.9614,7,False
DE001323,T0052,S013,CHARGING,validation,20,8,True,True,20486.1,25.821,20739.8,26.602,1135.0,3.552,40090.9,48.871,1.1,1.143,58.81,0.0,18.0,76.81,4,OPEN,True,167.8091,8,False
DE001326,T0052,S029,CHARGING,validation,20,8,True,True,6854.4,9.925,7216.8,10.487,478.0,1.41,13593.2,19.003,1.177,1.143,23.669,0.0,18.0,41.669,3,OPEN,True,72.5559,1,True
DE001326,T0052,S007,CHARGING,validation,20,8,True,True,12761.5,14.861,11911.3,13.895,478.0,1.41,24194.8,27.345,1.177,1.143,33.373,0.0,18.0,51.373,7,OPEN,True,104.4987,2,False
DE001326,T0052,S026,CHARGING,validation,20,8,True,True,11723.0,14.731,13645.8,16.36,478.0,1.41,24890.8,29.681,1.177,1.143,36.038,0.0,18.0,54.038,6,OPEN,True,109.1398,3,False
DE001326,T0052,S011,CHARGING,validation,20,8,True,True,13498.9,16.163,13746.6,18.76,478.0,1.41,26767.5,33.513,1.177,1.143,40.466,0.0,18.0,58.466,7,OPEN,True,118.2796,4,False
DE001326,T0052,S019,CHARGING,validation,20,8,True,True,14953.3,17.373,15636.6,18.605,478.0,1.41,30111.9,34.568,1.177,1.143,41.714,0.0,18.0,59.714,8,OPEN,True,126.4797,5,False
DE001326,T0052,S010,CHARGING,validation,20,8,True,True,14746.7,19.073,15185.7,19.614,478.0,1.41,29454.4,37.277,1.177,1.143,44.867,0.0,18.0,62.867,2,OPEN,True,130.3956,6,False
DE001326,T0052,S016,CHARGING,validation,20,8,True,True,21431.3,22.869,21388.4,23.789,478.0,1.41,42341.7,45.248,1.177,1.143,54.107,0.0,18.0,72.107,2,OPEN,True,167.4029,7,False
DE001326,T0052,S013,CHARGING,validation,20,8,True,True,20322.7,25.938,20739.8,26.602,478.0,1.41,40584.5,51.13,1.177,1.143,60.935,0.0,18.0,78.935,4,OPEN,True,171.4868,8,False
DE001329,T0053,S028,CHARGING,test,19,8,True,True,2854.9,4.236,2452.6,3.83,7360.0,17.645,0.0,0.0,1.02,1.143,8.697,0.0,18.0,26.697,2,OPEN,True,25.9975,1,True
DE001329,T0053,S014,CHARGING,test,19,8,True,True,3916.8,5.203,4029.2,5.645,7360.0,17.645,586.0,0.0,1.02,1.143,11.759,0.0,18.0,29.759,2,OPEN,True,30.2314,2,False
DE001329,T0053,S023,CHARGING,test,19,8,True,True,5805.8,8.358,5464.1,8.423,7360.0,17.645,3909.9,0.0,1.02,1.143,18.152,0.0,18.0,36.152,7,OPEN,True,41.872,3,False
DE001329,T0053,S007,CHARGING,test,19,8,True,True,12931.2,15.246,12853.2,14.086,7360.0,17.645,18424.4,11.688,1.02,1.143,31.652,0.0,18.0,49.652,8,OPEN,True,87.3228,4,False
DE001329,T0053,S019,CHARGING,test,19,8,True,True,16327.5,17.641,16071.5,17.09,7360.0,17.645,25039.0,17.086,1.02,1.143,37.528,0.0,18.0,55.528,1,OPEN,True,109.527,5,False
DE001329,T0053,S026,CHARGING,test,19,8,True,True,15552.1,20.456,15225.6,19.502,7360.0,17.645,23417.7,22.313,1.02,1.143,43.157,0.0,18.0,61.157,6,OPEN,True,111.4703,6,False
DE001329,T0053,S011,CHARGING,test,19,8,True,True,19077.8,21.859,19237.7,21.544,7360.0,17.645,30955.5,25.758,1.02,1.143,46.922,0.0,18.0,64.922,8,OPEN,True,131.1723,7,False
DE001329,T0053,S016,CHARGING,test,19,8,True,True,21759.9,23.679,21969.0,23.583,7360.0,17.645,36368.9,29.617,1.02,1.143,51.108,0.0,18.0,69.108,3,OPEN,True,148.1996,8,False
DE001332,T0053,S028,CHARGING,test,20,8,True,True,3340.5,5.207,2452.6,3.83,6359.0,15.242,0.0,0.0,1.088,1.143,10.042,0.0,18.0,28.042,1,OPEN,True,27.6923,1,True
DE001332,T0053,S014,CHARGING,test,20,8,True,True,3955.7,6.174,4029.2,5.645,6359.0,15.242,1625.9,0.0,1.088,1.143,13.17,0.0,18.0,31.17,5,OPEN,True,32.6717,2,False
DE001332,T0053,S023,CHARGING,test,20,8,True,True,6142.7,9.329,5464.1,8.423,6359.0,15.242,5247.8,2.51,1.088,1.143,19.777,0.0,18.0,37.777,7,OPEN,True,46.8004,3,False
DE001332,T0053,S007,CHARGING,test,20,8,True,True,13416.9,16.218,12853.2,14.086,6359.0,15.242,19911.1,15.062,1.088,1.143,33.746,0.0,18.0,51.746,7,OPEN,True,93.2334,4,False
DE001332,T0053,S019,CHARGING,test,20,8,True,True,16813.2,18.612,16071.5,17.09,6359.0,15.242,26525.7,20.46,1.088,1.143,39.784,0.0,18.0,57.784,8,OPEN,True,113.8504,5,False
DE001332,T0053,S026,CHARGING,test,20,8,True,True,16037.8,21.428,15225.6,19.502,6359.0,15.242,24904.4,25.688,1.088,1.143,45.604,0.0,18.0,63.604,6,OPEN,True,117.7351,6,False
DE001332,T0053,S011,CHARGING,test,20,8,True,True,19563.5,22.831,19237.7,21.544,6359.0,15.242,32442.2,29.133,1.088,1.143,49.465,0.0,18.0,67.465,7,OPEN,True,137.5326,7,False
DE001332,T0053,S016,CHARGING,test,20,8,True,True,22245.6,24.65,21969.0,23.583,6359.0,15.242,37855.6,32.991,1.088,1.143,53.775,0.0,18.0,71.775,2,OPEN,True,155.0336,8,False
DE001335,T0053,S028,CHARGING,test,20,8,True,True,2338.4,3.573,2452.6,3.83,5357.0,12.837,0.0,0.0,1.187,1.143,8.618,0.0,18.0,26.618,1,OPEN,True,26.2683,1,True
DE001335,T0053,S014,CHARGING,test,20,8,True,True,4330.7,6.03,4029.2,5.645,5357.0,12.837,3002.9,0.0,1.187,1.143,13.611,0.0,18.0,31.611,5,OPEN,True,35.8665,2,False
DE001335,T0053,S023,CHARGING,test,20,8,True,True,5336.8,8.975,5464.1,8.423,5357.0,12.837,5443.9,4.561,1.187,1.143,20.281,0.0,18.0,38.281,7,OPEN,True,48.209,3,False
DE001335,T0053,S007,CHARGING,test,20,8,True,True,12414.7,14.584,12853.2,14.086,5357.0,12.837,19910.9,15.834,1.187,1.143,33.412,0.0,18.0,51.412,7,OPEN,True,93.0919,4,False
DE001335,T0053,S019,CHARGING,test,20,8,True,True,15926.6,16.979,16071.5,17.09,5357.0,12.837,26641.1,21.232,1.187,1.143,39.687,0.0,18.0,57.687,8,OPEN,True,114.1772,5,False
DE001335,T0053,S026,CHARGING,test,20,8,True,True,15035.6,19.794,15225.6,19.502,5357.0,12.837,24904.2,26.459,1.187,1.143,45.786,0.0,18.0,63.786,6,OPEN,True,118.1094,6,False
DE001335,T0053,S011,CHARGING,test,20,8,True,True,18628.8,21.197,19237.7,21.544,5357.0,12.837,32509.5,29.904,1.187,1.143,49.786,0.0,18.0,67.786,7,OPEN,True,138.1808,7,False
DE001335,T0053,S016,CHARGING,test,20,8,True,True,21291.1,23.016,21969.0,23.583,5357.0,12.837,37903.1,33.763,1.187,1.143,54.276,0.0,18.0,72.276,2,OPEN,True,155.8223,8,False
DE001338,T0053,S028,CHARGING,test,20,8,True,True,2340.4,3.577,2452.6,3.83,4407.0,10.558,386.0,0.0,2.857,1.143,14.597,0.0,18.0,32.597,1,OPEN,True,33.0185,1,True
DE001338,T0053,S014,CHARGING,test,20,8,True,True,4955.3,7.155,4029.2,5.645,4407.0,10.558,4577.5,2.243,2.857,1.143,26.896,0.0,18.0,44.896,5,OPEN,True,52.8616,2,False
DE001338,T0053,S023,CHARGING,test,20,8,True,True,5338.8,8.979,5464.1,8.423,4407.0,10.558,6395.9,6.844,2.857,1.143,35.281,0.0,18.0,53.281,7,OPEN,True,65.6841,3,False
DE001338,T0053,S007,CHARGING,test,20,8,True,True,12416.7,14.588,12853.2,14.086,4407.0,10.558,20862.9,18.116,2.857,1.143,57.778,0.0,18.0,75.778,7,OPEN,True,119.9329,4,False
DE001338,T0053,S019,CHARGING,test,20,8,True,True,15928.6,16.983,16071.5,17.09,4407.0,10.558,27593.1,23.514,2.857,1.143,68.053,0.0,18.0,86.053,8,OPEN,True,145.0175,5,False
DE001338,T0053,S026,CHARGING,test,20,8,True,True,15037.6,19.798,15225.6,19.502,4407.0,10.558,25856.2,28.742,2.857,1.143,78.853,0.0,18.0,96.853,6,OPEN,True,153.6511,6,False
DE001338,T0053,S011,CHARGING,test,20,8,True,True,18630.8,21.201,19237.7,21.544,4407.0,10.558,33461.5,32.187,2.857,1.143,85.196,0.0,18.0,103.196,7,OPEN,True,176.0655,7,False
DE001338,T0053,S016,CHARGING,test,20,8,True,True,21293.1,23.02,21969.0,23.583,4407.0,10.558,38855.1,36.045,2.857,1.143,92.724,0.0,18.0,110.724,2,OPEN,True,196.7453,8,False
DE001341,T0053,S028,CHARGING,test,20,8,True,True,2505.6,3.907,2452.6,3.83,3460.0,8.286,1498.2,0.0,1.004,1.143,8.3,0.0,18.0,26.3,1,OPEN,True,28.9466,1,True
DE001341,T0053,S014,CHARGING,test,20,8,True,True,4029.2,5.645,4029.2,5.645,3460.0,8.286,4598.4,3.005,1.004,1.143,12.12,0.0,18.0,30.12,5,OPEN,True,38.3183,2,False
DE001341,T0053,S023,CHARGING,test,20,8,True,True,5464.1,8.42,5464.1,8.423,3460.0,8.286,7468.2,8.557,1.004,1.143,18.081,0.0,18.0,36.081,7,OPEN,True,51.0565,3,False
DE001341,T0053,S007,CHARGING,test,20,8,True,True,12581.9,14.918,12853.2,14.086,3460.0,8.286,21975.1,20.719,1.004,1.143,31.079,0.0,18.0,49.079,7,OPEN,True,96.1086,4,False
DE001341,T0053,S019,CHARGING,test,20,8,True,True,16093.8,17.313,16071.5,17.09,3460.0,8.286,28705.3,26.117,1.004,1.143,36.916,0.0,18.0,54.916,8,OPEN,True,116.7556,5,False
DE001341,T0053,S026,CHARGING,test,20,8,True,True,15202.8,20.128,15225.6,19.502,3460.0,8.286,26968.4,31.345,1.004,1.143,42.5,0.0,18.0,60.5,6,OPEN,True,120.1726,6,False
DE001341,T0053,S011,CHARGING,test,20,8,True,True,18796.1,21.531,19237.7,21.544,3460.0,8.286,34573.8,34.79,1.004,1.143,46.243,0.0,18.0,64.243,7,OPEN,True,139.9875,7,False
DE001341,T0053,S016,CHARGING,test,20,8,True,True,21458.4,23.351,21969.0,23.583,3460.0,8.286,39967.4,38.648,1.004,1.143,50.399,0.0,18.0,68.399,2,OPEN,True,157.296,8,False
DE001344,T0053,S028,CHARGING,test,19,8,True,True,2138.5,3.173,2452.6,3.83,2487.0,5.968,2104.1,1.034,1.139,1.143,7.991,0.0,18.0,25.991,1,OPEN,True,30.1082,1,True
DE001344,T0053,S014,CHARGING,test,19,8,True,True,4530.6,6.43,4029.2,5.645,2487.0,5.968,6072.8,6.107,1.139,1.143,13.777,0.0,18.0,31.777,5,OPEN,True,43.699,2,False
DE001344,T0053,S023,CHARGING,test,19,8,True,True,5136.9,8.576,5464.1,8.423,2487.0,5.968,8114.0,11.03,1.139,1.143,19.395,0.0,18.0,37.395,7,OPEN,True,54.2802,3,False
DE001344,T0053,S007,CHARGING,test,19,8,True,True,12214.8,14.184,12853.2,14.086,2487.0,5.968,22581.0,22.302,1.139,1.143,32.256,0.0,18.0,50.256,7,OPEN,True,98.8938,4,False
DE001344,T0053,S019,CHARGING,test,19,8,True,True,15726.7,16.579,16071.5,17.09,2487.0,5.968,29311.2,27.7,1.139,1.143,38.417,0.0,18.0,56.417,8,OPEN,True,119.8642,5,False
DE001344,T0053,S026,CHARGING,test,19,8,True,True,14835.7,19.394,15225.6,19.502,2487.0,5.968,27574.3,32.928,1.139,1.143,44.381,0.0,18.0,62.381,6,OPEN,True,123.6613,6,False
DE001344,T0053,S011,CHARGING,test,19,8,True,True,18428.9,20.797,19237.7,21.544,2487.0,5.968,35179.6,36.373,1.139,1.143,48.313,0.0,18.0,66.313,9,OPEN,True,143.6653,7,False
DE001344,T0053,S016,CHARGING,test,19,8,True,True,21091.3,22.616,21969.0,23.583,2487.0,5.968,40573.3,40.231,1.139,1.143,52.715,0.0,18.0,70.715,3,OPEN,True,160.8697,8,False
DE001347,T0053,S028,CHARGING,test,19,8,True,True,2223.3,3.343,2452.6,3.83,1561.0,3.746,3114.9,3.426,1.185,1.143,8.338,0.0,18.0,26.338,1,OPEN,True,33.0747,1,True
DE001347,T0053,S014,CHARGING,test,19,8,True,True,4838.3,6.921,4029.2,5.645,1561.0,3.746,7306.5,8.82,1.185,1.143,14.654,0.0,18.0,32.654,5,OPEN,True,47.7225,2,False
DE001347,T0053,S023,CHARGING,test,19,8,True,True,5221.7,8.745,5464.1,8.423,1561.0,3.746,9124.8,13.422,1.185,1.143,19.99,0.0,18.0,37.99,7,OPEN,True,57.4952,3,False
DE001347,T0053,S007,CHARGING,test,19,8,True,True,12299.6,14.354,12853.2,14.086,1561.0,3.746,23591.8,24.694,1.185,1.143,33.11,0.0,18.0,51.11,7,OPEN,True,102.3668,4,False
DE001347,T0053,S019,CHARGING,test,19,8,True,True,15811.5,16.748,16071.5,17.09,1561.0,3.746,30322.0,30.092,1.185,1.143,39.38,0.0,18.0,57.38,8,OPEN,True,123.4474,5,False
DE001347,T0053,S026,CHARGING,test,19,8,True,True,14920.5,19.564,15225.6,19.502,1561.0,3.746,28585.1,35.32,1.185,1.143,45.474,0.0,18.0,63.474,6,OPEN,True,127.3739,6,False
DE001347,T0053,S011,CHARGING,test,19,8,True,True,18513.7,20.967,19237.7,21.544,1561.0,3.746,36190.4,38.765,1.185,1.143,49.471,0.0,18.0,67.471,9,OPEN,True,147.4425,7,False
DE001347,T0053,S016,CHARGING,test,19,8,True,True,21176.1,22.786,21969.0,23.583,1561.0,3.746,41584.1,42.623,1.185,1.143,53.957,0.0,18.0,71.957,3,OPEN,True,164.7306,8,False
DE001350,T0053,S028,CHARGING,test,19,8,True,True,2624.2,3.878,2452.6,3.83,625.0,1.501,4451.8,6.207,1.27,1.143,9.303,0.0,18.0,27.303,1,OPEN,True,37.4078,1,True
DE001350,T0053,S014,CHARGING,test,19,8,True,True,4023.2,5.774,4029.2,5.645,625.0,1.501,7427.4,9.918,1.27,1.143,13.785,0.0,18.0,31.785,5,OPEN,True,47.3697,2,False
DE001350,T0053,S023,CHARGING,test,19,8,True,True,5345.5,8.183,5464.1,8.423,625.0,1.501,10184.6,15.104,1.27,1.143,20.019,0.0,18.0,38.019,7,OPEN,True,60.0647,3,False
DE001350,T0053,S007,CHARGING,test,19,8,True,True,12700.5,14.889,12853.2,14.086,625.0,1.501,24928.7,27.474,1.27,1.143,35.01,0.0,18.0,53.01,7,OPEN,True,107.6359,4,False
DE001350,T0053,S019,CHARGING,test,19,8,True,True,16212.4,17.284,16071.5,17.09,625.0,1.501,31658.9,32.872,1.27,1.143,41.484,0.0,18.0,59.484,8,OPEN,True,128.92,5,False
DE001350,T0053,S026,CHARGING,test,19,8,True,True,15321.4,20.099,15225.6,19.502,625.0,1.501,29922.0,38.1,1.27,1.143,47.817,0.0,18.0,65.817,6,OPEN,True,133.0858,6,False
DE001350,T0053,S011,CHARGING,test,19,8,True,True,18914.6,21.502,19237.7,21.544,625.0,1.501,37527.3,41.545,1.27,1.143,51.933,0.0,18.0,69.933,9,OPEN,True,153.2737,7,False
DE001350,T0053,S016,CHARGING,test,19,8,True,True,21577.0,23.321,21969.0,23.583,625.0,1.501,42921.0,45.403,1.27,1.143,56.574,0.0,18.0,74.574,3,OPEN,True,170.7163,8,False
DE001473,T0059,S011,CHARGING,train,18,8,True,True,3391.7,5.489,2215.1,3.315,5007.0,11.941,599.8,0.0,1.034,1.143,9.464,0.0,18.0,27.464,2,OPEN,True,27.9634,1,True
DE001473,T0059,S010,CHARGING,train,18,8,True,True,4270.9,5.126,3273.4,3.067,5007.0,11.941,2537.3,0.0,1.034,1.143,8.806,0.0,18.0,26.806,3,OPEN,True,30.8307,2,False
DE001473,T0059,S019,CHARGING,train,18,8,True,True,3717.2,4.894,5021.9,6.41,5007.0,11.941,3732.1,0.0,1.034,1.143,12.387,0.0,18.0,30.387,7,OPEN,True,35.751,3,False
DE001473,T0059,S029,CHARGING,train,18,8,True,True,8113.8,12.01,7894.5,10.606,5007.0,11.941,11001.3,10.675,1.034,1.143,24.541,0.0,18.0,42.541,4,OPEN,True,65.8122,4,False
DE001473,T0059,S007,CHARGING,train,18,8,True,True,9863.6,10.752,9042.5,8.582,5007.0,11.941,13899.1,7.393,1.034,1.143,20.927,0.0,18.0,38.927,6,OPEN,True,66.4735,5,False
DE001473,T0059,S017,CHARGING,train,18,8,True,True,8429.8,11.201,9924.6,12.198,5007.0,11.941,13347.4,11.457,1.034,1.143,25.523,0.0,18.0,43.523,6,OPEN,True,70.9823,6,False
DE001473,T0059,S005,CHARGING,train,18,8,True,True,9237.1,11.184,9813.1,12.0,5007.0,11.941,14043.2,11.244,1.034,1.143,25.281,0.0,18.0,43.281,3,OPEN,True,73.1285,7,False
DE001473,T0059,S016,CHARGING,train,18,8,True,True,9670.4,11.918,10932.4,12.165,5007.0,11.941,15595.8,12.142,1.034,1.143,26.228,0.0,18.0,44.228,2,OPEN,True,77.7553,8,False
DE001476,T0059,S011,CHARGING,train,18,8,True,True,2899.0,4.489,2215.1,3.315,4329.0,10.314,785.1,0.0,1.119,1.143,8.811,0.0,18.0,26.811,2,OPEN,True,27.6816,1,True
DE001476,T0059,S010,CHARGING,train,18,8,True,True,3778.2,4.126,3273.4,3.067,4329.0,10.314,2722.6,0.0,1.119,1.143,8.123,0.0,18.0,26.123,3,OPEN,True,30.5181,2,False
DE001476,T0059,S019,CHARGING,train,18,8,True,True,4254.8,5.969,5021.9,6.41,4329.0,10.314,4947.7,2.064,1.119,1.143,14.006,0.0,18.0,32.006,7,OPEN,True,40.3173,3,False
DE001476,T0059,S029,CHARGING,train,18,8,True,True,7621.0,11.01,7894.5,10.606,4329.0,10.314,11186.5,11.302,1.119,1.143,24.443,0.0,18.0,42.443,4,OPEN,True,66.2413,4,False
DE001476,T0059,S007,CHARGING,train,18,8,True,True,9370.8,9.752,9042.5,8.582,4329.0,10.314,14084.3,8.02,1.119,1.143,20.722,0.0,18.0,38.722,6,OPEN,True,66.7957,5,False
DE001476,T0059,S017,CHARGING,train,18,8,True,True,8967.3,12.276,9924.6,12.198,4329.0,10.314,14562.9,14.159,1.119,1.143,27.678,0.0,18.0,45.678,6,OPEN,True,76.2439,6,False
DE001476,T0059,S005,CHARGING,train,18,8,True,True,9774.7,12.26,9813.1,12.0,4329.0,10.314,15258.8,13.946,1.119,1.143,27.435,0.0,18.0,45.435,3,OPEN,True,78.3889,7,False
DE001476,T0059,S016,CHARGING,train,18,8,True,True,10207.9,12.993,10932.4,12.165,4329.0,10.314,16811.3,14.844,1.119,1.143,28.444,0.0,18.0,46.444,2,OPEN,True,83.0779,8,False
DE001479,T0059,S011,CHARGING,train,18,8,True,True,3056.0,4.803,2215.1,3.315,3652.0,8.69,1619.1,0.0,1.006,1.143,8.62,0.0,18.0,26.62,2,OPEN,True,29.1584,1,True
DE001479,T0059,S010,CHARGING,train,18,8,True,True,3935.3,4.44,3273.4,3.067,3652.0,8.69,3556.7,0.0,1.006,1.143,7.973,0.0,18.0,25.973,3,OPEN,True,32.0361,2,False
DE001479,T0059,S019,CHARGING,train,18,8,True,True,4411.9,6.283,5021.9,6.41,3652.0,8.69,5781.8,4.003,1.006,1.143,13.647,0.0,18.0,31.647,7,OPEN,True,42.1117,3,False
DE001479,T0059,S029,CHARGING,train,18,8,True,True,7778.1,11.324,7894.5,10.606,3652.0,8.69,12020.6,13.24,1.006,1.143,23.515,0.0,18.0,41.515,4,OPEN,True,67.4661,4,False
DE001479,T0059,S007,CHARGING,train,18,8,True,True,9527.9,10.067,9042.5,8.582,3652.0,8.69,14918.4,9.959,1.006,1.143,19.936,0.0,18.0,37.936,6,OPEN,True,68.1626,5,False
DE001479,T0059,S017,CHARGING,train,18,8,True,True,9124.4,12.59,9924.6,12.198,3652.0,8.69,15397.0,16.098,1.006,1.143,26.607,0.0,18.0,44.607,6,OPEN,True,77.3257,6,False
DE001479,T0059,S005,CHARGING,train,18,8,True,True,9931.8,12.574,9813.1,12.0,3652.0,8.69,16092.9,15.884,1.006,1.143,26.366,0.0,18.0,44.366,3,OPEN,True,79.4725,7,False
DE001479,T0059,S016,CHARGING,train,18,8,True,True,10365.0,13.307,10932.4,12.165,3652.0,8.69,17645.4,16.783,1.006,1.143,27.292,0.0,18.0,45.292,2,OPEN,True,84.0786,8,False
DE001482,T0059,S011,CHARGING,train,18,8,True,True,2930.3,4.551,2215.1,3.315,2948.0,6.999,2197.4,0.867,1.063,1.143,8.627,0.0,18.0,26.627,2,OPEN,True,30.538,1,True
DE001482,T0059,S010,CHARGING,train,18,8,True,True,3809.5,4.189,3273.4,3.067,2948.0,6.999,4134.9,0.257,1.063,1.143,7.958,0.0,18.0,25.958,3,OPEN,True,33.2423,2,False
DE001482,T0059,S019,CHARGING,train,18,8,True,True,4286.1,6.031,5021.9,6.41,2948.0,6.999,6360.0,5.442,1.063,1.143,13.738,0.0,18.0,31.738,7,OPEN,True,43.7186,3,False
DE001482,T0059,S029,CHARGING,train,18,8,True,True,7652.3,11.072,7894.5,10.606,2948.0,6.999,12598.8,14.679,1.063,1.143,23.893,0.0,18.0,41.893,4,OPEN,True,69.3603,4,False
DE001482,T0059,S007,CHARGING,train,18,8,True,True,9402.2,9.815,9042.5,8.582,2948.0,6.999,15496.7,11.398,1.063,1.143,20.243,0.0,18.0,38.243,6,OPEN,True,69.9854,5,False
DE001482,T0059,S017,CHARGING,train,18,8,True,True,8998.6,12.338,9924.6,12.198,2948.0,6.999,15975.2,17.537,1.063,1.143,27.058,0.0,18.0,45.058,6,OPEN,True,79.2921,6,False
DE001482,T0059,S005,CHARGING,train,18,8,True,True,9806.0,12.322,9813.1,12.0,2948.0,6.999,16671.1,17.323,1.063,1.143,26.815,0.0,18.0,44.815,3,OPEN,True,81.438,7,False
DE001482,T0059,S016,CHARGING,train,18,8,True,True,10239.3,13.056,10932.4,12.165,2948.0,6.999,18223.7,18.222,1.063,1.143,27.783,0.0,18.0,45.783,2,OPEN,True,86.0861,8,False
DE001485,T0059,S010,CHARGING,train,18,8,True,True,3551.7,3.644,3273.4,3.067,2287.0,5.262,4538.1,1.449,1.318,1.142,8.306,0.0,18.0,26.306,4,OPEN,True,34.3441,1,True
DE001485,T0059,S019,CHARGING,train,18,8,True,True,4296.2,6.047,5021.9,6.41,2287.0,5.262,7031.1,7.194,1.318,1.142,15.289,0.0,18.0,33.289,8,OPEN,True,47.0503,2,False
DE001485,T0059,S029,CHARGING,train,18,8,True,True,7394.5,10.528,7894.5,10.606,2287.0,5.262,13002.0,15.872,1.318,1.142,25.988,0.0,18.0,43.988,6,OPEN,True,71.8599,3,False
DE001485,T0059,S007,CHARGING,train,18,8,True,True,9144.3,9.271,9042.5,8.582,2287.0,5.262,15899.8,12.59,1.318,1.142,22.019,0.0,18.0,40.019,6,OPEN,True,72.8662,4,False
DE001485,T0059,S011,CHARGING,train,18,8,True,True,2672.4,4.007,2215.1,3.315,2287.0,5.262,2600.5,2.059,1.318,1.142,9.066,46.0,18.0,73.066,1,OPEN,True,78.4318,5,False
DE001485,T0059,S013,CHARGING,train,18,8,True,True,10012.6,10.51,9779.3,9.833,2287.0,5.262,17504.9,15.08,1.318,1.142,25.081,0.0,18.0,43.081,5,OPEN,True,80.1104,6,False
DE001485,T0059,S017,CHARGING,train,18,8,True,True,9008.7,12.353,9924.6,12.198,2287.0,5.262,16646.3,19.289,1.318,1.142,30.211,0.0,18.0,48.211,6,OPEN,True,84.2262,7,False
DE001485,T0059,S005,CHARGING,train,18,8,True,True,9816.1,12.337,9813.1,12.0,2287.0,5.262,17342.2,19.075,1.318,1.142,29.965,0.0,18.0,47.965,2,OPEN,True,86.7182,8,False
DE001488,T0059,S010,CHARGING,train,18,8,True,True,3627.7,3.796,3273.4,3.067,1642.0,3.714,5259.1,3.15,1.109,1.142,7.713,0.0,18.0,25.713,4,OPEN,True,35.6184,1,True
DE001488,T0059,S019,CHARGING,train,18,8,True,True,4634.9,6.199,5021.9,6.41,1642.0,3.714,8014.8,8.895,1.109,1.142,14.194,0.0,18.0,32.194,8,OPEN,True,48.3478,2,False
DE001488,T0059,S029,CHARGING,train,18,8,True,True,7470.5,10.68,7894.5,10.606,1642.0,3.714,13723.0,17.572,1.109,1.142,23.956,0.0,18.0,41.956,6,OPEN,True,71.6954,3,False
DE001488,T0059,S007,CHARGING,train,18,8,True,True,9220.4,9.423,9042.5,8.582,1642.0,3.714,16620.9,14.291,1.109,1.142,20.25,0.0,18.0,38.25,6,OPEN,True,72.9647,4,False
DE001488,T0059,S011,CHARGING,train,18,8,True,True,2748.5,4.159,2215.1,3.315,1642.0,3.714,3321.6,3.76,1.109,1.142,8.397,46.0,18.0,72.397,1,OPEN,True,79.6305,5,False
DE001488,T0059,S013,CHARGING,train,18,8,True,True,10088.7,10.662,9779.3,9.833,1642.0,3.714,18226.0,16.781,1.109,1.142,23.053,0.0,18.0,41.053,5,OPEN,True,79.9499,6,False
DE001488,T0059,S017,CHARGING,train,18,8,True,True,9347.4,12.506,9924.6,12.198,1642.0,3.714,17630.0,20.989,1.109,1.142,27.798,0.0,18.0,45.798,6,OPEN,True,84.2056,7,False
DE001488,T0059,S005,CHARGING,train,18,8,True,True,10154.8,12.489,9813.1,12.0,1642.0,3.714,18325.9,20.776,1.109,1.142,27.555,0.0,18.0,45.555,2,OPEN,True,86.701,8,False
DE001491,T0059,S010,CHARGING,train,18,8,True,True,3627.7,3.796,3273.4,3.067,1001.0,2.066,5900.1,4.798,1.109,1.142,7.713,0.0,18.0,25.713,4,OPEN,True,37.3124,1,True
DE001491,T0059,S019,CHARGING,train,18,8,True,True,4634.9,6.199,5021.9,6.41,1001.0,2.066,8655.8,10.543,1.109,1.142,14.194,0.0,18.0,32.194,8,OPEN,True,50.0419,2,False
DE001491,T0059,S029,CHARGING,train,18,8,True,True,7470.5,10.68,7894.5,10.606,1001.0,2.066,14364.0,19.221,1.109,1.142,23.956,0.0,18.0,41.956,6,OPEN,True,73.3895,3,False
DE001491,T0059,S007,CHARGING,train,18,8,True,True,9220.4,9.423,9042.5,8.582,1001.0,2.066,17261.9,15.939,1.109,1.142,20.25,0.0,18.0,38.25,6,OPEN,True,74.6587,4,False
DE001491,T0059,S011,CHARGING,train,18,8,True,True,2748.5,4.159,2215.1,3.315,1001.0,2.066,3962.6,5.408,1.109,1.142,8.397,46.0,18.0,72.397,1,OPEN,True,81.3245,5,False
DE001491,T0059,S013,CHARGING,train,18,8,True,True,10088.7,10.662,9779.3,9.833,1001.0,2.066,18867.0,18.429,1.109,1.142,23.053,0.0,18.0,41.053,5,OPEN,True,81.644,6,False
DE001491,T0059,S017,CHARGING,train,18,8,True,True,9347.4,12.506,9924.6,12.198,1001.0,2.066,18271.0,22.638,1.109,1.142,27.798,0.0,18.0,45.798,6,OPEN,True,85.8997,7,False
DE001491,T0059,S005,CHARGING,train,18,8,True,True,10154.8,12.489,9813.1,12.0,1001.0,2.066,18966.9,22.424,1.109,1.142,27.555,0.0,18.0,45.555,2,OPEN,True,88.395,8,False
DE001494,T0059,S010,CHARGING,train,18,8,True,True,3315.6,3.172,3273.4,3.067,373.0,0.612,6216.0,5.627,1.201,1.142,7.312,0.0,18.0,25.312,4,OPEN,True,37.7511,1,True
DE001494,T0059,S019,CHARGING,train,18,8,True,True,4395.3,5.574,5021.9,6.41,373.0,0.612,9044.2,11.373,1.201,1.142,14.015,0.0,18.0,32.015,8,OPEN,True,50.8466,2,False
DE001494,T0059,S029,CHARGING,train,18,8,True,True,7158.4,10.056,7894.5,10.606,373.0,0.612,14679.9,20.05,1.201,1.142,24.189,0.0,18.0,42.189,6,OPEN,True,74.4615,3,False
DE001494,T0059,S007,CHARGING,train,18,8,True,True,8908.2,8.798,9042.5,8.582,373.0,0.612,17577.7,16.768,1.201,1.142,20.367,0.0,18.0,38.367,6,OPEN,True,75.6149,4,False
DE001494,T0059,S011,CHARGING,train,18,8,True,True,2436.3,3.534,2215.1,3.315,373.0,0.612,4278.4,6.237,1.201,1.142,8.03,46.0,18.0,72.03,1,OPEN,True,81.7964,5,False
DE001494,T0059,S013,CHARGING,train,18,8,True,True,9776.5,10.038,9779.3,9.833,373.0,0.612,19182.8,19.258,1.201,1.142,23.284,0.0,18.0,41.284,5,OPEN,True,82.7141,6,False
DE001494,T0059,S017,CHARGING,train,18,8,True,True,9244.8,11.881,9924.6,12.198,373.0,0.612,18796.4,23.467,1.201,1.142,28.199,0.0,18.0,46.199,6,OPEN,True,87.5586,7,False
DE001494,T0059,S005,CHARGING,train,18,8,True,True,10052.2,11.865,9813.1,12.0,373.0,0.612,19492.3,23.254,1.201,1.142,27.954,0.0,18.0,45.954,2,OPEN,True,90.0525,8,False
DE001521,T0061,S019,CHARGING,train,18,8,True,True,4067.4,6.032,2367.4,2.86,7961.0,21.048,0.0,0.0,1.101,1.142,9.907,0.0,18.0,27.907,8,OPEN,True,25.8067,1,True
DE001521,T0061,S007,CHARGING,train,18,8,True,True,5319.9,8.336,4767.8,6.981,7961.0,21.048,2126.7,0.0,1.101,1.142,17.15,0.0,18.0,35.15,6,OPEN,True,37.3036,2,False
DE001521,T0061,S026,CHARGING,train,18,8,True,True,8568.6,11.797,7645.2,9.446,7961.0,21.048,8252.8,0.194,1.101,1.142,23.776,0.0,18.0,41.776,4,OPEN,True,56.9298,3,False
DE001521,T0061,S010,CHARGING,train,18,8,True,True,10895.7,12.176,8984.3,9.357,7961.0,21.048,11919.0,0.485,1.101,1.142,24.091,0.0,18.0,42.091,4,OPEN,True,64.6505,4,False
DE001521,T0061,S016,CHARGING,train,18,8,True,True,10715.5,13.427,8247.8,9.576,7961.0,21.048,11002.3,1.955,1.101,1.142,25.719,0.0,18.0,43.719,3,OPEN,True,65.1624,5,False
DE001521,T0061,S028,CHARGING,train,18,8,True,True,10565.4,10.097,11944.1,11.944,7961.0,21.048,14548.5,0.992,1.101,1.142,24.756,0.0,18.0,42.756,2,OPEN,True,71.4013,6,False
DE001521,T0061,S022,CHARGING,train,18,8,True,True,10814.0,13.743,9794.0,12.154,7961.0,21.048,12647.0,4.849,1.101,1.142,29.011,0.0,18.0,47.011,6,OPEN,True,71.4175,7,False
DE001521,T0061,S011,CHARGING,train,18,8,True,True,7375.4,10.25,5612.7,7.352,7961.0,21.048,5027.1,0.0,1.101,1.142,19.682,46.0,18.0,83.682,1,OPEN,True,93.3859,8,False
DE001533,T0061,S007,CHARGING,train,18,8,True,True,5520.4,8.533,4767.8,6.981,3794.0,8.533,6494.2,6.98,1.267,1.142,18.783,0.0,18.0,36.783,7,OPEN,True,49.4163,1,True
DE001533,T0061,S011,CHARGING,train,18,8,True,True,6253.2,8.635,5612.7,7.352,3794.0,8.533,8071.9,7.454,1.267,1.142,19.336,0.0,18.0,37.336,8,OPEN,True,53.2437,2,False
DE001533,T0061,S026,CHARGING,train,18,8,True,True,8886.1,11.727,7645.2,9.446,3794.0,8.533,12737.3,12.64,1.267,1.142,25.646,0.0,18.0,43.646,3,OPEN,True,71.2306,3,False
DE001533,T0061,S010,CHARGING,train,18,8,True,True,9773.5,10.561,8984.3,9.357,3794.0,8.533,14963.8,11.384,1.267,1.142,24.066,0.0,18.0,42.066,3,OPEN,True,73.7895,4,False
DE001533,T0061,S016,CHARGING,train,18,8,True,True,10903.0,12.698,8247.8,9.576,3794.0,8.533,15356.8,13.74,1.267,1.142,27.024,0.0,18.0,45.024,4,OPEN,True,77.7725,5,False
DE001533,T0061,S028,CHARGING,train,18,8,True,True,11023.0,10.775,11944.1,11.944,3794.0,8.533,19173.1,14.186,1.267,1.142,27.292,0.0,18.0,45.292,3,OPEN,True,86.1349,6,False
DE001533,T0061,S022,CHARGING,train,18,8,True,True,11268.2,14.422,9794.0,12.154,3794.0,8.533,17268.2,18.043,1.267,1.142,32.153,0.0,18.0,50.153,6,OPEN,True,87.0997,7,False
DE001533,T0061,S017,CHARGING,train,18,8,True,True,11733.8,14.248,9868.6,11.429,3794.0,8.533,17808.4,17.144,1.267,1.142,31.104,0.0,18.0,49.104,5,OPEN,True,87.2569,8,False
DE001536,T0061,S007,CHARGING,train,18,8,True,True,5409.9,8.337,4767.8,6.981,2734.0,6.285,7443.7,9.033,1.103,1.142,17.168,0.0,18.0,35.168,7,OPEN,True,50.2133,1,True
DE001536,T0061,S011,CHARGING,train,18,8,True,True,6427.1,8.698,5612.7,7.352,2734.0,6.285,9305.8,9.765,1.103,1.142,17.99,0.0,18.0,35.99,8,OPEN,True,54.9428,2,False
DE001536,T0061,S026,CHARGING,train,18,8,True,True,8683.5,11.79,7645.2,9.446,2734.0,6.285,13594.7,14.952,1.103,1.142,23.792,0.0,18.0,41.792,3,OPEN,True,71.6695,3,False
DE001536,T0061,S010,CHARGING,train,18,8,True,True,9947.4,10.624,8984.3,9.357,2734.0,6.285,16197.7,13.696,1.103,1.142,22.403,0.0,18.0,40.403,3,OPEN,True,75.1727,4,False
DE001536,T0061,S016,CHARGING,train,18,8,True,True,10827.1,12.761,8247.8,9.576,2734.0,6.285,16340.9,16.052,1.103,1.142,25.011,0.0,18.0,43.011,4,OPEN,True,78.3056,5,False
DE001536,T0061,S028,CHARGING,train,18,8,True,True,10680.3,10.097,11944.1,11.944,2734.0,6.285,19890.4,15.756,1.103,1.142,24.777,0.0,18.0,42.777,3,OPEN,True,85.4472,6,False
DE001536,T0061,S022,CHARGING,train,18,8,True,True,10925.6,13.744,9794.0,12.154,2734.0,6.285,17985.6,19.613,1.103,1.142,29.04,0.0,18.0,47.04,6,OPEN,True,85.8141,7,False
DE001536,T0061,S017,CHARGING,train,18,8,True,True,12048.7,14.311,9868.6,11.429,2734.0,6.285,19183.3,19.455,1.103,1.142,28.837,0.0,18.0,46.837,5,OPEN,True,88.3175,8,False
DE001539,T0061,S007,CHARGING,train,18,8,True,True,5534.9,7.917,4767.8,6.981,1776.0,4.183,8526.7,10.715,1.111,1.142,16.768,0.0,18.0,34.768,7,OPEN,True,52.4,1,True
DE001539,T0061,S011,CHARGING,train,18,8,True,True,5678.4,8.019,5612.7,7.352,1776.0,4.183,9515.1,11.189,1.111,1.142,17.305,0.0,18.0,35.305,8,OPEN,True,55.0328,2,False
DE001539,T0061,S026,CHARGING,train,18,8,True,True,8299.8,11.112,7645.2,9.446,1776.0,4.183,14169.0,16.375,1.111,1.142,23.132,0.0,18.0,41.132,3,OPEN,True,72.5143,3,False
DE001539,T0061,S010,CHARGING,train,18,8,True,True,9198.7,9.945,8984.3,9.357,1776.0,4.183,16407.0,15.119,1.111,1.142,21.734,0.0,18.0,39.734,3,OPEN,True,75.2782,4,False
DE001539,T0061,S016,CHARGING,train,18,8,True,True,10328.3,12.082,8247.8,9.576,1776.0,4.183,16800.1,17.475,1.111,1.142,24.359,0.0,18.0,42.359,4,OPEN,True,78.928,5,False
DE001539,T0061,S017,CHARGING,train,18,8,True,True,11300.0,13.632,9868.6,11.429,1776.0,4.183,19392.6,20.879,1.111,1.142,28.198,0.0,18.0,46.198,5,OPEN,True,88.4524,6,False
DE001539,T0061,S022,CHARGING,train,18,8,True,True,11292.1,14.546,9794.0,12.154,1776.0,4.183,19310.1,22.517,1.111,1.142,30.04,0.0,18.0,48.04,6,OPEN,True,90.1893,7,False
DE001539,T0061,S028,CHARGING,train,18,8,True,True,11320.5,11.294,11944.1,11.944,1776.0,4.183,21488.6,19.056,1.111,1.142,26.188,0.0,18.0,44.188,3,OPEN,True,90.879,8,False
DE001542,T0061,S007,CHARGING,train,18,8,True,True,5875.5,7.394,4767.8,6.981,705.0,1.692,9938.3,12.683,1.279,1.142,17.429,0.0,18.0,35.429,7,OPEN,True,56.3767,1,True
DE001542,T0061,S011,CHARGING,train,18,8,True,True,5371.3,7.496,5612.7,7.352,705.0,1.692,10279.0,13.157,1.279,1.142,17.984,0.0,18.0,35.984,8,OPEN,True,57.7312,2,False
DE001542,T0061,S026,CHARGING,train,18,8,True,True,8324.5,10.589,7645.2,9.446,705.0,1.692,15264.7,18.343,1.279,1.142,24.331,0.0,18.0,42.331,3,OPEN,True,76.3958,3,False
DE001542,T0061,S010,CHARGING,train,18,8,True,True,8923.0,9.422,8984.3,9.357,705.0,1.692,17202.3,17.087,1.279,1.142,22.736,0.0,18.0,40.736,3,OPEN,True,78.363,4,False
DE001542,T0061,S016,CHARGING,train,18,8,True,True,10101.9,11.618,8247.8,9.576,705.0,1.692,17644.7,19.502,1.279,1.142,25.795,0.0,18.0,43.795,4,OPEN,True,82.5596,5,False
DE001542,T0061,S017,CHARGING,train,18,8,True,True,11073.7,13.168,9868.6,11.429,705.0,1.692,20237.3,22.905,1.279,1.142,29.894,0.0,18.0,47.894,5,OPEN,True,92.3446,6,False
DE001542,T0061,S022,CHARGING,train,18,8,True,True,11483.6,14.081,9794.0,12.154,705.0,1.692,20572.6,24.543,1.279,1.142,31.89,0.0,18.0,49.89,6,OPEN,True,95.0706,7,False
DE001542,T0061,S029,CHARGING,train,18,8,True,True,11166.0,15.346,12193.8,13.685,705.0,1.692,22654.8,27.339,1.279,1.142,35.255,0.0,18.0,53.255,6,OPEN,True,103.2994,8,False
DE001566,T0062,S028,CHARGING,test,18,8,True,True,1101.7,1.748,935.2,1.514,331.0,0.726,1705.9,2.537,1.269,1.142,3.948,0.0,18.0,21.948,3,OPEN,True,24.9437,1,True
DE001566,T0062,S023,CHARGING,test,18,8,True,True,5140.4,7.739,5309.8,7.976,331.0,0.726,10119.2,14.988,1.269,1.142,18.928,0.0,18.0,36.928,8,OPEN,True,58.8137,2,False
DE001566,T0062,S014,CHARGING,test,18,8,True,True,5892.7,7.53,5669.5,7.29,331.0,0.726,11231.2,14.094,1.269,1.142,17.88,0.0,18.0,35.88,4,OPEN,True,60.4658,3,False
DE001566,T0062,S007,CHARGING,test,18,8,True,True,10542.6,12.759,10925.3,11.771,331.0,0.726,21136.9,23.804,1.269,1.142,29.634,0.0,18.0,47.634,7,OPEN,True,93.7585,4,False
DE001566,T0062,S026,CHARGING,test,18,8,True,True,13163.5,17.969,13137.3,17.187,331.0,0.726,25969.8,34.43,1.269,1.142,42.43,0.0,18.0,60.43,3,OPEN,True,119.9272,5,False
DE001566,T0062,S011,CHARGING,test,18,8,True,True,17392.2,19.326,17720.3,19.229,331.0,0.726,34781.5,37.829,1.269,1.142,46.484,0.0,18.0,64.484,8,OPEN,True,141.4041,6,False
DE001566,T0062,S016,CHARGING,test,18,8,True,True,20054.5,21.192,20451.6,21.267,331.0,0.726,40175.1,41.733,1.269,1.142,51.18,0.0,18.0,69.18,4,OPEN,True,158.5631,7,False
DE001566,T0062,S022,CHARGING,test,18,8,True,True,20153.0,21.508,21997.7,23.846,331.0,0.726,41819.7,44.627,1.269,1.142,54.525,0.0,18.0,72.525,6,OPEN,True,165.2213,8,False
DE001569,T0063,S024,BATTERY_SWAP,validation,5,5,True,True,1679.1,3.018,1570.2,2.737,3167.0,10.244,82.3,0.0,1.081,1.142,6.388,0.0,6.0,12.388,3,OPEN,True,11.5022,1,True
DE001569,T0063,S012,BATTERY_SWAP,validation,5,5,True,True,5930.9,8.49,5419.5,7.424,3167.0,10.244,8183.4,5.669,1.081,1.142,17.655,0.0,6.0,23.655,4,OPEN,True,40.0394,2,False
DE001569,T0063,S009,BATTERY_SWAP,validation,5,5,True,True,8241.9,9.898,8930.8,10.474,3167.0,10.244,14005.7,10.127,1.081,1.142,22.661,0.0,6.0,28.661,5,OPEN,True,57.4541,3,False
DE001569,T0063,S021,BATTERY_SWAP,validation,5,5,True,True,9148.1,11.207,8479.4,10.451,3167.0,10.244,14460.5,11.413,1.081,1.142,24.05,0.0,6.0,30.05,2,OPEN,True,61.124,4,False
DE001569,T0063,S018,BATTERY_SWAP,validation,5,5,True,True,11840.4,14.217,12022.6,14.378,3167.0,10.244,20696.0,18.351,1.081,1.142,31.789,0.0,6.0,37.789,8,OPEN,True,81.6687,5,False
DE001573,T0063,S024,BATTERY_SWAP,validation,6,6,True,True,1607.5,2.825,1570.2,2.737,2650.0,8.541,527.7,0.0,1.162,1.142,6.408,0.0,6.0,12.408,4,OPEN,True,12.0637,1,True
DE001573,T0063,S012,BATTERY_SWAP,validation,6,6,True,True,5949.1,8.386,5419.5,7.424,2650.0,8.541,8718.6,7.269,1.162,1.142,18.223,0.0,6.0,24.223,3,OPEN,True,42.4275,2,False
DE001573,T0063,S009,BATTERY_SWAP,validation,6,6,True,True,8260.1,9.794,8930.8,10.474,2650.0,8.541,14540.9,11.727,1.162,1.142,23.343,0.0,6.0,29.343,4,OPEN,True,59.9562,3,False
DE001573,T0063,S021,BATTERY_SWAP,validation,6,6,True,True,9166.3,11.104,8479.4,10.451,2650.0,8.541,14995.7,13.013,1.162,1.142,24.837,0.0,6.0,30.837,2,OPEN,True,63.3822,4,False
DE001573,T0063,S005,BATTERY_SWAP,validation,6,6,True,True,11170.9,13.916,11366.1,14.171,2650.0,8.541,19887.0,19.547,1.162,1.142,32.355,0.0,6.0,38.355,1,OPEN,True,82.6654,5,False
DE001573,T0063,S005,CHARGING,validation,6,6,True,True,11170.9,13.916,11366.1,14.171,2650.0,8.541,19887.0,19.547,1.162,1.142,32.355,0.0,18.0,50.355,1,OPEN,True,94.6654,6,False
DE001577,T0063,S024,BATTERY_SWAP,validation,4,4,True,True,1689.0,3.047,1570.2,2.737,2202.0,7.21,1057.2,0.0,1.275,1.142,7.011,0.0,6.0,13.011,4,OPEN,True,13.7255,1,True
DE001577,T0063,S012,BATTERY_SWAP,validation,4,4,True,True,5986.0,8.519,5419.5,7.424,2202.0,7.21,9203.5,8.734,1.275,1.142,19.34,0.0,6.0,25.34,3,OPEN,True,44.8807,2,False
DE001577,T0063,S009,BATTERY_SWAP,validation,4,4,True,True,8297.0,9.928,8930.8,10.474,2202.0,7.21,15025.8,13.192,1.275,1.142,24.619,0.0,6.0,30.619,4,OPEN,True,62.5686,3,False
DE001577,T0063,S021,BATTERY_SWAP,validation,4,4,True,True,9203.3,11.237,8479.4,10.451,2202.0,7.21,15480.7,14.478,1.275,1.142,26.262,0.0,6.0,32.262,2,OPEN,True,66.1428,4,False
DE001581,T0063,S024,BATTERY_SWAP,validation,4,4,True,True,1640.5,2.883,1570.2,2.737,1873.0,6.113,1337.7,0.0,1.142,1.142,6.418,0.0,6.0,12.418,4,OPEN,True,13.6934,1,True
DE001581,T0063,S012,BATTERY_SWAP,validation,4,4,True,True,6018.0,8.615,5419.5,7.424,1873.0,6.113,9564.5,9.926,1.142,1.142,18.317,0.0,6.0,24.317,3,OPEN,True,44.8775,2,False
DE001581,T0063,S009,BATTERY_SWAP,validation,4,4,True,True,8329.0,10.024,8930.8,10.474,1873.0,6.113,15386.8,14.384,1.142,1.142,23.408,0.0,6.0,29.408,4,OPEN,True,62.3781,3,False
DE001581,T0063,S021,BATTERY_SWAP,validation,4,4,True,True,9235.3,11.333,8479.4,10.451,1873.0,6.113,15841.7,15.67,1.142,1.142,24.877,0.0,6.0,30.877,2,OPEN,True,65.7781,4,False
DE001585,T0063,S024,BATTERY_SWAP,validation,4,4,True,True,1535.0,2.659,1570.2,2.737,1459.0,4.821,1646.2,0.574,1.168,1.142,6.231,0.0,6.0,12.231,4,OPEN,True,14.2668,1,True
DE001585,T0063,S012,BATTERY_SWAP,validation,4,4,True,True,6208.2,9.081,5419.5,7.424,1459.0,4.821,10168.7,11.684,1.168,1.142,19.085,0.0,6.0,25.085,3,OPEN,True,47.2931,2,False
DE001585,T0063,S009,BATTERY_SWAP,validation,4,4,True,True,8502.0,10.179,8930.8,10.474,1459.0,4.821,15973.8,15.832,1.168,1.142,23.85,0.0,6.0,29.85,4,OPEN,True,64.356,3,False
DE001585,T0063,S021,BATTERY_SWAP,validation,4,4,True,True,9449.8,11.856,8479.4,10.451,1459.0,4.821,16470.2,17.485,1.168,1.142,25.782,0.0,6.0,31.782,2,OPEN,True,68.3942,4,False
DE001589,T0063,S024,BATTERY_SWAP,validation,4,4,True,True,1546.7,2.657,1570.2,2.737,1012.0,3.365,2104.9,2.029,1.136,1.142,6.144,0.0,6.0,12.144,4,OPEN,True,15.4616,1,True
DE001589,T0063,S012,BATTERY_SWAP,validation,4,4,True,True,6172.0,9.021,5419.5,7.424,1012.0,3.365,10579.5,13.08,1.136,1.142,18.726,0.0,6.0,24.726,3,OPEN,True,48.1054,2,False
DE001589,T0063,S009,BATTERY_SWAP,validation,4,4,True,True,8483.0,10.178,8930.8,10.474,1012.0,3.365,16401.8,17.287,1.136,1.142,23.523,0.0,6.0,29.523,4,OPEN,True,65.2487,3,False
DE001589,T0063,S021,BATTERY_SWAP,validation,4,4,True,True,9389.2,11.739,8479.4,10.451,1012.0,3.365,16856.6,18.824,1.136,1.142,25.27,0.0,6.0,31.27,2,OPEN,True,68.9894,4,False
DE001593,T0063,S024,BATTERY_SWAP,validation,4,4,True,True,1562.3,2.704,1570.2,2.737,724.0,2.402,2408.5,3.039,1.242,1.142,6.484,0.0,6.0,12.484,4,OPEN,True,16.6611,1,True
DE001593,T0063,S012,BATTERY_SWAP,validation,4,4,True,True,6187.6,9.068,5419.5,7.424,724.0,2.402,10883.1,14.09,1.242,1.142,19.741,0.0,6.0,25.741,3,OPEN,True,49.9795,2,False
DE001593,T0063,S009,BATTERY_SWAP,validation,4,4,True,True,8498.6,10.225,8930.8,10.474,724.0,2.402,16705.4,18.296,1.242,1.142,24.66,0.0,6.0,30.66,4,OPEN,True,67.2454,3,False
DE001593,T0063,S021,BATTERY_SWAP,validation,4,4,True,True,9404.8,11.786,8479.4,10.451,724.0,2.402,17160.2,19.834,1.242,1.142,26.573,0.0,6.0,32.573,2,OPEN,True,71.1516,4,False
DE001597,T0063,S024,BATTERY_SWAP,validation,3,3,True,True,1576.6,2.747,1570.2,2.737,307.0,1.012,2839.8,4.472,1.236,1.142,6.521,0.0,6.0,12.521,4,OPEN,True,17.9188,1,True
DE001597,T0063,S012,BATTERY_SWAP,validation,3,3,True,True,6201.9,9.111,5419.5,7.424,307.0,1.012,11314.4,15.523,1.236,1.142,19.739,0.0,6.0,25.739,3,OPEN,True,51.199,2,False
DE001597,T0063,S009,BATTERY_SWAP,validation,3,3,True,True,8512.9,10.268,8930.8,10.474,307.0,1.012,17136.7,19.729,1.236,1.142,24.652,0.0,6.0,30.652,4,OPEN,True,68.458,3,False
DE001681,T0067,S008,CHARGING,test,19,8,True,True,2170.1,3.266,2128.1,3.705,6089.0,16.77,0.0,0.0,1.054,1.143,7.678,0.0,18.0,25.678,1,OPEN,True,25.3279,1,True
DE001681,T0067,S002,CHARGING,test,19,8,True,True,5118.7,6.725,5580.8,7.891,6089.0,16.77,4610.5,0.0,1.054,1.143,16.108,0.0,18.0,34.108,6,OPEN,True,41.229,2,False
DE001681,T0067,S004,CHARGING,test,19,8,True,True,6978.8,8.813,7136.9,9.086,6089.0,16.77,8026.7,1.129,1.054,1.143,19.674,0.0,18.0,37.674,4,OPEN,True,52.6095,3,False
DE001681,T0067,S017,CHARGING,test,19,8,True,True,10631.6,11.799,10586.6,11.601,6089.0,16.77,15129.2,6.631,1.054,1.143,25.697,0.0,18.0,43.697,5,OPEN,True,73.8628,4,False
DE001681,T0067,S016,CHARGING,test,19,8,True,True,11853.1,12.989,11737.6,12.766,6089.0,16.77,17501.7,8.985,1.054,1.143,28.281,0.0,18.0,46.281,4,OPEN,True,82.1308,5,False
DE001681,T0067,S022,CHARGING,test,19,8,True,True,12354.9,14.65,12727.3,14.869,6089.0,16.77,18993.2,12.749,1.054,1.143,32.436,0.0,18.0,50.436,7,OPEN,True,89.5096,6,False
DE001681,T0067,S020,CHARGING,test,19,8,True,True,13831.8,15.42,13309.4,14.291,6089.0,16.77,21052.2,12.942,1.054,1.143,32.588,0.0,18.0,50.588,1,OPEN,True,95.5775,7,False
DE001681,T0067,S005,CHARGING,test,19,8,True,True,16371.0,19.458,17056.0,19.286,6089.0,16.77,27338.0,21.975,1.054,1.143,42.554,0.0,18.0,60.554,3,OPEN,True,119.6734,8,False
DE001684,T0067,S008,CHARGING,test,19,8,True,True,2128.1,3.322,2128.1,3.705,5313.0,14.332,0.0,0.0,1.046,1.143,7.71,0.0,18.0,25.71,1,OPEN,True,25.3596,1,True
DE001684,T0067,S002,CHARGING,test,19,8,True,True,5369.4,6.865,5580.8,7.891,5313.0,14.332,5637.2,0.425,1.046,1.143,16.201,0.0,18.0,34.201,6,OPEN,True,43.4815,2,False
DE001684,T0067,S004,CHARGING,test,19,8,True,True,7229.5,8.953,7136.9,9.086,5313.0,14.332,9053.4,3.707,1.046,1.143,19.75,0.0,18.0,37.75,4,OPEN,True,55.3836,3,False
DE001684,T0067,S017,CHARGING,test,19,8,True,True,10594.8,11.854,10586.6,11.601,5313.0,14.332,15868.4,9.124,1.046,1.143,25.66,0.0,18.0,43.66,5,OPEN,True,75.9279,4,False
DE001684,T0067,S016,CHARGING,test,19,8,True,True,11816.4,13.044,11737.6,12.766,5313.0,14.332,18241.0,11.478,1.046,1.143,28.235,0.0,18.0,46.235,4,OPEN,True,84.1865,5,False
DE001684,T0067,S022,CHARGING,test,19,8,True,True,12312.8,14.705,12727.3,14.869,5313.0,14.332,19727.1,15.242,1.046,1.143,32.377,0.0,18.0,50.377,7,OPEN,True,91.5412,6,False
DE001684,T0067,S020,CHARGING,test,19,8,True,True,13665.4,15.348,13309.4,14.291,5313.0,14.332,21661.8,15.307,1.046,1.143,32.388,0.0,18.0,50.388,1,OPEN,True,97.1885,7,False
DE001684,T0067,S005,CHARGING,test,19,8,True,True,16621.7,19.514,17056.0,19.286,5313.0,14.332,28364.7,24.468,1.046,1.143,42.456,0.0,18.0,60.456,3,OPEN,True,122.2522,8,False
DE001687,T0067,S008,CHARGING,test,19,8,True,True,2206.1,3.884,2128.1,3.705,4549.0,12.606,0.0,0.0,1.072,1.143,8.399,0.0,18.0,26.399,1,OPEN,True,26.0491,1,True
DE001687,T0067,S002,CHARGING,test,19,8,True,True,5295.0,7.211,5580.8,7.891,4549.0,12.606,6326.8,2.496,1.072,1.143,16.75,0.0,18.0,34.75,6,OPEN,True,45.9278,2,False
DE001687,T0067,S004,CHARGING,test,19,8,True,True,7136.1,9.299,7136.9,9.086,4549.0,12.606,9724.0,5.778,1.072,1.143,20.353,0.0,18.0,38.353,4,OPEN,True,57.8461,3,False
DE001687,T0067,S017,CHARGING,test,19,8,True,True,10576.6,12.417,10586.6,11.601,4549.0,12.606,16614.2,11.412,1.072,1.143,26.571,0.0,18.0,44.571,5,OPEN,True,78.9029,4,False
DE001687,T0067,S016,CHARGING,test,19,8,True,True,11798.1,13.607,11737.6,12.766,4549.0,12.606,18986.7,13.766,1.072,1.143,29.177,0.0,18.0,47.177,4,OPEN,True,87.1923,5,False
DE001687,T0067,S022,CHARGING,test,19,8,True,True,12390.8,15.267,12727.3,14.869,4549.0,12.606,20569.1,17.53,1.072,1.143,33.362,0.0,18.0,51.362,7,OPEN,True,94.7828,6,False
DE001687,T0067,S020,CHARGING,test,19,8,True,True,13867.7,16.038,13309.4,14.291,4549.0,12.606,22628.1,17.723,1.072,1.143,33.528,0.0,18.0,51.528,1,OPEN,True,100.8646,7,False
DE001687,T0067,S005,CHARGING,test,19,8,True,True,16547.3,20.076,17056.0,19.286,4549.0,12.606,29054.3,26.757,1.072,1.143,43.566,0.0,18.0,61.566,3,OPEN,True,125.314,8,False
DE001690,T0067,S008,CHARGING,test,19,8,True,True,2040.5,3.105,2128.1,3.705,3749.0,10.531,419.6,0.0,1.168,1.143,7.862,0.0,18.0,25.862,1,OPEN,True,26.351,1,True
DE001690,T0067,S002,CHARGING,test,19,8,True,True,5281.9,6.649,5580.8,7.891,3749.0,10.531,7113.7,4.009,1.168,1.143,16.785,0.0,18.0,34.785,6,OPEN,True,47.9151,2,False
DE001690,T0067,S004,CHARGING,test,19,8,True,True,7141.9,8.736,7136.9,9.086,3749.0,10.531,10529.8,7.291,1.168,1.143,20.589,0.0,18.0,38.589,4,OPEN,True,60.0716,3,False
DE001690,T0067,S017,CHARGING,test,19,8,True,True,10507.3,11.638,10586.6,11.601,3749.0,10.531,17344.9,12.708,1.168,1.143,26.853,0.0,18.0,44.853,5,OPEN,True,80.9702,4,False
DE001690,T0067,S016,CHARGING,test,19,8,True,True,11728.8,12.827,11737.6,12.766,3749.0,10.531,19717.4,15.062,1.168,1.143,29.574,0.0,18.0,47.574,4,OPEN,True,89.3737,5,False
DE001690,T0067,S022,CHARGING,test,19,8,True,True,12225.3,14.488,12727.3,14.869,3749.0,10.531,21203.6,18.826,1.168,1.143,33.918,0.0,18.0,51.918,7,OPEN,True,96.9312,6,False
DE001690,T0067,S020,CHARGING,test,19,8,True,True,13670.0,15.259,13309.4,14.291,3749.0,10.531,23230.4,19.019,1.168,1.143,34.157,0.0,18.0,52.157,1,OPEN,True,103.0226,7,False
DE001690,T0067,S005,CHARGING,test,19,8,True,True,16534.1,19.297,17056.0,19.286,3749.0,10.531,29841.1,28.052,1.168,1.143,44.583,0.0,18.0,62.583,3,OPEN,True,128.2287,8,False
DE001693,T0067,S008,CHARGING,test,17,8,True,True,2193.7,3.487,2128.1,3.705,2942.0,8.033,1379.8,0.0,1.114,1.143,8.12,0.0,18.0,26.12,1,OPEN,True,28.5296,1,True
DE001693,T0067,S002,CHARGING,test,17,8,True,True,5435.0,7.031,5580.8,7.891,2942.0,8.033,8073.8,6.889,1.114,1.143,16.852,0.0,18.0,34.852,5,OPEN,True,50.9723,2,False
DE001693,T0067,S004,CHARGING,test,17,8,True,True,7295.0,9.119,7136.9,9.086,2942.0,8.033,11489.9,10.171,1.114,1.143,20.543,0.0,18.0,38.543,4,OPEN,True,62.6661,3,False
DE001693,T0067,S017,CHARGING,test,17,8,True,True,10660.4,12.02,10586.6,11.601,2942.0,8.033,18305.0,15.588,1.114,1.143,26.651,0.0,18.0,44.651,6,OPEN,True,83.0579,4,False
DE001693,T0067,S016,CHARGING,test,17,8,True,True,11881.9,13.21,11737.6,12.766,2942.0,8.033,20677.5,17.942,1.114,1.143,29.307,0.0,18.0,47.307,4,OPEN,True,91.7472,5,False
DE001693,T0067,S022,CHARGING,test,17,8,True,True,12378.4,14.871,12727.3,14.869,2942.0,8.033,22163.7,21.706,1.114,1.143,33.561,0.0,18.0,51.561,6,OPEN,True,99.215,6,False
DE001693,T0067,S005,CHARGING,test,17,8,True,True,16687.3,19.679,17056.0,19.286,2942.0,8.033,30801.3,30.933,1.114,1.143,43.967,0.0,18.0,61.967,3,OPEN,True,130.253,7,False
DE001693,T0067,S019,CHARGING,test,17,8,True,True,18227.7,20.679,18114.1,20.332,2942.0,8.033,33399.8,32.977,1.114,1.143,46.276,0.0,18.0,64.276,5,OPEN,True,137.5695,8,False
DE001696,T0067,S008,CHARGING,test,17,8,True,True,2416.3,3.919,2128.1,3.705,2139.0,5.981,2405.4,1.644,1.128,1.143,8.656,0.0,18.0,26.656,1,OPEN,True,31.5279,1,True
DE001696,T0067,S002,CHARGING,test,17,8,True,True,5682.2,7.463,5580.8,7.891,2139.0,5.981,9124.0,9.374,1.128,1.143,17.438,0.0,18.0,35.438,5,OPEN,True,54.2795,2,False
DE001696,T0067,S004,CHARGING,test,17,8,True,True,7542.2,9.551,7136.9,9.086,2139.0,5.981,12540.1,12.656,1.128,1.143,21.158,0.0,18.0,39.158,4,OPEN,True,66.0025,3,False
DE001696,T0067,S017,CHARGING,test,17,8,True,True,10883.0,12.452,10586.6,11.601,2139.0,5.981,19330.6,18.073,1.128,1.143,27.306,0.0,18.0,45.306,6,OPEN,True,86.3858,4,False
DE001696,T0067,S016,CHARGING,test,17,8,True,True,12104.5,13.642,11737.6,12.766,2139.0,5.981,21703.1,20.427,1.128,1.143,29.979,0.0,18.0,47.979,4,OPEN,True,95.0917,5,False
DE001696,T0067,S022,CHARGING,test,17,8,True,True,12601.0,15.303,12727.3,14.869,2139.0,5.981,23189.3,24.191,1.128,1.143,34.257,0.0,18.0,52.257,6,OPEN,True,102.5828,6,False
DE001696,T0067,S005,CHARGING,test,17,8,True,True,16934.4,20.111,17056.0,19.286,2139.0,5.981,31851.4,33.417,1.128,1.143,44.73,0.0,18.0,62.73,3,OPEN,True,133.7371,7,False
DE001696,T0067,S019,CHARGING,test,17,8,True,True,18450.3,21.111,18114.1,20.332,2139.0,5.981,34425.4,35.462,1.128,1.143,47.052,0.0,18.0,65.052,5,OPEN,True,141.0186,8,False
DE001699,T0067,S008,CHARGING,test,17,8,True,True,2364.6,3.923,2128.1,3.705,1320.0,3.512,3172.7,4.116,1.084,1.143,8.487,0.0,18.0,26.487,1,OPEN,True,33.5116,1,True
DE001699,T0067,S002,CHARGING,test,17,8,True,True,5637.3,7.466,5580.8,7.891,1320.0,3.512,9898.1,11.845,1.084,1.143,17.113,0.0,18.0,35.113,5,OPEN,True,56.1209,2,False
DE001699,T0067,S004,CHARGING,test,17,8,True,True,7497.4,9.554,7136.9,9.086,1320.0,3.512,13314.3,15.128,1.084,1.143,20.742,0.0,18.0,38.742,4,OPEN,True,67.7523,3,False
DE001699,T0067,S017,CHARGING,test,17,8,True,True,10831.3,12.456,10586.6,11.601,1320.0,3.512,20097.9,20.545,1.084,1.143,26.762,0.0,18.0,44.762,6,OPEN,True,87.9941,4,False
DE001699,T0067,S016,CHARGING,test,17,8,True,True,12052.9,13.645,11737.6,12.766,1320.0,3.512,22470.5,22.898,1.084,1.143,29.382,0.0,18.0,47.382,4,OPEN,True,96.6479,5,False
DE001699,T0067,S022,CHARGING,test,17,8,True,True,12549.3,15.306,12727.3,14.869,1320.0,3.512,23956.6,26.663,1.084,1.143,33.587,0.0,18.0,51.587,6,OPEN,True,104.0657,6,False
DE001699,T0067,S005,CHARGING,test,17,8,True,True,16889.6,20.115,17056.0,19.286,1320.0,3.512,32625.6,35.889,1.084,1.143,43.849,0.0,18.0,61.849,3,OPEN,True,135.0222,7,False
DE001699,T0067,S019,CHARGING,test,17,8,True,True,18398.6,21.114,18114.1,20.332,1320.0,3.512,35192.7,37.934,1.084,1.143,46.127,0.0,18.0,64.127,5,OPEN,True,142.246,8,False
DE001702,T0067,S008,CHARGING,test,17,8,True,True,2153.3,3.642,2128.1,3.705,548.0,1.433,3733.4,5.914,1.323,1.143,9.053,0.0,18.0,27.053,1,OPEN,True,35.6487,1,True
DE001702,T0067,S002,CHARGING,test,17,8,True,True,5480.2,7.186,5580.8,7.891,548.0,1.433,10513.0,13.644,1.323,1.143,18.526,0.0,18.0,36.526,5,OPEN,True,59.2134,2,False
DE001702,T0067,S004,CHARGING,test,17,8,True,True,7315.4,9.273,7136.9,9.086,548.0,1.433,13904.3,16.926,1.323,1.143,22.654,0.0,18.0,40.654,4,OPEN,True,71.2939,3,False
DE001702,T0067,S017,CHARGING,test,17,8,True,True,10620.0,12.175,10586.6,11.601,548.0,1.433,20658.6,22.343,1.323,1.143,29.368,0.0,18.0,47.368,6,OPEN,True,92.1705,4,False
DE001702,T0067,S016,CHARGING,test,17,8,True,True,11841.5,13.364,11737.6,12.766,548.0,1.433,23031.1,24.697,1.323,1.143,32.272,0.0,18.0,50.272,4,OPEN,True,101.1085,5,False
DE001702,T0067,S022,CHARGING,test,17,8,True,True,12338.0,15.025,12727.3,14.869,548.0,1.433,24517.3,28.461,1.323,1.143,36.874,0.0,18.0,54.874,6,OPEN,True,108.9234,6,False
DE001702,T0067,S005,CHARGING,test,17,8,True,True,16732.4,19.834,17056.0,19.286,548.0,1.433,33240.4,37.687,1.323,1.143,48.285,0.0,18.0,66.285,3,OPEN,True,141.1374,7,False
DE001702,T0067,S019,CHARGING,test,17,8,True,True,18187.3,20.833,18114.1,20.332,548.0,1.433,35753.4,39.732,1.323,1.143,50.802,0.0,18.0,68.802,5,OPEN,True,148.4918,8,False
DE001705,T0068,S027,BATTERY_SWAP,train,6,6,True,True,5191.1,5.509,1656.9,1.834,5837.0,11.917,1011.0,0.0,1.124,1.143,8.288,0.0,6.0,14.288,5,OPEN,True,14.5599,1,True
DE001705,T0068,S006,BATTERY_SWAP,train,6,6,True,True,3679.7,4.815,5690.4,5.739,5837.0,11.917,3533.1,0.0,1.124,1.143,11.972,0.0,6.0,17.972,5,OPEN,True,23.288,2,False
DE001705,T0068,S021,BATTERY_SWAP,train,6,6,True,True,4217.0,5.657,5526.3,5.99,5837.0,11.917,3906.3,0.0,1.124,1.143,13.205,0.0,6.0,19.205,4,OPEN,True,25.6176,3,False
DE001705,T0068,S012,BATTERY_SWAP,train,6,6,True,True,7576.5,10.42,9412.4,11.08,5837.0,11.917,11151.9,9.583,1.124,1.143,24.377,0.0,6.0,30.377,4,OPEN,True,53.676,4,False
DE001705,T0068,S005,BATTERY_SWAP,train,6,6,True,True,10258.4,13.919,9015.9,12.708,5837.0,11.917,13437.3,14.71,1.124,1.143,30.17,0.0,6.0,36.17,1,OPEN,True,66.3726,5,False
DE001705,T0068,S005,CHARGING,train,6,6,True,True,10258.4,13.919,9015.9,12.708,5837.0,11.917,13437.3,14.71,1.124,1.143,30.17,0.0,18.0,48.17,3,OPEN,True,77.6726,6,False
DE001709,T0068,S027,BATTERY_SWAP,train,4,4,True,True,4859.8,4.515,1656.9,1.834,5221.0,9.916,1295.7,0.0,1.235,1.143,7.672,0.0,6.0,13.672,7,OPEN,True,14.1636,1,True
DE001709,T0068,S006,BATTERY_SWAP,train,4,4,True,True,3348.5,3.821,5690.4,5.739,5221.0,9.916,3817.9,0.0,1.235,1.143,11.279,0.0,6.0,17.279,5,OPEN,True,23.1647,2,False
DE001709,T0068,S021,BATTERY_SWAP,train,4,4,True,True,3885.8,4.663,5526.3,5.99,5221.0,9.916,4191.1,0.737,1.235,1.143,12.606,0.0,6.0,18.606,5,OPEN,True,25.4221,3,False
DE001709,T0068,S012,BATTERY_SWAP,train,4,4,True,True,7245.3,9.426,9412.4,11.08,5221.0,9.916,11436.7,10.59,1.235,1.143,24.306,0.0,6.0,30.306,4,OPEN,True,54.4267,4,False
DE001713,T0068,S027,BATTERY_SWAP,train,4,4,True,True,4680.9,4.474,1656.9,1.834,4434.0,8.048,1903.8,0.0,1.23,1.143,7.599,0.0,6.0,13.599,7,OPEN,True,15.3063,1,True
DE001713,T0068,S006,BATTERY_SWAP,train,4,4,True,True,4123.0,5.28,5690.4,5.739,4434.0,8.048,5379.4,2.972,1.23,1.143,13.055,0.0,6.0,19.055,5,OPEN,True,28.8067,2,False
DE001713,T0068,S021,BATTERY_SWAP,train,4,4,True,True,4666.3,5.661,5526.3,5.99,4434.0,8.048,5758.6,3.602,1.23,1.143,13.809,0.0,6.0,19.809,5,OPEN,True,30.4768,3,False
DE001713,T0068,S012,BATTERY_SWAP,train,4,4,True,True,8453.1,10.423,9412.4,11.08,4434.0,8.048,13431.5,13.455,1.23,1.143,25.485,0.0,6.0,31.485,4,OPEN,True,60.3122,4,False
DE001717,T0068,S027,BATTERY_SWAP,train,4,4,True,True,4064.1,3.913,1656.9,1.834,3664.0,6.716,2057.0,0.0,1.082,1.143,6.33,0.0,6.0,12.33,7,OPEN,True,14.344,1,True
DE001717,T0068,S006,BATTERY_SWAP,train,4,4,True,True,3452.3,4.72,5690.4,5.739,3664.0,6.716,5478.7,3.743,1.082,1.143,11.667,0.0,6.0,17.667,5,OPEN,True,27.81,2,False
DE001717,T0068,S021,BATTERY_SWAP,train,4,4,True,True,4049.5,5.1,5526.3,5.99,3664.0,6.716,5911.8,4.374,1.082,1.143,12.365,0.0,6.0,18.365,5,OPEN,True,29.5316,3,False
DE001717,T0068,S012,BATTERY_SWAP,train,4,4,True,True,7836.3,9.862,9412.4,11.08,3664.0,6.716,13584.7,14.227,1.082,1.143,23.336,0.0,6.0,29.336,4,OPEN,True,58.6621,4,False
DE001721,T0068,S027,BATTERY_SWAP,train,1,1,False,True,3666.1,3.37,1656.9,1.834,2857.0,4.645,2466.0,0.558,1.315,1.143,6.527,0.0,6.0,12.527,7,OPEN,True,15.4986,1,True
DE001725,T0068,S027,BATTERY_SWAP,train,1,1,False,True,2982.9,2.912,1656.9,1.834,2087.0,3.876,2552.8,0.87,1.272,1.143,5.8,0.0,6.0,11.8,7,OPEN,True,15.0227,1,True
DE001729,T0068,S027,BATTERY_SWAP,train,1,1,False,True,2141.1,2.362,1656.9,1.834,1320.0,2.917,2478.0,1.279,1.01,1.143,4.482,0.0,6.0,10.482,7,OPEN,True,13.6574,1,True
DE001733,T0068,S027,BATTERY_SWAP,train,1,1,False,True,1749.3,1.97,1656.9,1.834,496.0,0.987,2910.2,2.817,1.332,1.143,4.72,0.0,6.0,10.72,7,OPEN,True,15.1451,1,True
DE001737,T0069,S006,BATTERY_SWAP,train,4,4,True,True,5814.4,7.58,6273.9,9.3,5109.0,14.485,6979.3,2.395,1.085,1.143,18.854,0.0,6.0,24.854,5,OPEN,True,37.6619,1,True
DE001737,T0069,S021,BATTERY_SWAP,train,4,4,True,True,8335.0,9.88,9029.0,12.025,5109.0,14.485,12255.0,7.42,1.085,1.143,24.465,0.0,6.0,30.465,5,OPEN,True,55.0798,2,False
DE001737,T0069,S027,BATTERY_SWAP,train,4,4,True,True,10508.8,11.432,10077.0,12.235,5109.0,14.485,15476.8,9.182,1.085,1.143,26.388,0.0,6.0,32.388,7,OPEN,True,63.537,3,False
DE001737,T0069,S012,BATTERY_SWAP,train,4,4,True,True,10647.7,12.362,11433.5,13.935,5109.0,14.485,16972.2,11.812,1.085,1.143,29.34,0.0,6.0,35.34,4,OPEN,True,70.8375,4,False
DE001741,T0069,S006,BATTERY_SWAP,train,4,4,True,True,6109.3,8.389,6273.9,9.3,4399.0,12.583,7984.2,5.106,1.331,1.143,21.795,0.0,6.0,27.795,5,OPEN,True,43.2903,1,True
DE001741,T0069,S021,BATTERY_SWAP,train,4,4,True,True,8629.8,10.689,9029.0,12.025,4399.0,12.583,13259.8,10.131,1.331,1.143,27.972,0.0,6.0,33.972,5,OPEN,True,61.2739,2,False
DE001741,T0069,S027,BATTERY_SWAP,train,4,4,True,True,10803.6,12.24,10077.0,12.235,4399.0,12.583,16481.6,11.892,1.331,1.143,30.277,0.0,6.0,36.277,7,OPEN,True,70.1128,3,False
DE001741,T0069,S012,BATTERY_SWAP,train,4,4,True,True,10942.5,13.171,11433.5,13.935,4399.0,12.583,17977.0,14.522,1.331,1.143,33.458,0.0,6.0,39.458,4,OPEN,True,77.6421,4,False
DE001745,T0069,S006,BATTERY_SWAP,train,2,2,True,True,5906.3,7.69,6273.9,9.3,3705.0,10.921,8475.2,6.069,1.244,1.143,20.197,0.0,6.0,26.197,5,OPEN,True,42.9145,1,True
DE001745,T0069,S021,BATTERY_SWAP,train,2,2,True,True,8426.8,9.991,9029.0,12.025,3705.0,10.921,13750.8,11.094,1.244,1.143,26.173,0.0,6.0,32.173,5,OPEN,True,60.698,2,False
DE001749,T0069,S021,BATTERY_SWAP,train,1,1,False,True,8850.9,10.677,9029.0,12.025,3007.0,9.021,14872.9,13.681,1.074,1.143,25.212,0.0,6.0,31.212,5,OPEN,True,62.6275,1,True
DE001753,T0069,S021,BATTERY_SWAP,train,1,1,False,True,8727.2,10.377,9029.0,12.025,2360.0,7.17,15396.2,15.232,1.297,1.143,27.203,0.0,6.0,33.203,5,OPEN,True,66.0534,1,True
DE001769,T0070,S014,CHARGING,train,17,8,True,True,5270.3,6.472,3918.2,4.85,7582.0,17.237,1606.5,0.0,1.08,1.143,12.534,0.0,18.0,30.534,4,OPEN,True,32.3465,1,True
DE001769,T0070,S028,CHARGING,train,17,8,True,True,9631.4,10.736,8160.6,9.113,7582.0,17.237,10210.0,2.612,1.08,1.143,22.011,0.0,18.0,40.011,3,OPEN,True,60.0338,2,False
DE001769,T0070,S007,CHARGING,train,17,8,True,True,16789.3,20.304,15248.1,15.878,7582.0,17.237,24455.4,18.945,1.08,1.143,40.077,0.0,18.0,58.077,5,OPEN,True,109.9738,3,False
DE001769,T0070,S026,CHARGING,train,17,8,True,True,19410.9,24.944,17620.5,20.45,7582.0,17.237,29449.4,28.157,1.08,1.143,50.313,0.0,18.0,68.313,4,OPEN,True,132.8514,4,False
DE001769,T0070,S019,CHARGING,train,17,8,True,True,21898.2,22.284,20074.2,17.239,7582.0,17.237,34390.4,22.286,1.08,1.143,43.77,0.0,18.0,61.77,6,OPEN,True,134.0221,5,False
DE001769,T0070,S011,CHARGING,train,17,8,True,True,23846.4,24.984,22423.2,20.846,7582.0,17.237,38687.6,28.593,1.08,1.143,50.809,0.0,18.0,68.809,7,OPEN,True,151.2328,6,False
DE001769,T0070,S010,CHARGING,train,17,8,True,True,27398.1,26.91,25837.6,22.299,7582.0,17.237,45653.7,31.972,1.08,1.143,54.55,0.0,18.0,72.55,4,OPEN,True,170.4504,7,False
DE001769,T0070,S029,CHARGING,train,17,8,True,True,27548.5,29.44,26541.0,23.859,7582.0,17.237,46507.5,36.063,1.08,1.143,59.067,0.0,18.0,77.067,5,OPEN,True,177.3476,8,False
DE001772,T0070,S014,CHARGING,train,17,8,True,True,5046.3,6.502,3918.2,4.85,6605.0,15.376,2359.5,0.0,1.295,1.143,13.964,0.0,18.0,31.964,4,OPEN,True,35.2829,1,True
DE001772,T0070,S028,CHARGING,train,17,8,True,True,9407.4,10.766,8160.6,9.113,6605.0,15.376,10963.0,4.503,1.295,1.143,24.358,0.0,18.0,42.358,3,OPEN,True,64.3596,2,False
DE001772,T0070,S007,CHARGING,train,17,8,True,True,16565.3,20.334,15248.1,15.878,6605.0,15.376,25208.4,20.836,1.295,1.143,44.481,0.0,18.0,62.481,5,OPEN,True,116.3568,3,False
DE001772,T0070,S026,CHARGING,train,17,8,True,True,19186.9,24.974,17620.5,20.45,6605.0,15.376,30202.4,30.048,1.295,1.143,55.715,0.0,18.0,73.715,4,OPEN,True,140.2319,4,False
DE001772,T0070,S019,CHARGING,train,17,8,True,True,21674.3,22.314,20074.2,17.239,6605.0,15.376,35143.5,24.177,1.295,1.143,48.6,0.0,18.0,66.6,6,OPEN,True,140.8309,5,False
DE001772,T0070,S011,CHARGING,train,17,8,True,True,23622.4,25.014,22423.2,20.846,6605.0,15.376,39440.6,30.484,1.295,1.143,56.22,0.0,18.0,74.22,7,OPEN,True,158.6219,6,False
DE001772,T0070,S010,CHARGING,train,17,8,True,True,27174.1,26.94,25837.6,22.299,6605.0,15.376,46406.7,33.863,1.295,1.143,60.375,0.0,18.0,78.375,4,OPEN,True,178.2536,7,False
DE001772,T0070,S029,CHARGING,train,17,8,True,True,27324.5,29.471,26541.0,23.859,6605.0,15.376,47260.5,37.954,1.295,1.143,65.435,0.0,18.0,83.435,5,OPEN,True,185.695,8,False
DE001775,T0070,S014,CHARGING,train,17,8,True,True,4830.2,6.303,3918.2,4.85,5606.0,12.979,3142.4,0.0,1.217,1.143,13.214,0.0,18.0,31.214,4,OPEN,True,36.0992,1,True
DE001775,T0070,S028,CHARGING,train,17,8,True,True,9191.3,10.567,8160.6,9.113,5606.0,12.979,11745.9,6.701,1.217,1.143,23.276,0.0,18.0,41.276,3,OPEN,True,65.3927,2,False
DE001775,T0070,S007,CHARGING,train,17,8,True,True,16349.2,20.135,15248.1,15.878,5606.0,12.979,25991.3,23.034,1.217,1.143,42.653,0.0,18.0,60.653,5,OPEN,True,116.6437,3,False
DE001775,T0070,S026,CHARGING,train,17,8,True,True,18970.8,24.775,17620.5,20.45,5606.0,12.979,30985.3,32.246,1.217,1.143,53.525,0.0,18.0,71.525,4,OPEN,True,140.1569,4,False
DE001775,T0070,S019,CHARGING,train,17,8,True,True,21458.1,22.115,20074.2,17.239,5606.0,12.979,35926.3,26.374,1.217,1.143,46.617,0.0,18.0,64.617,6,OPEN,True,140.9632,5,False
DE001775,T0070,S011,CHARGING,train,17,8,True,True,23406.3,24.814,22423.2,20.846,5606.0,12.979,40223.5,32.682,1.217,1.143,54.026,0.0,18.0,72.026,7,OPEN,True,158.5438,6,False
DE001775,T0070,S010,CHARGING,train,17,8,True,True,26958.0,26.741,25837.6,22.299,5606.0,12.979,47189.6,36.061,1.217,1.143,58.031,0.0,18.0,76.031,4,OPEN,True,178.0252,7,False
DE001775,T0070,S029,CHARGING,train,17,8,True,True,27108.4,29.271,26541.0,23.859,5606.0,12.979,48043.4,40.152,1.217,1.143,62.894,0.0,18.0,80.894,5,OPEN,True,185.2692,8,False
DE001778,T0070,S014,CHARGING,train,17,8,True,True,4826.6,6.479,3918.2,4.85,4562.0,10.473,4182.8,0.856,1.238,1.143,13.565,0.0,18.0,31.565,4,OPEN,True,38.7444,1,True
DE001778,T0070,S028,CHARGING,train,17,8,True,True,9187.6,10.743,8160.6,9.113,4562.0,10.473,12786.2,9.383,1.238,1.143,23.716,0.0,18.0,41.716,3,OPEN,True,68.5837,2,False
DE001778,T0070,S007,CHARGING,train,17,8,True,True,16345.6,20.311,15248.1,15.878,4562.0,10.473,27031.7,25.716,1.238,1.143,43.293,0.0,18.0,61.293,5,OPEN,True,120.0358,3,False
DE001778,T0070,S026,CHARGING,train,17,8,True,True,18967.2,24.951,17620.5,20.45,4562.0,10.473,32025.7,34.928,1.238,1.143,54.263,0.0,18.0,72.263,4,OPEN,True,143.6464,4,False
DE001778,T0070,S019,CHARGING,train,17,8,True,True,21454.5,22.291,20074.2,17.239,4562.0,10.473,36966.7,29.056,1.238,1.143,47.299,0.0,18.0,65.299,6,OPEN,True,144.3968,5,False
DE001778,T0070,S011,CHARGING,train,17,8,True,True,23402.7,24.99,22423.2,20.846,4562.0,10.473,41263.9,35.364,1.238,1.143,54.765,0.0,18.0,72.765,7,OPEN,True,162.0341,6,False
DE001778,T0070,S010,CHARGING,train,17,8,True,True,26954.3,26.917,25837.6,22.299,4562.0,10.473,48229.9,38.743,1.238,1.143,58.81,0.0,18.0,76.81,4,OPEN,True,181.5559,7,False
DE001778,T0070,S029,CHARGING,train,17,8,True,True,27104.8,29.447,26541.0,23.859,4562.0,10.473,49083.8,42.834,1.238,1.143,63.727,0.0,18.0,81.727,5,OPEN,True,188.8531,8,False
DE001781,T0070,S023,CHARGING,train,19,8,True,True,3487.3,4.915,2312.8,3.469,3555.0,8.056,2245.1,0.327,1.098,1.143,9.361,0.0,18.0,27.361,8,OPEN,True,29.8328,1,True
DE001781,T0070,S014,CHARGING,train,19,8,True,True,4654.9,6.136,3918.2,4.85,3555.0,8.056,5018.1,2.929,1.098,1.143,12.281,0.0,18.0,30.281,4,OPEN,True,39.6491,2,False
DE001781,T0070,S028,CHARGING,train,19,8,True,True,9016.0,10.399,8160.6,9.113,3555.0,8.056,13621.6,11.456,1.098,1.143,21.835,0.0,18.0,39.835,4,OPEN,True,68.5417,3,False
DE001781,T0070,S007,CHARGING,train,19,8,True,True,16173.9,19.968,15248.1,15.878,3555.0,8.056,27867.0,27.789,1.098,1.143,40.073,0.0,18.0,58.073,7,OPEN,True,118.654,4,False
DE001781,T0070,S026,CHARGING,train,19,8,True,True,18795.5,24.607,17620.5,20.45,3555.0,8.056,32861.0,37.001,1.098,1.143,50.393,0.0,18.0,68.393,4,OPEN,True,141.9651,5,False
DE001781,T0070,S019,CHARGING,train,19,8,True,True,21282.8,21.947,20074.2,17.239,3555.0,8.056,37802.0,31.129,1.098,1.143,43.802,0.0,18.0,61.802,7,OPEN,True,143.088,6,False
DE001781,T0070,S011,CHARGING,train,19,8,True,True,23231.0,24.647,22423.2,20.846,3555.0,8.056,42099.2,37.437,1.098,1.143,50.89,0.0,18.0,68.89,7,OPEN,True,160.3473,7,False
DE001781,T0070,S010,CHARGING,train,19,8,True,True,26782.7,26.573,25837.6,22.299,3555.0,8.056,49065.3,40.816,1.098,1.143,54.665,0.0,18.0,72.665,4,OPEN,True,179.5995,8,False
DE001784,T0070,S023,CHARGING,train,19,8,True,True,3487.3,4.915,2312.8,3.469,2573.0,5.699,3227.1,2.685,1.114,1.143,9.439,0.0,18.0,27.439,8,OPEN,True,32.4649,1,True
DE001784,T0070,S014,CHARGING,train,19,8,True,True,4654.9,6.136,3918.2,4.85,2573.0,5.699,6000.1,5.287,1.114,1.143,12.379,0.0,18.0,30.379,4,OPEN,True,42.3007,2,False
DE001784,T0070,S028,CHARGING,train,19,8,True,True,9016.0,10.399,8160.6,9.113,2573.0,5.699,14603.6,13.814,1.114,1.143,22.001,0.0,18.0,40.001,4,OPEN,True,71.2616,3,False
DE001784,T0070,S007,CHARGING,train,19,8,True,True,16173.9,19.968,15248.1,15.878,2573.0,5.699,28849.0,30.147,1.114,1.143,40.392,0.0,18.0,58.392,7,OPEN,True,121.5269,4,False
DE001784,T0070,S026,CHARGING,train,19,8,True,True,18795.5,24.607,17620.5,20.45,2573.0,5.699,33843.0,39.358,1.114,1.143,50.787,0.0,18.0,68.787,4,OPEN,True,144.9123,5,False
DE001784,T0070,S019,CHARGING,train,19,8,True,True,21282.8,21.947,20074.2,17.239,2573.0,5.699,38784.0,33.487,1.114,1.143,44.153,0.0,18.0,62.153,7,OPEN,True,145.9926,6,False
DE001784,T0070,S011,CHARGING,train,19,8,True,True,23231.0,24.647,22423.2,20.846,2573.0,5.699,43081.2,39.795,1.114,1.143,51.284,0.0,18.0,69.284,7,OPEN,True,163.2951,7,False
DE001784,T0070,S010,CHARGING,train,19,8,True,True,26782.7,26.573,25837.6,22.299,2573.0,5.699,50047.3,43.173,1.114,1.143,55.09,0.0,18.0,73.09,4,OPEN,True,182.5781,8,False
DE001787,T0070,S023,CHARGING,train,19,8,True,True,2933.5,4.7,2312.8,3.469,1611.0,3.48,3635.3,4.689,1.204,1.143,9.624,0.0,18.0,27.624,8,OPEN,True,33.9667,1,True
DE001787,T0070,S014,CHARGING,train,19,8,True,True,4539.3,5.922,3918.2,4.85,1611.0,3.48,6846.5,7.291,1.204,1.143,12.673,0.0,18.0,30.673,4,OPEN,True,44.7889,2,False
DE001787,T0070,S028,CHARGING,train,19,8,True,True,8662.2,10.185,8160.6,9.113,1611.0,3.48,15211.8,15.818,1.204,1.143,22.679,0.0,18.0,40.679,4,OPEN,True,73.657,3,False
DE001787,T0070,S007,CHARGING,train,19,8,True,True,15619.9,19.754,15248.1,15.878,1611.0,3.48,29257.0,32.151,1.204,1.143,41.932,0.0,18.0,59.932,7,OPEN,True,124.3832,4,False
DE001787,T0070,S026,CHARGING,train,19,8,True,True,18241.5,23.64,17620.5,20.45,1611.0,3.48,34251.0,40.61,1.204,1.143,51.837,0.0,18.0,69.837,4,OPEN,True,147.0915,5,False
DE001787,T0070,S019,CHARGING,train,19,8,True,True,20728.8,21.733,20074.2,17.239,1611.0,3.48,39192.0,35.491,1.204,1.143,45.87,0.0,18.0,63.87,7,OPEN,True,149.0269,6,False
DE001787,T0070,S011,CHARGING,train,19,8,True,True,22677.0,24.433,22423.2,20.846,1611.0,3.48,43489.2,41.799,1.204,1.143,53.244,0.0,18.0,71.244,7,OPEN,True,166.5724,7,False
DE001787,T0070,S010,CHARGING,train,19,8,True,True,26228.7,26.359,25837.6,22.299,1611.0,3.48,50455.3,45.178,1.204,1.143,57.224,0.0,18.0,75.224,4,OPEN,True,186.0289,8,False
DE001790,T0070,S023,CHARGING,train,19,8,True,True,2730.2,4.032,2312.8,3.469,634.0,1.413,4409.0,6.087,1.079,1.143,8.315,0.0,18.0,26.315,8,OPEN,True,34.5547,1,True
DE001790,T0070,S014,CHARGING,train,19,8,True,True,4336.0,5.413,3918.2,4.85,634.0,1.413,7620.2,8.85,1.079,1.143,11.384,0.0,18.0,29.384,4,OPEN,True,45.4373,2,False
DE001790,T0070,S028,CHARGING,train,19,8,True,True,8458.9,9.677,8160.6,9.113,634.0,1.413,15985.5,17.377,1.079,1.143,20.857,0.0,18.0,38.857,4,OPEN,True,73.7725,3,False
DE001790,T0070,S007,CHARGING,train,19,8,True,True,15416.6,19.008,15248.1,15.878,634.0,1.413,30030.7,33.473,1.079,1.143,38.658,0.0,18.0,56.658,7,OPEN,True,122.9877,4,False
DE001790,T0070,S026,CHARGING,train,19,8,True,True,17705.0,21.851,17620.5,20.45,634.0,1.413,34691.5,40.888,1.079,1.143,46.951,0.0,18.0,64.951,4,OPEN,True,143.1565,5,False
DE001790,T0070,S019,CHARGING,train,19,8,True,True,20525.5,20.988,20074.2,17.239,634.0,1.413,39965.7,36.813,1.079,1.143,42.349,0.0,18.0,60.349,7,OPEN,True,147.3841,6,False
DE001790,T0070,S011,CHARGING,train,19,8,True,True,22473.7,23.688,22423.2,20.846,634.0,1.413,44262.9,43.121,1.079,1.143,49.386,0.0,18.0,67.386,7,OPEN,True,164.592,7,False
DE001790,T0070,S010,CHARGING,train,19,8,True,True,26025.3,25.614,25837.6,22.299,634.0,1.413,51228.9,46.5,1.079,1.143,53.125,0.0,18.0,71.125,4,OPEN,True,183.8075,8,False
DE001793,T0071,S022,CHARGING,test,17,8,True,True,3353.0,3.803,3770.5,5.0,3292.0,6.738,3831.5,2.065,1.255,1.143,10.488,0.0,18.0,28.488,7,OPEN,True,34.5671,1,True
DE001793,T0071,S016,CHARGING,test,17,8,True,True,5090.2,5.587,5342.2,6.081,3292.0,6.738,7140.4,4.93,1.255,1.143,13.962,0.0,18.0,31.962,4,OPEN,True,46.0756,2,False
DE001793,T0071,S025,CHARGING,test,17,8,True,True,7182.6,8.015,7066.6,8.497,3292.0,6.738,10957.2,9.774,1.255,1.143,19.77,0.0,18.0,37.77,2,OPEN,True,61.4283,3,False
DE001793,T0071,S017,CHARGING,test,17,8,True,True,7764.9,8.705,8101.1,9.275,3292.0,6.738,12574.0,11.242,1.255,1.143,21.526,0.0,18.0,39.526,4,OPEN,True,66.0844,4,False
DE001793,T0071,S004,CHARGING,test,17,8,True,True,10692.5,10.971,11021.5,11.821,3292.0,6.738,18422.0,16.054,1.255,1.143,27.28,0.0,18.0,45.28,3,OPEN,True,85.0877,5,False
DE001793,T0071,S002,CHARGING,test,17,8,True,True,11242.0,11.709,11228.7,11.916,3292.0,6.738,19178.7,16.887,1.255,1.143,28.315,0.0,18.0,46.315,6,OPEN,True,86.7947,6,False
DE001793,T0071,S008,CHARGING,test,17,8,True,True,10520.7,12.898,10759.3,13.371,3292.0,6.738,17988.0,19.531,1.255,1.143,31.47,0.0,18.0,49.47,3,OPEN,True,89.2788,7,False
DE001793,T0071,S019,CHARGING,test,17,8,True,True,14004.6,15.719,13736.0,15.454,3292.0,6.738,24448.6,24.435,1.255,1.143,37.391,0.0,18.0,55.391,6,OPEN,True,108.2969,8,False
DE001796,T0071,S022,CHARGING,test,17,8,True,True,4023.4,4.367,3770.5,5.0,2902.0,6.117,4891.9,3.25,1.087,1.143,10.461,0.0,18.0,28.461,7,OPEN,True,36.9576,1,True
DE001796,T0071,S016,CHARGING,test,17,8,True,True,5760.6,6.15,5342.2,6.081,2902.0,6.117,8200.8,6.114,1.087,1.143,13.636,0.0,18.0,31.636,4,OPEN,True,48.1663,2,False
DE001796,T0071,S025,CHARGING,test,17,8,True,True,6948.0,7.56,7066.6,8.497,2902.0,6.117,11112.6,9.94,1.087,1.143,17.93,0.0,18.0,35.93,2,OPEN,True,59.9405,3,False
DE001796,T0071,S017,CHARGING,test,17,8,True,True,8435.3,9.268,8101.1,9.275,2902.0,6.117,13634.4,12.426,1.087,1.143,20.676,0.0,18.0,38.676,4,OPEN,True,67.6514,4,False
DE001796,T0071,S004,CHARGING,test,17,8,True,True,11362.9,11.535,11021.5,11.821,2902.0,6.117,19482.4,17.238,1.087,1.143,26.049,0.0,18.0,44.049,3,OPEN,True,86.2738,5,False
DE001796,T0071,S008,CHARGING,test,17,8,True,True,10176.8,12.443,10759.3,13.371,2902.0,6.117,18034.1,19.698,1.087,1.143,28.809,0.0,18.0,46.809,3,OPEN,True,86.752,6,False
DE001796,T0071,S002,CHARGING,test,17,8,True,True,11912.4,12.273,11228.7,11.916,2902.0,6.117,20239.1,18.072,1.087,1.143,26.961,0.0,18.0,44.961,6,OPEN,True,87.8568,7,False
DE001796,T0071,S019,CHARGING,test,17,8,True,True,14675.0,16.282,13736.0,15.454,2902.0,6.117,25509.0,25.619,1.087,1.143,35.363,0.0,18.0,53.363,6,OPEN,True,108.6855,8,False
DE001799,T0071,S022,CHARGING,test,17,8,True,True,3553.7,3.897,3770.5,5.0,2493.0,5.612,4831.2,3.285,1.207,1.143,10.418,0.0,18.0,28.418,7,OPEN,True,36.8021,1,True
DE001799,T0071,S016,CHARGING,test,17,8,True,True,5290.9,5.68,5342.2,6.081,2493.0,5.612,8140.1,6.15,1.207,1.143,13.807,0.0,18.0,31.807,4,OPEN,True,48.2249,2,False
DE001799,T0071,S025,CHARGING,test,17,8,True,True,7183.6,8.108,7066.6,8.497,2493.0,5.612,11757.2,10.994,1.207,1.143,19.499,0.0,18.0,37.499,2,OPEN,True,63.0617,3,False
DE001799,T0071,S017,CHARGING,test,17,8,True,True,7965.5,8.798,8101.1,9.275,2493.0,5.612,13573.6,12.462,1.207,1.143,21.221,0.0,18.0,39.221,4,OPEN,True,68.0839,4,False
DE001799,T0071,S004,CHARGING,test,17,8,True,True,10893.1,11.065,11021.5,11.821,2493.0,5.612,19421.6,17.274,1.207,1.143,26.867,0.0,18.0,44.867,3,OPEN,True,86.9783,5,False
DE001799,T0071,S002,CHARGING,test,17,8,True,True,11442.6,11.803,11228.7,11.916,2493.0,5.612,20178.3,18.108,1.207,1.143,27.866,0.0,18.0,45.866,6,OPEN,True,88.6499,6,False
DE001799,T0071,S008,CHARGING,test,17,8,True,True,10697.9,12.991,10759.3,13.371,2493.0,5.612,18964.2,20.751,1.207,1.143,30.964,0.0,18.0,48.964,3,OPEN,True,91.0302,7,False
DE001799,T0071,S019,CHARGING,test,17,8,True,True,14205.3,15.812,13736.0,15.454,2493.0,5.612,25448.3,25.655,1.207,1.143,36.75,0.0,18.0,54.75,6,OPEN,True,109.9599,8,False
DE001802,T0071,S022,CHARGING,test,17,8,True,True,3119.4,3.463,3770.5,5.0,2058.0,5.09,4831.9,3.372,1.119,1.143,9.59,0.0,18.0,27.59,7,OPEN,True,35.9964,1,True
DE001802,T0071,S016,CHARGING,test,17,8,True,True,4856.6,5.246,5342.2,6.081,2058.0,5.09,8140.8,6.237,1.119,1.143,12.821,0.0,18.0,30.821,4,OPEN,True,47.2622,2,False
DE001802,T0071,S025,CHARGING,test,17,8,True,True,7384.5,8.024,7066.6,8.497,2058.0,5.09,12393.1,11.43,1.119,1.143,18.691,0.0,18.0,36.691,2,OPEN,True,63.6346,3,False
DE001802,T0071,S017,CHARGING,test,17,8,True,True,7531.3,8.364,8101.1,9.275,2058.0,5.09,13574.4,12.549,1.119,1.143,19.961,0.0,18.0,37.961,4,OPEN,True,66.847,4,False
DE001802,T0071,S004,CHARGING,test,17,8,True,True,10458.9,10.631,11021.5,11.821,2058.0,5.09,19422.4,17.361,1.119,1.143,25.407,0.0,18.0,43.407,3,OPEN,True,85.542,5,False
DE001802,T0071,S002,CHARGING,test,17,8,True,True,11008.4,11.369,11228.7,11.916,2058.0,5.09,20179.1,18.194,1.119,1.143,26.342,0.0,18.0,44.342,6,OPEN,True,87.1486,6,False
DE001802,T0071,S008,CHARGING,test,17,8,True,True,10289.5,12.761,10759.3,13.371,2058.0,5.09,18990.8,21.042,1.119,1.143,29.563,0.0,18.0,47.563,3,OPEN,True,89.7551,7,False
DE001802,T0071,S019,CHARGING,test,17,8,True,True,13771.1,15.378,13736.0,15.454,2058.0,5.09,25449.1,25.742,1.119,1.143,34.872,0.0,18.0,52.872,6,OPEN,True,108.1058,8,False
DE001805,T0071,S022,CHARGING,test,17,8,True,True,3208.0,3.79,3770.5,5.0,1606.0,4.183,5372.5,4.607,1.016,1.143,9.566,0.0,18.0,27.566,7,OPEN,True,37.3627,1,True
DE001805,T0071,S016,CHARGING,test,17,8,True,True,4945.3,5.574,5342.2,6.081,1606.0,4.183,8681.5,7.472,1.016,1.143,12.614,0.0,18.0,30.614,4,OPEN,True,48.4451,2,False
DE001805,T0071,S025,CHARGING,test,17,8,True,True,7453.2,8.637,7066.6,8.497,1606.0,4.183,12913.8,12.951,1.016,1.143,18.488,0.0,18.0,36.488,2,OPEN,True,64.8533,3,False
DE001805,T0071,S017,CHARGING,test,17,8,True,True,7619.9,8.692,8101.1,9.275,1606.0,4.183,14115.0,13.784,1.016,1.143,19.433,0.0,18.0,37.433,4,OPEN,True,67.7086,4,False
DE001805,T0071,S004,CHARGING,test,17,8,True,True,10547.5,10.958,11021.5,11.821,1606.0,4.183,19963.0,18.596,1.016,1.143,24.645,0.0,18.0,42.645,3,OPEN,True,86.1701,5,False
DE001805,T0071,S002,CHARGING,test,17,8,True,True,11097.0,11.697,11228.7,11.916,1606.0,4.183,20719.7,19.43,1.016,1.143,25.504,0.0,18.0,43.504,6,OPEN,True,87.7007,6,False
DE001805,T0071,S008,CHARGING,test,17,8,True,True,10492.6,13.089,10759.3,13.371,1606.0,4.183,19645.9,22.277,1.016,1.143,28.582,0.0,18.0,46.582,3,OPEN,True,90.3927,7,False
DE001805,T0071,S019,CHARGING,test,17,8,True,True,13814.1,15.706,13736.0,15.454,1606.0,4.183,25944.1,26.977,1.016,1.143,33.621,0.0,18.0,51.621,6,OPEN,True,108.1537,8,False
DE001808,T0071,S022,CHARGING,test,19,8,True,True,3519.1,4.131,3770.5,5.0,1179.0,3.217,6110.6,5.914,1.324,1.143,11.184,0.0,18.0,29.184,7,OPEN,True,40.784,1,True
DE001808,T0071,S016,CHARGING,test,19,8,True,True,5256.3,5.915,5342.2,6.081,1179.0,3.217,9419.5,8.779,1.324,1.143,14.782,0.0,18.0,32.782,4,OPEN,True,52.4155,2,False
DE001808,T0071,S025,CHARGING,test,19,8,True,True,7408.5,8.692,7066.6,8.497,1179.0,3.217,13296.1,13.972,1.324,1.143,21.22,0.0,18.0,39.22,1,OPEN,True,68.9559,3,False
DE001808,T0071,S017,CHARGING,test,19,8,True,True,7931.0,9.032,8101.1,9.275,1179.0,3.217,14853.1,15.091,1.324,1.143,22.561,0.0,18.0,40.561,4,OPEN,True,72.6395,4,False
DE001808,T0071,S004,CHARGING,test,19,8,True,True,10858.6,11.299,11021.5,11.821,1179.0,3.217,20701.1,19.903,1.324,1.143,28.471,0.0,18.0,46.471,3,OPEN,True,91.7991,5,False
DE001808,T0071,S002,CHARGING,test,19,8,True,True,11408.1,12.037,11228.7,11.916,1179.0,3.217,21457.8,20.736,1.324,1.143,29.557,0.0,18.0,47.557,7,OPEN,True,93.5571,6,False
DE001808,T0071,S008,CHARGING,test,19,8,True,True,10817.6,13.429,10759.3,13.371,1179.0,3.217,20397.9,23.584,1.324,1.143,33.064,0.0,18.0,51.064,4,OPEN,True,96.3557,7,False
DE001808,T0071,S020,CHARGING,test,19,8,True,True,13443.1,19.292,13276.4,18.445,1179.0,3.217,25540.5,34.52,1.324,1.143,46.625,0.0,18.0,64.625,2,OPEN,True,123.6366,8,False
DE001811,T0071,S022,CHARGING,test,19,8,True,True,3692.0,4.571,3770.5,5.0,725.0,1.983,6737.5,7.587,1.256,1.143,11.456,0.0,18.0,29.456,7,OPEN,True,42.7275,1,True
DE001811,T0071,S016,CHARGING,test,19,8,True,True,5429.2,6.354,5342.2,6.081,725.0,1.983,10046.4,10.452,1.256,1.143,14.932,0.0,18.0,32.932,4,OPEN,True,54.2378,2,False
DE001811,T0071,S025,CHARGING,test,19,8,True,True,7423.7,9.132,7066.6,8.497,725.0,1.983,13765.3,15.646,1.256,1.143,21.182,0.0,18.0,39.182,1,OPEN,True,70.2739,3,False
DE001811,T0071,S017,CHARGING,test,19,8,True,True,8103.8,9.472,8101.1,9.275,725.0,1.983,15479.9,16.764,1.256,1.143,22.499,0.0,18.0,40.499,4,OPEN,True,74.2495,4,False
DE001811,T0071,S004,CHARGING,test,19,8,True,True,11031.4,11.739,11021.5,11.821,725.0,1.983,21327.9,21.576,1.256,1.143,28.255,0.0,18.0,46.255,3,OPEN,True,93.2551,5,False
DE001811,T0071,S002,CHARGING,test,19,8,True,True,11580.9,12.477,11228.7,11.916,725.0,1.983,22084.6,22.41,1.256,1.143,29.291,0.0,18.0,47.291,7,OPEN,True,94.9628,6,False
DE001811,T0071,S008,CHARGING,test,19,8,True,True,10990.5,13.869,10759.3,13.371,725.0,1.983,21024.8,25.257,1.256,1.143,32.703,0.0,18.0,50.703,4,OPEN,True,97.667,7,False
DE001811,T0071,S020,CHARGING,test,19,8,True,True,13616.0,19.732,13276.4,18.445,725.0,1.983,26167.4,36.194,1.256,1.143,45.866,0.0,18.0,63.866,2,OPEN,True,124.5492,8,False
DE001814,T0071,S022,CHARGING,test,19,8,True,True,3501.6,4.14,3770.5,5.0,288.0,0.742,6984.1,8.398,1.149,1.143,10.472,0.0,18.0,28.472,7,OPEN,True,42.4395,1,True
DE001814,T0071,S016,CHARGING,test,19,8,True,True,5238.8,5.924,5342.2,6.081,288.0,0.742,10293.0,11.263,1.149,1.143,13.757,0.0,18.0,31.757,4,OPEN,True,53.7588,2,False
DE001814,T0071,S025,CHARGING,test,19,8,True,True,7478.5,8.701,7066.6,8.497,288.0,0.742,14257.1,16.456,1.149,1.143,19.71,0.0,18.0,37.71,1,OPEN,True,69.9881,3,False
DE001814,T0071,S017,CHARGING,test,19,8,True,True,7913.5,9.041,8101.1,9.275,288.0,0.742,15726.6,17.575,1.149,1.143,20.99,0.0,18.0,38.99,4,OPEN,True,73.4372,4,False
DE001814,T0071,S004,CHARGING,test,19,8,True,True,10841.1,11.308,11021.5,11.821,288.0,0.742,21574.6,22.387,1.149,1.143,26.504,0.0,18.0,44.504,3,OPEN,True,92.2002,5,False
DE001814,T0071,S002,CHARGING,test,19,8,True,True,11390.6,12.046,11228.7,11.916,288.0,0.742,22331.3,23.22,1.149,1.143,27.461,0.0,18.0,45.461,7,OPEN,True,93.8289,6,False
DE001814,T0071,S008,CHARGING,test,19,8,True,True,10800.1,13.439,10759.3,13.371,288.0,0.742,21271.4,26.068,1.149,1.143,30.724,0.0,18.0,48.724,4,OPEN,True,96.384,7,False
DE001814,T0071,S020,CHARGING,test,19,8,True,True,13425.6,19.302,13276.4,18.445,288.0,0.742,26414.0,37.004,1.149,1.143,43.26,0.0,18.0,61.26,2,OPEN,True,122.6388,8,False
DE001817,T0072,S012,BATTERY_SWAP,train,12,8,True,True,107.3,0.215,2157.1,3.201,5827.0,14.796,0.0,0.0,1.095,1.143,3.894,0.0,6.0,9.894,2,OPEN,True,9.1939,1,True
DE001817,T0072,S021,BATTERY_SWAP,train,12,8,True,True,4133.3,5.649,2489.8,2.599,5827.0,14.796,796.1,0.0,1.095,1.143,9.156,0.0,6.0,15.156,6,OPEN,True,14.6483,2,False
DE001817,T0072,S003,BATTERY_SWAP,train,12,8,True,True,3740.1,5.489,4001.2,4.81,5827.0,14.796,1914.3,0.0,1.095,1.143,11.508,0.0,6.0,17.508,8,OPEN,True,19.2369,3,False
DE001817,T0072,S005,BATTERY_SWAP,train,12,8,True,True,7005.2,8.923,6334.2,7.651,5827.0,14.796,7512.4,1.779,1.095,1.143,18.516,0.0,6.0,24.516,1,OPEN,True,39.6358,4,False
DE001817,T0072,S024,BATTERY_SWAP,train,12,8,True,True,6856.6,8.916,8273.6,9.924,5827.0,14.796,9303.2,4.044,1.095,1.143,21.106,0.0,6.0,27.106,2,OPEN,True,46.023,5,False
DE001817,T0072,S005,CHARGING,train,12,8,True,True,7005.2,8.923,6334.2,7.651,5827.0,14.796,7512.4,1.779,1.095,1.143,18.516,0.0,18.0,36.516,2,OPEN,True,51.2858,6,False
DE001817,T0072,S027,BATTERY_SWAP,train,12,8,True,True,10470.7,12.838,8039.3,8.873,5827.0,14.796,12683.0,6.915,1.095,1.143,24.2,0.0,6.0,30.2,8,OPEN,True,55.1946,7,False
DE001817,T0072,S006,BATTERY_SWAP,train,12,8,True,True,9996.7,12.144,8704.7,9.692,5827.0,14.796,12874.4,7.04,1.095,1.143,24.375,0.0,6.0,30.375,4,OPEN,True,56.484,8,False
DE001821,T0072,S012,BATTERY_SWAP,train,9,8,True,True,794.9,1.643,2157.1,3.201,4992.0,12.056,0.0,0.0,1.067,1.143,5.412,0.0,6.0,11.412,2,OPEN,True,10.7124,1,True
DE001821,T0072,S021,BATTERY_SWAP,train,9,8,True,True,3636.2,4.214,2489.8,2.599,4992.0,12.056,1134.0,0.0,1.067,1.143,7.466,0.0,6.0,13.466,6,OPEN,True,13.6343,2,False
DE001821,T0072,S003,BATTERY_SWAP,train,9,8,True,True,3664.1,4.672,4001.2,4.81,4992.0,12.056,2673.3,0.0,1.067,1.143,10.483,0.0,6.0,16.483,8,OPEN,True,19.7293,3,False
DE001821,T0072,S005,BATTERY_SWAP,train,9,8,True,True,6508.2,7.488,6334.2,7.651,4992.0,12.056,7850.4,3.083,1.067,1.143,16.735,0.0,6.0,22.735,1,OPEN,True,38.8565,4,False
DE001821,T0072,S024,BATTERY_SWAP,train,9,8,True,True,7398.9,8.918,8273.6,9.924,4992.0,12.056,10680.5,6.786,1.067,1.143,20.859,0.0,6.0,26.859,2,OPEN,True,49.2164,5,False
DE001821,T0072,S005,CHARGING,train,9,8,True,True,6508.2,7.488,6334.2,7.651,4992.0,12.056,7850.4,3.083,1.067,1.143,16.735,0.0,18.0,34.735,2,OPEN,True,50.5065,6,False
DE001821,T0072,S027,BATTERY_SWAP,train,9,8,True,True,9973.6,11.403,8039.3,8.873,4992.0,12.056,13020.9,8.22,1.067,1.143,22.309,0.0,6.0,28.309,8,OPEN,True,54.3056,7,False
DE001821,T0072,S006,BATTERY_SWAP,train,9,8,True,True,9596.6,10.709,8704.7,9.692,4992.0,12.056,13309.3,8.345,1.067,1.143,22.504,0.0,6.0,28.504,4,OPEN,True,55.8084,8,False
DE001825,T0072,S012,BATTERY_SWAP,train,8,8,True,True,1580.6,2.479,2157.1,3.201,4033.0,10.011,0.0,0.0,1.067,1.143,6.304,0.0,6.0,12.304,2,OPEN,True,11.6041,1,True
DE001825,T0072,S021,BATTERY_SWAP,train,8,8,True,True,2773.6,3.138,2489.8,2.599,4033.0,10.011,1230.4,0.0,1.067,1.143,6.318,0.0,6.0,12.318,6,OPEN,True,12.6792,2,False
DE001825,T0072,S003,BATTERY_SWAP,train,8,8,True,True,3364.8,4.455,4001.2,4.81,4033.0,10.011,3333.0,0.0,1.067,1.143,10.251,0.0,6.0,16.251,8,OPEN,True,20.8173,3,False
DE001825,T0072,S005,BATTERY_SWAP,train,8,8,True,True,6143.1,7.271,6334.2,7.651,4033.0,10.011,8444.3,4.911,1.067,1.143,16.504,0.0,6.0,22.504,1,OPEN,True,40.2699,4,False
DE001825,T0072,S005,CHARGING,train,8,8,True,True,6143.1,7.271,6334.2,7.651,4033.0,10.011,8444.3,4.911,1.067,1.143,16.504,0.0,18.0,34.504,2,OPEN,True,51.9199,5,False
DE001825,T0072,S024,BATTERY_SWAP,train,8,8,True,True,7491.5,9.281,8273.6,9.924,4033.0,10.011,11732.1,9.193,1.067,1.143,21.246,0.0,6.0,27.246,2,OPEN,True,52.3083,6,False
DE001825,T0072,S027,BATTERY_SWAP,train,8,8,True,True,9111.0,10.327,8039.3,8.873,4033.0,10.011,13117.3,9.189,1.067,1.143,21.161,0.0,6.0,27.161,8,OPEN,True,53.5926,7,False
DE001825,T0072,S006,BATTERY_SWAP,train,8,8,True,True,8734.0,9.633,8704.7,9.692,4033.0,10.011,13405.7,9.313,1.067,1.143,21.356,0.0,6.0,27.356,4,OPEN,True,55.0954,8,False
DE001829,T0072,S021,BATTERY_SWAP,train,8,8,True,True,2358.8,2.651,2489.8,2.599,3102.0,7.918,1746.6,0.0,1.037,1.143,5.719,0.0,6.0,11.719,5,OPEN,True,13.4624,1,True
DE001829,T0072,S003,BATTERY_SWAP,train,8,8,True,True,3865.4,5.121,4001.2,4.81,3102.0,7.918,4764.6,2.012,1.037,1.143,10.808,0.0,6.0,16.808,8,OPEN,True,24.7402,2,False
DE001829,T0072,S005,BATTERY_SWAP,train,8,8,True,True,6643.7,7.937,6334.2,7.651,3102.0,7.918,9875.9,7.67,1.037,1.143,16.976,0.0,6.0,22.976,2,OPEN,True,43.9449,3,False
DE001829,T0072,S027,BATTERY_SWAP,train,8,8,True,True,8696.2,9.84,8039.3,8.873,3102.0,7.918,13633.5,10.795,1.037,1.143,20.346,0.0,6.0,26.346,6,OPEN,True,54.2116,4,False
DE001829,T0072,S006,BATTERY_SWAP,train,8,8,True,True,8319.1,9.146,8704.7,9.692,3102.0,7.918,13921.8,10.919,1.037,1.143,20.562,0.0,6.0,26.562,5,OPEN,True,55.385,5,False
DE001829,T0072,S024,BATTERY_SWAP,train,8,8,True,True,7992.1,9.947,8273.6,9.924,3102.0,7.918,13163.7,11.952,1.037,1.143,21.657,0.0,6.0,27.657,3,OPEN,True,55.923,6,False
DE001829,T0072,S005,CHARGING,train,8,8,True,True,6643.7,7.937,6334.2,7.651,3102.0,7.918,9875.9,7.67,1.037,1.143,16.976,0.0,18.0,34.976,1,OPEN,True,56.2949,7,False
DE001829,T0072,S012,BATTERY_SWAP,train,8,8,True,True,2081.2,3.145,2157.1,3.201,3102.0,7.918,1136.3,0.0,1.037,1.143,6.92,46.0,6.0,58.92,1,OPEN,True,60.8425,8,False
DE001833,T0072,S021,BATTERY_SWAP,train,6,6,True,True,2673.3,3.243,2489.8,2.599,2596.0,6.628,2567.1,0.0,1.162,1.143,6.738,0.0,6.0,12.738,5,OPEN,True,16.1227,1,True
DE001833,T0072,S003,BATTERY_SWAP,train,6,6,True,True,3684.6,4.969,4001.2,4.81,2596.0,6.628,5089.8,3.151,1.162,1.143,11.272,0.0,6.0,17.272,8,OPEN,True,26.1393,2,False
DE001833,T0072,S005,BATTERY_SWAP,train,6,6,True,True,6462.8,7.785,6334.2,7.651,2596.0,6.628,10201.0,8.808,1.162,1.143,17.792,0.0,6.0,23.792,2,OPEN,True,45.6958,3,False
DE001833,T0072,S024,BATTERY_SWAP,train,6,6,True,True,7811.2,9.795,8273.6,9.924,2596.0,6.628,13488.8,13.091,1.162,1.143,22.725,0.0,6.0,28.725,3,OPEN,True,57.9252,4,False
DE001833,T0072,S005,CHARGING,train,6,6,True,True,6462.8,7.785,6334.2,7.651,2596.0,6.628,10201.0,8.808,1.162,1.143,17.792,0.0,18.0,35.792,1,OPEN,True,58.0458,5,False
DE001833,T0072,S012,BATTERY_SWAP,train,6,6,True,True,1900.4,2.993,2157.1,3.201,2596.0,6.628,1461.5,0.0,1.162,1.143,7.137,46.0,6.0,59.137,1,OPEN,True,61.71,6,False
DE001837,T0072,S021,BATTERY_SWAP,train,6,6,True,True,2827.7,3.203,2489.8,2.599,2021.0,5.044,3296.5,0.758,1.275,1.143,7.054,0.0,6.0,13.054,5,OPEN,True,18.087,1,True
DE001837,T0072,S003,BATTERY_SWAP,train,6,6,True,True,3419.0,4.52,4001.2,4.81,2021.0,5.044,5399.2,4.287,1.275,1.143,11.261,0.0,6.0,17.261,8,OPEN,True,27.0315,2,False
DE001837,T0072,S005,BATTERY_SWAP,train,6,6,True,True,6197.2,7.336,6334.2,7.651,2021.0,5.044,10510.4,9.944,1.275,1.143,18.099,0.0,6.0,24.099,2,OPEN,True,46.9062,3,False
DE001837,T0072,S005,CHARGING,train,6,6,True,True,6197.2,7.336,6334.2,7.651,2021.0,5.044,10510.4,9.944,1.275,1.143,18.099,0.0,18.0,36.099,1,OPEN,True,59.2562,4,False
DE001837,T0072,S024,BATTERY_SWAP,train,6,6,True,True,7545.6,9.346,8273.6,9.924,2021.0,5.044,13798.2,14.227,1.275,1.143,23.26,0.0,6.0,29.26,3,OPEN,True,59.3627,5,False
DE001837,T0072,S012,BATTERY_SWAP,train,6,6,True,True,1634.8,2.545,2157.1,3.201,2021.0,5.044,1770.9,0.702,1.275,1.143,6.903,46.0,6.0,58.903,1,OPEN,True,62.2705,6,False
DE001841,T0072,S021,BATTERY_SWAP,train,5,5,True,True,3151.0,4.059,2489.8,2.599,1364.0,3.133,4276.8,3.525,1.262,1.143,8.093,0.0,6.0,14.093,5,OPEN,True,21.7776,1,True
DE001841,T0072,S003,BATTERY_SWAP,train,5,5,True,True,3742.3,5.376,4001.2,4.81,1364.0,3.133,6379.5,7.053,1.262,1.143,12.283,0.0,6.0,18.283,8,OPEN,True,30.705,2,False
DE001841,T0072,S005,BATTERY_SWAP,train,5,5,True,True,6520.5,8.192,6334.2,7.651,1364.0,3.133,11490.7,12.711,1.262,1.143,19.084,0.0,6.0,25.084,2,OPEN,True,50.543,3,False
DE001841,T0072,S005,CHARGING,train,5,5,True,True,6520.5,8.192,6334.2,7.651,1364.0,3.133,11490.7,12.711,1.262,1.143,19.084,0.0,18.0,37.084,1,OPEN,True,62.893,4,False
DE001841,T0072,S012,BATTERY_SWAP,train,5,5,True,True,1958.1,3.4,2157.1,3.201,1364.0,3.133,2751.2,3.469,1.262,1.143,7.95,46.0,6.0,59.95,1,OPEN,True,65.9696,5,False
DE001845,T0072,S021,BATTERY_SWAP,train,5,5,True,True,2449.4,2.713,2489.8,2.599,598.0,1.419,4341.2,3.893,1.205,1.143,6.239,0.0,6.0,12.239,5,OPEN,True,20.145,1,True
DE001845,T0072,S003,BATTERY_SWAP,train,5,5,True,True,3626.6,4.888,4001.2,4.81,598.0,1.419,7029.8,8.279,1.205,1.143,11.387,0.0,6.0,17.387,8,OPEN,True,31.4168,2,False
DE001845,T0072,S005,BATTERY_SWAP,train,5,5,True,True,6404.9,7.704,6334.2,7.651,598.0,1.419,12141.1,13.936,1.205,1.143,18.028,0.0,6.0,24.028,2,OPEN,True,51.0945,3,False
DE001845,T0072,S005,CHARGING,train,5,5,True,True,6404.9,7.704,6334.2,7.651,598.0,1.419,12141.1,13.936,1.205,1.143,18.028,0.0,18.0,36.028,1,OPEN,True,63.4445,4,False
DE001845,T0072,S012,BATTERY_SWAP,train,5,5,True,True,1842.4,2.912,2157.1,3.201,598.0,1.419,3401.5,4.694,1.205,1.143,7.168,46.0,6.0,59.168,1,OPEN,True,66.794,5,False
DE001849,T0073,S007,CHARGING,train,19,8,True,True,10929.9,13.554,10017.5,12.178,8332.0,18.761,12615.4,6.97,1.039,1.143,28.001,0.0,18.0,46.001,7,OPEN,True,70.8747,1,True
DE001849,T0073,S026,CHARGING,train,19,8,True,True,11198.2,14.834,10856.5,13.082,8332.0,18.761,13722.7,9.155,1.039,1.143,30.366,0.0,18.0,48.366,4,OPEN,True,76.6999,2,False
DE001849,T0073,S028,CHARGING,train,19,8,True,True,11741.0,18.401,10383.1,16.125,8332.0,18.761,13792.1,15.765,1.039,1.143,37.55,0.0,18.0,55.55,4,OPEN,True,85.6754,3,False
DE001849,T0073,S023,CHARGING,train,19,8,True,True,11817.1,18.323,10952.3,15.858,8332.0,18.761,14437.4,15.42,1.039,1.143,37.163,0.0,18.0,55.163,8,OPEN,True,85.7928,4,False
DE001849,T0073,S014,CHARGING,train,19,8,True,True,14963.9,21.318,14098.2,20.199,8332.0,18.761,20730.1,22.756,1.039,1.143,45.237,0.0,18.0,63.237,4,OPEN,True,108.986,5,False
DE001849,T0073,S019,CHARGING,train,19,8,True,True,17241.7,19.221,16232.5,17.425,8332.0,18.761,25142.2,17.885,1.039,1.143,39.887,0.0,18.0,57.887,7,OPEN,True,110.5431,6,False
DE001849,T0073,S011,CHARGING,train,19,8,True,True,17245.4,18.994,16554.3,17.858,8332.0,18.761,25467.7,18.091,1.039,1.143,40.147,0.0,18.0,58.147,7,OPEN,True,111.5049,7,False
DE001849,T0073,S029,CHARGING,train,19,8,True,True,20019.5,22.743,20290.9,21.659,8332.0,18.761,31978.4,25.64,1.039,1.143,48.386,0.0,18.0,66.386,5,OPEN,True,135.0026,8,False
DE001852,T0073,S007,CHARGING,train,18,8,True,True,9829.7,11.62,10017.5,12.178,7243.0,16.464,12604.2,7.333,1.326,1.143,29.327,0.0,18.0,47.327,5,OPEN,True,72.6183,1,True
DE001852,T0073,S023,CHARGING,train,18,8,True,True,10717.0,16.388,10952.3,15.858,7243.0,16.464,14426.3,15.783,1.326,1.143,39.857,0.0,18.0,57.857,8,OPEN,True,88.5552,2,False
DE001852,T0073,S028,CHARGING,train,18,8,True,True,10640.9,16.467,10383.1,16.125,7243.0,16.464,13781.0,16.128,1.326,1.143,40.266,0.0,18.0,58.266,2,OPEN,True,89.1604,3,False
DE001852,T0073,S026,CHARGING,train,18,8,True,True,10098.0,12.9,10856.5,13.082,7243.0,16.464,13711.5,9.518,1.326,1.143,32.058,20.57,18.0,70.628,1,OPEN,True,100.0808,4,False
DE001852,T0073,S014,CHARGING,train,18,8,True,True,13863.7,19.384,14098.2,20.199,7243.0,16.464,20718.9,23.119,1.326,1.143,48.79,0.0,18.0,66.79,5,OPEN,True,112.2579,5,False
DE001852,T0073,S011,CHARGING,train,18,8,True,True,16145.2,17.06,16554.3,17.858,7243.0,16.464,25456.5,18.454,1.326,1.143,43.033,0.0,18.0,61.033,1,OPEN,True,116.2099,6,False
DE001852,T0073,S029,CHARGING,train,18,8,True,True,18919.3,20.809,20290.9,21.659,7243.0,16.464,31967.2,26.003,1.326,1.143,52.348,0.0,18.0,70.348,6,OPEN,True,138.6834,7,False
DE001852,T0073,S019,CHARGING,train,18,8,True,True,16141.6,17.287,16232.5,17.425,7243.0,16.464,25131.1,18.248,1.326,1.143,42.839,60.0,18.0,120.839,1,OPEN,True,175.3135,8,False
DE001855,T0073,S007,CHARGING,train,18,8,True,True,9256.8,10.682,10017.5,12.178,6172.0,14.299,13102.3,8.561,1.284,1.143,27.635,0.0,18.0,45.635,5,OPEN,True,72.2298,1,True
DE001855,T0073,S023,CHARGING,train,18,8,True,True,10159.9,15.328,10952.3,15.858,6172.0,14.299,14940.2,16.888,1.284,1.143,37.808,0.0,18.0,55.808,8,OPEN,True,87.8099,2,False
DE001855,T0073,S028,CHARGING,train,18,8,True,True,10083.8,15.715,10383.1,16.125,6172.0,14.299,14294.9,17.541,1.284,1.143,38.608,0.0,18.0,56.608,2,OPEN,True,88.8833,3,False
DE001855,T0073,S026,CHARGING,train,18,8,True,True,9525.1,11.962,10856.5,13.082,6172.0,14.299,14209.6,10.746,1.284,1.143,30.313,20.57,18.0,68.883,1,OPEN,True,99.6386,4,False
DE001855,T0073,S014,CHARGING,train,18,8,True,True,13306.6,18.324,14098.2,20.199,6172.0,14.299,21232.8,24.224,1.284,1.143,46.615,0.0,18.0,64.615,5,OPEN,True,111.3868,5,False
DE001855,T0073,S011,CHARGING,train,18,8,True,True,15572.3,16.123,16554.3,17.858,6172.0,14.299,25954.6,19.682,1.284,1.143,41.113,0.0,18.0,59.113,1,OPEN,True,115.593,6,False
DE001855,T0073,S029,CHARGING,train,18,8,True,True,18346.4,19.871,20290.9,21.659,6172.0,14.299,32465.3,27.231,1.284,1.143,50.271,0.0,18.0,68.271,6,OPEN,True,137.909,7,False
DE001855,T0073,S019,CHARGING,train,18,8,True,True,15568.6,16.35,16232.5,17.425,6172.0,14.299,25629.1,19.476,1.284,1.143,40.91,60.0,18.0,118.91,1,OPEN,True,174.6867,8,False
DE001858,T0073,S007,CHARGING,train,18,8,True,True,9936.0,11.811,10017.5,12.178,5079.0,12.11,14874.5,11.879,1.015,1.143,25.907,0.0,18.0,43.907,5,OPEN,True,74.8759,1,True
DE001858,T0073,S023,CHARGING,train,18,8,True,True,10823.3,16.58,10952.3,15.858,5079.0,12.11,16696.6,20.328,1.015,1.143,34.954,0.0,18.0,52.954,8,OPEN,True,89.3297,2,False
DE001858,T0073,S028,CHARGING,train,18,8,True,True,10747.2,16.659,10383.1,16.125,5079.0,12.11,16051.3,20.674,1.015,1.143,35.339,0.0,18.0,53.339,2,OPEN,True,89.9104,3,False
DE001858,T0073,S026,CHARGING,train,18,8,True,True,10204.3,13.091,10856.5,13.082,5079.0,12.11,15981.8,14.064,1.015,1.143,28.241,20.57,18.0,66.811,1,OPEN,True,101.9403,4,False
DE001858,T0073,S014,CHARGING,train,18,8,True,True,13970.0,19.575,14098.2,20.199,5079.0,12.11,22989.2,27.665,1.015,1.143,42.956,0.0,18.0,60.956,5,OPEN,True,112.1009,5,False
DE001858,T0073,S011,CHARGING,train,18,8,True,True,16251.5,17.252,16554.3,17.858,5079.0,12.11,27726.8,23.0,1.015,1.143,37.922,0.0,18.0,55.922,1,OPEN,True,116.7755,6,False
DE001858,T0073,S029,CHARGING,train,18,8,True,True,19025.7,21.0,20290.9,21.659,5079.0,12.11,34237.6,30.549,1.015,1.143,46.071,0.0,18.0,64.071,6,OPEN,True,138.0834,7,False
DE001858,T0073,S019,CHARGING,train,18,8,True,True,16247.9,17.479,16232.5,17.425,5079.0,12.11,27401.4,22.794,1.015,1.143,37.657,60.0,18.0,115.657,1,OPEN,True,175.8085,8,False
DE001861,T0073,S007,CHARGING,train,18,8,True,True,10117.2,12.231,10017.5,12.178,4075.0,9.781,16059.7,14.628,1.041,1.143,26.652,0.0,18.0,44.652,5,OPEN,True,78.6783,1,True
DE001861,T0073,S023,CHARGING,train,18,8,True,True,10853.4,16.715,10952.3,15.858,4075.0,9.781,17730.7,22.793,1.041,1.143,35.527,0.0,18.0,53.527,8,OPEN,True,92.5863,2,False
DE001861,T0073,S028,CHARGING,train,18,8,True,True,10777.3,17.096,10383.1,16.125,4075.0,9.781,17085.4,23.441,1.041,1.143,36.228,0.0,18.0,54.228,2,OPEN,True,93.559,3,False
DE001861,T0073,S026,CHARGING,train,18,8,True,True,10385.5,13.512,10856.5,13.082,4075.0,9.781,17167.0,16.813,1.041,1.143,29.019,20.57,18.0,67.589,1,OPEN,True,105.7761,4,False
DE001861,T0073,S014,CHARGING,train,18,8,True,True,14000.1,19.711,14098.2,20.199,4075.0,9.781,24023.3,30.129,1.041,1.143,43.606,0.0,18.0,61.606,5,OPEN,True,115.4354,5,False
DE001861,T0073,S011,CHARGING,train,18,8,True,True,16432.6,17.672,16554.3,17.858,4075.0,9.781,28911.9,25.749,1.041,1.143,38.808,0.0,18.0,56.808,1,OPEN,True,120.7193,6,False
DE001861,T0073,S029,CHARGING,train,18,8,True,True,19206.8,21.42,20290.9,21.659,4075.0,9.781,35422.7,33.298,1.041,1.143,47.055,0.0,18.0,65.055,6,OPEN,True,142.1246,7,False
DE001861,T0073,S019,CHARGING,train,18,8,True,True,16429.0,17.899,16232.5,17.425,4075.0,9.781,28586.5,25.543,1.041,1.143,38.549,60.0,18.0,116.549,1,OPEN,True,179.7581,8,False
DE001864,T0073,S007,CHARGING,train,20,8,True,True,9989.0,11.975,10017.5,12.178,2958.0,7.099,17048.5,17.053,1.233,1.143,28.684,0.0,18.0,46.684,7,OPEN,True,82.9444,1,True
DE001864,T0073,S026,CHARGING,train,20,8,True,True,10257.2,13.255,10856.5,13.082,2958.0,7.099,18155.7,19.238,1.233,1.143,31.297,0.0,18.0,49.297,6,OPEN,True,88.3177,2,False
DE001864,T0073,S023,CHARGING,train,20,8,True,True,10725.2,16.459,10952.3,15.858,2958.0,7.099,18719.5,25.218,1.233,1.143,38.42,0.0,18.0,56.42,7,OPEN,True,98.0633,3,False
DE001864,T0073,S028,CHARGING,train,20,8,True,True,10649.1,16.84,10383.1,16.125,2958.0,7.099,18074.2,25.866,1.233,1.143,39.194,0.0,18.0,57.194,4,OPEN,True,98.4091,4,False
DE001864,T0073,S014,CHARGING,train,20,8,True,True,13871.9,19.454,14098.2,20.199,2958.0,7.099,25012.1,32.554,1.233,1.143,47.075,0.0,18.0,65.075,6,OPEN,True,121.1375,5,False
DE001864,T0073,S019,CHARGING,train,20,8,True,True,16300.8,17.643,16232.5,17.425,2958.0,7.099,29575.3,27.968,1.233,1.143,41.67,0.0,18.0,59.67,6,OPEN,True,123.7123,6,False
DE001864,T0073,S011,CHARGING,train,20,8,True,True,16304.4,17.416,16554.3,17.858,2958.0,7.099,29900.7,28.174,1.233,1.143,41.885,0.0,18.0,59.885,6,OPEN,True,124.6299,7,False
DE001864,T0073,S029,CHARGING,train,20,8,True,True,19078.6,21.164,20290.9,21.659,2958.0,7.099,36411.5,35.723,1.233,1.143,50.851,0.0,18.0,68.851,5,OPEN,True,148.855,8,False
DE001867,T0073,S007,CHARGING,train,20,8,True,True,9937.8,11.873,10017.5,12.178,1808.0,4.339,18147.3,19.711,1.138,1.143,27.43,0.0,18.0,45.43,7,OPEN,True,84.5525,1,True
DE001867,T0073,S026,CHARGING,train,20,8,True,True,10206.1,13.153,10856.5,13.082,1808.0,4.339,19254.6,21.896,1.138,1.143,29.921,0.0,18.0,47.921,6,OPEN,True,89.8044,2,False
DE001867,T0073,S023,CHARGING,train,20,8,True,True,10674.0,16.357,10952.3,15.858,1808.0,4.339,19818.3,27.876,1.138,1.143,36.74,0.0,18.0,54.74,7,OPEN,True,99.2454,3,False
DE001867,T0073,S028,CHARGING,train,20,8,True,True,10597.9,16.738,10383.1,16.125,1808.0,4.339,19173.0,28.523,1.138,1.143,37.478,0.0,18.0,55.478,4,OPEN,True,99.555,4,False
DE001867,T0073,S014,CHARGING,train,20,8,True,True,13820.8,19.352,14098.2,20.199,1808.0,4.339,26111.0,35.212,1.138,1.143,45.11,0.0,18.0,63.11,6,OPEN,True,122.0352,5,False
DE001867,T0073,S019,CHARGING,train,20,8,True,True,16249.6,17.54,16232.5,17.425,1808.0,4.339,30674.1,30.626,1.138,1.143,39.877,0.0,18.0,57.877,6,OPEN,True,124.782,6,False
DE001867,T0073,S011,CHARGING,train,20,8,True,True,16253.3,17.313,16554.3,17.858,1808.0,4.339,30999.6,30.832,1.138,1.143,40.114,0.0,18.0,58.114,6,OPEN,True,125.7213,7,False
DE001867,T0073,S029,CHARGING,train,20,8,True,True,19027.4,21.062,20290.9,21.659,1808.0,4.339,37510.3,38.381,1.138,1.143,48.724,0.0,18.0,66.724,5,OPEN,True,149.5901,8,False
DE001870,T0073,S007,CHARGING,train,20,8,True,True,9998.1,11.993,10017.5,12.178,708.0,1.699,19307.6,22.472,1.16,1.143,27.831,0.0,18.0,45.831,7,OPEN,True,87.9644,1,True
DE001870,T0073,S026,CHARGING,train,20,8,True,True,10266.4,13.273,10856.5,13.082,708.0,1.699,20414.9,24.657,1.16,1.143,30.35,0.0,18.0,48.35,6,OPEN,True,93.2444,2,False
DE001870,T0073,S023,CHARGING,train,20,8,True,True,10734.3,16.477,10952.3,15.858,708.0,1.699,20978.6,30.636,1.16,1.143,37.24,0.0,18.0,55.24,7,OPEN,True,102.7559,3,False
DE001870,T0073,S028,CHARGING,train,20,8,True,True,10658.2,16.858,10383.1,16.125,708.0,1.699,20333.3,31.284,1.16,1.143,37.986,0.0,18.0,55.986,4,OPEN,True,103.0739,4,False
DE001870,T0073,S014,CHARGING,train,20,8,True,True,13881.1,19.473,14098.2,20.199,708.0,1.699,27271.3,37.973,1.16,1.143,45.676,0.0,18.0,63.676,6,OPEN,True,125.6117,5,False
DE001870,T0073,S019,CHARGING,train,20,8,True,True,16309.9,17.661,16232.5,17.425,708.0,1.699,31834.4,33.387,1.16,1.143,40.403,0.0,18.0,58.403,6,OPEN,True,128.3186,6,False
DE001870,T0073,S011,CHARGING,train,20,8,True,True,16313.6,17.434,16554.3,17.858,708.0,1.699,32159.9,33.593,1.16,1.143,40.635,0.0,18.0,58.635,6,OPEN,True,129.2529,7,False
DE001870,T0073,S029,CHARGING,train,20,8,True,True,19087.7,21.182,20290.9,21.659,708.0,1.699,38670.6,41.142,1.16,1.143,49.327,0.0,18.0,67.327,5,OPEN,True,153.2041,8,False
DE001873,T0074,S004,CHARGING,train,18,8,True,True,4183.6,4.98,3205.9,4.169,6320.0,14.648,1069.5,0.0,1.022,1.143,9.855,0.0,18.0,27.855,4,OPEN,True,28.5937,1,True
DE001873,T0074,S002,CHARGING,train,18,8,True,True,4661.6,5.385,3624.6,4.421,6320.0,14.648,1966.2,0.0,1.022,1.143,10.556,0.0,18.0,28.556,5,OPEN,True,30.7389,2,False
DE001873,T0074,S017,CHARGING,train,18,8,True,True,6893.2,8.183,5942.9,6.77,6320.0,14.648,6516.1,0.305,1.022,1.143,16.101,0.0,18.0,34.101,4,OPEN,True,45.8092,3,False
DE001873,T0074,S016,CHARGING,train,18,8,True,True,9402.1,10.322,8219.2,8.688,6320.0,14.648,11301.3,4.362,1.022,1.143,20.479,0.0,18.0,38.479,4,OPEN,True,60.7724,4,False
DE001873,T0074,S005,CHARGING,train,18,8,True,True,7713.8,10.167,8121.6,10.76,6320.0,14.648,9515.4,6.279,1.022,1.143,22.69,0.0,18.0,40.69,1,OPEN,True,60.9405,5,False
DE001873,T0074,S008,CHARGING,train,18,8,True,True,10521.2,12.361,9220.5,11.054,6320.0,14.648,13421.7,8.766,1.022,1.143,25.267,0.0,18.0,43.267,3,OPEN,True,71.2519,6,False
DE001873,T0074,S013,CHARGING,train,18,8,True,True,9838.5,10.078,11437.4,12.195,6320.0,14.648,14955.9,7.625,1.022,1.143,24.239,0.0,18.0,42.239,3,OPEN,True,73.0067,7,False
DE001873,T0074,S019,CHARGING,train,18,8,True,True,10788.4,12.337,10897.8,12.947,6320.0,14.648,15366.2,10.636,1.022,1.143,27.407,60.0,18.0,105.407,1,OPEN,True,138.4483,8,False
DE001876,T0074,S004,CHARGING,train,18,8,True,True,4328.5,5.468,3205.9,4.169,5461.0,11.922,2073.4,0.0,1.081,1.143,10.677,0.0,18.0,28.677,4,OPEN,True,31.4234,1,True
DE001876,T0074,S002,CHARGING,train,18,8,True,True,4804.6,5.873,3624.6,4.421,5461.0,11.922,2968.2,0.0,1.081,1.143,11.402,0.0,18.0,29.402,5,OPEN,True,33.5888,2,False
DE001876,T0074,S017,CHARGING,train,18,8,True,True,7038.1,8.671,5942.9,6.77,5461.0,11.922,7520.0,3.52,1.081,1.143,17.112,0.0,18.0,35.112,4,OPEN,True,49.6317,3,False
DE001876,T0074,S005,CHARGING,train,18,8,True,True,7681.8,10.656,8121.6,10.76,5461.0,11.922,10342.4,9.494,1.081,1.143,23.818,0.0,18.0,41.818,1,OPEN,True,64.5263,4,False
DE001876,T0074,S016,CHARGING,train,18,8,True,True,9547.0,10.811,8219.2,8.688,5461.0,11.922,12305.2,7.577,1.081,1.143,21.616,0.0,18.0,39.616,4,OPEN,True,64.7211,5,False
DE001876,T0074,S008,CHARGING,train,18,8,True,True,10664.3,12.849,9220.5,11.054,5461.0,11.922,14423.8,11.981,1.081,1.143,26.524,0.0,18.0,44.524,3,OPEN,True,75.3173,6,False
DE001876,T0074,S013,CHARGING,train,18,8,True,True,9782.7,10.566,11437.4,12.195,5461.0,11.922,15759.1,10.84,1.081,1.143,25.361,0.0,18.0,43.361,3,OPEN,True,76.5396,7,False
DE001876,T0074,S019,CHARGING,train,18,8,True,True,10933.3,12.825,10897.8,12.947,5461.0,11.922,16370.1,13.851,1.081,1.143,28.663,60.0,18.0,106.663,1,OPEN,True,142.5159,8,False
DE001879,T0074,S004,CHARGING,train,20,8,True,True,4703.5,5.619,3205.9,4.169,4588.0,9.54,3321.4,0.248,1.285,1.143,11.986,0.0,18.0,29.986,3,OPEN,True,35.6412,1,True
DE001879,T0074,S002,CHARGING,train,20,8,True,True,5203.8,6.025,3624.6,4.421,4588.0,9.54,4240.4,0.905,1.285,1.143,12.795,0.0,18.0,30.795,7,OPEN,True,37.4018,2,False
DE001879,T0074,S017,CHARGING,train,20,8,True,True,7045.3,8.306,5942.9,6.77,4588.0,9.54,8400.2,5.536,1.285,1.143,18.412,0.0,18.0,36.412,6,OPEN,True,52.4965,3,False
DE001879,T0074,S005,CHARGING,train,20,8,True,True,7786.9,10.291,8121.6,10.76,4588.0,9.54,11320.5,11.511,1.285,1.143,25.523,0.0,18.0,43.523,1,OPEN,True,68.6917,4,False
DE001879,T0074,S016,CHARGING,train,20,8,True,True,9554.2,10.446,8219.2,8.688,4588.0,9.54,13185.4,9.594,1.285,1.143,23.353,0.0,18.0,41.353,4,OPEN,True,68.7223,5,False
DE001879,T0074,S001,CHARGING,train,20,8,True,True,9142.4,12.004,9782.6,12.429,4588.0,9.54,14337.0,14.893,1.285,1.143,29.632,0.0,18.0,47.632,3,OPEN,True,78.9788,6,False
DE001879,T0074,S013,CHARGING,train,20,8,True,True,9887.8,10.201,11437.4,12.195,4588.0,9.54,16737.2,12.857,1.285,1.143,27.048,0.0,18.0,45.048,4,OPEN,True,80.3367,7,False
DE001879,T0074,S019,CHARGING,train,20,8,True,True,10920.8,12.46,10897.8,12.947,4588.0,9.54,17230.6,15.868,1.285,1.143,30.811,0.0,18.0,48.811,6,OPEN,True,85.1386,8,False
DE001882,T0074,S004,CHARGING,train,20,8,True,True,3845.9,4.737,3205.9,4.169,3743.0,8.261,3308.8,0.646,2.857,1.143,18.3,0.0,18.0,36.3,3,OPEN,True,42.0292,1,True
DE001882,T0074,S002,CHARGING,train,20,8,True,True,4346.3,5.143,3624.6,4.421,3743.0,8.261,4227.9,1.302,2.857,1.143,19.746,0.0,18.0,37.746,7,OPEN,True,44.4271,2,False
DE001882,T0074,S017,CHARGING,train,20,8,True,True,6187.8,7.425,5942.9,6.77,3743.0,8.261,8387.7,5.934,2.857,1.143,28.95,0.0,18.0,46.95,6,OPEN,True,63.1089,3,False
DE001882,T0074,S016,CHARGING,train,20,8,True,True,8696.7,9.564,8219.2,8.688,3743.0,8.261,13172.9,9.991,2.857,1.143,37.254,0.0,18.0,55.254,4,OPEN,True,82.6978,4,False
DE001882,T0074,S005,CHARGING,train,20,8,True,True,7681.2,10.124,8121.6,10.76,3743.0,8.261,12059.8,12.623,2.857,1.143,41.223,0.0,18.0,59.223,1,OPEN,True,86.1486,5,False
DE001882,T0074,S013,CHARGING,train,20,8,True,True,10202.0,10.034,11437.4,12.195,3743.0,8.261,17896.4,13.969,2.857,1.143,42.608,0.0,18.0,60.608,4,OPEN,True,98.4927,6,False
DE001882,T0074,S008,CHARGING,train,20,8,True,True,10205.9,12.118,9220.5,11.054,3743.0,8.261,15683.4,14.911,2.857,1.143,47.257,0.0,18.0,65.257,4,OPEN,True,98.9511,7,False
DE001882,T0074,S001,CHARGING,train,20,8,True,True,9456.5,11.935,9782.6,12.429,3743.0,8.261,15496.1,16.103,2.857,1.143,48.305,0.0,18.0,66.305,3,OPEN,True,100.2727,8,False
DE001885,T0074,S004,CHARGING,train,20,8,True,True,3476.0,4.593,3205.9,4.169,2931.0,6.967,3750.9,1.796,1.092,1.143,9.782,0.0,18.0,27.782,3,OPEN,True,34.6823,1,True
DE001885,T0074,S002,CHARGING,train,20,8,True,True,3976.3,5.007,3624.6,4.421,2931.0,6.967,4669.9,2.461,1.092,1.143,10.521,0.0,18.0,28.521,7,OPEN,True,36.3765,2,False
DE001885,T0074,S017,CHARGING,train,20,8,True,True,5817.8,7.073,5942.9,6.77,2931.0,6.967,8829.7,6.876,1.092,1.143,15.462,0.0,18.0,33.462,6,OPEN,True,50.7403,3,False
DE001885,T0074,S016,CHARGING,train,20,8,True,True,8326.7,9.212,8219.2,8.688,2931.0,6.967,13614.9,10.933,1.092,1.143,19.99,0.0,18.0,37.99,4,OPEN,True,66.5533,4,False
DE001885,T0074,S005,CHARGING,train,20,8,True,True,7806.2,10.249,8121.6,10.76,2931.0,6.967,12996.8,14.042,1.092,1.143,23.491,0.0,18.0,41.491,1,OPEN,True,70.6451,5,False
DE001885,T0074,S008,CHARGING,train,20,8,True,True,9836.0,11.78,9220.5,11.054,2931.0,6.967,16125.5,15.867,1.092,1.143,25.499,0.0,18.0,43.499,4,OPEN,True,78.3164,6,False
DE001885,T0074,S001,CHARGING,train,20,8,True,True,9581.6,12.06,9782.6,12.429,2931.0,6.967,16433.2,17.522,1.092,1.143,27.376,0.0,18.0,45.376,3,OPEN,True,81.5731,7,False
DE001885,T0074,S013,CHARGING,train,20,8,True,True,10327.0,10.16,11437.4,12.195,2931.0,6.967,18833.4,15.388,1.092,1.143,25.033,0.0,18.0,43.033,4,OPEN,True,83.1472,8,False
DE001888,T0074,S004,CHARGING,train,20,8,True,True,3957.4,5.11,3205.9,4.169,2048.0,4.561,5115.3,4.718,1.034,1.143,10.049,0.0,18.0,28.049,3,OPEN,True,38.4093,1,True
DE001888,T0074,S002,CHARGING,train,20,8,True,True,4457.8,5.515,3624.6,4.421,2048.0,4.561,6034.4,5.375,1.034,1.143,10.756,0.0,18.0,28.756,7,OPEN,True,40.0685,2,False
DE001888,T0074,S017,CHARGING,train,20,8,True,True,6338.0,8.02,5942.9,6.77,2048.0,4.561,10232.9,10.229,1.034,1.143,16.031,0.0,18.0,34.031,6,OPEN,True,54.954,3,False
DE001888,T0074,S016,CHARGING,train,20,8,True,True,8846.9,10.159,8219.2,8.688,2048.0,4.561,15018.1,14.286,1.034,1.143,20.435,0.0,18.0,38.435,4,OPEN,True,70.6429,4,False
DE001888,T0074,S005,CHARGING,train,20,8,True,True,7405.4,10.095,8121.6,10.76,2048.0,4.561,13479.0,16.294,1.034,1.143,22.737,0.0,18.0,40.737,1,OPEN,True,71.4187,5,False
DE001888,T0074,S008,CHARGING,train,20,8,True,True,10317.4,12.491,9220.5,11.054,2048.0,4.561,17489.9,18.984,1.034,1.143,25.55,0.0,18.0,43.55,4,OPEN,True,81.8758,6,False
DE001888,T0074,S001,CHARGING,train,20,8,True,True,9158.4,11.906,9782.6,12.429,2048.0,4.561,16893.0,19.774,1.034,1.143,26.517,0.0,18.0,44.517,3,OPEN,True,82.1968,7,False
DE001888,T0074,S013,CHARGING,train,20,8,True,True,9903.8,10.005,11437.4,12.195,2048.0,4.561,19293.2,17.64,1.034,1.143,24.285,0.0,18.0,42.285,4,OPEN,True,83.8811,8,False
DE001891,T0074,S004,CHARGING,train,20,8,True,True,3344.3,4.441,3205.9,4.169,1225.0,3.162,5325.2,5.448,1.151,1.143,9.877,0.0,18.0,27.877,3,OPEN,True,38.8393,1,True
DE001891,T0074,S002,CHARGING,train,20,8,True,True,3844.6,4.846,3624.6,4.421,1225.0,3.162,6244.2,6.105,1.151,1.143,10.631,0.0,18.0,28.631,7,OPEN,True,40.5456,2,False
DE001891,T0074,S017,CHARGING,train,20,8,True,True,5769.9,7.074,5942.9,6.77,1225.0,3.162,10487.8,10.682,1.151,1.143,15.881,0.0,18.0,33.881,6,OPEN,True,55.4267,3,False
DE001891,T0074,S016,CHARGING,train,20,8,True,True,8278.8,9.214,8219.2,8.688,1225.0,3.162,15273.0,14.739,1.151,1.143,20.535,0.0,18.0,38.535,4,OPEN,True,71.3658,4,False
DE001891,T0074,S005,CHARGING,train,20,8,True,True,8125.5,10.708,8121.6,10.76,1225.0,3.162,15022.1,18.306,1.151,1.143,24.624,0.0,18.0,42.624,1,OPEN,True,76.8945,5,False
DE001891,T0074,S008,CHARGING,train,20,8,True,True,9704.3,11.782,9220.5,11.054,1225.0,3.162,17699.8,19.673,1.151,1.143,26.195,0.0,18.0,44.195,4,OPEN,True,83.1129,6,False
DE001891,T0074,S022,CHARGING,train,20,8,True,True,10478.7,11.677,10376.7,11.266,1225.0,3.162,19630.4,19.781,1.151,1.143,26.317,0.0,18.0,44.317,7,OPEN,True,86.4232,7,False
DE001891,T0074,S001,CHARGING,train,20,8,True,True,9900.8,12.503,9782.6,12.429,1225.0,3.162,18458.4,21.77,1.151,1.143,28.597,0.0,18.0,46.597,3,OPEN,True,87.9066,8,False
DE001894,T0074,S004,CHARGING,train,20,8,True,True,3276.2,4.117,3205.9,4.169,554.0,1.349,5928.1,6.937,1.31,1.143,10.158,0.0,18.0,28.158,3,OPEN,True,40.6986,1,True
DE001894,T0074,S002,CHARGING,train,20,8,True,True,3855.7,4.635,3624.6,4.421,554.0,1.349,6926.3,7.707,1.31,1.143,11.125,0.0,18.0,29.125,7,OPEN,True,42.8038,2,False
DE001894,T0074,S017,CHARGING,train,20,8,True,True,5770.7,6.725,5942.9,6.77,554.0,1.349,11159.6,12.146,1.31,1.143,16.548,0.0,18.0,34.548,6,OPEN,True,57.8034,3,False
DE001894,T0074,S016,CHARGING,train,20,8,True,True,8279.6,8.735,8219.2,8.688,554.0,1.349,15944.8,16.074,1.31,1.143,21.374,0.0,18.0,39.374,4,OPEN,True,73.8819,4,False
DE001894,T0074,S005,CHARGING,train,20,8,True,True,8737.8,11.527,8121.6,10.76,554.0,1.349,16305.4,20.939,1.31,1.143,27.4,0.0,18.0,45.4,1,OPEN,True,82.8953,5,False
DE001894,T0074,S008,CHARGING,train,20,8,True,True,9715.4,11.303,9220.5,11.054,554.0,1.349,18381.9,21.008,1.31,1.143,27.442,0.0,18.0,45.442,4,OPEN,True,86.0579,6,False
DE001894,T0074,S022,CHARGING,train,20,8,True,True,10361.2,11.199,10376.7,11.266,554.0,1.349,20183.9,21.116,1.31,1.143,27.548,0.0,18.0,45.548,7,OPEN,True,89.0944,7,False
DE001894,T0074,S001,CHARGING,train,20,8,True,True,10263.6,12.449,9782.6,12.429,554.0,1.349,19492.2,23.529,1.31,1.143,30.514,0.0,18.0,48.514,3,OPEN,True,92.3309,8,False
DE001897,T0075,S020,BATTERY_SWAP,test,2,2,True,True,1937.6,2.411,2488.1,3.443,5867.0,13.885,0.0,0.0,1.175,1.143,6.768,0.0,6.0,12.768,2,OPEN,True,12.0679,1,True
DE001897,T0075,S020,CHARGING,test,2,2,True,True,1937.6,2.411,2488.1,3.443,5867.0,13.885,0.0,0.0,1.175,1.143,6.768,0.0,18.0,24.768,1,OPEN,True,24.4179,2,False
DE001901,T0075,S020,BATTERY_SWAP,test,2,2,True,True,2099.9,2.735,2488.1,3.443,5146.0,12.154,0.0,0.0,1.264,1.143,7.393,0.0,6.0,13.393,2,OPEN,True,12.6926,1,True
DE001901,T0075,S020,CHARGING,test,2,2,True,True,2099.9,2.735,2488.1,3.443,5146.0,12.154,0.0,0.0,1.264,1.143,7.393,0.0,18.0,25.393,1,OPEN,True,25.0426,2,False
DE001905,T0075,S020,BATTERY_SWAP,test,2,2,True,True,1977.5,2.54,2488.1,3.443,4453.0,10.583,12.6,0.0,1.108,1.143,6.75,0.0,6.0,12.75,2,OPEN,True,12.0751,1,True
DE001905,T0075,S020,CHARGING,test,2,2,True,True,1977.5,2.54,2488.1,3.443,4453.0,10.583,12.6,0.0,1.108,1.143,6.75,0.0,18.0,24.75,1,OPEN,True,24.4251,2,False
DE002033,T0080,S016,CHARGING,train,20,8,True,True,2007.8,3.18,2239.5,3.875,4455.0,14.675,0.0,0.0,1.005,1.142,7.622,0.0,18.0,25.622,2,OPEN,True,24.9215,1,True
DE002033,T0080,S022,CHARGING,train,20,8,True,True,2701.3,4.197,2923.2,4.895,4455.0,14.675,1169.5,0.0,1.005,1.142,9.808,0.0,18.0,27.808,6,OPEN,True,28.0468,2,False
DE002033,T0080,S017,CHARGING,train,20,8,True,True,4833.4,6.971,5259.5,7.647,4455.0,14.675,5637.9,0.0,1.005,1.142,15.738,0.0,18.0,33.738,5,OPEN,True,43.2641,3,False
DE002033,T0080,S019,CHARGING,train,20,8,True,True,8769.2,10.945,8198.2,10.466,4455.0,14.675,12512.4,6.736,1.005,1.142,22.952,0.0,18.0,40.952,5,OPEN,True,65.9111,4,False
DE002033,T0080,S004,CHARGING,train,20,8,True,True,8424.7,9.91,8730.2,11.105,4455.0,14.675,12699.9,6.34,1.005,1.142,22.642,0.0,18.0,40.642,2,OPEN,True,66.9267,5,False
DE002033,T0080,S002,CHARGING,train,20,8,True,True,10520.7,12.335,10573.8,12.796,4455.0,14.675,16639.5,10.455,1.005,1.142,27.01,0.0,18.0,45.01,7,OPEN,True,78.8024,6,False
DE002033,T0080,S011,CHARGING,train,20,8,True,True,10653.1,12.966,10601.0,13.093,4455.0,14.675,16799.1,11.384,1.005,1.142,27.984,0.0,18.0,45.984,6,OPEN,True,80.3279,7,False
DE002033,T0080,S005,CHARGING,train,20,8,True,True,11896.0,14.739,11799.0,14.97,4455.0,14.675,19240.0,15.034,1.005,1.142,31.909,0.0,18.0,49.909,1,OPEN,True,91.7969,8,False
DE002036,T0080,S016,CHARGING,train,20,8,True,True,1877.1,2.878,2239.5,3.875,3825.0,12.662,291.6,0.0,1.243,1.142,8.003,0.0,18.0,26.003,2,OPEN,True,25.8863,1,True
DE002036,T0080,S022,CHARGING,train,20,8,True,True,2570.6,3.967,2923.2,4.895,3825.0,12.662,1668.8,0.0,1.243,1.142,10.521,0.0,18.0,28.521,6,OPEN,True,29.7583,2,False
DE002036,T0080,S017,CHARGING,train,20,8,True,True,4702.7,6.685,5259.5,7.647,3825.0,12.662,6137.2,1.67,1.243,1.142,17.043,0.0,18.0,35.043,5,OPEN,True,45.9845,3,False
DE002036,T0080,S019,CHARGING,train,20,8,True,True,8758.8,10.824,8198.2,10.466,3825.0,12.662,13132.0,8.628,1.243,1.142,25.406,0.0,18.0,43.406,5,OPEN,True,70.0774,4,False
DE002036,T0080,S004,CHARGING,train,20,8,True,True,8294.0,9.625,8730.2,11.105,3825.0,12.662,13199.2,8.068,1.243,1.142,24.646,0.0,18.0,42.646,2,OPEN,True,70.3613,5,False
DE002036,T0080,S002,CHARGING,train,20,8,True,True,10390.0,12.049,10573.8,12.796,3825.0,12.662,17138.8,12.183,1.243,1.142,29.591,0.0,18.0,47.591,7,OPEN,True,82.814,6,False
DE002036,T0080,S011,CHARGING,train,20,8,True,True,10642.8,12.845,10601.0,13.093,3825.0,12.662,17418.8,13.276,1.243,1.142,30.919,0.0,18.0,48.919,6,OPEN,True,84.9753,7,False
DE002036,T0080,S005,CHARGING,train,20,8,True,True,11885.7,14.618,11799.0,14.97,3825.0,12.662,19859.7,16.925,1.243,1.142,35.266,0.0,18.0,53.266,1,OPEN,True,96.8664,8,False
DE002039,T0080,S016,CHARGING,train,20,8,True,True,2100.2,3.457,2239.5,3.875,3196.0,10.654,1143.7,0.0,1.207,1.142,8.598,0.0,18.0,26.598,2,OPEN,True,28.1858,1,True
DE002039,T0080,S022,CHARGING,train,20,8,True,True,2793.7,4.474,2923.2,4.895,3196.0,10.654,2520.9,0.0,1.207,1.142,10.99,0.0,18.0,28.99,6,OPEN,True,31.9319,2,False
DE002039,T0080,S017,CHARGING,train,20,8,True,True,4925.8,7.248,5259.5,7.647,3196.0,10.654,6989.3,4.241,1.207,1.142,17.481,0.0,18.0,35.481,5,OPEN,True,48.7697,3,False
DE002039,T0080,S019,CHARGING,train,20,8,True,True,8656.3,10.97,8198.2,10.466,3196.0,10.654,13658.5,10.783,1.207,1.142,25.194,0.0,18.0,43.194,5,OPEN,True,71.4562,4,False
DE002039,T0080,S004,CHARGING,train,20,8,True,True,8517.1,10.188,8730.2,11.105,3196.0,10.654,14051.3,10.639,1.207,1.142,24.978,0.0,18.0,42.978,2,OPEN,True,73.0407,5,False
DE002039,T0080,S002,CHARGING,train,20,8,True,True,10613.1,12.612,10573.8,12.796,3196.0,10.654,17990.9,14.754,1.207,1.142,29.836,0.0,18.0,47.836,7,OPEN,True,85.4061,6,False
DE002039,T0080,S011,CHARGING,train,20,8,True,True,10540.3,12.991,10601.0,13.093,3196.0,10.654,17945.3,15.431,1.207,1.142,30.633,0.0,18.0,48.633,6,OPEN,True,86.2814,7,False
DE002039,T0080,S005,CHARGING,train,20,8,True,True,11783.2,14.764,11799.0,14.97,3196.0,10.654,20386.2,19.08,1.207,1.142,34.916,0.0,18.0,52.916,1,OPEN,True,98.1086,8,False
DE002042,T0080,S016,CHARGING,train,20,8,True,True,2040.3,3.278,2239.5,3.875,2658.0,8.861,1621.8,0.0,1.027,1.142,7.792,0.0,18.0,25.792,2,OPEN,True,28.3352,1,True
DE002042,T0080,S022,CHARGING,train,20,8,True,True,2733.8,4.294,2923.2,4.895,2658.0,8.861,2999.0,0.328,1.027,1.142,10.0,0.0,18.0,28.0,6,OPEN,True,31.9803,2,False
DE002042,T0080,S017,CHARGING,train,20,8,True,True,4865.9,7.068,5259.5,7.647,2658.0,8.861,7467.4,5.854,1.027,1.142,15.992,0.0,18.0,33.992,5,OPEN,True,48.64,3,False
DE002042,T0080,S019,CHARGING,train,20,8,True,True,8643.8,10.932,8198.2,10.466,2658.0,8.861,14184.0,12.537,1.027,1.142,23.18,0.0,18.0,41.18,5,OPEN,True,70.9325,4,False
DE002042,T0080,S004,CHARGING,train,20,8,True,True,8457.3,10.008,8730.2,11.105,2658.0,8.861,14529.5,12.252,1.027,1.142,22.96,0.0,18.0,40.96,2,OPEN,True,72.382,5,False
DE002042,T0080,S002,CHARGING,train,20,8,True,True,10553.2,12.432,10573.8,12.796,2658.0,8.861,18469.0,16.367,1.027,1.142,27.381,0.0,18.0,45.381,7,OPEN,True,84.3109,6,False
DE002042,T0080,S011,CHARGING,train,20,8,True,True,10527.7,12.954,10601.0,13.093,2658.0,8.861,18470.7,17.186,1.027,1.142,28.256,0.0,18.0,46.256,6,OPEN,True,85.3937,7,False
DE002042,T0080,S005,CHARGING,train,20,8,True,True,11770.6,14.726,11799.0,14.97,2658.0,8.861,20911.6,20.835,1.027,1.142,32.22,0.0,18.0,50.22,1,OPEN,True,96.9018,8,False
DE002045,T0080,S016,CHARGING,train,20,8,True,True,2154.6,3.62,2239.5,3.875,2112.0,7.039,2282.1,0.456,1.32,1.142,9.204,0.0,18.0,27.204,2,OPEN,True,31.1826,1,True
DE002045,T0080,S022,CHARGING,train,20,8,True,True,2848.1,4.637,2923.2,4.895,2112.0,7.039,3659.3,2.493,1.32,1.142,11.711,0.0,18.0,29.711,6,OPEN,True,35.5526,2,False
DE002045,T0080,S017,CHARGING,train,20,8,True,True,4936.6,7.411,5259.5,7.647,2112.0,7.039,8084.1,8.018,1.32,1.142,18.515,0.0,18.0,36.515,5,OPEN,True,52.9379,3,False
DE002045,T0080,S019,CHARGING,train,20,8,True,True,8649.6,10.95,8198.2,10.466,2112.0,7.039,14735.8,14.377,1.32,1.142,26.407,0.0,18.0,44.407,5,OPEN,True,75.7223,4,False
DE002045,T0080,S004,CHARGING,train,20,8,True,True,8527.9,10.351,8730.2,11.105,2112.0,7.039,15146.1,14.416,1.32,1.142,26.345,0.0,18.0,44.345,2,OPEN,True,77.5412,5,False
DE002045,T0080,S002,CHARGING,train,20,8,True,True,10623.9,12.775,10573.8,12.796,2112.0,7.039,19085.7,18.532,1.32,1.142,31.476,0.0,18.0,49.476,7,OPEN,True,90.1805,6,False
DE002045,T0080,S011,CHARGING,train,20,8,True,True,10533.5,12.971,10601.0,13.093,2112.0,7.039,19022.5,19.025,1.32,1.142,32.075,0.0,18.0,50.075,6,OPEN,True,90.7757,7,False
DE002045,T0080,S005,CHARGING,train,20,8,True,True,11776.4,14.744,11799.0,14.97,2112.0,7.039,21463.4,22.675,1.32,1.142,36.558,0.0,18.0,54.558,1,OPEN,True,102.8033,8,False
DE002048,T0080,S022,CHARGING,train,20,8,True,True,2863.6,4.683,2923.2,4.895,1499.0,4.998,4287.8,4.58,1.017,1.142,10.353,0.0,18.0,28.353,8,OPEN,True,35.9738,1,True
DE002048,T0080,S017,CHARGING,train,20,8,True,True,4952.1,7.457,5259.5,7.647,1499.0,4.998,8712.6,10.106,1.017,1.142,16.317,0.0,18.0,34.317,3,OPEN,True,53.2186,2,False
DE002048,T0080,S019,CHARGING,train,20,8,True,True,8665.1,10.996,8198.2,10.466,1499.0,4.998,15364.3,16.465,1.017,1.142,23.136,0.0,18.0,41.136,6,OPEN,True,73.8807,3,False
DE002048,T0080,S004,CHARGING,train,20,8,True,True,8543.4,10.397,8730.2,11.105,1499.0,4.998,15774.6,16.504,1.017,1.142,23.256,0.0,18.0,41.256,4,OPEN,True,75.531,4,False
DE002048,T0080,S016,CHARGING,train,20,8,True,True,2170.0,3.667,2239.5,3.875,1499.0,4.998,2910.5,2.544,1.017,1.142,8.155,48.0,18.0,74.155,1,OPEN,True,80.2616,5,False
DE002048,T0080,S002,CHARGING,train,20,8,True,True,10639.4,12.822,10573.8,12.796,1499.0,4.998,19714.2,20.619,1.017,1.142,27.653,0.0,18.0,45.653,7,OPEN,True,88.1358,6,False
DE002048,T0080,S011,CHARGING,train,20,8,True,True,10549.0,13.018,10601.0,13.093,1499.0,4.998,19651.0,21.113,1.017,1.142,28.192,0.0,18.0,46.192,7,OPEN,True,88.6716,7,False
DE002048,T0080,S005,CHARGING,train,20,8,True,True,11791.9,14.79,11799.0,14.97,1499.0,4.998,22091.9,24.762,1.017,1.142,32.138,0.0,18.0,50.138,2,OPEN,True,99.812,8,False
DE002051,T0080,S022,CHARGING,train,20,8,True,True,2824.6,4.567,2923.2,4.895,947.0,3.156,4800.8,6.306,1.035,1.142,10.317,0.0,18.0,28.317,8,OPEN,True,37.3947,1,True
DE002051,T0080,S017,CHARGING,train,20,8,True,True,4913.1,7.34,5259.5,7.647,947.0,3.156,9225.6,11.832,1.035,1.142,16.33,0.0,18.0,34.33,3,OPEN,True,54.6894,2,False
DE002051,T0080,S019,CHARGING,train,20,8,True,True,8626.2,10.88,8198.2,10.466,947.0,3.156,15877.4,18.19,1.035,1.142,23.213,0.0,18.0,41.213,6,OPEN,True,75.4154,3,False
DE002051,T0080,S004,CHARGING,train,20,8,True,True,8504.5,10.28,8730.2,11.105,947.0,3.156,16287.7,18.23,1.035,1.142,23.322,0.0,18.0,41.322,4,OPEN,True,77.0549,4,False
DE002051,T0080,S016,CHARGING,train,20,8,True,True,2131.1,3.55,2239.5,3.875,947.0,3.156,3423.6,4.27,1.035,1.142,8.1,48.0,18.0,74.1,1,OPEN,True,81.6644,5,False
DE002051,T0080,S002,CHARGING,train,20,8,True,True,10600.5,12.705,10573.8,12.796,947.0,3.156,20227.3,22.345,1.035,1.142,27.763,0.0,18.0,45.763,7,OPEN,True,89.7034,6,False
DE002051,T0080,S011,CHARGING,train,20,8,True,True,10510.1,12.901,10601.0,13.093,947.0,3.156,20164.1,22.839,1.035,1.142,28.305,0.0,18.0,46.305,7,OPEN,True,90.2427,7,False
DE002051,T0080,S005,CHARGING,train,20,8,True,True,11753.0,14.674,11799.0,14.97,947.0,3.156,22605.0,26.488,1.035,1.142,32.283,0.0,18.0,50.283,2,OPEN,True,101.415,8,False
DE002054,T0080,S022,CHARGING,train,20,8,True,True,2813.3,4.532,2923.2,4.895,374.0,1.246,5362.5,8.182,1.099,1.142,10.571,0.0,18.0,28.571,8,OPEN,True,39.2418,1,True
DE002054,T0080,S017,CHARGING,train,20,8,True,True,4901.8,7.306,5259.5,7.647,374.0,1.246,9787.3,13.707,1.099,1.142,16.762,0.0,18.0,34.762,3,OPEN,True,56.714,2,False
DE002054,T0080,S019,CHARGING,train,20,8,True,True,8614.8,10.846,8198.2,10.466,374.0,1.246,16439.0,20.066,1.099,1.142,23.872,0.0,18.0,41.872,6,OPEN,True,77.6663,3,False
DE002054,T0080,S004,CHARGING,train,20,8,True,True,8493.1,10.246,8730.2,11.105,374.0,1.246,16849.3,20.105,1.099,1.142,23.943,0.0,18.0,41.943,4,OPEN,True,79.2675,4,False
DE002054,T0080,S016,CHARGING,train,20,8,True,True,2119.7,3.516,2239.5,3.875,374.0,1.246,3985.2,6.145,1.099,1.142,8.29,48.0,18.0,74.29,1,OPEN,True,83.4462,5,False
DE002054,T0080,S002,CHARGING,train,20,8,True,True,10589.1,12.671,10573.8,12.796,374.0,1.246,20788.9,24.221,1.099,1.142,28.538,0.0,18.0,46.538,7,OPEN,True,92.0711,6,False
DE002054,T0080,S011,CHARGING,train,20,8,True,True,10498.7,12.867,10601.0,13.093,374.0,1.246,20725.7,24.714,1.099,1.142,29.093,0.0,18.0,47.093,7,OPEN,True,92.623,7,False
DE002054,T0080,S005,CHARGING,train,20,8,True,True,11741.6,14.64,11799.0,14.97,374.0,1.246,23166.6,28.364,1.099,1.142,33.185,0.0,18.0,51.185,2,OPEN,True,103.9087,8,False
DE002057,T0081,S027,BATTERY_SWAP,train,7,7,True,True,3901.7,4.599,1927.6,2.104,6336.0,14.843,0.0,0.0,1.005,1.142,7.025,0.0,6.0,13.025,8,OPEN,True,10.9246,1,True
DE002057,T0081,S021,BATTERY_SWAP,train,7,7,True,True,3477.3,4.818,5796.9,6.26,6336.0,14.843,2938.2,0.0,1.005,1.142,11.992,0.0,6.0,17.992,6,OPEN,True,21.7684,2,False
DE002057,T0081,S006,BATTERY_SWAP,train,7,7,True,True,4280.4,5.581,5961.0,6.01,6336.0,14.843,3905.4,0.0,1.005,1.142,12.473,0.0,6.0,18.473,5,OPEN,True,24.5335,3,False
DE002057,T0081,S012,BATTERY_SWAP,train,7,7,True,True,7264.8,9.589,9683.0,11.351,6336.0,14.843,10611.8,6.096,1.005,1.142,22.599,0.0,6.0,28.599,1,OPEN,True,50.9972,4,False
DE002057,T0081,S005,BATTERY_SWAP,train,7,7,True,True,8669.0,11.483,9286.6,12.979,6336.0,14.843,11619.6,9.619,1.005,1.142,26.363,0.0,6.0,32.363,3,OPEN,True,56.9567,5,False
DE002057,T0081,S003,BATTERY_SWAP,train,7,7,True,True,9030.6,10.226,11084.5,12.593,6336.0,14.843,13779.1,7.975,1.005,1.142,24.658,0.0,6.0,30.658,7,OPEN,True,58.1099,6,False
DE002057,T0081,S005,CHARGING,train,7,7,True,True,8669.0,11.483,9286.6,12.979,6336.0,14.843,11619.6,9.619,1.005,1.142,26.363,0.0,18.0,44.363,1,OPEN,True,69.6567,7,False
DE002061,T0081,S027,BATTERY_SWAP,train,7,7,True,True,4073.6,4.621,1927.6,2.104,5433.0,12.211,568.2,0.0,1.173,1.142,7.823,0.0,6.0,13.823,9,OPEN,True,12.8594,1,True
DE002061,T0081,S021,BATTERY_SWAP,train,7,7,True,True,3490.2,4.684,5796.9,6.26,5433.0,12.211,3854.1,0.0,1.173,1.142,12.644,0.0,6.0,18.644,6,OPEN,True,24.2519,2,False
DE002061,T0081,S006,BATTERY_SWAP,train,7,7,True,True,4203.8,5.496,5961.0,6.01,5433.0,12.211,4731.8,0.0,1.173,1.142,13.31,0.0,6.0,19.31,4,OPEN,True,27.374,3,False
DE002061,T0081,S012,BATTERY_SWAP,train,7,7,True,True,7277.7,9.446,9683.0,11.351,5433.0,12.211,11527.7,8.586,1.173,1.142,24.044,0.0,6.0,30.044,3,OPEN,True,54.1955,4,False
DE002061,T0081,S003,BATTERY_SWAP,train,7,7,True,True,9066.8,10.248,11084.5,12.593,5433.0,12.211,14718.3,10.63,1.173,1.142,26.402,0.0,6.0,32.402,8,OPEN,True,62.3956,5,False
DE002061,T0081,S005,BATTERY_SWAP,train,7,7,True,True,8841.0,11.505,9286.6,12.979,5433.0,12.211,12694.6,12.273,1.173,1.142,28.318,0.0,6.0,34.318,1,OPEN,True,62.4253,6,False
DE002061,T0081,S005,CHARGING,train,7,7,True,True,8841.0,11.505,9286.6,12.979,5433.0,12.211,12694.6,12.273,1.173,1.142,28.318,0.0,18.0,46.318,2,OPEN,True,74.0753,7,False
DE002065,T0081,S027,BATTERY_SWAP,train,7,7,True,True,4013.5,4.72,1927.6,2.104,4579.0,9.863,1362.1,0.0,1.182,1.142,7.982,0.0,6.0,13.982,9,OPEN,True,14.6063,1,True
DE002065,T0081,S021,BATTERY_SWAP,train,7,7,True,True,3259.7,4.448,5796.9,6.26,4579.0,9.863,4477.6,0.846,1.182,1.142,12.407,0.0,6.0,18.407,6,OPEN,True,25.474,2,False
DE002065,T0081,S006,BATTERY_SWAP,train,7,7,True,True,4165.0,5.428,5961.0,6.01,4579.0,9.863,5547.0,1.575,1.182,1.142,13.279,0.0,6.0,19.279,4,OPEN,True,29.3665,3,False
DE002065,T0081,S012,BATTERY_SWAP,train,7,7,True,True,7049.6,9.211,9683.0,11.351,4579.0,9.863,12153.6,10.699,1.182,1.142,23.85,0.0,6.0,29.85,3,OPEN,True,55.7819,4,False
DE002065,T0081,S005,BATTERY_SWAP,train,7,7,True,True,8545.1,11.432,9286.6,12.979,4579.0,9.863,13252.7,14.548,1.182,1.142,28.335,0.0,6.0,34.335,1,OPEN,True,64.1275,5,False
DE002065,T0081,S003,BATTERY_SWAP,train,7,7,True,True,8836.3,10.175,11084.5,12.593,4579.0,9.863,15341.8,12.905,1.182,1.142,26.408,0.0,6.0,32.408,8,OPEN,True,64.2173,6,False
DE002065,T0081,S005,CHARGING,train,7,7,True,True,8545.1,11.432,9286.6,12.979,4579.0,9.863,13252.7,14.548,1.182,1.142,28.335,0.0,18.0,46.335,2,OPEN,True,75.7775,7,False
DE002069,T0081,S027,BATTERY_SWAP,train,7,7,True,True,3707.4,4.084,1927.6,2.104,3761.0,7.378,1874.0,0.0,1.111,1.142,6.941,0.0,6.0,12.941,9,OPEN,True,14.5888,1,True
DE002069,T0081,S021,BATTERY_SWAP,train,7,7,True,True,3548.6,4.304,5796.9,6.26,3761.0,7.378,5584.5,3.186,1.111,1.142,11.931,0.0,6.0,17.931,6,OPEN,True,27.7971,2,False
DE002069,T0081,S006,BATTERY_SWAP,train,7,7,True,True,4309.0,5.067,5961.0,6.01,3761.0,7.378,6509.0,3.699,1.111,1.142,12.493,0.0,6.0,18.493,4,OPEN,True,31.0359,3,False
DE002069,T0081,S012,BATTERY_SWAP,train,7,7,True,True,7336.2,9.074,9683.0,11.351,3761.0,7.378,13258.2,13.047,1.111,1.142,23.045,0.0,6.0,29.045,3,OPEN,True,57.7728,4,False
DE002069,T0081,S005,BATTERY_SWAP,train,7,7,True,True,8474.7,10.969,9286.6,12.979,3761.0,7.378,14000.3,16.57,1.111,1.142,27.009,0.0,6.0,33.009,1,OPEN,True,64.8019,5,False
DE002069,T0081,S003,BATTERY_SWAP,train,7,7,True,True,8836.3,9.712,11084.5,12.593,3761.0,7.378,16159.8,14.926,1.111,1.142,25.171,0.0,6.0,31.171,8,OPEN,True,65.1217,6,False
DE002069,T0081,S005,CHARGING,train,7,7,True,True,8474.7,10.969,9286.6,12.979,3761.0,7.378,14000.3,16.57,1.111,1.142,27.009,0.0,18.0,45.009,2,OPEN,True,76.4519,7,False
DE002073,T0081,S027,BATTERY_SWAP,train,4,4,True,True,3394.7,3.676,1927.6,2.104,3024.0,5.367,2298.3,0.413,1.193,1.142,6.789,0.0,6.0,12.789,9,OPEN,True,15.3885,1,True
DE002073,T0081,S006,BATTERY_SWAP,train,4,4,True,True,3995.3,4.659,5961.0,6.01,3024.0,5.367,6932.3,5.302,1.193,1.142,12.422,0.0,6.0,18.422,4,OPEN,True,32.2116,2,False
DE002073,T0081,S021,BATTERY_SWAP,train,4,4,True,True,4325.5,5.051,5796.9,6.26,3024.0,5.367,7098.4,5.944,1.193,1.142,13.175,0.0,6.0,19.175,6,OPEN,True,32.758,3,False
DE002073,T0081,S012,BATTERY_SWAP,train,4,4,True,True,8113.0,9.821,9683.0,11.351,3024.0,5.367,14772.0,15.805,1.193,1.142,24.679,0.0,6.0,30.679,3,OPEN,True,63.1246,4,False
DE002077,T0081,S027,BATTERY_SWAP,train,3,3,True,True,2757.5,2.979,1927.6,2.104,2207.0,3.965,2478.1,1.117,1.125,1.142,5.754,0.0,6.0,11.754,9,OPEN,True,14.8894,1,True
DE002077,T0081,S006,BATTERY_SWAP,train,3,3,True,True,4155.1,4.84,5961.0,6.01,2207.0,3.965,7909.1,6.885,1.125,1.142,12.309,0.0,6.0,18.309,4,OPEN,True,34.4483,2,False
DE002077,T0081,S021,BATTERY_SWAP,train,3,3,True,True,4485.2,5.232,5796.9,6.26,2207.0,3.965,8075.1,7.527,1.125,1.142,13.036,0.0,6.0,19.036,6,OPEN,True,34.9678,3,False
DE002081,T0081,S027,BATTERY_SWAP,train,2,2,True,True,2001.0,2.222,1927.6,2.104,1399.0,2.753,2529.6,1.573,1.029,1.142,4.69,0.0,6.0,10.69,9,OPEN,True,14.042,1,True
DE002081,T0081,S021,BATTERY_SWAP,train,2,2,True,True,6088.6,6.969,5796.9,6.26,1399.0,2.753,10486.5,10.476,1.029,1.142,14.32,0.0,6.0,20.32,6,OPEN,True,41.8125,2,False
DE002085,T0081,S027,BATTERY_SWAP,train,1,1,False,True,1643.6,1.865,1927.6,2.104,515.0,0.773,3056.2,3.196,1.227,1.142,4.691,0.0,6.0,10.691,2,OPEN,True,16.9024,1,True
DE002089,T0082,S028,CHARGING,train,20,8,True,True,5709.6,7.128,6337.4,8.322,6076.0,15.483,5971.0,0.0,1.052,1.142,17.003,0.0,18.0,35.003,2,OPEN,True,46.2448,1,True
DE002089,T0082,S007,CHARGING,train,20,8,True,True,7455.3,10.718,7109.3,9.831,6076.0,15.483,8488.6,5.067,1.052,1.142,22.503,0.0,18.0,40.503,8,OPEN,True,56.6469,2,False
DE002089,T0082,S019,CHARGING,train,20,8,True,True,10206.8,12.892,10042.0,12.639,6076.0,15.483,14172.8,10.048,1.052,1.142,27.996,0.0,18.0,45.996,6,OPEN,True,74.7532,3,False
DE002089,T0082,S014,CHARGING,train,20,8,True,True,10201.4,12.91,10717.7,14.098,6076.0,15.483,14843.1,11.525,1.052,1.142,29.681,0.0,18.0,47.681,6,OPEN,True,78.1479,4,False
DE002089,T0082,S023,CHARGING,train,20,8,True,True,10694.5,14.08,11248.0,15.234,6076.0,15.483,15866.5,13.831,1.052,1.142,32.209,0.0,18.0,50.209,6,OPEN,True,83.2998,5,False
DE002089,T0082,S026,CHARGING,train,20,8,True,True,11655.4,15.928,11613.7,15.247,6076.0,15.483,17193.1,15.693,1.052,1.142,34.169,0.0,18.0,52.169,7,OPEN,True,88.378,6,False
DE002089,T0082,S011,CHARGING,train,20,8,True,True,12957.1,17.11,13256.6,17.131,6076.0,15.483,20137.7,18.759,1.052,1.142,37.564,0.0,18.0,55.564,7,OPEN,True,98.429,7,False
DE002089,T0082,S016,CHARGING,train,20,8,True,True,15639.1,19.151,15987.9,19.328,6076.0,15.483,25551.0,22.996,1.052,1.142,42.219,48.0,18.0,108.219,1,OPEN,True,164.7198,8,False
DE002092,T0082,S028,CHARGING,train,20,8,True,True,5608.8,6.915,6337.4,8.322,5313.0,13.417,6633.2,1.82,1.128,1.142,17.303,0.0,18.0,35.303,2,OPEN,True,48.3246,1,True
DE002092,T0082,S007,CHARGING,train,20,8,True,True,7374.7,10.47,7109.3,9.831,5313.0,13.417,9171.0,6.884,1.128,1.142,23.037,0.0,18.0,41.037,8,OPEN,True,59.0005,2,False
DE002092,T0082,S019,CHARGING,train,20,8,True,True,10126.1,12.644,10042.0,12.639,5313.0,13.417,14855.1,11.865,1.128,1.142,28.695,0.0,18.0,46.695,6,OPEN,True,77.2718,3,False
DE002092,T0082,S014,CHARGING,train,20,8,True,True,10100.5,12.696,10717.7,14.098,5313.0,13.417,15505.2,13.377,1.128,1.142,30.42,0.0,18.0,48.42,6,OPEN,True,80.6749,4,False
DE002092,T0082,S023,CHARGING,train,20,8,True,True,10593.6,13.866,11248.0,15.234,5313.0,13.417,16528.6,15.683,1.128,1.142,33.038,0.0,18.0,51.038,6,OPEN,True,85.9157,5,False
DE002092,T0082,S026,CHARGING,train,20,8,True,True,11574.8,15.68,11613.7,15.247,5313.0,13.417,17875.5,17.51,1.128,1.142,35.099,0.0,18.0,53.099,7,OPEN,True,91.1275,6,False
DE002092,T0082,S011,CHARGING,train,20,8,True,True,12876.4,16.862,13256.6,17.131,5313.0,13.417,20820.0,20.576,1.128,1.142,38.584,0.0,18.0,56.584,7,OPEN,True,101.2682,7,False
DE002092,T0082,S016,CHARGING,train,20,8,True,True,15558.5,18.902,15987.9,19.328,5313.0,13.417,26233.4,24.813,1.128,1.142,43.394,48.0,18.0,109.394,1,OPEN,True,167.7143,8,False
DE002095,T0082,S028,CHARGING,train,20,8,True,True,5810.7,7.318,6337.4,8.322,4497.0,11.458,7651.1,4.183,1.309,1.142,19.083,0.0,18.0,37.083,2,OPEN,True,52.7314,1,True
DE002095,T0082,S007,CHARGING,train,20,8,True,True,7347.9,10.504,7109.3,9.831,4497.0,11.458,9960.2,8.877,1.309,1.142,24.976,0.0,18.0,42.976,8,OPEN,True,63.0159,2,False
DE002095,T0082,S019,CHARGING,train,20,8,True,True,10099.3,12.677,10042.0,12.639,4497.0,11.458,15644.3,13.858,1.309,1.142,31.027,0.0,18.0,49.027,6,OPEN,True,81.6806,3,False
DE002095,T0082,S014,CHARGING,train,20,8,True,True,10302.5,13.1,10717.7,14.098,4497.0,11.458,16523.2,15.74,1.309,1.142,33.247,0.0,18.0,51.247,6,OPEN,True,86.1283,4,False
DE002095,T0082,S023,CHARGING,train,20,8,True,True,10795.6,14.27,11248.0,15.234,4497.0,11.458,17546.6,18.046,1.309,1.142,36.076,0.0,18.0,54.076,6,OPEN,True,91.581,5,False
DE002095,T0082,S026,CHARGING,train,20,8,True,True,11548.0,15.713,11613.7,15.247,4497.0,11.458,18664.7,19.503,1.309,1.142,37.981,0.0,18.0,55.981,7,OPEN,True,96.0859,6,False
DE002095,T0082,S011,CHARGING,train,20,8,True,True,12849.6,16.895,13256.6,17.131,4497.0,11.458,21609.2,22.569,1.309,1.142,41.68,0.0,18.0,59.68,7,OPEN,True,106.4405,7,False
DE002095,T0082,S016,CHARGING,train,20,8,True,True,15531.7,18.936,15987.9,19.328,4497.0,11.458,27022.6,26.806,1.309,1.142,46.859,48.0,18.0,112.859,1,OPEN,True,173.2559,8,False
DE002098,T0082,S028,CHARGING,train,20,8,True,True,5843.7,7.384,6337.4,8.322,3687.0,9.397,8494.1,6.309,1.288,1.142,19.015,0.0,18.0,37.015,2,OPEN,True,54.8801,1,True
DE002098,T0082,S007,CHARGING,train,20,8,True,True,7314.0,10.436,7109.3,9.831,3687.0,9.397,10736.3,10.869,1.288,1.142,24.668,0.0,18.0,42.668,8,OPEN,True,64.7582,2,False
DE002098,T0082,S019,CHARGING,train,20,8,True,True,10065.4,12.609,10042.0,12.639,3687.0,9.397,16420.4,15.85,1.288,1.142,30.674,0.0,18.0,48.674,6,OPEN,True,83.3773,3,False
DE002098,T0082,S014,CHARGING,train,20,8,True,True,10335.4,13.165,10717.7,14.098,3687.0,9.397,17366.1,17.866,1.288,1.142,33.057,0.0,18.0,51.057,6,OPEN,True,88.1553,4,False
DE002098,T0082,S023,CHARGING,train,20,8,True,True,10828.5,14.336,11248.0,15.234,3687.0,9.397,18389.5,20.172,1.288,1.142,35.861,0.0,18.0,53.861,6,OPEN,True,93.5835,5,False
DE002098,T0082,S026,CHARGING,train,20,8,True,True,11514.1,15.646,11613.7,15.247,3687.0,9.397,19440.8,21.495,1.288,1.142,37.564,0.0,18.0,55.564,7,OPEN,True,97.7189,6,False
DE002098,T0082,S011,CHARGING,train,20,8,True,True,12815.7,16.827,13256.6,17.131,3687.0,9.397,22385.3,24.561,1.288,1.142,41.238,0.0,18.0,59.238,7,OPEN,True,108.0486,7,False
DE002098,T0082,S016,CHARGING,train,20,8,True,True,15497.8,18.868,15987.9,19.328,3687.0,9.397,27798.7,28.798,1.288,1.142,46.374,48.0,18.0,112.374,1,OPEN,True,174.8212,8,False
DE002113,T0083,S028,CHARGING,train,20,8,True,True,3066.0,4.849,3508.4,5.309,2452.0,5.886,4122.4,4.272,1.022,1.142,11.018,0.0,18.0,29.018,2,OPEN,True,37.6309,1,True
DE002113,T0083,S014,CHARGING,train,20,8,True,True,5177.1,7.488,5405.4,8.817,2452.0,5.886,8130.5,10.419,1.022,1.142,17.721,0.0,18.0,35.721,6,OPEN,True,52.4868,2,False
DE002113,T0083,S023,CHARGING,train,20,8,True,True,6921.3,10.643,7592.4,11.979,2452.0,5.886,12061.7,16.737,1.022,1.142,24.558,0.0,18.0,42.558,6,OPEN,True,68.7653,3,False
DE002113,T0083,S007,CHARGING,train,20,8,True,True,13197.0,16.466,13371.0,16.128,2452.0,5.886,24116.0,26.708,1.022,1.142,35.246,0.0,18.0,53.246,8,OPEN,True,106.0554,4,False
DE002113,T0083,S019,CHARGING,train,20,8,True,True,15948.5,18.861,16303.7,19.131,2452.0,5.886,29800.2,32.106,1.022,1.142,41.124,0.0,18.0,59.124,6,OPEN,True,124.6505,5,False
DE002113,T0083,S026,CHARGING,train,20,8,True,True,16098.4,21.676,16591.3,21.544,2452.0,5.886,30237.7,37.334,1.022,1.142,46.756,0.0,18.0,64.756,7,OPEN,True,132.4648,6,False
DE002113,T0083,S011,CHARGING,train,20,8,True,True,18698.8,23.079,19518.2,23.586,2452.0,5.886,35765.0,40.779,1.022,1.142,50.522,0.0,18.0,68.522,7,OPEN,True,148.1467,7,False
DE002113,T0083,S016,CHARGING,train,20,8,True,True,21380.8,24.898,22249.5,25.625,2452.0,5.886,41178.3,44.637,1.022,1.142,54.709,48.0,18.0,120.709,1,OPEN,True,213.8754,8,False
DE002116,T0083,S028,CHARGING,train,20,8,True,True,2952.4,4.64,3508.4,5.309,2124.0,5.097,4336.8,4.852,1.127,1.142,11.292,0.0,18.0,29.292,2,OPEN,True,38.4787,1,True
DE002116,T0083,S014,CHARGING,train,20,8,True,True,5063.5,7.261,5405.4,8.817,2124.0,5.097,8344.9,10.98,1.127,1.142,18.251,0.0,18.0,36.251,6,OPEN,True,53.5861,2,False
DE002116,T0083,S023,CHARGING,train,20,8,True,True,6807.6,10.416,7592.4,11.979,2124.0,5.097,12276.0,17.298,1.127,1.142,25.419,0.0,18.0,43.419,6,OPEN,True,70.1956,3,False
DE002116,T0083,S007,CHARGING,train,20,8,True,True,13083.4,16.257,13371.0,16.128,2124.0,5.097,24330.4,27.288,1.127,1.142,36.74,0.0,18.0,54.74,8,OPEN,True,108.123,4,False
DE002116,T0083,S019,CHARGING,train,20,8,True,True,15834.8,18.652,16303.7,19.131,2124.0,5.097,30014.5,32.686,1.127,1.142,42.869,0.0,18.0,60.869,6,OPEN,True,126.9694,5,False
DE002116,T0083,S026,CHARGING,train,20,8,True,True,15984.7,21.467,16591.3,21.544,2124.0,5.097,30452.0,37.914,1.127,1.142,48.797,0.0,18.0,66.797,7,OPEN,True,135.0793,6,False
DE002116,T0083,S011,CHARGING,train,20,8,True,True,18585.2,22.87,19518.2,23.586,2124.0,5.097,35979.4,41.359,1.127,1.142,52.71,0.0,18.0,70.71,7,OPEN,True,150.9087,7,False
DE002116,T0083,S016,CHARGING,train,20,8,True,True,21267.2,24.69,22249.5,25.625,2124.0,5.097,41392.7,45.217,1.127,1.142,57.089,48.0,18.0,123.089,1,OPEN,True,216.8284,8,False
DE002209,T0087,S025,CHARGING,train,1,1,False,True,4050.6,7.22,4346.5,7.697,6262.0,15.029,2135.1,0.0,1.107,1.144,16.798,0.0,18.0,34.798,2,OPEN,True,38.3679,1,True
DE002212,T0087,S025,CHARGING,train,1,1,False,True,4107.6,7.147,4346.5,7.697,5609.0,13.462,2845.1,1.383,1.33,1.144,18.311,0.0,18.0,36.311,2,OPEN,True,41.6471,1,True
DE002215,T0087,S025,CHARGING,train,1,1,False,True,4076.6,7.271,4346.5,7.697,4841.0,11.618,3582.1,3.351,1.229,1.144,17.742,0.0,18.0,35.742,2,OPEN,True,43.0442,1,True
DE002218,T0087,S025,CHARGING,train,1,1,False,True,3924.2,6.78,4346.5,7.697,3994.0,9.586,4276.7,4.892,1.06,1.144,15.993,0.0,18.0,33.993,2,OPEN,True,43.069,1,True
DE002221,T0087,S025,CHARGING,train,1,1,False,True,3992.0,7.102,4346.5,7.697,3203.0,7.687,5135.5,7.112,1.257,1.144,17.733,0.0,18.0,35.733,2,OPEN,True,47.0823,1,True
DE002233,T0088,S011,CHARGING,validation,20,8,True,True,2976.4,4.885,3362.0,5.24,6359.0,13.334,0.0,0.0,1.068,1.144,11.211,0.0,18.0,29.211,6,OPEN,True,27.1114,1,True
DE002233,T0088,S010,CHARGING,validation,20,8,True,True,3648.0,4.157,4578.6,5.18,6359.0,13.334,1867.6,0.0,1.068,1.144,10.365,0.0,18.0,28.365,3,OPEN,True,31.0506,2,False
DE002233,T0088,S029,CHARGING,validation,20,8,True,True,5730.8,8.644,5976.6,8.282,6359.0,13.334,5348.4,3.592,1.068,1.144,18.706,0.0,18.0,36.706,3,OPEN,True,47.2512,3,False
DE002233,T0088,S019,CHARGING,validation,20,8,True,True,6684.7,8.639,7344.7,9.013,6359.0,13.334,7670.4,4.318,1.068,1.144,19.537,0.0,18.0,37.537,6,OPEN,True,51.8573,4,False
DE002233,T0088,S013,CHARGING,validation,20,8,True,True,10109.0,11.022,11084.5,11.945,6359.0,13.334,14834.5,9.634,1.068,1.144,25.437,0.0,18.0,43.437,5,OPEN,True,73.765,5,False
DE002233,T0088,S007,CHARGING,validation,20,8,True,True,11090.7,11.863,11261.6,11.185,6359.0,13.334,15993.3,9.714,1.068,1.144,25.465,0.0,18.0,43.465,8,OPEN,True,75.7799,6,False
DE002233,T0088,S026,CHARGING,validation,20,8,True,True,10004.7,13.467,9964.1,13.538,6359.0,13.334,13609.8,13.671,1.068,1.144,29.87,0.0,18.0,47.87,8,OPEN,True,76.4078,7,False
DE002233,T0088,S017,CHARGING,validation,20,8,True,True,11502.1,14.946,11531.5,14.801,6359.0,13.334,16674.6,16.412,1.068,1.144,32.894,0.0,18.0,50.894,2,OPEN,True,87.6462,8,False
DE002236,T0088,S011,CHARGING,validation,20,8,True,True,3236.0,5.234,3362.0,5.24,5518.0,11.351,1080.0,0.0,1.066,1.144,11.574,0.0,18.0,29.574,5,OPEN,True,29.9842,1,True
DE002236,T0088,S010,CHARGING,validation,20,8,True,True,3747.5,4.214,4578.6,5.18,5518.0,11.351,2808.1,0.0,1.066,1.144,10.418,0.0,18.0,28.418,2,OPEN,True,33.3342,2,False
DE002236,T0088,S029,CHARGING,validation,20,8,True,True,5654.7,8.609,5976.6,8.282,5518.0,11.351,6113.3,5.541,1.066,1.144,18.652,0.0,18.0,36.652,3,OPEN,True,49.214,3,False
DE002236,T0088,S019,CHARGING,validation,20,8,True,True,6851.5,8.696,7344.7,9.013,5518.0,11.351,8678.2,6.358,1.066,1.144,19.581,0.0,18.0,37.581,7,OPEN,True,54.4267,4,False
DE002236,T0088,S013,CHARGING,validation,20,8,True,True,10208.5,11.08,11084.5,11.945,5518.0,11.351,15775.0,11.674,1.066,1.144,25.476,0.0,18.0,43.476,4,OPEN,True,76.545,5,False
DE002236,T0088,S026,CHARGING,validation,20,8,True,True,9928.6,13.433,9964.1,13.538,5518.0,11.351,14374.7,15.62,1.066,1.144,29.807,0.0,18.0,47.807,7,OPEN,True,78.361,6,False
DE002236,T0088,S007,CHARGING,validation,20,8,True,True,11350.3,11.92,11261.6,11.185,5518.0,11.351,17093.9,11.754,1.066,1.144,25.502,0.0,18.0,43.502,8,OPEN,True,78.5284,7,False
DE002236,T0088,S017,CHARGING,validation,20,8,True,True,11501.4,14.974,11531.5,14.801,5518.0,11.351,17514.9,18.424,1.066,1.144,32.894,0.0,18.0,50.894,4,OPEN,True,89.1298,8,False
DE002239,T0088,S011,CHARGING,validation,20,8,True,True,3397.2,5.482,3362.0,5.24,4691.0,9.382,2068.2,1.34,1.254,1.144,12.869,0.0,18.0,30.869,5,OPEN,True,33.59,1,True
DE002239,T0088,S010,CHARGING,validation,20,8,True,True,3788.6,4.221,4578.6,5.18,4691.0,9.382,3676.2,0.02,1.254,1.144,11.22,0.0,18.0,29.22,2,OPEN,True,35.8769,2,False
DE002239,T0088,S029,CHARGING,validation,20,8,True,True,5623.5,8.59,5976.6,8.282,4691.0,9.382,6909.1,7.49,1.254,1.144,20.246,0.0,18.0,38.246,3,OPEN,True,52.8866,3,False
DE002239,T0088,S019,CHARGING,validation,20,8,True,True,6892.5,8.703,7344.7,9.013,4691.0,9.382,9546.2,8.335,1.254,1.144,21.225,0.0,18.0,39.225,7,OPEN,True,58.3009,4,False
DE002239,T0088,S013,CHARGING,validation,20,8,True,True,10249.5,11.087,11084.5,11.945,4691.0,9.382,16643.0,13.651,1.254,1.144,27.569,0.0,18.0,45.569,4,OPEN,True,80.8673,5,False
DE002239,T0088,S007,CHARGING,validation,20,8,True,True,11392.2,11.927,11261.6,11.185,4691.0,9.382,17962.8,13.731,1.254,1.144,27.752,0.0,18.0,45.752,8,OPEN,True,83.0105,6,False
DE002239,T0088,S026,CHARGING,validation,20,8,True,True,9969.6,13.528,9964.1,13.538,4691.0,9.382,15242.7,17.685,1.254,1.144,32.452,0.0,18.0,50.452,7,OPEN,True,83.2585,7,False
DE002239,T0088,S017,CHARGING,validation,20,8,True,True,11542.4,14.981,11531.5,14.801,4691.0,9.382,18382.9,20.4,1.254,1.144,35.718,0.0,18.0,53.718,4,OPEN,True,94.1842,8,False
DE002242,T0088,S011,CHARGING,validation,20,8,True,True,2905.1,4.865,3362.0,5.24,3877.0,7.779,2390.1,2.326,1.101,1.144,11.351,0.0,18.0,29.351,5,OPEN,True,32.9622,1,True
DE002242,T0088,S010,CHARGING,validation,20,8,True,True,4146.7,4.673,4578.6,5.18,3877.0,7.779,4848.3,2.074,1.101,1.144,11.071,0.0,18.0,29.071,2,OPEN,True,38.5859,2,False
DE002242,T0088,S029,CHARGING,validation,20,8,True,True,5181.1,7.949,5976.6,8.282,3877.0,7.779,7280.7,8.451,1.101,1.144,18.226,0.0,18.0,36.226,3,OPEN,True,51.8501,3,False
DE002242,T0088,S019,CHARGING,validation,20,8,True,True,6762.1,9.035,7344.7,9.013,3877.0,7.779,10229.8,10.268,1.101,1.144,20.258,0.0,18.0,38.258,7,OPEN,True,59.1845,4,False
DE002242,T0088,S026,CHARGING,validation,20,8,True,True,9455.1,12.772,9964.1,13.538,3877.0,7.779,15542.2,18.531,1.101,1.144,29.549,0.0,18.0,47.549,7,OPEN,True,81.1661,5,False
DE002242,T0088,S013,CHARGING,validation,20,8,True,True,10607.6,11.539,11084.5,11.945,3877.0,7.779,17815.1,15.705,1.101,1.144,26.369,0.0,18.0,44.369,4,OPEN,True,82.5259,6,False
DE002242,T0088,S007,CHARGING,validation,20,8,True,True,10968.5,12.259,11261.6,11.185,3877.0,7.779,18353.1,15.664,1.101,1.144,26.292,0.0,18.0,44.292,8,OPEN,True,82.8143,7,False
DE002242,T0088,S017,CHARGING,validation,20,8,True,True,11767.5,15.341,11531.5,14.801,3877.0,7.779,19422.0,22.363,1.101,1.144,33.823,0.0,18.0,51.823,4,OPEN,True,94.8575,8,False
DE002245,T0088,S011,CHARGING,validation,20,8,True,True,3177.5,5.105,3362.0,5.24,3047.0,6.183,3492.5,4.162,1.005,1.144,11.125,0.0,18.0,29.125,5,OPEN,True,35.4003,1,True
DE002245,T0088,S010,CHARGING,validation,20,8,True,True,3874.2,4.346,4578.6,5.18,3047.0,6.183,5405.8,3.343,1.005,1.144,10.294,0.0,18.0,28.294,2,OPEN,True,39.2409,2,False
DE002245,T0088,S029,CHARGING,validation,20,8,True,True,5453.6,8.276,5976.6,8.282,3047.0,6.183,8383.2,10.374,1.005,1.144,17.791,0.0,18.0,35.791,3,OPEN,True,54.1014,3,False
DE002245,T0088,S019,CHARGING,validation,20,8,True,True,6913.8,8.828,7344.7,9.013,3047.0,6.183,11211.5,11.658,1.005,1.144,19.183,0.0,18.0,37.183,7,OPEN,True,60.4203,4,False
DE002245,T0088,S013,CHARGING,validation,20,8,True,True,10335.1,11.212,11084.5,11.945,3047.0,6.183,18372.6,16.974,1.005,1.144,24.933,0.0,18.0,42.933,4,OPEN,True,82.5217,5,False
DE002245,T0088,S026,CHARGING,validation,20,8,True,True,9727.6,13.099,9964.1,13.538,3047.0,6.183,16644.7,20.453,1.005,1.144,28.652,0.0,18.0,46.652,7,OPEN,True,82.9544,6,False
DE002245,T0088,S007,CHARGING,validation,20,8,True,True,11241.0,12.052,11261.6,11.185,3047.0,6.183,19455.6,17.053,1.005,1.144,24.908,0.0,18.0,42.908,8,OPEN,True,83.9821,7,False
DE002245,T0088,S017,CHARGING,validation,20,8,True,True,11689.6,15.135,11531.5,14.801,3047.0,6.183,20174.1,23.752,1.005,1.144,32.142,0.0,18.0,50.142,4,OPEN,True,95.0286,8,False
DE002248,T0088,S011,CHARGING,validation,20,8,True,True,3268.9,5.452,3362.0,5.24,2177.0,4.543,4453.9,6.149,1.126,1.144,12.134,0.0,18.0,30.134,5,OPEN,True,38.8291,1,True
DE002248,T0088,S010,CHARGING,validation,20,8,True,True,4725.9,5.57,4578.6,5.18,2177.0,4.543,7127.5,6.206,1.126,1.144,12.197,0.0,18.0,30.197,2,OPEN,True,45.304,2,False
DE002248,T0088,S029,CHARGING,validation,20,8,True,True,4617.1,7.227,5976.6,8.282,2177.0,4.543,8416.7,10.965,1.126,1.144,17.611,0.0,18.0,35.611,3,OPEN,True,54.1362,3,False
DE002248,T0088,S019,CHARGING,validation,20,8,True,True,7125.9,9.622,7344.7,9.013,2177.0,4.543,12293.6,14.092,1.126,1.144,21.146,0.0,18.0,39.146,7,OPEN,True,65.1557,4,False
DE002248,T0088,S026,CHARGING,validation,20,8,True,True,9323.0,12.635,9964.1,13.538,2177.0,4.543,17110.1,21.63,1.126,1.144,29.715,0.0,18.0,47.715,7,OPEN,True,85.2426,5,False
DE002248,T0088,S007,CHARGING,validation,20,8,True,True,10836.4,12.846,11261.6,11.185,2177.0,4.543,19921.0,19.488,1.126,1.144,27.26,0.0,18.0,45.26,8,OPEN,True,87.8743,6,False
DE002248,T0088,S013,CHARGING,validation,20,8,True,True,11186.9,12.435,11084.5,11.945,2177.0,4.543,20094.4,19.837,1.126,1.144,27.668,0.0,18.0,45.668,4,OPEN,True,89.4158,7,False
DE002248,T0088,S017,CHARGING,validation,20,8,True,True,12131.3,15.929,11531.5,14.801,2177.0,4.543,21485.8,26.186,1.126,1.144,34.868,0.0,18.0,52.868,4,OPEN,True,100.9864,8,False
DE002251,T0088,S011,CHARGING,validation,20,8,True,True,3267.3,5.284,3362.0,5.24,1343.0,2.793,5286.3,7.732,1.331,1.144,13.028,0.0,18.0,31.028,5,OPEN,True,41.7836,1,True
DE002251,T0088,S010,CHARGING,validation,20,8,True,True,3964.0,4.526,4578.6,5.18,1343.0,2.793,7199.6,6.913,1.331,1.144,11.949,0.0,18.0,29.949,2,OPEN,True,45.3768,2,False
DE002251,T0088,S029,CHARGING,validation,20,8,True,True,5381.5,8.351,5976.6,8.282,1343.0,2.793,10015.1,13.84,1.331,1.144,20.59,0.0,18.0,38.59,3,OPEN,True,61.0301,3,False
DE002251,T0088,S019,CHARGING,validation,20,8,True,True,7003.6,9.007,7344.7,9.013,1343.0,2.793,13005.3,15.228,1.331,1.144,22.3,0.0,18.0,40.3,7,OPEN,True,68.0173,4,False
DE002251,T0088,S013,CHARGING,validation,20,8,True,True,10424.9,11.391,11084.5,11.945,1343.0,2.793,20166.4,20.544,1.331,1.144,28.827,0.0,18.0,46.827,4,OPEN,True,90.8958,5,False
DE002251,T0088,S026,CHARGING,validation,20,8,True,True,9727.5,13.278,9964.1,13.538,1343.0,2.793,18348.6,24.023,1.331,1.144,33.161,0.0,18.0,51.161,7,OPEN,True,91.7639,6,False
DE002251,T0088,S007,CHARGING,validation,20,8,True,True,11241.0,12.231,11261.6,11.185,1343.0,2.793,21159.6,20.623,1.331,1.144,29.076,0.0,18.0,47.076,8,OPEN,True,92.4506,7,False
DE002251,T0088,S017,CHARGING,validation,20,8,True,True,11779.4,15.314,11531.5,14.801,1343.0,2.793,21967.9,27.322,1.331,1.144,37.315,0.0,18.0,55.315,4,OPEN,True,104.6817,8,False
DE002254,T0088,S011,CHARGING,validation,18,8,True,True,3248.4,5.247,3362.0,5.24,514.0,0.98,6096.4,9.507,1.088,1.143,11.698,0.0,18.0,29.698,6,OPEN,True,42.1671,1,True
DE002254,T0088,S010,CHARGING,validation,18,8,True,True,3945.1,4.488,4578.6,5.18,514.0,0.98,8009.7,8.688,1.088,1.143,10.803,0.0,18.0,28.803,3,OPEN,True,45.9447,2,False
DE002254,T0088,S029,CHARGING,validation,18,8,True,True,5400.4,8.389,5976.6,8.282,514.0,0.98,10863.0,15.691,1.088,1.143,18.593,0.0,18.0,36.593,3,OPEN,True,61.1921,3,False
DE002254,T0088,S019,CHARGING,validation,18,8,True,True,6984.7,8.97,7344.7,9.013,514.0,0.98,13815.4,17.003,1.088,1.143,20.061,0.0,18.0,38.061,7,OPEN,True,67.8422,4,False
DE002254,T0088,S013,CHARGING,validation,18,8,True,True,10406.0,11.353,11084.5,11.945,514.0,0.98,20976.5,22.319,1.088,1.143,26.006,0.0,18.0,44.006,4,OPEN,True,90.1387,5,False
DE002254,T0088,S026,CHARGING,validation,18,8,True,True,9746.5,13.24,9964.1,13.538,514.0,0.98,19196.6,25.798,1.088,1.143,29.879,0.0,18.0,47.879,6,OPEN,True,90.6223,6,False
DE002254,T0088,S007,CHARGING,validation,18,8,True,True,11259.9,12.194,11261.6,11.185,514.0,0.98,22007.5,22.398,1.088,1.143,26.051,0.0,18.0,44.051,8,OPEN,True,91.5656,7,False
DE002254,T0088,S017,CHARGING,validation,18,8,True,True,11760.5,15.277,11531.5,14.801,514.0,0.98,22778.0,29.097,1.088,1.143,33.538,0.0,18.0,51.538,2,OPEN,True,103.6683,8,False
DE002257,T0089,S012,BATTERY_SWAP,train,7,7,True,True,3337.5,4.539,3156.0,4.237,5555.0,13.622,938.5,0.0,1.0,1.144,9.387,0.0,6.0,15.387,2,OPEN,True,16.5639,1,True
DE002257,T0089,S024,BATTERY_SWAP,train,7,7,True,True,3973.4,5.438,3709.1,5.134,5555.0,13.622,2127.5,0.0,1.0,1.144,11.312,0.0,6.0,17.312,2,OPEN,True,20.8665,2,False
DE002257,T0089,S003,BATTERY_SWAP,train,7,7,True,True,4541.7,5.54,4263.7,5.618,5555.0,13.622,3250.4,0.0,1.0,1.144,11.967,0.0,6.0,17.967,6,OPEN,True,22.3678,3,False
DE002257,T0089,S021,BATTERY_SWAP,train,7,7,True,True,6554.7,7.257,6215.9,7.207,5555.0,13.622,7215.6,0.843,1.0,1.144,15.502,0.0,6.0,21.502,4,OPEN,True,34.7444,4,False
DE002257,T0089,S009,BATTERY_SWAP,train,7,7,True,True,9669.0,10.917,9664.7,10.906,5555.0,13.622,13778.7,8.201,1.0,1.144,23.393,0.0,6.0,29.393,5,OPEN,True,57.2504,5,False
DE002257,T0089,S005,BATTERY_SWAP,train,7,7,True,True,9814.6,11.381,9426.1,10.985,5555.0,13.622,13685.7,8.744,1.0,1.144,23.947,0.0,6.0,29.947,2,OPEN,True,58.8045,6,False
DE002257,T0089,S005,CHARGING,train,7,7,True,True,9814.6,11.381,9426.1,10.985,5555.0,13.622,13685.7,8.744,1.0,1.144,23.947,0.0,18.0,41.947,1,OPEN,True,71.1545,7,False
DE002261,T0089,S012,BATTERY_SWAP,train,5,5,True,True,3578.1,5.242,3156.0,4.237,4709.0,11.831,2025.1,0.0,1.027,1.144,10.231,0.0,6.0,16.231,2,OPEN,True,19.5814,1,True
DE002261,T0089,S024,BATTERY_SWAP,train,5,5,True,True,3498.6,4.911,3709.1,5.134,4709.0,11.831,2498.7,0.0,1.027,1.144,10.917,0.0,6.0,16.917,2,OPEN,True,21.2146,2,False
DE002261,T0089,S003,BATTERY_SWAP,train,5,5,True,True,4402.2,5.369,4263.7,5.618,4709.0,11.831,3956.9,0.0,1.027,1.144,11.94,0.0,6.0,17.94,6,OPEN,True,23.754,3,False
DE002261,T0089,S021,BATTERY_SWAP,train,5,5,True,True,6795.3,7.96,6215.9,7.207,4709.0,11.831,8302.2,3.337,1.027,1.144,16.42,0.0,6.0,22.42,4,OPEN,True,38.4587,4,False
DE002261,T0089,S009,BATTERY_SWAP,train,5,5,True,True,9361.7,10.455,9664.7,10.906,4709.0,11.831,14317.4,9.529,1.027,1.144,23.213,0.0,6.0,29.213,5,OPEN,True,58.4799,5,False
DE002265,T0089,S012,BATTERY_SWAP,train,4,4,True,True,3335.4,4.565,3156.0,4.237,3814.0,9.565,2677.4,0.0,1.087,1.144,9.81,0.0,6.0,15.81,2,OPEN,True,20.4648,1,True
DE002265,T0089,S024,BATTERY_SWAP,train,4,4,True,True,3910.4,5.464,3709.1,5.134,3814.0,9.565,3805.5,1.034,1.087,1.144,11.813,0.0,6.0,17.813,2,OPEN,True,24.9822,2,False
DE002265,T0089,S003,BATTERY_SWAP,train,4,4,True,True,4529.0,5.566,4263.7,5.618,3814.0,9.565,4978.7,1.62,1.087,1.144,12.477,0.0,6.0,18.477,6,OPEN,True,26.7395,3,False
DE002265,T0089,S021,BATTERY_SWAP,train,4,4,True,True,6552.7,7.283,6215.9,7.207,3814.0,9.565,8954.6,4.926,1.087,1.144,16.162,0.0,6.0,22.162,4,OPEN,True,39.9028,4,False
DE002269,T0089,S012,BATTERY_SWAP,train,4,4,True,True,3524.2,5.177,3156.0,4.237,3009.0,7.757,3671.2,1.658,1.218,1.143,11.149,0.0,6.0,17.149,3,OPEN,True,23.8561,1,True
DE002269,T0089,S024,BATTERY_SWAP,train,4,4,True,True,4018.4,5.444,3709.1,5.134,3009.0,7.757,4718.5,2.822,1.218,1.143,12.5,0.0,6.0,18.5,3,OPEN,True,27.5921,2,False
DE002269,T0089,S003,BATTERY_SWAP,train,4,4,True,True,4525.3,5.544,4263.7,5.618,3009.0,7.757,5780.0,3.405,1.218,1.143,13.174,0.0,6.0,19.174,7,OPEN,True,29.485,3,False
DE002269,T0089,S021,BATTERY_SWAP,train,4,4,True,True,6741.5,7.895,6215.9,7.207,3009.0,7.757,9948.4,7.345,1.218,1.143,17.854,0.0,6.0,23.854,5,OPEN,True,43.8376,4,False
DE002273,T0089,S012,BATTERY_SWAP,train,4,4,True,True,3588.0,5.369,3156.0,4.237,2623.0,6.472,4121.0,3.135,1.13,1.143,10.91,0.0,6.0,16.91,3,OPEN,True,24.8858,1,True
DE002273,T0089,S024,BATTERY_SWAP,train,4,4,True,True,4082.2,5.636,3709.1,5.134,2623.0,6.472,5168.3,4.299,1.13,1.143,12.237,0.0,6.0,18.237,3,OPEN,True,28.5983,2,False
DE002273,T0089,S003,BATTERY_SWAP,train,4,4,True,True,4589.2,5.736,4263.7,5.618,2623.0,6.472,6229.9,4.882,1.13,1.143,12.902,0.0,6.0,18.902,7,OPEN,True,30.4826,3,False
DE002273,T0089,S021,BATTERY_SWAP,train,4,4,True,True,6805.3,8.087,6215.9,7.207,2623.0,6.472,10398.2,8.823,1.13,1.143,17.376,0.0,6.0,23.376,5,OPEN,True,44.6281,4,False
DE002277,T0089,S012,BATTERY_SWAP,train,4,4,True,True,3380.2,4.945,3156.0,4.237,2150.0,5.176,4386.2,4.006,1.055,1.143,10.06,0.0,6.0,16.06,3,OPEN,True,24.7836,1,True
DE002277,T0089,S024,BATTERY_SWAP,train,4,4,True,True,3874.4,5.211,3709.1,5.134,2150.0,5.176,5433.5,5.17,1.055,1.143,11.367,0.0,6.0,17.367,3,OPEN,True,28.4761,2,False
DE002277,T0089,S003,BATTERY_SWAP,train,4,4,True,True,4381.3,5.311,4263.7,5.618,2150.0,5.176,6495.0,5.753,1.055,1.143,12.024,0.0,6.0,18.024,7,OPEN,True,30.3527,3,False
DE002277,T0089,S021,BATTERY_SWAP,train,4,4,True,True,6597.4,7.662,6215.9,7.207,2150.0,5.176,10663.3,9.694,1.055,1.143,16.322,0.0,6.0,22.322,5,OPEN,True,44.3218,4,False
DE002281,T0089,S012,BATTERY_SWAP,train,3,3,True,True,3440.1,5.034,3156.0,4.237,1357.0,3.351,5239.1,5.92,1.052,1.143,10.139,0.0,6.0,16.139,3,OPEN,True,27.0473,1,True
DE002281,T0089,S024,BATTERY_SWAP,train,3,3,True,True,3631.8,5.11,3709.1,5.134,1357.0,3.351,5983.9,6.893,1.052,1.143,11.244,0.0,6.0,17.244,3,OPEN,True,29.8849,2,False
DE002281,T0089,S003,BATTERY_SWAP,train,3,3,True,True,4273.4,5.3,4263.7,5.618,1357.0,3.351,7180.1,7.567,1.052,1.143,11.997,0.0,6.0,17.997,7,OPEN,True,32.1485,3,False
DE002285,T0089,S012,BATTERY_SWAP,train,3,3,True,True,3366.8,4.931,3156.0,4.237,541.0,1.227,5981.8,7.941,1.314,1.143,11.323,0.0,6.0,17.323,3,OPEN,True,30.2218,1,True
DE002285,T0089,S024,BATTERY_SWAP,train,3,3,True,True,3708.8,5.177,3709.1,5.134,541.0,1.227,6876.9,9.084,1.314,1.143,12.671,0.0,6.0,18.671,3,OPEN,True,33.6462,2,False
DE002285,T0089,S003,BATTERY_SWAP,train,3,3,True,True,4332.9,5.28,4263.7,5.618,541.0,1.227,8055.6,9.67,1.314,1.143,13.359,0.0,6.0,19.359,7,OPEN,True,35.7873,3,False
DE002313,T0091,S016,CHARGING,train,18,8,True,True,4523.3,5.569,5143.5,7.215,2606.0,6.794,7060.8,5.991,1.218,1.143,15.03,0.0,18.0,33.03,2,OPEN,True,47.9495,1,True
DE002313,T0091,S017,CHARGING,train,18,8,True,True,6211.4,7.921,7020.8,9.255,2606.0,6.794,10626.2,10.383,1.218,1.143,20.227,0.0,18.0,38.227,2,OPEN,True,61.3749,2,False
DE002313,T0091,S004,CHARGING,train,18,8,True,True,7008.7,7.204,7609.6,8.744,2606.0,6.794,12012.3,9.154,1.218,1.143,18.769,0.0,18.0,36.769,1,OPEN,True,62.7318,3,False
DE002313,T0091,S002,CHARGING,train,18,8,True,True,7558.2,7.942,7816.8,8.839,2606.0,6.794,12769.0,9.987,1.218,1.143,19.777,0.0,18.0,37.777,7,OPEN,True,63.7115,4,False
DE002313,T0091,S008,CHARGING,train,18,8,True,True,7947.5,9.334,6444.9,9.271,2606.0,6.794,11786.4,11.811,1.218,1.143,21.966,0.0,18.0,39.966,4,OPEN,True,65.0914,5,False
DE002313,T0091,S025,CHARGING,train,18,8,True,True,10929.2,11.625,10949.2,13.449,2606.0,6.794,19272.4,18.28,1.218,1.143,29.531,0.0,18.0,47.531,3,OPEN,True,89.5957,6,False
DE002313,T0091,S020,CHARGING,train,18,8,True,True,12944.0,15.574,12156.7,14.198,2606.0,6.794,22494.7,22.979,1.218,1.143,35.198,0.0,18.0,53.198,1,OPEN,True,103.5822,7,False
DE002313,T0091,S019,CHARGING,train,18,8,True,True,13437.7,15.701,14123.7,16.588,2606.0,6.794,24955.4,25.495,1.218,1.143,38.084,0.0,18.0,56.084,7,OPEN,True,110.2689,8,False
DE002316,T0091,S016,CHARGING,train,18,8,True,True,4634.0,5.685,5143.5,7.215,2264.0,6.178,7513.5,6.722,1.231,1.143,15.246,0.0,18.0,33.246,2,OPEN,True,49.2532,1,True
DE002316,T0091,S017,CHARGING,train,18,8,True,True,6134.3,7.829,7020.8,9.255,2264.0,6.178,10891.1,10.906,1.231,1.143,20.216,0.0,18.0,38.216,2,OPEN,True,62.0246,2,False
DE002316,T0091,S004,CHARGING,train,18,8,True,True,6931.6,7.111,7609.6,8.744,2264.0,6.178,12277.2,9.677,1.231,1.143,18.748,0.0,18.0,36.748,1,OPEN,True,63.3722,3,False
DE002316,T0091,S002,CHARGING,train,18,8,True,True,7481.1,7.85,7816.8,8.839,2264.0,6.178,13033.9,10.511,1.231,1.143,19.766,0.0,18.0,37.766,7,OPEN,True,64.3614,4,False
DE002316,T0091,S008,CHARGING,train,18,8,True,True,7820.3,9.242,6444.9,9.271,2264.0,6.178,12001.2,12.335,1.231,1.143,21.973,0.0,18.0,39.973,4,OPEN,True,65.6593,5,False
DE002316,T0091,S025,CHARGING,train,18,8,True,True,11039.9,11.741,10949.2,13.449,2264.0,6.178,19725.1,19.012,1.231,1.143,29.825,0.0,18.0,47.825,3,OPEN,True,90.9781,6,False
DE002316,T0091,S020,CHARGING,train,18,8,True,True,12931.4,15.482,12156.7,14.198,2264.0,6.178,22824.1,23.502,1.231,1.143,35.287,0.0,18.0,53.287,1,OPEN,True,104.4604,7,False
DE002316,T0091,S019,CHARGING,train,18,8,True,True,13548.5,15.817,14123.7,16.588,2264.0,6.178,25408.2,26.227,1.231,1.143,38.431,0.0,18.0,56.431,7,OPEN,True,111.7045,8,False
DE002319,T0091,S016,CHARGING,train,18,8,True,True,4935.2,6.13,5143.5,7.215,1906.0,5.564,8172.7,7.782,1.329,1.143,16.394,0.0,18.0,34.394,2,OPEN,True,51.985,1,True
DE002319,T0091,S017,CHARGING,train,18,8,True,True,6505.1,8.274,7020.8,9.255,1906.0,5.564,11619.9,11.965,1.329,1.143,21.574,0.0,18.0,39.574,2,OPEN,True,65.1057,2,False
DE002319,T0091,S004,CHARGING,train,18,8,True,True,7117.2,7.556,7609.6,8.744,1906.0,5.564,12820.8,10.737,1.329,1.143,20.037,0.0,18.0,38.037,1,OPEN,True,66.0125,3,False
DE002319,T0091,S008,CHARGING,train,18,8,True,True,7449.5,9.476,6444.9,9.271,1906.0,5.564,11988.4,13.183,1.329,1.143,23.19,0.0,18.0,41.19,4,OPEN,True,67.0629,4,False
DE002319,T0091,S002,CHARGING,train,18,8,True,True,7666.7,8.295,7816.8,8.839,1906.0,5.564,13577.5,11.57,1.329,1.143,21.127,0.0,18.0,39.127,7,OPEN,True,67.0742,5,False
DE002319,T0091,S025,CHARGING,train,18,8,True,True,10913.1,12.186,10949.2,13.449,1906.0,5.564,19956.3,20.071,1.329,1.143,31.567,0.0,18.0,49.567,3,OPEN,True,93.4474,6,False
DE002319,T0091,S020,CHARGING,train,18,8,True,True,12560.6,15.193,12156.7,14.198,1906.0,5.564,22811.3,23.828,1.329,1.143,36.421,0.0,18.0,54.421,1,OPEN,True,105.6503,7,False
DE002319,T0091,S019,CHARGING,train,18,8,True,True,13849.6,16.262,14123.7,16.588,1906.0,5.564,26067.3,27.287,1.329,1.143,40.573,0.0,18.0,58.573,7,OPEN,True,115.4291,8,False
DE002322,T0091,S016,CHARGING,train,18,8,True,True,5120.8,6.597,5143.5,7.215,1636.0,4.749,8628.3,9.063,1.012,1.143,14.923,0.0,18.0,32.923,2,OPEN,True,51.7457,1,True
DE002322,T0091,S017,CHARGING,train,18,8,True,True,6676.8,8.74,7020.8,9.255,1636.0,4.749,12061.6,13.247,1.012,1.143,19.424,0.0,18.0,37.424,2,OPEN,True,64.1591,2,False
DE002322,T0091,S004,CHARGING,train,18,8,True,True,7123.1,8.023,7609.6,8.744,1636.0,4.749,13096.7,12.018,1.012,1.143,18.114,0.0,18.0,36.114,1,OPEN,True,64.9618,3,False
DE002322,T0091,S008,CHARGING,train,18,8,True,True,7456.7,9.832,6444.9,9.271,1636.0,4.749,12265.6,14.354,1.012,1.143,20.547,0.0,18.0,38.547,4,OPEN,True,65.2664,4,False
DE002322,T0091,S002,CHARGING,train,18,8,True,True,7672.6,8.761,7816.8,8.839,1636.0,4.749,13853.4,12.852,1.012,1.143,18.97,0.0,18.0,36.97,7,OPEN,True,65.7894,5,False
DE002322,T0091,S025,CHARGING,train,18,8,True,True,11098.6,12.652,10949.2,13.449,1636.0,4.749,20411.8,21.353,1.012,1.143,28.177,0.0,18.0,46.177,3,OPEN,True,91.2883,6,False
DE002322,T0091,S020,CHARGING,train,18,8,True,True,12600.6,15.549,12156.7,14.198,1636.0,4.749,23121.3,24.999,1.012,1.143,31.965,0.0,18.0,49.965,1,OPEN,True,102.1071,7,False
DE002322,T0091,S019,CHARGING,train,18,8,True,True,14035.2,16.729,14123.7,16.588,1636.0,4.749,26522.9,28.568,1.012,1.143,35.89,0.0,18.0,53.89,7,OPEN,True,111.9779,8,False
DE002325,T0091,S016,CHARGING,train,18,8,True,True,5200.9,6.636,5143.5,7.215,1361.0,3.831,8983.4,10.02,1.001,1.143,14.89,0.0,18.0,32.89,2,OPEN,True,52.6616,1,True
DE002325,T0091,S017,CHARGING,train,18,8,True,True,6770.8,8.779,7020.8,9.255,1361.0,3.831,12430.6,14.204,1.001,1.143,19.367,0.0,18.0,37.367,2,OPEN,True,65.0792,2,False
DE002325,T0091,S008,CHARGING,train,18,8,True,True,7391.6,9.594,6444.9,9.271,1361.0,3.831,12475.5,15.034,1.001,1.143,20.2,0.0,18.0,38.2,4,OPEN,True,65.5092,3,False
DE002325,T0091,S004,CHARGING,train,18,8,True,True,7164.2,8.062,7609.6,8.744,1361.0,3.831,13412.8,12.975,1.001,1.143,18.065,0.0,18.0,36.065,1,OPEN,True,65.7839,4,False
DE002325,T0091,S002,CHARGING,train,18,8,True,True,7713.7,8.8,7816.8,8.839,1361.0,3.831,14169.5,13.809,1.001,1.143,18.912,0.0,18.0,36.912,7,OPEN,True,66.6035,5,False
DE002325,T0091,S025,CHARGING,train,18,8,True,True,11178.7,12.691,10949.2,13.449,1361.0,3.831,20766.9,22.31,1.001,1.143,28.076,0.0,18.0,46.076,3,OPEN,True,92.1376,6,False
DE002325,T0091,S020,CHARGING,train,18,8,True,True,12502.7,15.311,12156.7,14.198,1361.0,3.831,23298.4,25.678,1.001,1.143,31.555,0.0,18.0,49.555,1,OPEN,True,102.2214,7,False
DE002325,T0091,S019,CHARGING,train,18,8,True,True,14115.3,16.768,14123.7,16.588,1361.0,3.831,26878.0,29.525,1.001,1.143,35.745,0.0,18.0,53.745,7,OPEN,True,112.7824,8,False
DE002328,T0091,S022,CHARGING,train,20,8,True,True,3511.5,4.723,4161.9,6.174,1001.0,2.879,6672.4,8.018,1.008,1.143,11.817,0.0,18.0,29.817,4,OPEN,True,43.7664,1,True
DE002328,T0091,S016,CHARGING,train,20,8,True,True,5248.7,6.506,5143.5,7.215,1001.0,2.879,9391.2,10.843,1.008,1.143,14.806,0.0,18.0,32.806,1,OPEN,True,53.9486,2,False
DE002328,T0091,S017,CHARGING,train,20,8,True,True,6818.6,8.65,7020.8,9.255,1001.0,2.879,12838.4,15.026,1.008,1.143,19.298,0.0,18.0,37.298,4,OPEN,True,65.3312,3,False
DE002328,T0091,S008,CHARGING,train,20,8,True,True,7136.0,9.1,6444.9,9.271,1001.0,2.879,12579.9,15.492,1.008,1.143,19.769,0.0,18.0,37.769,4,OPEN,True,65.4019,4,False
DE002328,T0091,S004,CHARGING,train,20,8,True,True,7287.6,7.933,7609.6,8.744,1001.0,2.879,13896.2,13.797,1.008,1.143,17.99,0.0,18.0,35.99,2,OPEN,True,66.5321,5,False
DE002328,T0091,S002,CHARGING,train,20,8,True,True,7837.1,8.671,7816.8,8.839,1001.0,2.879,14652.9,14.631,1.008,1.143,18.843,0.0,18.0,36.843,7,OPEN,True,67.7068,6,False
DE002328,T0091,S025,CHARGING,train,20,8,True,True,10946.8,12.562,10949.2,13.449,1001.0,2.879,20895.0,23.132,1.008,1.143,28.035,0.0,18.0,46.035,3,OPEN,True,92.5575,7,False
DE002328,T0091,S020,CHARGING,train,20,8,True,True,12247.1,14.817,12156.7,14.198,1001.0,2.879,23402.8,26.136,1.008,1.143,31.164,0.0,18.0,49.164,2,OPEN,True,101.8042,8,False
DE002331,T0091,S022,CHARGING,train,20,8,True,True,3527.9,4.742,4161.9,6.174,608.0,1.593,7081.8,9.323,1.075,1.143,12.155,0.0,18.0,30.155,4,OPEN,True,45.2492,1,True
DE002331,T0091,S016,CHARGING,train,20,8,True,True,5265.1,6.526,5143.5,7.215,608.0,1.593,9800.6,12.148,1.075,1.143,15.263,0.0,18.0,33.263,1,OPEN,True,55.5508,2,False
DE002331,T0091,S008,CHARGING,train,20,8,True,True,7119.6,9.08,6444.9,9.271,608.0,1.593,12956.5,16.758,1.075,1.143,20.358,0.0,18.0,38.358,4,OPEN,True,67.0603,3,False
DE002331,T0091,S017,CHARGING,train,20,8,True,True,6835.0,8.67,7020.8,9.255,608.0,1.593,13247.8,16.332,1.075,1.143,19.898,0.0,18.0,37.898,4,OPEN,True,67.0771,4,False
DE002331,T0091,S004,CHARGING,train,20,8,True,True,7304.0,7.952,7609.6,8.744,608.0,1.593,14305.6,15.103,1.075,1.143,18.543,0.0,18.0,36.543,2,OPEN,True,68.2299,5,False
DE002331,T0091,S002,CHARGING,train,20,8,True,True,7853.5,8.69,7816.8,8.839,608.0,1.593,15062.3,15.936,1.075,1.143,19.445,0.0,18.0,37.445,7,OPEN,True,69.454,6,False
DE002331,T0091,S025,CHARGING,train,20,8,True,True,10930.4,12.582,10949.2,13.449,608.0,1.593,21271.6,24.437,1.075,1.143,28.897,0.0,18.0,46.897,3,OPEN,True,94.4999,7,False
DE002331,T0091,S020,CHARGING,train,20,8,True,True,12230.7,14.798,12156.7,14.198,608.0,1.593,23779.4,27.403,1.075,1.143,32.136,0.0,18.0,50.136,2,OPEN,True,103.8455,8,False
DE002334,T0091,S022,CHARGING,train,20,8,True,True,3819.6,5.277,4161.9,6.174,224.0,0.664,7757.5,10.787,1.172,1.143,13.241,0.0,18.0,31.241,4,OPEN,True,48.0527,1,True
DE002334,T0091,S016,CHARGING,train,20,8,True,True,5556.8,7.06,5143.5,7.215,224.0,0.664,10476.3,13.612,1.172,1.143,16.522,0.0,18.0,34.522,1,OPEN,True,58.5274,2,False
DE002334,T0091,S008,CHARGING,train,20,8,True,True,6995.6,9.097,6444.9,9.271,224.0,0.664,13216.5,17.703,1.172,1.143,21.258,0.0,18.0,39.258,4,OPEN,True,68.7167,3,False
DE002334,T0091,S017,CHARGING,train,20,8,True,True,7142.6,9.204,7020.8,9.255,224.0,0.664,13939.4,17.795,1.172,1.143,21.366,0.0,18.0,39.366,4,OPEN,True,70.2933,4,False
DE002334,T0091,S004,CHARGING,train,20,8,True,True,7504.3,8.487,7609.6,8.744,224.0,0.664,14889.9,16.566,1.172,1.143,19.941,0.0,18.0,37.941,2,OPEN,True,71.162,5,False
DE002334,T0091,S002,CHARGING,train,20,8,True,True,8053.8,9.225,7816.8,8.839,224.0,0.664,15646.6,17.4,1.172,1.143,20.915,0.0,18.0,38.915,7,OPEN,True,72.4577,6,False
DE002334,T0091,S025,CHARGING,train,20,8,True,True,10806.4,13.116,10949.2,13.449,224.0,0.664,21531.6,25.901,1.172,1.143,30.744,0.0,18.0,48.744,3,OPEN,True,97.2324,7,False
DE002334,T0091,S020,CHARGING,train,20,8,True,True,12106.7,14.814,12156.7,14.198,224.0,0.664,24039.4,28.348,1.172,1.143,33.591,0.0,18.0,51.591,2,OPEN,True,106.0565,8,False
DE002337,T0092,S008,CHARGING,train,20,8,True,True,4507.0,6.047,3974.3,5.375,6468.0,15.916,2013.3,0.0,1.159,1.143,13.153,0.0,18.0,31.153,4,OPEN,True,33.7793,1,True
DE002337,T0092,S022,CHARGING,train,20,8,True,True,7228.6,8.614,7105.1,8.749,6468.0,15.916,7865.7,1.447,1.159,1.143,19.984,0.0,18.0,37.984,4,OPEN,True,52.6776,2,False
DE002337,T0092,S002,CHARGING,train,20,8,True,True,8330.9,9.513,7728.4,8.751,6468.0,15.916,9591.3,2.347,1.159,1.143,21.027,0.0,18.0,39.027,7,OPEN,True,56.6968,3,False
DE002337,T0092,S004,CHARGING,train,20,8,True,True,8495.6,8.775,7984.6,8.656,6468.0,15.916,10012.2,1.514,1.159,1.143,20.063,0.0,18.0,38.063,2,OPEN,True,57.7658,4,False
DE002337,T0092,S017,CHARGING,train,20,8,True,True,8881.6,9.492,8160.0,9.167,6468.0,15.916,10573.6,2.742,1.159,1.143,21.479,0.0,18.0,39.479,4,OPEN,True,59.9116,5,False
DE002337,T0092,S016,CHARGING,train,20,8,True,True,8511.3,10.398,7490.4,9.788,6468.0,15.916,9533.7,4.27,1.159,1.143,23.239,0.0,18.0,41.239,1,OPEN,True,61.0238,6,False
DE002337,T0092,S020,CHARGING,train,20,8,True,True,10386.1,10.991,10352.6,9.917,6468.0,15.916,14270.7,4.991,1.159,1.143,24.073,0.0,18.0,42.073,2,OPEN,True,71.1617,7,False
DE002337,T0092,S025,CHARGING,train,20,8,True,True,12558.9,14.581,12210.2,13.882,6468.0,15.916,18301.1,12.547,1.159,1.143,32.767,0.0,18.0,50.767,3,OPEN,True,89.4559,8,False
DE002340,T0092,S008,CHARGING,train,20,8,True,True,4414.6,5.821,3974.3,5.375,5762.0,14.431,2626.9,0.0,1.116,1.143,12.64,0.0,18.0,30.64,4,OPEN,True,34.4939,1,True
DE002340,T0092,S022,CHARGING,train,20,8,True,True,7053.6,8.388,7105.1,8.749,5762.0,14.431,8396.7,2.707,1.116,1.143,19.361,0.0,18.0,37.361,4,OPEN,True,53.4315,2,False
DE002340,T0092,S002,CHARGING,train,20,8,True,True,8155.9,9.286,7728.4,8.751,5762.0,14.431,10122.3,3.606,1.116,1.143,20.366,0.0,18.0,38.366,7,OPEN,True,57.4121,3,False
DE002340,T0092,S004,CHARGING,train,20,8,True,True,8320.6,8.548,7984.6,8.656,5762.0,14.431,10543.2,2.773,1.116,1.143,19.433,0.0,18.0,37.433,2,OPEN,True,58.5128,4,False
DE002340,T0092,S017,CHARGING,train,20,8,True,True,8706.5,9.265,8160.0,9.167,5762.0,14.431,11104.5,4.002,1.116,1.143,20.818,0.0,18.0,38.818,4,OPEN,True,60.6275,5,False
DE002340,T0092,S016,CHARGING,train,20,8,True,True,8336.2,10.172,7490.4,9.788,5762.0,14.431,10064.6,5.529,1.116,1.143,22.539,0.0,18.0,40.539,1,OPEN,True,61.7008,6,False
DE002340,T0092,S020,CHARGING,train,20,8,True,True,10380.6,10.764,10352.6,9.917,5762.0,14.431,14971.2,6.25,1.116,1.143,23.348,0.0,18.0,41.348,2,OPEN,True,72.1524,7,False
DE002340,T0092,S025,CHARGING,train,20,8,True,True,12383.8,14.355,12210.2,13.882,5762.0,14.431,18832.0,13.806,1.116,1.143,31.887,0.0,18.0,49.887,3,OPEN,True,89.953,8,False
DE002343,T0092,S008,CHARGING,train,20,8,True,True,4416.8,5.701,3974.3,5.375,4814.0,12.08,3577.1,0.0,1.225,1.143,13.128,0.0,18.0,31.128,4,OPEN,True,36.8824,1,True
DE002343,T0092,S022,CHARGING,train,20,8,True,True,7055.7,8.268,7105.1,8.749,4814.0,12.08,9346.8,4.938,1.225,1.143,20.129,0.0,18.0,38.129,4,OPEN,True,56.6574,2,False
DE002343,T0092,S002,CHARGING,train,20,8,True,True,8158.0,9.167,7728.4,8.751,4814.0,12.08,11072.4,5.838,1.225,1.143,21.232,0.0,18.0,39.232,7,OPEN,True,60.736,3,False
DE002343,T0092,S004,CHARGING,train,20,8,True,True,8322.7,8.429,7984.6,8.656,4814.0,12.08,11493.3,5.005,1.225,1.143,20.219,0.0,18.0,38.219,2,OPEN,True,61.7563,4,False
DE002343,T0092,S017,CHARGING,train,20,8,True,True,8708.7,9.146,8160.0,9.167,4814.0,12.08,12054.7,6.233,1.225,1.143,21.682,0.0,18.0,39.682,4,OPEN,True,63.9493,5,False
DE002343,T0092,S016,CHARGING,train,20,8,True,True,8338.4,10.052,7490.4,9.788,4814.0,12.08,11014.8,7.761,1.225,1.143,23.502,0.0,18.0,41.502,1,OPEN,True,65.1214,6,False
DE002343,T0092,S020,CHARGING,train,20,8,True,True,10382.7,10.645,10352.6,9.917,4814.0,12.08,15921.3,8.482,1.225,1.143,24.374,0.0,18.0,42.374,2,OPEN,True,75.6374,7,False
DE002343,T0092,S025,CHARGING,train,20,8,True,True,12386.0,14.235,12210.2,13.882,4814.0,12.08,19782.2,16.038,1.225,1.143,33.306,0.0,18.0,51.306,3,OPEN,True,93.8296,8,False
DE002346,T0092,S008,CHARGING,train,20,8,True,True,4398.5,5.757,3974.3,5.375,3879.0,9.911,4493.8,1.221,1.162,1.143,12.833,0.0,18.0,30.833,4,OPEN,True,38.7262,1,True
DE002346,T0092,S022,CHARGING,train,20,8,True,True,6955.0,8.324,7105.1,8.749,3879.0,9.911,10181.1,7.162,1.162,1.143,19.673,0.0,18.0,37.673,4,OPEN,True,58.4255,2,False
DE002346,T0092,S002,CHARGING,train,20,8,True,True,8139.8,9.222,7728.4,8.751,3879.0,9.911,11989.2,8.062,1.162,1.143,20.719,0.0,18.0,38.719,7,OPEN,True,62.6125,3,False
DE002346,T0092,S004,CHARGING,train,20,8,True,True,8222.0,8.484,7984.6,8.656,3879.0,9.911,12327.6,7.228,1.162,1.143,19.752,0.0,18.0,37.752,2,OPEN,True,63.5143,4,False
DE002346,T0092,S017,CHARGING,train,20,8,True,True,8608.0,9.201,8160.0,9.167,3879.0,9.911,12889.0,8.457,1.162,1.143,21.17,0.0,18.0,39.17,4,OPEN,True,65.6622,5,False
DE002346,T0092,S016,CHARGING,train,20,8,True,True,8237.7,10.108,7490.4,9.788,3879.0,9.911,11849.1,9.984,1.162,1.143,22.933,0.0,18.0,40.933,1,OPEN,True,66.7771,6,False
DE002346,T0092,S020,CHARGING,train,20,8,True,True,10655.7,11.022,10352.6,9.917,3879.0,9.911,17129.3,11.027,1.162,1.143,24.142,0.0,18.0,42.142,2,OPEN,True,78.4573,7,False
DE002346,T0092,S025,CHARGING,train,20,8,True,True,12285.3,14.291,12210.2,13.882,3879.0,9.911,20616.5,18.262,1.162,1.143,32.473,0.0,18.0,50.473,3,OPEN,True,95.2218,8,False
DE002349,T0092,S008,CHARGING,train,20,8,True,True,4398.5,5.757,3974.3,5.375,2983.0,7.539,5389.8,3.593,1.062,1.143,12.258,0.0,18.0,30.258,3,OPEN,True,40.8855,1,True
DE002349,T0092,S022,CHARGING,train,20,8,True,True,6955.0,8.324,7105.1,8.749,2983.0,7.539,11077.1,9.534,1.062,1.143,18.841,0.0,18.0,36.841,4,OPEN,True,59.9782,2,False
DE002349,T0092,S002,CHARGING,train,20,8,True,True,8139.8,9.222,7728.4,8.751,2983.0,7.539,12885.2,10.434,1.062,1.143,19.796,0.0,18.0,37.796,6,OPEN,True,64.0752,3,False
DE002349,T0092,S004,CHARGING,train,20,8,True,True,8222.0,8.484,7984.6,8.656,2983.0,7.539,13223.6,9.6,1.062,1.143,18.904,0.0,18.0,36.904,2,OPEN,True,65.0509,4,False
DE002349,T0092,S016,CHARGING,train,20,8,True,True,8237.7,10.108,7490.4,9.788,2983.0,7.539,12745.1,12.356,1.062,1.143,21.922,0.0,18.0,39.922,2,OPEN,True,67.8013,5,False
DE002349,T0092,S017,CHARGING,train,20,8,True,True,8608.0,9.201,8160.0,9.167,2983.0,7.539,13785.0,10.829,1.062,1.143,20.25,0.0,18.0,38.25,2,OPEN,True,67.827,6,False
DE002349,T0092,S020,CHARGING,train,20,8,True,True,10655.7,11.022,10352.6,9.917,2983.0,7.539,18025.3,13.399,1.062,1.143,23.04,0.0,18.0,41.04,2,OPEN,True,79.7401,7,False
DE002349,T0092,S025,CHARGING,train,20,8,True,True,12285.3,14.291,12210.2,13.882,2983.0,7.539,21512.5,20.634,1.062,1.143,31.044,0.0,18.0,49.044,2,OPEN,True,96.5277,8,False
DE002352,T0092,S008,CHARGING,train,20,8,True,True,4477.1,5.946,3974.3,5.375,2264.0,5.823,6187.4,5.498,1.199,1.143,13.273,0.0,18.0,31.273,3,OPEN,True,43.9725,1,True
DE002352,T0092,S022,CHARGING,train,20,8,True,True,7116.1,8.513,7105.1,8.749,2264.0,5.823,11957.2,11.439,1.199,1.143,20.208,0.0,18.0,38.208,4,OPEN,True,63.5818,2,False
DE002352,T0092,S002,CHARGING,train,20,8,True,True,8218.4,9.411,7728.4,8.751,2264.0,5.823,13682.8,12.339,1.199,1.143,21.286,0.0,18.0,39.286,6,OPEN,True,67.6369,3,False
DE002352,T0092,S004,CHARGING,train,20,8,True,True,8383.1,8.673,7984.6,8.656,2264.0,5.823,14103.7,11.506,1.199,1.143,20.293,0.0,18.0,38.293,2,OPEN,True,68.6764,4,False
DE002352,T0092,S017,CHARGING,train,20,8,True,True,8769.0,9.39,8160.0,9.167,2264.0,5.823,14665.0,12.735,1.199,1.143,21.737,0.0,18.0,39.737,2,OPEN,True,71.5507,5,False
DE002352,T0092,S016,CHARGING,train,20,8,True,True,8398.7,10.297,7490.4,9.788,2264.0,5.823,13625.1,14.262,1.199,1.143,23.533,0.0,18.0,41.533,2,OPEN,True,71.6491,6,False
DE002352,T0092,S020,CHARGING,train,20,8,True,True,10443.1,10.889,10352.6,9.917,2264.0,5.823,18531.7,14.983,1.199,1.143,24.391,0.0,18.0,42.391,2,OPEN,True,82.5,7,False
DE002352,T0092,S025,CHARGING,train,20,8,True,True,12446.3,14.48,12210.2,13.882,2264.0,5.823,22392.5,22.539,1.199,1.143,33.229,0.0,18.0,51.229,2,OPEN,True,100.9486,8,False
DE002355,T0092,S008,CHARGING,train,20,8,True,True,4200.8,5.437,3974.3,5.375,1289.0,3.05,6886.1,7.762,1.115,1.143,12.206,0.0,18.0,30.206,3,OPEN,True,44.8684,1,True
DE002355,T0092,S022,CHARGING,train,20,8,True,True,6747.5,8.004,7105.1,8.749,1289.0,3.05,12563.6,13.703,1.115,1.143,18.925,0.0,18.0,36.925,4,OPEN,True,64.0775,2,False
DE002355,T0092,S002,CHARGING,train,20,8,True,True,7942.1,8.902,7728.4,8.751,1289.0,3.05,14381.5,14.603,1.115,1.143,19.928,0.0,18.0,37.928,6,OPEN,True,68.2418,3,False
DE002355,T0092,S004,CHARGING,train,20,8,True,True,8014.5,8.164,7984.6,8.656,1289.0,3.05,14710.1,13.769,1.115,1.143,18.996,0.0,18.0,36.996,2,OPEN,True,69.1587,4,False
DE002355,T0092,S017,CHARGING,train,20,8,True,True,8400.4,8.881,8160.0,9.167,1289.0,3.05,15271.4,14.998,1.115,1.143,20.38,0.0,18.0,38.38,2,OPEN,True,71.9727,5,False
DE002355,T0092,S016,CHARGING,train,20,8,True,True,8030.2,9.787,7490.4,9.788,1289.0,3.05,14231.6,16.525,1.115,1.143,22.101,0.0,18.0,40.101,2,OPEN,True,71.9952,6,False
DE002355,T0092,S020,CHARGING,train,20,8,True,True,10474.5,10.724,10352.6,9.917,1289.0,3.05,19538.1,17.59,1.115,1.143,23.292,0.0,18.0,41.292,2,OPEN,True,84.0658,7,False
DE002355,T0092,S025,CHARGING,train,20,8,True,True,12077.8,13.971,12210.2,13.882,1289.0,3.05,22999.0,24.803,1.115,1.143,31.445,0.0,18.0,49.445,2,OPEN,True,100.9433,8,False
DE002358,T0092,S008,CHARGING,train,20,8,True,True,4009.1,5.499,3974.3,5.375,459.0,1.036,7524.4,9.839,1.212,1.143,12.809,0.0,18.0,30.809,3,OPEN,True,47.2673,1,True
DE002358,T0092,S022,CHARGING,train,20,8,True,True,7006.5,8.489,7105.1,8.749,459.0,1.036,13652.6,16.203,1.212,1.143,20.29,0.0,18.0,38.29,4,OPEN,True,68.2457,2,False
DE002358,T0092,S002,CHARGING,train,20,8,True,True,7750.3,9.388,7728.4,8.751,459.0,1.036,15019.7,17.103,1.212,1.143,21.38,0.0,18.0,39.38,6,OPEN,True,71.5956,3,False
DE002358,T0092,S004,CHARGING,train,20,8,True,True,8129.1,8.65,7984.6,8.656,459.0,1.036,15654.7,16.27,1.212,1.143,20.377,0.0,18.0,38.377,2,OPEN,True,73.0537,4,False
DE002358,T0092,S017,CHARGING,train,20,8,True,True,8659.4,9.367,8160.0,9.167,459.0,1.036,16360.4,17.498,1.212,1.143,21.831,0.0,18.0,39.831,2,OPEN,True,76.226,5,False
DE002358,T0092,S016,CHARGING,train,20,8,True,True,8289.2,10.273,7490.4,9.788,459.0,1.036,15320.6,19.025,1.212,1.143,23.639,0.0,18.0,41.639,2,OPEN,True,76.3365,6,False
DE002358,T0092,S020,CHARGING,train,20,8,True,True,10609.7,11.164,10352.6,9.917,459.0,1.036,20503.3,20.044,1.212,1.143,24.865,0.0,18.0,42.865,2,OPEN,True,88.1827,7,False
DE002358,T0092,S025,CHARGING,train,20,8,True,True,12336.8,14.456,12210.2,13.882,459.0,1.036,24088.0,27.303,1.212,1.143,33.389,0.0,18.0,51.389,2,OPEN,True,105.6903,8,False
DE002361,T0093,S010,CHARGING,test,2,2,True,True,6161.9,6.531,5955.2,6.931,5475.0,14.364,6642.1,0.0,1.026,1.143,14.623,0.0,18.0,32.623,2,OPEN,True,45.2074,1,True
DE002361,T0093,S005,CHARGING,test,2,2,True,True,9072.6,10.644,8829.7,10.491,5475.0,14.364,12427.3,6.771,1.026,1.143,22.911,0.0,18.0,40.911,2,OPEN,True,66.7586,2,False
DE002364,T0093,S010,CHARGING,test,2,2,True,True,6111.3,6.386,5955.2,6.931,4730.0,11.908,7336.5,1.409,1.057,1.143,14.672,0.0,18.0,32.672,1,OPEN,True,47.3475,1,True
DE002364,T0093,S005,CHARGING,test,2,2,True,True,9150.1,10.789,8829.7,10.491,4730.0,11.908,13249.8,9.371,1.057,1.143,23.394,0.0,18.0,41.394,2,OPEN,True,69.5366,2,False
DE002367,T0093,S010,CHARGING,test,2,2,True,True,5932.6,6.17,5955.2,6.931,3989.0,10.147,7898.8,2.954,1.146,1.143,14.993,0.0,18.0,32.993,1,OPEN,True,49.179,1,True
DE002367,T0093,S005,CHARGING,test,2,2,True,True,9111.6,10.793,8829.7,10.491,3989.0,10.147,13952.3,11.137,1.146,1.143,24.36,0.0,18.0,42.36,2,OPEN,True,72.3487,2,False
DE002370,T0093,S010,CHARGING,test,2,2,True,True,5892.0,6.324,5955.2,6.931,3236.0,7.862,8611.2,5.393,1.103,1.143,14.897,0.0,18.0,32.897,1,OPEN,True,51.1181,1,True
DE002370,T0093,S005,CHARGING,test,2,2,True,True,9368.5,11.153,8829.7,10.491,3236.0,7.862,14962.2,13.781,1.103,1.143,24.292,0.0,18.0,42.292,2,OPEN,True,74.9618,2,False
DE002373,T0093,S010,CHARGING,test,1,1,False,True,6028.6,6.271,5955.2,6.931,2584.0,6.065,9399.8,7.137,1.179,1.143,15.315,0.0,18.0,33.315,1,OPEN,True,53.5493,1,True
DE002376,T0093,S010,CHARGING,test,1,1,False,True,5884.9,6.225,5955.2,6.931,1867.0,4.393,9973.1,8.763,1.066,1.143,14.558,0.0,18.0,32.558,1,OPEN,True,54.3455,1,True
DE002379,T0093,S010,CHARGING,test,1,1,False,True,6054.0,6.564,5955.2,6.931,1150.0,2.674,10859.2,10.821,1.097,1.143,15.122,0.0,18.0,33.122,1,OPEN,True,57.1962,1,True
DE002382,T0093,S010,CHARGING,test,1,1,False,True,6153.3,6.531,5955.2,6.931,452.0,1.085,11656.5,12.378,1.082,1.143,14.989,0.0,18.0,32.989,1,OPEN,True,59.0466,1,True
DE002385,T0094,S029,CHARGING,train,20,8,True,True,7959.6,12.282,7944.0,12.941,6840.0,20.158,9063.6,5.065,1.279,1.143,30.5,0.0,18.0,48.5,3,OPEN,True,66.844,1,True
DE002385,T0094,S011,CHARGING,train,20,8,True,True,13736.5,17.986,13325.5,17.643,6840.0,20.158,20222.0,15.472,1.279,1.143,43.171,0.0,18.0,61.171,6,OPEN,True,103.3825,2,False
DE002385,T0094,S010,CHARGING,train,20,8,True,True,13900.8,17.617,13864.1,18.124,6840.0,20.158,20924.9,15.583,1.279,1.143,43.247,0.0,18.0,61.247,1,OPEN,True,106.6429,3,False
DE002385,T0094,S007,CHARGING,train,20,8,True,True,16589.7,16.684,14909.9,15.342,6840.0,20.158,24659.6,11.868,1.279,1.143,38.874,0.0,18.0,56.874,8,OPEN,True,107.0607,4,False
DE002385,T0094,S026,CHARGING,train,20,8,True,True,15551.1,16.554,16644.4,17.807,6840.0,20.158,25355.5,14.203,1.279,1.143,41.526,0.0,18.0,59.526,6,OPEN,True,111.6883,5,False
DE002385,T0094,S019,CHARGING,train,20,8,True,True,17593.5,19.196,17588.5,20.052,6840.0,20.158,28342.0,19.091,1.279,1.143,47.472,0.0,18.0,65.472,9,OPEN,True,124.8284,6,False
DE002385,T0094,S013,CHARGING,train,20,8,True,True,19476.8,24.79,19418.3,25.111,6840.0,20.158,32055.1,29.743,1.279,1.143,60.408,0.0,18.0,78.408,6,OPEN,True,147.8541,7,False
DE002385,T0094,S017,CHARGING,train,20,8,True,True,22598.9,26.242,22856.8,27.09,6840.0,20.158,38615.7,33.174,1.279,1.143,64.527,0.0,18.0,82.527,2,OPEN,True,167.3519,8,False
DE002388,T0094,S029,CHARGING,train,20,8,True,True,7902.7,12.398,7944.0,12.941,5964.0,17.395,9882.7,7.944,1.191,1.143,29.558,0.0,18.0,47.558,3,OPEN,True,68.2594,1,True
DE002388,T0094,S011,CHARGING,train,20,8,True,True,13679.7,18.103,13325.5,17.643,5964.0,17.395,21041.2,18.35,1.191,1.143,41.726,0.0,18.0,59.726,6,OPEN,True,104.2961,2,False
DE002388,T0094,S010,CHARGING,train,20,8,True,True,13844.0,17.733,13864.1,18.124,5964.0,17.395,21744.1,18.461,1.191,1.143,41.835,0.0,18.0,59.835,1,OPEN,True,107.589,3,False
DE002388,T0094,S007,CHARGING,train,20,8,True,True,16532.8,16.8,14909.9,15.342,5964.0,17.395,25478.7,14.747,1.191,1.143,37.545,0.0,18.0,55.545,8,OPEN,True,108.0886,4,False
DE002388,T0094,S026,CHARGING,train,20,8,True,True,15494.3,16.67,16644.4,17.807,5964.0,17.395,26174.7,17.082,1.191,1.143,40.208,0.0,18.0,58.208,6,OPEN,True,112.7279,5,False
DE002388,T0094,S019,CHARGING,train,20,8,True,True,17536.7,19.312,17588.5,20.052,5964.0,17.395,29161.2,21.969,1.191,1.143,45.921,0.0,18.0,63.921,9,OPEN,True,125.6355,6,False
DE002388,T0094,S013,CHARGING,train,20,8,True,True,19419.9,24.906,19418.3,25.111,5964.0,17.395,32874.2,32.622,1.191,1.143,58.365,0.0,18.0,76.365,6,OPEN,True,148.1687,7,False
DE002388,T0094,S017,CHARGING,train,20,8,True,True,22542.1,26.358,22856.8,27.09,5964.0,17.395,39434.9,36.053,1.191,1.143,62.356,0.0,18.0,80.356,2,OPEN,True,167.539,8,False
DE002391,T0094,S029,CHARGING,train,20,8,True,True,7769.4,12.214,7944.0,12.941,5048.0,14.833,10665.4,10.322,1.236,1.143,29.889,0.0,18.0,47.889,3,OPEN,True,70.75,1,True
DE002391,T0094,S010,CHARGING,train,20,8,True,True,13710.6,17.549,13864.1,18.124,5048.0,14.833,22526.7,20.84,1.236,1.143,42.406,0.0,18.0,60.406,1,OPEN,True,110.3195,2,False
DE002391,T0094,S007,CHARGING,train,20,8,True,True,16368.4,16.616,14909.9,15.342,5048.0,14.833,26230.3,17.125,1.236,1.143,38.073,0.0,18.0,56.073,8,OPEN,True,110.7152,3,False
DE002391,T0094,S026,CHARGING,train,20,8,True,True,15329.8,16.487,16644.4,17.807,5048.0,14.833,26926.2,19.46,1.236,1.143,40.731,0.0,18.0,58.731,6,OPEN,True,115.3484,4,False
DE002391,T0094,S019,CHARGING,train,20,8,True,True,17403.3,19.129,17588.5,20.052,5048.0,14.833,29943.8,24.347,1.236,1.143,46.563,0.0,18.0,64.563,9,OPEN,True,128.4371,5,False
DE002391,T0094,S013,CHARGING,train,20,8,True,True,19286.5,24.722,19418.3,25.111,5048.0,14.833,33656.8,35.0,1.236,1.143,59.259,0.0,18.0,77.259,6,OPEN,True,151.222,6,False
DE002391,T0094,S011,CHARGING,train,20,8,True,True,13546.3,17.919,13325.5,17.643,5048.0,14.833,21823.8,20.728,1.236,1.143,42.314,60.0,18.0,120.314,1,OPEN,True,168.7932,7,False
DE002391,T0094,S017,CHARGING,train,20,8,True,True,22408.7,26.174,22856.8,27.09,5048.0,14.833,40217.5,38.431,1.236,1.143,63.315,0.0,18.0,81.315,2,OPEN,True,170.6577,8,False
DE002394,T0094,S029,CHARGING,train,20,8,True,True,7892.0,12.913,7944.0,12.941,4117.0,12.046,11719.0,13.809,1.276,1.143,31.269,0.0,18.0,49.269,3,OPEN,True,75.1095,1,True
DE002394,T0094,S007,CHARGING,train,20,8,True,True,16198.3,17.315,14909.9,15.342,4117.0,12.046,26991.2,20.611,1.276,1.143,39.63,0.0,18.0,57.63,8,OPEN,True,114.6653,2,False
DE002394,T0094,S010,CHARGING,train,20,8,True,True,13992.9,18.248,13864.1,18.124,4117.0,12.046,23740.0,24.326,1.276,1.143,44.0,0.0,18.0,62.0,1,OPEN,True,115.2118,3,False
DE002394,T0094,S026,CHARGING,train,20,8,True,True,15159.7,17.186,16644.4,17.807,4117.0,12.046,27687.1,22.947,1.276,1.143,42.282,0.0,18.0,60.282,6,OPEN,True,119.2933,4,False
DE002394,T0094,S019,CHARGING,train,20,8,True,True,17685.6,19.828,17588.5,20.052,4117.0,12.046,31157.1,27.834,1.276,1.143,48.22,0.0,18.0,66.22,9,OPEN,True,133.3925,5,False
DE002394,T0094,S013,CHARGING,train,20,8,True,True,19568.8,25.421,19418.3,25.111,4117.0,12.046,34870.1,38.487,1.276,1.143,61.139,0.0,18.0,79.139,6,OPEN,True,156.4012,6,False
DE002394,T0094,S011,CHARGING,train,20,8,True,True,13828.6,18.618,13325.5,17.643,4117.0,12.046,23037.1,24.215,1.276,1.143,43.922,60.0,18.0,121.922,1,OPEN,True,173.7003,7,False
DE002394,T0094,S017,CHARGING,train,20,8,True,True,22691.0,26.873,22856.8,27.09,4117.0,12.046,41430.8,41.917,1.276,1.143,65.254,0.0,18.0,83.254,2,OPEN,True,175.8949,8,False
DE002397,T0094,S029,CHARGING,train,20,8,True,True,8155.5,13.407,7944.0,12.941,3242.0,9.291,12857.5,17.058,1.166,1.143,30.424,0.0,18.0,48.424,3,OPEN,True,77.354,1,True
DE002397,T0094,S007,CHARGING,train,20,8,True,True,16461.8,17.809,14909.9,15.342,3242.0,9.291,28129.7,23.86,1.166,1.143,38.301,0.0,18.0,56.301,8,OPEN,True,116.4256,2,False
DE002397,T0094,S010,CHARGING,train,20,8,True,True,14256.4,18.742,13864.1,18.124,3242.0,9.291,24878.5,27.575,1.166,1.143,42.569,0.0,18.0,60.569,1,OPEN,True,116.8694,3,False
DE002397,T0094,S026,CHARGING,train,20,8,True,True,15423.2,17.679,16644.4,17.807,3242.0,9.291,28825.6,26.196,1.166,1.143,40.968,0.0,18.0,58.968,6,OPEN,True,121.0679,4,False
DE002397,T0094,S019,CHARGING,train,20,8,True,True,17949.1,20.321,17588.5,20.052,3242.0,9.291,32295.6,31.083,1.166,1.143,46.615,0.0,18.0,64.615,9,OPEN,True,134.8764,5,False
DE002397,T0094,S013,CHARGING,train,20,8,True,True,19832.3,25.915,19418.3,25.111,3242.0,9.291,36008.6,41.735,1.166,1.143,58.919,0.0,18.0,76.919,6,OPEN,True,157.2698,6,False
DE002397,T0094,S011,CHARGING,train,20,8,True,True,14092.1,19.112,13325.5,17.643,3242.0,9.291,24175.6,27.464,1.166,1.143,42.45,60.0,18.0,120.45,1,OPEN,True,175.3173,7,False
DE002397,T0094,S017,CHARGING,train,20,8,True,True,22954.5,27.367,22856.8,27.09,3242.0,9.291,42569.3,45.166,1.166,1.143,62.874,0.0,18.0,80.874,2,OPEN,True,176.6038,8,False
DE002400,T0094,S029,CHARGING,train,20,8,True,True,7858.7,12.813,7944.0,12.941,2353.0,6.96,13449.7,18.794,1.008,1.143,27.708,0.0,18.0,45.708,3,OPEN,True,76.2559,1,True
DE002400,T0094,S007,CHARGING,train,20,8,True,True,16165.0,17.215,14909.9,15.342,2353.0,6.96,28721.9,25.597,1.008,1.143,34.889,0.0,18.0,52.889,8,OPEN,True,114.632,2,False
DE002400,T0094,S010,CHARGING,train,20,8,True,True,13959.6,18.148,13864.1,18.124,2353.0,6.96,25470.7,29.312,1.008,1.143,39.009,0.0,18.0,57.009,1,OPEN,True,114.9284,3,False
DE002400,T0094,S026,CHARGING,train,20,8,True,True,15126.4,17.086,16644.4,17.807,2353.0,6.96,29417.8,27.933,1.008,1.143,37.576,0.0,18.0,55.576,6,OPEN,True,119.2947,4,False
DE002400,T0094,S019,CHARGING,train,20,8,True,True,17652.3,19.728,17588.5,20.052,2353.0,6.96,32887.8,32.82,1.008,1.143,42.805,0.0,18.0,60.805,9,OPEN,True,132.6859,5,False
DE002400,T0094,S013,CHARGING,train,20,8,True,True,19535.5,25.321,19418.3,25.111,2353.0,6.96,36600.8,43.472,1.008,1.143,54.226,0.0,18.0,72.226,6,OPEN,True,154.1955,6,False
DE002400,T0094,S017,CHARGING,train,20,8,True,True,22657.7,26.773,22856.8,27.09,2353.0,6.96,43161.5,46.903,1.008,1.143,57.951,0.0,18.0,75.951,2,OPEN,True,173.3001,7,False
DE002400,T0094,S011,CHARGING,train,20,8,True,True,13795.3,18.518,13325.5,17.643,2353.0,6.96,24767.8,29.201,1.008,1.143,38.832,60.0,18.0,116.832,1,OPEN,True,173.3179,8,False
DE002403,T0094,S029,CHARGING,train,20,8,True,True,7825.5,12.595,7944.0,12.941,1480.0,4.312,14289.5,21.224,1.272,1.143,30.813,0.0,18.0,48.813,4,OPEN,True,81.2976,1,True
DE002403,T0094,S011,CHARGING,train,20,8,True,True,13728.3,18.299,13325.5,17.643,1480.0,4.312,25573.8,31.63,1.272,1.143,43.443,0.0,18.0,61.443,6,OPEN,True,118.398,2,False
DE002403,T0094,S007,CHARGING,train,20,8,True,True,16131.8,16.997,14909.9,15.342,1480.0,4.312,29561.7,28.026,1.272,1.143,39.156,0.0,18.0,57.156,7,OPEN,True,121.1858,3,False
DE002403,T0094,S010,CHARGING,train,20,8,True,True,13892.6,17.93,13864.1,18.124,1480.0,4.312,26276.7,31.741,1.272,1.143,43.522,0.0,18.0,61.522,2,OPEN,True,121.311,4,False
DE002403,T0094,S026,CHARGING,train,20,8,True,True,15093.2,16.867,16644.4,17.807,1480.0,4.312,30257.6,30.362,1.272,1.143,41.809,0.0,18.0,59.809,7,OPEN,True,125.8144,5,False
DE002403,T0094,S019,CHARGING,train,20,8,True,True,17585.3,19.509,17588.5,20.052,1480.0,4.312,33693.8,35.249,1.272,1.143,47.736,0.0,18.0,65.736,9,OPEN,True,139.8354,6,False
DE002403,T0094,S013,CHARGING,train,20,8,True,True,19468.5,25.103,19418.3,25.111,1480.0,4.312,37406.8,45.902,1.272,1.143,60.633,0.0,18.0,78.633,6,OPEN,True,162.8217,7,False
DE002403,T0094,S017,CHARGING,train,20,8,True,True,22590.7,26.555,22856.8,27.09,1480.0,4.312,43967.5,49.332,1.272,1.143,64.741,0.0,18.0,82.741,4,OPEN,True,181.6096,8,False
DE002406,T0094,S029,CHARGING,train,20,8,True,True,7779.5,12.655,7944.0,12.941,575.0,1.776,15148.5,23.82,1.08,1.143,28.459,0.0,18.0,46.459,4,OPEN,True,81.3115,1,True
DE002406,T0094,S011,CHARGING,train,20,8,True,True,13716.1,18.36,13325.5,17.643,575.0,1.776,26466.6,34.227,1.08,1.143,39.994,0.0,18.0,57.994,6,OPEN,True,117.3842,2,False
DE002406,T0094,S007,CHARGING,train,20,8,True,True,16085.8,17.057,14909.9,15.342,575.0,1.776,30420.7,30.623,1.08,1.143,35.957,0.0,18.0,53.957,7,OPEN,True,120.3545,3,False
DE002406,T0094,S010,CHARGING,train,20,8,True,True,13880.4,17.99,13864.1,18.124,575.0,1.776,27169.5,34.338,1.08,1.143,40.145,0.0,18.0,58.145,2,OPEN,True,120.3681,4,False
DE002406,T0094,S026,CHARGING,train,20,8,True,True,15047.2,16.927,16644.4,17.807,575.0,1.776,31116.6,32.958,1.08,1.143,38.635,0.0,18.0,56.635,7,OPEN,True,125.0079,5,False
DE002406,T0094,S019,CHARGING,train,20,8,True,True,17573.1,19.569,17588.5,20.052,575.0,1.776,34586.6,37.846,1.08,1.143,44.055,0.0,18.0,62.055,9,OPEN,True,138.5893,6,False
DE002406,T0094,S013,CHARGING,train,20,8,True,True,19456.3,25.163,19418.3,25.111,575.0,1.776,38299.6,48.498,1.08,1.143,55.878,0.0,18.0,73.878,6,OPEN,True,160.5017,7,False
DE002406,T0094,S017,CHARGING,train,20,8,True,True,22578.5,26.615,22856.8,27.09,575.0,1.776,44860.3,51.929,1.08,1.143,59.708,0.0,18.0,77.708,4,OPEN,True,179.0108,8,False
DE002409,T0095,S016,CHARGING,train,20,8,True,True,6468.6,8.353,6129.3,8.31,2771.0,7.438,9826.9,9.225,2.857,1.143,33.362,0.0,18.0,51.362,2,OPEN,True,72.6225,1,True
DE002409,T0095,S008,CHARGING,train,20,8,True,True,6408.6,8.695,6665.0,9.14,2771.0,7.438,10302.6,10.397,2.857,1.143,35.287,0.0,18.0,53.287,3,OPEN,True,75.4418,2,False
DE002409,T0095,S022,CHARGING,train,20,8,True,True,4731.4,6.569,5017.1,7.269,2771.0,7.438,6977.5,6.4,2.857,1.143,27.076,20.57,18.0,65.646,1,OPEN,True,80.8512,3,False
DE002409,T0095,S004,CHARGING,train,20,8,True,True,8638.0,9.882,8827.2,10.369,2771.0,7.438,14694.2,12.812,2.857,1.143,40.083,0.0,18.0,58.083,3,OPEN,True,89.6247,4,False
DE002409,T0095,S017,CHARGING,train,20,8,True,True,8169.0,10.599,8006.6,10.693,2771.0,7.438,13404.6,13.853,2.857,1.143,42.502,0.0,18.0,60.502,2,OPEN,True,90.075,5,False
DE002409,T0095,S002,CHARGING,train,20,8,True,True,9187.5,10.62,9034.4,10.464,2771.0,7.438,15450.9,13.646,2.857,1.143,42.301,0.0,18.0,60.301,7,OPEN,True,92.5142,6,False
DE002409,T0095,S025,CHARGING,train,20,8,True,True,10130.0,12.56,10249.6,13.075,2771.0,7.438,17608.6,18.197,2.857,1.143,50.829,0.0,18.0,68.829,3,OPEN,True,107.5458,7,False
DE002409,T0095,S020,CHARGING,train,20,8,True,True,11350.9,14.412,11747.0,14.068,2771.0,7.438,20326.9,21.041,2.857,1.143,57.254,0.0,18.0,75.254,1,OPEN,True,120.8177,8,False
DE002412,T0095,S016,CHARGING,train,20,8,True,True,6706.0,8.821,6129.3,8.31,2424.0,6.521,10411.3,10.611,1.231,1.143,20.358,0.0,18.0,38.358,2,OPEN,True,61.1331,1,True
DE002412,T0095,S008,CHARGING,train,20,8,True,True,6432.9,8.737,6665.0,9.14,2424.0,6.521,10673.9,11.356,1.231,1.143,21.202,0.0,18.0,39.202,3,OPEN,True,62.3391,2,False
DE002412,T0095,S022,CHARGING,train,20,8,True,True,4968.8,7.038,5017.1,7.269,2424.0,6.521,7561.9,7.786,1.231,1.143,16.972,20.57,18.0,55.542,1,OPEN,True,72.2622,3,False
DE002412,T0095,S017,CHARGING,train,20,8,True,True,8406.4,11.067,8006.6,10.693,2424.0,6.521,13989.0,15.239,1.231,1.143,25.846,0.0,18.0,43.846,2,OPEN,True,74.9337,4,False
DE002412,T0095,S004,CHARGING,train,20,8,True,True,8875.5,10.35,8827.2,10.369,2424.0,6.521,15278.7,14.198,1.231,1.143,24.593,0.0,18.0,42.593,3,OPEN,True,75.6498,5,False
DE002412,T0095,S002,CHARGING,train,20,8,True,True,9425.0,11.088,9034.4,10.464,2424.0,6.521,16035.4,15.032,1.231,1.143,25.61,0.0,18.0,43.61,7,OPEN,True,77.3391,6,False
DE002412,T0095,S025,CHARGING,train,20,8,True,True,9889.8,12.077,10249.6,13.075,2424.0,6.521,17715.4,18.631,1.231,1.143,29.812,0.0,18.0,47.812,3,OPEN,True,86.8501,7,False
DE002412,T0095,S020,CHARGING,train,20,8,True,True,11375.2,14.454,11747.0,14.068,2424.0,6.521,20698.2,22.001,1.231,1.143,33.872,0.0,18.0,51.872,1,OPEN,True,98.4188,8,False
DE002415,T0095,S016,CHARGING,train,20,8,True,True,6706.0,8.821,6129.3,8.31,2049.0,5.619,10786.3,11.512,1.231,1.143,20.358,0.0,18.0,38.358,2,OPEN,True,62.1085,1,True
DE002415,T0095,S008,CHARGING,train,20,8,True,True,6432.9,8.737,6665.0,9.14,2049.0,5.619,11048.9,12.258,1.231,1.143,21.202,0.0,18.0,39.202,3,OPEN,True,63.3145,2,False
DE002415,T0095,S022,CHARGING,train,20,8,True,True,4968.8,7.038,5017.1,7.269,2049.0,5.619,7936.9,8.687,1.231,1.143,16.972,20.57,18.0,55.542,1,OPEN,True,73.2376,3,False
DE002415,T0095,S017,CHARGING,train,20,8,True,True,8406.4,11.067,8006.6,10.693,2049.0,5.619,14364.0,16.141,1.231,1.143,25.846,0.0,18.0,43.846,2,OPEN,True,75.9091,4,False
DE002415,T0095,S004,CHARGING,train,20,8,True,True,8875.5,10.35,8827.2,10.369,2049.0,5.619,15653.7,15.1,1.231,1.143,24.593,0.0,18.0,42.593,3,OPEN,True,76.6252,5,False
DE002415,T0095,S002,CHARGING,train,20,8,True,True,9425.0,11.088,9034.4,10.464,2049.0,5.619,16410.4,15.933,1.231,1.143,25.61,0.0,18.0,43.61,7,OPEN,True,78.3145,6,False
DE002415,T0095,S025,CHARGING,train,20,8,True,True,9889.8,12.077,10249.6,13.075,2049.0,5.619,18090.4,19.533,1.231,1.143,29.812,0.0,18.0,47.812,3,OPEN,True,87.8255,7,False
DE002415,T0095,S020,CHARGING,train,20,8,True,True,11375.2,14.454,11747.0,14.068,2049.0,5.619,21073.2,22.902,1.231,1.143,33.872,0.0,18.0,51.872,1,OPEN,True,99.3942,8,False
DE002418,T0095,S016,CHARGING,train,20,8,True,True,6568.9,8.547,6129.3,8.31,1682.0,4.739,11016.2,12.119,2.857,1.143,33.918,0.0,18.0,51.918,2,OPEN,True,76.2801,1,True
DE002418,T0095,S008,CHARGING,train,20,8,True,True,6295.8,8.463,6665.0,9.14,1682.0,4.739,11278.8,12.864,2.857,1.143,34.625,0.0,18.0,52.625,3,OPEN,True,77.3487,2,False
DE002418,T0095,S022,CHARGING,train,20,8,True,True,4831.7,6.763,5017.1,7.269,1682.0,4.739,8166.8,9.294,2.857,1.143,27.632,20.57,18.0,66.202,1,OPEN,True,84.5088,3,False
DE002418,T0095,S004,CHARGING,train,20,8,True,True,8738.4,10.076,8827.2,10.369,1682.0,4.739,15883.6,15.706,2.857,1.143,40.639,0.0,18.0,58.639,3,OPEN,True,93.2825,4,False
DE002418,T0095,S017,CHARGING,train,20,8,True,True,8269.3,10.793,8006.6,10.693,1682.0,4.739,14593.9,16.747,2.857,1.143,43.058,0.0,18.0,61.058,2,OPEN,True,93.7325,5,False
DE002418,T0095,S002,CHARGING,train,20,8,True,True,9287.9,10.814,9034.4,10.464,1682.0,4.739,16640.3,16.54,2.857,1.143,42.856,0.0,18.0,60.856,7,OPEN,True,96.172,6,False
DE002418,T0095,S025,CHARGING,train,20,8,True,True,10026.9,12.328,10249.6,13.075,1682.0,4.739,18594.5,20.665,2.857,1.143,50.167,0.0,18.0,68.167,3,OPEN,True,109.4721,7,False
DE002418,T0095,S020,CHARGING,train,20,8,True,True,11238.1,14.18,11747.0,14.068,1682.0,4.739,21303.1,23.509,2.857,1.143,56.591,0.0,18.0,74.591,1,OPEN,True,122.7246,8,False
DE002421,T0095,S016,CHARGING,train,20,8,True,True,6355.7,8.121,6129.3,8.31,1298.0,3.661,11187.0,12.77,1.186,1.143,19.13,0.0,18.0,37.13,2,OPEN,True,61.9964,1,True
DE002421,T0095,S008,CHARGING,train,20,8,True,True,6298.5,8.468,6665.0,9.14,1298.0,3.661,11665.5,13.947,1.186,1.143,20.49,0.0,18.0,38.49,3,OPEN,True,64.2581,2,False
DE002421,T0095,S022,CHARGING,train,20,8,True,True,4618.5,6.337,5017.1,7.269,1298.0,3.661,8337.6,9.945,1.186,1.143,15.824,20.57,18.0,54.394,1,OPEN,True,73.2057,3,False
DE002421,T0095,S017,CHARGING,train,20,8,True,True,8056.1,10.367,8006.6,10.693,1298.0,3.661,14764.7,17.399,1.186,1.143,24.517,0.0,18.0,42.517,2,OPEN,True,75.6958,4,False
DE002421,T0095,S004,CHARGING,train,20,8,True,True,8525.1,9.649,8827.2,10.369,1298.0,3.661,16054.3,16.358,1.186,1.143,23.296,0.0,18.0,41.296,3,OPEN,True,76.444,5,False
DE002421,T0095,S002,CHARGING,train,20,8,True,True,9074.6,10.388,9034.4,10.464,1298.0,3.661,16811.0,17.191,1.186,1.143,24.28,0.0,18.0,42.28,7,OPEN,True,78.1001,6,False
DE002421,T0095,S025,CHARGING,train,20,8,True,True,10230.5,12.334,10249.6,13.075,1298.0,3.661,19182.1,21.748,1.186,1.143,29.573,0.0,18.0,47.573,3,OPEN,True,90.3241,7,False
DE002421,T0095,S020,CHARGING,train,20,8,True,True,11240.8,14.185,11747.0,14.068,1298.0,3.661,21689.8,24.592,1.186,1.143,32.903,0.0,18.0,50.903,1,OPEN,True,100.0806,8,False
DE002424,T0095,S016,CHARGING,train,20,8,True,True,6242.8,7.937,6129.3,8.31,963.0,2.558,11409.1,13.689,1.267,1.143,19.555,0.0,18.0,37.555,2,OPEN,True,63.0952,1,True
DE002424,T0095,S008,CHARGING,train,20,8,True,True,6455.4,8.518,6665.0,9.14,963.0,2.558,12157.4,15.099,1.267,1.143,21.239,0.0,18.0,39.239,3,OPEN,True,66.2788,2,False
DE002424,T0095,S022,CHARGING,train,20,8,True,True,4505.6,6.153,5017.1,7.269,963.0,2.558,8559.7,10.864,1.267,1.143,16.105,20.57,18.0,54.675,1,OPEN,True,74.16,3,False
DE002424,T0095,S017,CHARGING,train,20,8,True,True,7943.2,10.183,8006.6,10.693,963.0,2.558,14986.8,18.317,1.267,1.143,25.124,0.0,18.0,43.124,2,OPEN,True,76.9765,4,False
DE002424,T0095,S004,CHARGING,train,20,8,True,True,8412.3,9.466,8827.2,10.369,963.0,2.558,16276.5,17.276,1.267,1.143,23.845,0.0,18.0,41.845,3,OPEN,True,77.6668,5,False
DE002424,T0095,S002,CHARGING,train,20,8,True,True,8961.8,10.204,9034.4,10.464,963.0,2.558,17033.2,18.11,1.267,1.143,24.889,0.0,18.0,42.889,7,OPEN,True,79.3827,6,False
DE002424,T0095,S025,CHARGING,train,20,8,True,True,10353.8,12.716,10249.6,13.075,963.0,2.558,19640.4,23.234,1.267,1.143,31.057,0.0,18.0,49.057,3,OPEN,True,93.0961,7,False
DE002424,T0095,S020,CHARGING,train,20,8,True,True,11397.7,14.235,11747.0,14.068,963.0,2.558,22181.7,25.744,1.267,1.143,34.115,0.0,18.0,52.115,1,OPEN,True,102.5643,8,False
DE002427,T0095,S016,CHARGING,train,20,8,True,True,6365.6,8.14,6129.3,8.31,612.0,1.675,11882.9,14.775,1.146,1.143,18.828,0.0,18.0,36.828,2,OPEN,True,63.5873,1,True
DE002427,T0095,S008,CHARGING,train,20,8,True,True,6608.2,8.721,6665.0,9.14,612.0,1.675,12661.2,16.186,1.146,1.143,20.442,0.0,18.0,38.442,3,OPEN,True,66.7607,2,False
DE002427,T0095,S022,CHARGING,train,20,8,True,True,4628.4,6.357,5017.1,7.269,612.0,1.675,9033.5,11.95,1.146,1.143,15.593,20.57,18.0,54.163,1,OPEN,True,74.868,3,False
DE002427,T0095,S017,CHARGING,train,20,8,True,True,8066.0,10.386,8006.6,10.693,612.0,1.675,15460.6,19.404,1.146,1.143,24.125,0.0,18.0,42.125,2,OPEN,True,77.197,4,False
DE002427,T0095,S004,CHARGING,train,20,8,True,True,8535.0,9.669,8827.2,10.369,612.0,1.675,16750.2,18.363,1.146,1.143,22.933,0.0,18.0,40.933,3,OPEN,True,77.9738,5,False
DE002427,T0095,S002,CHARGING,train,20,8,True,True,9084.5,10.407,9034.4,10.464,612.0,1.675,17506.9,19.196,1.146,1.143,23.887,0.0,18.0,41.887,7,OPEN,True,79.6004,6,False
DE002427,T0095,S025,CHARGING,train,20,8,True,True,10493.0,12.92,10249.6,13.075,612.0,1.675,20130.6,24.32,1.146,1.143,29.752,0.0,18.0,47.752,3,OPEN,True,93.0428,7,False
DE002427,T0095,S020,CHARGING,train,20,8,True,True,11550.5,14.439,11747.0,14.068,612.0,1.675,22685.5,26.831,1.146,1.143,32.626,0.0,18.0,50.626,1,OPEN,True,102.3544,8,False
DE002430,T0095,S016,CHARGING,train,20,8,True,True,6597.3,8.604,6129.3,8.31,239.0,0.65,12487.6,16.265,1.247,1.143,20.228,0.0,18.0,38.228,2,OPEN,True,66.5692,1,True
DE002430,T0095,S008,CHARGING,train,20,8,True,True,6839.9,9.185,6665.0,9.14,239.0,0.65,13265.9,17.675,1.247,1.143,21.901,0.0,18.0,39.901,3,OPEN,True,69.8012,2,False
DE002430,T0095,S022,CHARGING,train,20,8,True,True,4860.1,6.82,5017.1,7.269,239.0,0.65,9638.2,13.44,1.247,1.143,16.813,20.57,18.0,55.383,1,OPEN,True,77.6697,3,False
DE002430,T0095,S017,CHARGING,train,20,8,True,True,8297.7,10.85,8006.6,10.693,239.0,0.65,16065.3,20.893,1.247,1.143,25.752,0.0,18.0,43.752,2,OPEN,True,80.4057,4,False
DE002430,T0095,S004,CHARGING,train,20,8,True,True,8766.8,10.133,8827.2,10.369,239.0,0.65,17355.0,19.852,1.247,1.143,24.487,0.0,18.0,42.487,3,OPEN,True,81.1103,5,False
DE002430,T0095,S002,CHARGING,train,20,8,True,True,9316.3,10.871,9034.4,10.464,239.0,0.65,18111.7,20.685,1.247,1.143,25.517,0.0,18.0,43.517,7,OPEN,True,82.8114,6,False
DE002430,T0095,S025,CHARGING,train,20,8,True,True,10261.2,13.224,10249.6,13.075,239.0,0.65,20271.8,25.65,1.247,1.143,31.436,0.0,18.0,49.436,3,OPEN,True,95.3416,7,False
DE002430,T0095,S020,CHARGING,train,20,8,True,True,11782.2,14.902,11747.0,14.068,239.0,0.65,23290.2,28.32,1.247,1.143,34.662,0.0,18.0,52.662,1,OPEN,True,105.9724,8,False
DE002553,T0101,S026,CHARGING,test,20,8,True,True,7987.1,10.482,8156.7,10.821,6527.0,15.314,9616.8,5.99,1.146,1.142,24.371,0.0,18.0,42.371,7,OPEN,True,61.0018,1,True
DE002553,T0101,S007,CHARGING,test,20,8,True,True,10594.5,11.972,10794.6,12.748,6527.0,15.314,14862.1,9.407,1.146,1.142,28.279,0.0,18.0,46.279,8,OPEN,True,76.2544,2,False
DE002553,T0101,S011,CHARGING,test,20,8,True,True,16065.0,17.413,16221.9,18.428,6527.0,15.314,25759.9,20.528,1.146,1.142,41.0,0.0,18.0,59.0,7,OPEN,True,113.5521,3,False
DE002553,T0101,S019,CHARGING,test,20,8,True,True,16808.4,17.64,16966.5,17.995,6527.0,15.314,27247.9,20.321,1.146,1.142,40.766,0.0,18.0,58.766,8,OPEN,True,116.2419,4,False
DE002553,T0101,S028,CHARGING,test,20,8,True,True,16404.9,20.619,16204.6,21.55,6527.0,15.314,26082.5,26.855,1.146,1.142,48.24,0.0,18.0,66.24,3,OPEN,True,124.0687,5,False
DE002553,T0101,S023,CHARGING,test,20,8,True,True,16894.8,22.144,16969.0,24.827,6527.0,15.314,27336.8,31.658,1.146,1.142,53.73,0.0,18.0,71.73,6,OPEN,True,132.2184,6,False
DE002553,T0101,S029,CHARGING,test,20,8,True,True,19550.0,21.161,19100.2,22.229,6527.0,15.314,32123.2,28.077,1.146,1.142,49.637,0.0,18.0,67.637,2,OPEN,True,138.2023,7,False
DE002553,T0101,S014,CHARGING,test,20,8,True,True,20041.5,26.4,20114.9,27.326,6527.0,15.314,33629.4,38.412,1.146,1.142,61.461,0.0,18.0,79.461,5,OPEN,True,154.5728,8,False
DE002556,T0101,S026,CHARGING,test,20,8,True,True,8282.4,11.073,8156.7,10.821,5586.0,13.053,10853.1,8.841,1.028,1.142,23.741,0.0,18.0,41.741,7,OPEN,True,63.5576,1,True
DE002556,T0101,S007,CHARGING,test,20,8,True,True,10889.9,12.563,10794.6,12.748,5586.0,13.053,16098.5,12.258,1.028,1.142,27.473,0.0,18.0,45.473,8,OPEN,True,78.6346,2,False
DE002556,T0101,S011,CHARGING,test,20,8,True,True,16360.4,18.004,16221.9,18.428,5586.0,13.053,26996.3,23.379,1.028,1.142,39.553,0.0,18.0,57.553,7,OPEN,True,115.2903,3,False
DE002556,T0101,S019,CHARGING,test,20,8,True,True,17103.8,18.231,16966.5,17.995,5586.0,13.053,28484.3,23.172,1.028,1.142,39.292,0.0,18.0,57.292,8,OPEN,True,117.9533,4,False
DE002556,T0101,S028,CHARGING,test,20,8,True,True,16379.0,21.21,16204.6,21.55,5586.0,13.053,26997.6,29.707,1.028,1.142,46.414,0.0,18.0,64.414,3,OPEN,True,124.7859,5,False
DE002556,T0101,S023,CHARGING,test,20,8,True,True,16868.9,22.735,16969.0,24.827,5586.0,13.053,28251.9,34.509,1.028,1.142,51.725,0.0,18.0,69.725,6,OPEN,True,132.7556,6,False
DE002556,T0101,S029,CHARGING,test,20,8,True,True,19845.4,21.752,19100.2,22.229,5586.0,13.053,33359.6,30.928,1.028,1.142,47.747,0.0,18.0,65.747,2,OPEN,True,139.4981,7,False
DE002556,T0101,S014,CHARGING,test,20,8,True,True,20015.7,26.991,20114.9,27.326,5586.0,13.053,34544.6,41.264,1.028,1.142,58.953,0.0,18.0,76.953,5,OPEN,True,154.6081,8,False
DE002559,T0101,S026,CHARGING,test,20,8,True,True,8096.1,10.575,8156.7,10.821,4646.0,11.012,11606.8,10.385,1.093,1.142,23.916,0.0,18.0,41.916,2,OPEN,True,67.0262,1,True
DE002559,T0101,S007,CHARGING,test,20,8,True,True,10703.6,12.065,10794.6,12.748,4646.0,11.012,16852.2,13.801,1.093,1.142,27.745,0.0,18.0,45.745,7,OPEN,True,80.7999,2,False
DE002559,T0101,S011,CHARGING,test,20,8,True,True,16174.0,17.505,16221.9,18.428,4646.0,11.012,27749.9,24.922,1.093,1.142,40.179,0.0,18.0,58.179,6,OPEN,True,117.8091,3,False
DE002559,T0101,S019,CHARGING,test,20,8,True,True,16917.4,17.732,16966.5,17.995,4646.0,11.012,29237.9,24.716,1.093,1.142,39.932,0.0,18.0,57.932,9,OPEN,True,120.4869,4,False
DE002559,T0101,S028,CHARGING,test,20,8,True,True,16144.9,20.712,16204.6,21.55,4646.0,11.012,27703.5,31.25,1.093,1.142,47.248,0.0,18.0,65.248,2,OPEN,True,127.7677,5,False
DE002559,T0101,S023,CHARGING,test,20,8,True,True,16634.9,22.237,16969.0,24.827,4646.0,11.012,28957.9,36.053,1.093,1.142,52.658,0.0,18.0,70.658,6,OPEN,True,135.4868,6,False
DE002559,T0101,S029,CHARGING,test,20,8,True,True,19659.0,21.254,19100.2,22.229,4646.0,11.012,34113.2,32.471,1.093,1.142,48.616,0.0,18.0,66.616,4,OPEN,True,141.5606,7,False
DE002559,T0101,S014,CHARGING,test,20,8,True,True,19781.6,26.493,20114.9,27.326,4646.0,11.012,35250.5,42.807,1.093,1.142,60.163,0.0,18.0,78.163,6,OPEN,True,157.2657,8,False
DE002562,T0101,S026,CHARGING,test,20,8,True,True,8377.9,11.264,8156.7,10.821,3774.0,8.932,12760.6,13.153,1.019,1.142,23.836,0.0,18.0,41.836,2,OPEN,True,69.9455,1,True
DE002562,T0101,S007,CHARGING,test,20,8,True,True,10985.4,12.754,10794.6,12.748,3774.0,8.932,18006.0,16.57,1.019,1.142,27.555,0.0,18.0,45.555,7,OPEN,True,83.6091,2,False
DE002562,T0101,S011,CHARGING,test,20,8,True,True,16455.8,18.195,16221.9,18.428,3774.0,8.932,28903.7,27.691,1.019,1.142,39.586,0.0,18.0,57.586,6,OPEN,True,120.2156,3,False
DE002562,T0101,S019,CHARGING,test,20,8,True,True,17199.2,18.422,16966.5,17.995,3774.0,8.932,30391.7,27.484,1.019,1.142,39.322,0.0,18.0,57.322,9,OPEN,True,122.8766,4,False
DE002562,T0101,S028,CHARGING,test,20,8,True,True,16283.5,21.401,16204.6,21.55,3774.0,8.932,28714.1,34.019,1.019,1.142,46.418,0.0,18.0,64.418,2,OPEN,True,129.6506,5,False
DE002562,T0101,S023,CHARGING,test,20,8,True,True,16773.4,22.926,16969.0,24.827,3774.0,8.932,29968.4,38.821,1.019,1.142,51.715,0.0,18.0,69.715,6,OPEN,True,137.2566,6,False
DE002562,T0101,S029,CHARGING,test,20,8,True,True,19940.8,21.943,19100.2,22.229,3774.0,8.932,35267.0,35.24,1.019,1.142,47.746,0.0,18.0,65.746,4,OPEN,True,143.6897,7,False
DE002562,T0101,S014,CHARGING,test,20,8,True,True,19920.2,27.182,20114.9,27.326,3774.0,8.932,36261.1,45.576,1.019,1.142,58.905,0.0,18.0,76.905,6,OPEN,True,158.7207,8,False
DE002565,T0101,S026,CHARGING,test,20,8,True,True,8277.6,10.878,8156.7,10.821,3028.0,7.141,13406.3,14.558,1.272,1.142,26.195,0.0,18.0,44.195,2,OPEN,True,73.9472,1,True
DE002565,T0101,S007,CHARGING,test,20,8,True,True,10885.1,12.368,10794.6,12.748,3028.0,7.141,18651.7,17.975,1.272,1.142,30.291,0.0,18.0,48.291,7,OPEN,True,87.9877,2,False
DE002565,T0101,S011,CHARGING,test,20,8,True,True,16355.6,17.809,16221.9,18.428,3028.0,7.141,29549.5,29.096,1.272,1.142,43.698,0.0,18.0,61.698,6,OPEN,True,125.9709,3,False
DE002565,T0101,S019,CHARGING,test,20,8,True,True,17099.0,18.036,16966.5,17.995,3028.0,7.141,31037.5,28.89,1.272,1.142,43.492,0.0,18.0,61.492,9,OPEN,True,128.6894,4,False
DE002565,T0101,S028,CHARGING,test,20,8,True,True,16087.1,21.015,16204.6,21.55,3028.0,7.141,29263.7,35.424,1.272,1.142,51.341,0.0,18.0,69.341,2,OPEN,True,136.0247,5,False
DE002565,T0101,S023,CHARGING,test,20,8,True,True,16577.0,22.54,16969.0,24.827,3028.0,7.141,30518.0,40.226,1.272,1.142,57.024,0.0,18.0,75.024,6,OPEN,True,144.0166,6,False
DE002565,T0101,S029,CHARGING,test,20,8,True,True,19840.6,21.557,19100.2,22.229,3028.0,7.141,35912.8,36.645,1.272,1.142,52.806,0.0,18.0,70.806,4,OPEN,True,150.3934,7,False
DE002565,T0101,S014,CHARGING,test,20,8,True,True,19723.8,26.796,20114.9,27.326,3028.0,7.141,36810.7,46.981,1.272,1.142,65.291,0.0,18.0,83.291,6,OPEN,True,166.5575,8,False
DE002568,T0101,S026,CHARGING,test,20,8,True,True,8359.1,11.101,8156.7,10.821,2084.0,4.938,14431.8,16.985,1.176,1.142,25.413,0.0,18.0,43.413,2,OPEN,True,75.8225,1,True
DE002568,T0101,S007,CHARGING,test,20,8,True,True,10966.6,12.591,10794.6,12.748,2084.0,4.938,19677.2,20.401,1.176,1.142,29.365,0.0,18.0,47.365,7,OPEN,True,89.72,2,False
DE002568,T0101,S011,CHARGING,test,20,8,True,True,16437.0,18.031,16221.9,18.428,2084.0,4.938,30574.9,31.522,1.176,1.142,42.25,0.0,18.0,60.25,6,OPEN,True,127.1807,3,False
DE002568,T0101,S019,CHARGING,test,20,8,True,True,17180.5,18.258,16966.5,17.995,2084.0,4.938,32063.0,31.316,1.176,1.142,42.023,0.0,18.0,60.023,9,OPEN,True,129.8775,4,False
DE002568,T0101,S028,CHARGING,test,20,8,True,True,16408.0,21.238,16204.6,21.55,2084.0,4.938,30528.6,37.85,1.176,1.142,49.586,0.0,18.0,67.586,2,OPEN,True,137.4057,5,False
DE002568,T0101,S023,CHARGING,test,20,8,True,True,16897.9,22.763,16969.0,24.827,2084.0,4.938,31782.9,42.653,1.176,1.142,55.122,0.0,18.0,73.122,6,OPEN,True,145.2511,6,False
DE002568,T0101,S029,CHARGING,test,20,8,True,True,19922.0,21.78,19100.2,22.229,2084.0,4.938,36938.2,39.071,1.176,1.142,50.999,0.0,18.0,68.999,4,OPEN,True,151.2433,7,False
DE002568,T0101,S014,CHARGING,test,20,8,True,True,20044.6,27.019,20114.9,27.326,2084.0,4.938,38075.5,49.407,1.176,1.142,62.98,0.0,18.0,80.98,6,OPEN,True,167.3832,8,False
DE002571,T0101,S026,CHARGING,test,20,8,True,True,8096.1,10.7,8156.7,10.821,1316.0,3.158,14936.8,18.364,1.303,1.142,26.301,0.0,18.0,44.301,2,OPEN,True,78.0651,1,True
DE002571,T0101,S007,CHARGING,test,20,8,True,True,10703.6,12.19,10794.6,12.748,1316.0,3.158,20182.2,21.78,1.303,1.142,30.442,0.0,18.0,48.442,7,OPEN,True,92.1518,2,False
DE002571,T0101,S011,CHARGING,test,20,8,True,True,16174.0,17.631,16221.9,18.428,1316.0,3.158,31079.9,32.901,1.303,1.142,44.018,0.0,18.0,62.018,6,OPEN,True,130.3035,3,False
DE002571,T0101,S019,CHARGING,test,20,8,True,True,16917.4,17.858,16966.5,17.995,1316.0,3.158,32567.9,32.695,1.303,1.142,43.819,0.0,18.0,61.819,9,OPEN,True,133.0289,4,False
DE002571,T0101,S028,CHARGING,test,20,8,True,True,16295.8,20.837,16204.6,21.55,1316.0,3.158,31184.4,39.229,1.303,1.142,51.761,0.0,18.0,69.761,2,OPEN,True,141.2372,5,False
DE002571,T0101,S023,CHARGING,test,20,8,True,True,16785.8,22.362,16969.0,24.827,1316.0,3.158,32438.8,44.032,1.303,1.142,57.491,0.0,18.0,75.491,6,OPEN,True,149.2766,6,False
DE002571,T0101,S029,CHARGING,test,20,8,True,True,19659.0,21.379,19100.2,22.229,1316.0,3.158,37443.2,40.45,1.303,1.142,53.243,0.0,18.0,71.243,4,OPEN,True,154.8422,7,False
DE002571,T0101,S014,CHARGING,test,20,8,True,True,19932.5,26.618,20114.9,27.326,1316.0,3.158,38731.4,50.786,1.303,1.142,65.89,0.0,18.0,83.89,6,OPEN,True,171.9492,8,False
DE002574,T0101,S007,CHARGING,test,20,8,True,True,10849.0,12.296,10794.6,12.748,522.0,1.252,21121.6,23.792,1.135,1.142,28.514,0.0,18.0,46.514,7,OPEN,True,92.6055,1,True
DE002574,T0101,S026,CHARGING,test,20,8,True,True,8241.6,10.806,8156.7,10.821,522.0,1.252,15876.3,20.375,1.135,1.142,24.623,46.29,18.0,88.913,1,OPEN,True,125.4093,2,False
DE002574,T0101,S011,CHARGING,test,20,8,True,True,16319.5,17.736,16221.9,18.428,522.0,1.252,32019.4,34.913,1.135,1.142,41.176,0.0,18.0,59.176,8,OPEN,True,129.8433,3,False
DE002574,T0101,S019,CHARGING,test,20,8,True,True,17062.9,17.964,16966.5,17.995,522.0,1.252,33507.4,34.707,1.135,1.142,40.939,0.0,18.0,58.939,7,OPEN,True,132.5306,4,False
DE002574,T0101,S028,CHARGING,test,20,8,True,True,16051.0,20.943,16204.6,21.55,522.0,1.252,31733.6,41.241,1.135,1.142,48.38,0.0,18.0,66.38,3,OPEN,True,139.1078,5,False
DE002574,T0101,S023,CHARGING,test,20,8,True,True,16541.0,22.468,16969.0,24.827,522.0,1.252,32988.0,46.043,1.135,1.142,53.854,0.0,18.0,71.854,7,OPEN,True,147.241,6,False
DE002574,T0101,S029,CHARGING,test,20,8,True,True,19804.5,21.485,19100.2,22.229,522.0,1.252,38382.7,42.462,1.135,1.142,49.771,0.0,18.0,67.771,4,OPEN,True,153.7522,7,False
DE002574,T0101,S014,CHARGING,test,20,8,True,True,19687.7,26.724,20114.9,27.326,522.0,1.252,39280.6,52.798,1.135,1.142,61.538,0.0,18.0,79.538,4,OPEN,True,169.8986,8,False
DE002577,T0102,S005,CHARGING,train,2,2,True,True,8487.1,10.427,8104.0,9.669,4540.0,12.456,12051.1,7.64,1.284,1.142,24.43,0.0,18.0,42.43,3,OPEN,True,67.3921,1,True
DE002577,T0102,S010,CHARGING,train,2,2,True,True,11206.9,12.759,10433.8,11.622,4540.0,12.456,17100.7,11.925,1.284,1.142,29.655,0.0,18.0,47.655,2,OPEN,True,84.1374,2,False
DE002580,T0102,S005,CHARGING,train,2,2,True,True,8486.8,10.426,8104.0,9.669,3920.0,10.389,12670.8,9.706,1.052,1.142,22.01,0.0,18.0,40.01,3,OPEN,True,66.7283,1,True
DE002580,T0102,S010,CHARGING,train,2,2,True,True,11206.6,12.758,10433.8,11.622,3920.0,10.389,17720.4,13.991,1.052,1.142,26.694,0.0,18.0,44.694,2,OPEN,True,82.9324,2,False
DE002583,T0102,S005,CHARGING,train,1,1,False,True,8231.9,9.645,8104.0,9.669,3277.0,8.246,13058.9,11.068,1.048,1.142,21.151,0.0,18.0,39.151,3,OPEN,True,66.9854,1,True
DE002586,T0102,S005,CHARGING,train,1,1,False,True,8562.2,10.604,8104.0,9.669,2660.0,6.915,14006.2,13.358,1.111,1.142,22.823,0.0,18.0,40.823,3,OPEN,True,71.1248,1,True
DE002589,T0102,S005,CHARGING,train,1,1,False,True,8891.8,11.178,8104.0,9.669,2122.0,5.357,14873.8,15.49,1.247,1.142,24.981,0.0,18.0,42.981,2,OPEN,True,75.9014,1,True
DE002592,T0102,S005,CHARGING,train,1,1,False,True,8696.0,10.71,8104.0,9.669,1584.0,3.706,15216.0,16.673,1.127,1.142,23.112,0.0,18.0,41.112,2,OPEN,True,75.0126,1,True
DE002601,T0103,S008,CHARGING,validation,20,8,True,True,2994.2,3.944,3021.4,4.098,4807.0,12.842,1208.6,0.0,1.192,1.142,9.381,0.0,18.0,27.381,2,OPEN,True,29.0981,1,True
DE002601,T0103,S002,CHARGING,validation,20,8,True,True,5106.0,7.019,5082.8,6.652,4807.0,12.842,5381.8,0.829,1.192,1.142,15.963,0.0,18.0,33.963,4,OPEN,True,43.5343,2,False
DE002601,T0103,S004,CHARGING,validation,20,8,True,True,5566.1,6.573,5691.8,6.562,4807.0,12.842,6450.9,0.293,1.192,1.142,15.329,0.0,18.0,33.329,1,OPEN,True,45.9537,3,False
DE002601,T0103,S017,CHARGING,validation,20,8,True,True,6622.7,7.754,6687.7,7.07,4807.0,12.842,8503.4,1.982,1.192,1.142,17.317,0.0,18.0,35.317,4,OPEN,True,51.4192,4,False
DE002601,T0103,S016,CHARGING,validation,20,8,True,True,7787.3,8.726,7838.7,8.008,4807.0,12.842,10819.0,3.893,1.192,1.142,19.547,0.0,18.0,37.547,3,OPEN,True,59.1081,5,False
DE002601,T0103,S022,CHARGING,validation,20,8,True,True,8196.5,10.326,8828.3,10.107,4807.0,12.842,12217.8,7.592,1.192,1.142,23.852,0.0,18.0,41.852,4,OPEN,True,66.7855,6,False
DE002601,T0103,S020,CHARGING,validation,20,8,True,True,13270.4,13.257,13199.3,13.544,4807.0,12.842,21662.7,13.958,1.192,1.142,31.269,0.0,18.0,49.269,2,OPEN,True,95.3838,7,False
DE002601,T0103,S005,CHARGING,validation,20,8,True,True,14066.5,16.056,13987.2,15.377,4807.0,12.842,23246.7,18.591,1.192,1.142,36.699,0.0,18.0,54.699,3,OPEN,True,104.7897,8,False
DE002604,T0103,S008,CHARGING,validation,20,8,True,True,2941.0,4.075,3021.4,4.098,4165.0,11.641,1797.4,0.0,1.144,1.142,9.342,0.0,18.0,27.342,2,OPEN,True,30.2367,1,True
DE002604,T0103,S002,CHARGING,validation,20,8,True,True,4888.5,6.618,5082.8,6.652,4165.0,11.641,5806.3,1.629,1.144,1.142,15.168,0.0,18.0,33.168,5,OPEN,True,43.4381,2,False
DE002604,T0103,S004,CHARGING,validation,20,8,True,True,5439.8,6.173,5691.8,6.562,4165.0,11.641,6966.6,1.093,1.144,1.142,14.555,0.0,18.0,32.555,4,OPEN,True,45.3613,3,False
DE002604,T0103,S017,CHARGING,validation,20,8,True,True,6685.7,8.0,6687.7,7.07,4165.0,11.641,9208.4,3.428,1.144,1.142,17.226,0.0,18.0,35.226,4,OPEN,True,53.0995,4,False
DE002604,T0103,S016,CHARGING,validation,20,8,True,True,7850.4,8.972,7838.7,8.008,4165.0,11.641,11524.1,5.339,1.144,1.142,19.409,0.0,18.0,37.409,3,OPEN,True,60.742,5,False
DE002604,T0103,S022,CHARGING,validation,20,8,True,True,8259.5,10.572,8828.3,10.107,4165.0,11.641,12922.8,9.038,1.144,1.142,23.637,0.0,18.0,41.637,4,OPEN,True,68.3424,6,False
DE002604,T0103,S020,CHARGING,validation,20,8,True,True,13487.3,13.502,13199.3,13.544,4165.0,11.641,22521.6,15.404,1.144,1.142,30.913,0.0,18.0,48.913,2,OPEN,True,97.1078,7,False
DE002604,T0103,S005,CHARGING,validation,20,8,True,True,14129.6,16.301,13987.2,15.377,4165.0,11.641,23951.8,20.037,1.144,1.142,36.209,0.0,18.0,54.209,2,OPEN,True,106.4218,8,False
DE002607,T0103,S008,CHARGING,validation,20,8,True,True,2927.5,4.266,3021.4,4.098,3544.0,9.58,2404.9,0.0,1.112,1.142,9.424,0.0,18.0,27.424,2,OPEN,True,31.5335,1,True
DE002607,T0103,S002,CHARGING,validation,20,8,True,True,4875.0,6.809,5082.8,6.652,3544.0,9.58,6413.8,3.882,1.112,1.142,15.169,0.0,18.0,33.169,5,OPEN,True,45.2166,2,False
DE002607,T0103,S004,CHARGING,validation,20,8,True,True,5426.3,6.364,5691.8,6.562,3544.0,9.58,7574.1,3.345,1.112,1.142,14.57,0.0,18.0,32.57,4,OPEN,True,47.1541,3,False
DE002607,T0103,S017,CHARGING,validation,20,8,True,True,6568.7,7.653,6687.7,7.07,3544.0,9.58,9712.4,5.143,1.112,1.142,16.584,0.0,18.0,34.584,4,OPEN,True,53.8945,4,False
DE002607,T0103,S016,CHARGING,validation,20,8,True,True,7733.4,8.625,7838.7,8.008,3544.0,9.58,12028.1,7.053,1.112,1.142,18.736,0.0,18.0,36.736,3,OPEN,True,61.5058,5,False
DE002607,T0103,S022,CHARGING,validation,20,8,True,True,8142.6,10.225,8828.3,10.107,3544.0,9.58,13426.9,10.753,1.112,1.142,22.913,0.0,18.0,40.913,4,OPEN,True,69.0552,6,False
DE002607,T0103,S020,CHARGING,validation,20,8,True,True,13698.6,14.094,13199.3,13.544,3544.0,9.58,23353.9,18.058,1.112,1.142,31.139,0.0,18.0,49.139,2,OPEN,True,99.6617,7,False
DE002607,T0103,S005,CHARGING,validation,20,8,True,True,14012.6,15.955,13987.2,15.377,3544.0,9.58,24455.8,21.751,1.112,1.142,35.302,0.0,18.0,53.302,2,OPEN,True,106.9511,8,False
DE002610,T0103,S008,CHARGING,validation,20,8,True,True,2994.1,4.24,3021.4,4.098,2932.0,7.721,3083.5,0.617,1.239,1.142,9.933,0.0,18.0,27.933,2,OPEN,True,33.5546,1,True
DE002610,T0103,S002,CHARGING,validation,20,8,True,True,4941.5,6.783,5082.8,6.652,2932.0,7.721,7092.3,5.714,1.239,1.142,16.001,0.0,18.0,34.001,5,OPEN,True,47.8645,2,False
DE002610,T0103,S004,CHARGING,validation,20,8,True,True,5492.9,6.338,5691.8,6.562,2932.0,7.721,8252.7,5.178,1.239,1.142,15.346,0.0,18.0,33.346,4,OPEN,True,49.7455,3,False
DE002610,T0103,S017,CHARGING,validation,20,8,True,True,6630.8,8.03,6687.7,7.07,2932.0,7.721,10386.5,7.379,1.239,1.142,18.023,0.0,18.0,36.023,4,OPEN,True,57.241,4,False
DE002610,T0103,S016,CHARGING,validation,20,8,True,True,7795.4,9.002,7838.7,8.008,2932.0,7.721,12702.1,9.289,1.239,1.142,20.299,0.0,18.0,38.299,3,OPEN,True,64.9756,5,False
DE002610,T0103,S022,CHARGING,validation,20,8,True,True,8204.6,10.602,8828.3,10.107,2932.0,7.721,14100.9,12.989,1.239,1.142,24.679,0.0,18.0,42.679,4,OPEN,True,72.7282,6,False
DE002610,T0103,S020,CHARGING,validation,20,8,True,True,13432.3,13.626,13199.3,13.544,2932.0,7.721,23699.6,19.448,1.239,1.142,32.349,0.0,18.0,50.349,2,OPEN,True,101.9102,7,False
DE002610,T0103,S005,CHARGING,validation,20,8,True,True,14074.6,16.332,13987.2,15.377,2932.0,7.721,25129.8,23.987,1.239,1.142,37.795,0.0,18.0,55.795,2,OPEN,True,111.3517,8,False
DE002613,T0103,S008,CHARGING,validation,20,8,True,True,3070.1,4.106,3021.4,4.098,2397.0,6.061,3694.5,2.142,1.05,1.142,8.991,0.0,18.0,26.991,2,OPEN,True,34.2156,1,True
DE002613,T0103,S002,CHARGING,validation,20,8,True,True,5112.4,7.073,5082.8,6.652,2397.0,6.061,7798.2,7.664,1.05,1.142,15.023,0.0,18.0,33.023,5,OPEN,True,48.7857,2,False
DE002613,T0103,S004,CHARGING,validation,20,8,True,True,5572.5,6.627,5691.8,6.562,2397.0,6.061,8867.3,7.127,1.05,1.142,14.452,0.0,18.0,32.452,4,OPEN,True,50.5684,3,False
DE002613,T0103,S017,CHARGING,validation,20,8,True,True,6607.0,7.72,6687.7,7.07,2397.0,6.061,10897.7,8.729,1.05,1.142,16.18,0.0,18.0,34.18,4,OPEN,True,56.7579,4,False
DE002613,T0103,S016,CHARGING,validation,20,8,True,True,7771.6,8.693,7838.7,8.008,2397.0,6.061,13213.3,10.639,1.05,1.142,18.272,0.0,18.0,36.272,3,OPEN,True,64.3088,5,False
DE002613,T0103,S022,CHARGING,validation,20,8,True,True,8180.8,10.293,8828.3,10.107,2397.0,6.061,14612.1,14.339,1.05,1.142,22.35,0.0,18.0,40.35,4,OPEN,True,71.759,6,False
DE002613,T0103,S020,CHARGING,validation,20,8,True,True,13346.3,13.419,13199.3,13.544,2397.0,6.061,24148.6,20.901,1.05,1.142,29.556,0.0,18.0,47.556,2,OPEN,True,100.3788,7,False
DE002613,T0103,S005,CHARGING,validation,20,8,True,True,14050.8,16.022,13987.2,15.377,2397.0,6.061,25641.0,25.337,1.05,1.142,34.383,0.0,18.0,52.383,2,OPEN,True,109.2996,8,False
DE002616,T0103,S008,CHARGING,validation,20,8,True,True,2572.7,3.307,3021.4,4.098,1772.0,4.723,3822.1,2.682,1.076,1.142,8.238,0.0,18.0,26.238,2,OPEN,True,33.8528,1,True
DE002616,T0103,S002,CHARGING,validation,20,8,True,True,5379.7,7.138,5082.8,6.652,1772.0,4.723,8690.5,9.068,1.076,1.142,15.277,0.0,18.0,33.277,5,OPEN,True,51.1753,2,False
DE002616,T0103,S004,CHARGING,validation,20,8,True,True,5931.1,6.4,5691.8,6.562,1772.0,4.723,9850.9,8.239,1.076,1.142,14.379,0.0,18.0,32.379,4,OPEN,True,52.741,3,False
DE002616,T0103,S017,CHARGING,validation,20,8,True,True,6828.4,7.117,6687.7,7.07,1772.0,4.723,11744.1,9.465,1.076,1.142,15.732,0.0,18.0,33.732,4,OPEN,True,58.1863,4,False
DE002616,T0103,S016,CHARGING,validation,20,8,True,True,7993.1,8.089,7838.7,8.008,1772.0,4.723,14059.8,11.375,1.076,1.142,17.849,0.0,18.0,35.849,3,OPEN,True,65.7626,5,False
DE002616,T0103,S022,CHARGING,validation,20,8,True,True,8332.9,9.689,8828.3,10.107,1772.0,4.723,15389.2,15.074,1.076,1.142,21.969,0.0,18.0,39.969,4,OPEN,True,73.1156,6,False
DE002616,T0103,S020,CHARGING,validation,20,8,True,True,12848.9,12.62,13199.3,13.544,1772.0,4.723,24276.2,21.441,1.076,1.142,29.045,0.0,18.0,47.045,2,OPEN,True,100.2582,7,False
DE002616,T0103,S005,CHARGING,validation,20,8,True,True,14272.3,15.419,13987.2,15.377,1772.0,4.723,26487.5,26.073,1.076,1.142,34.151,0.0,18.0,52.151,2,OPEN,True,110.944,8,False
DE002619,T0103,S008,CHARGING,validation,20,8,True,True,2668.6,3.498,3021.4,4.098,1047.0,2.707,4643.0,4.889,1.009,1.142,8.21,0.0,18.0,26.21,2,OPEN,True,36.018,1,True
DE002619,T0103,S002,CHARGING,validation,20,8,True,True,5266.7,7.283,5082.8,6.652,1047.0,2.707,9302.5,11.228,1.009,1.142,14.945,0.0,18.0,32.945,5,OPEN,True,52.6071,2,False
DE002619,T0103,S004,CHARGING,validation,20,8,True,True,5818.1,6.591,5691.8,6.562,1047.0,2.707,10462.9,10.446,1.009,1.142,14.144,0.0,18.0,32.144,4,OPEN,True,54.2811,3,False
DE002619,T0103,S017,CHARGING,validation,20,8,True,True,6924.4,7.308,6687.7,7.07,1047.0,2.707,12565.1,11.672,1.009,1.142,15.448,0.0,18.0,33.448,4,OPEN,True,60.0964,4,False
DE002619,T0103,S016,CHARGING,validation,20,8,True,True,8089.0,8.281,7838.7,8.008,1047.0,2.707,14880.7,13.582,1.009,1.142,17.501,0.0,18.0,35.501,3,OPEN,True,67.6074,5,False
DE002619,T0103,S022,CHARGING,validation,20,8,True,True,8428.9,9.881,8828.3,10.107,1047.0,2.707,16210.2,17.281,1.009,1.142,21.513,0.0,18.0,39.513,4,OPEN,True,74.8534,6,False
DE002619,T0103,S020,CHARGING,validation,20,8,True,True,12944.8,12.811,13199.3,13.544,1047.0,2.707,25097.1,23.648,1.009,1.142,28.393,0.0,18.0,46.393,2,OPEN,True,101.7994,7,False
DE002619,T0103,S005,CHARGING,validation,20,8,True,True,14368.3,15.61,13987.2,15.377,1047.0,2.707,27308.5,28.28,1.009,1.142,33.311,0.0,18.0,51.311,2,OPEN,True,112.2979,8,False
DE002622,T0103,S010,CHARGING,validation,1,1,False,True,18917.1,21.183,18500.5,20.208,398.0,1.102,37019.6,40.289,1.157,1.142,47.587,0.0,18.0,65.587,2,OPEN,True,148.9985,1,True
DE002625,T0104,S029,CHARGING,train,20,8,True,True,1182.4,1.952,489.4,0.776,7258.0,17.592,0.0,0.0,1.126,1.142,3.084,0.0,18.0,21.084,4,OPEN,True,19.6842,1,True
DE002625,T0104,S011,CHARGING,train,20,8,True,True,7135.8,10.288,6868.8,9.41,7258.0,17.592,6746.6,2.105,1.126,1.142,22.33,0.0,18.0,40.33,8,OPEN,True,52.2493,2,False
DE002625,T0104,S010,CHARGING,train,20,8,True,True,7839.2,9.991,8307.9,9.89,7258.0,17.592,8889.1,2.289,1.126,1.142,22.545,0.0,18.0,40.545,1,OPEN,True,58.5453,3,False
DE002625,T0104,S019,CHARGING,train,20,8,True,True,10992.9,14.458,11131.8,14.606,7258.0,17.592,14866.7,11.471,1.126,1.142,32.959,0.0,18.0,50.959,7,OPEN,True,81.4602,4,False
DE002625,T0104,S007,CHARGING,train,20,8,True,True,13068.5,15.451,10693.6,12.573,7258.0,17.592,16504.1,10.432,1.126,1.142,31.756,0.0,18.0,49.756,7,OPEN,True,83.2721,5,False
DE002625,T0104,S013,CHARGING,train,20,8,True,True,13415.1,17.164,13862.0,16.878,7258.0,17.592,20019.1,16.45,1.126,1.142,38.601,0.0,18.0,56.601,4,OPEN,True,99.3518,6,False
DE002625,T0104,S017,CHARGING,train,20,8,True,True,15998.3,20.764,16400.1,20.393,7258.0,17.592,25140.4,23.566,1.126,1.142,46.67,0.0,18.0,64.67,4,OPEN,True,119.4424,7,False
DE002625,T0104,S026,CHARGING,train,20,8,True,True,12029.9,15.321,12281.7,15.038,7258.0,17.592,17053.6,12.768,1.126,1.142,34.425,46.29,18.0,98.715,1,OPEN,True,135.6643,8,False
DE002628,T0104,S029,CHARGING,train,20,8,True,True,1006.9,1.584,489.4,0.776,6391.0,15.236,0.0,0.0,1.055,1.142,2.558,0.0,18.0,20.558,4,OPEN,True,19.1583,1,True
DE002628,T0104,S011,CHARGING,train,20,8,True,True,6960.4,9.921,6868.8,9.41,6391.0,15.236,7438.2,4.094,1.055,1.142,21.212,0.0,18.0,39.212,8,OPEN,True,53.0119,2,False
DE002628,T0104,S010,CHARGING,train,20,8,True,True,7663.7,9.624,8307.9,9.89,6391.0,15.236,9580.6,4.278,1.055,1.142,21.448,0.0,18.0,39.448,1,OPEN,True,59.3287,3,False
DE002628,T0104,S019,CHARGING,train,20,8,True,True,10817.4,14.09,11131.8,14.606,6391.0,15.236,15558.2,13.46,1.055,1.142,31.545,0.0,18.0,49.545,7,OPEN,True,81.9265,4,False
DE002628,T0104,S007,CHARGING,train,20,8,True,True,12893.0,15.083,10693.6,12.573,6391.0,15.236,17195.6,12.421,1.055,1.142,30.272,0.0,18.0,48.272,7,OPEN,True,83.668,5,False
DE002628,T0104,S013,CHARGING,train,20,8,True,True,13239.7,16.797,13862.0,16.878,6391.0,15.236,20710.7,18.438,1.055,1.142,36.995,0.0,18.0,54.995,4,OPEN,True,99.6262,6,False
DE002628,T0104,S017,CHARGING,train,20,8,True,True,15822.8,20.397,16400.1,20.393,6391.0,15.236,25831.9,25.555,1.055,1.142,44.808,0.0,18.0,62.808,4,OPEN,True,119.461,7,False
DE002628,T0104,S026,CHARGING,train,20,8,True,True,11854.5,14.954,12281.7,15.038,6391.0,15.236,17745.2,14.756,1.055,1.142,32.95,46.29,18.0,97.24,1,OPEN,True,136.0696,8,False
DE002631,T0104,S010,CHARGING,train,1,1,False,True,7919.8,10.143,8307.9,9.89,5495.0,12.661,10732.7,7.372,1.189,1.142,23.355,0.0,18.0,41.355,2,OPEN,True,63.9638,1,True
DE002634,T0104,S010,CHARGING,train,1,1,False,True,7653.0,9.6,8307.9,9.89,4615.0,10.212,11345.9,9.278,1.203,1.142,22.843,0.0,18.0,40.843,2,OPEN,True,65.1545,1,True
DE002637,T0104,S010,CHARGING,train,1,1,False,True,7627.0,8.953,8307.9,9.89,3628.0,7.847,12306.9,10.997,1.211,1.142,22.137,0.0,18.0,40.137,2,OPEN,True,66.8003,1,True
DE002640,T0104,S010,CHARGING,train,1,1,False,True,7780.1,9.445,8307.9,9.89,2658.0,6.176,13430.0,13.159,1.115,1.142,21.826,0.0,18.0,39.826,2,OPEN,True,69.2754,1,True
DE002643,T0104,S010,CHARGING,train,1,1,False,True,7624.9,9.496,8307.9,9.89,1638.0,3.737,14294.8,15.649,1.071,1.142,21.465,0.0,18.0,39.465,2,OPEN,True,71.2667,1,True
DE002646,T0104,S029,CHARGING,train,20,8,True,True,531.4,0.854,489.4,0.776,665.0,1.556,355.8,0.075,1.056,1.142,1.789,0.0,18.0,19.789,4,OPEN,True,19.1189,1,True
DE002646,T0104,S011,CHARGING,train,20,8,True,True,7060.8,10.156,6868.8,9.41,665.0,1.556,13264.6,18.01,1.056,1.142,21.471,0.0,18.0,39.471,9,OPEN,True,68.4026,2,False
DE002646,T0104,S010,CHARGING,train,20,8,True,True,8073.9,9.86,8307.9,9.89,665.0,1.556,15716.8,18.194,1.056,1.142,21.707,0.0,18.0,39.707,2,OPEN,True,74.9887,3,False
DE002646,T0104,S007,CHARGING,train,20,8,True,True,11936.6,13.206,10693.6,12.573,665.0,1.556,21965.2,24.223,1.056,1.142,28.304,0.0,18.0,46.304,7,OPEN,True,94.1897,4,False
DE002646,T0104,S019,CHARGING,train,20,8,True,True,10917.8,14.326,11131.8,14.606,665.0,1.556,21384.6,27.376,1.056,1.142,31.808,0.0,18.0,49.808,8,OPEN,True,97.3214,5,False
DE002646,T0104,S026,CHARGING,train,20,8,True,True,10898.0,13.076,12281.7,15.038,665.0,1.556,22514.7,26.558,1.056,1.142,30.982,0.0,18.0,48.982,6,OPEN,True,98.551,6,False
DE002646,T0104,S013,CHARGING,train,20,8,True,True,13649.9,17.032,13862.0,16.878,665.0,1.556,26846.9,32.354,1.056,1.142,37.261,0.0,18.0,55.261,4,OPEN,True,115.6434,7,False
DE002646,T0104,S017,CHARGING,train,20,8,True,True,15923.2,20.633,16400.1,20.393,665.0,1.556,31658.3,39.471,1.056,1.142,45.078,0.0,18.0,63.078,6,OPEN,True,134.1621,8,False
DE002745,T0109,S025,CHARGING,train,20,8,True,True,3428.9,4.203,4072.3,5.104,7866.0,18.809,0.0,0.0,1.266,1.142,11.15,0.0,18.0,29.15,2,OPEN,True,28.4496,1,True
DE002745,T0109,S022,CHARGING,train,20,8,True,True,7058.2,7.678,6463.4,7.84,7866.0,18.809,5655.6,0.0,1.266,1.142,18.673,0.0,18.0,36.673,5,OPEN,True,46.2344,2,False
DE002745,T0109,S016,CHARGING,train,20,8,True,True,8795.4,9.461,7986.6,8.921,7866.0,18.809,8916.0,0.0,1.266,1.142,22.166,0.0,18.0,40.166,3,OPEN,True,56.9482,3,False
DE002745,T0109,S017,CHARGING,train,20,8,True,True,11470.0,12.579,10745.5,12.115,7866.0,18.809,14349.5,5.886,1.266,1.142,29.761,0.0,18.0,47.761,5,OPEN,True,76.1814,4,False
DE002745,T0109,S008,CHARGING,train,20,8,True,True,12852.0,15.357,12039.8,15.039,7866.0,18.809,17025.8,11.587,1.266,1.142,36.616,0.0,18.0,54.616,3,OPEN,True,90.5139,5,False
DE002745,T0109,S004,CHARGING,train,20,8,True,True,14397.6,14.846,13665.9,14.661,7866.0,18.809,20197.5,10.698,1.266,1.142,35.537,0.0,18.0,53.537,4,OPEN,True,95.2071,6,False
DE002745,T0109,S002,CHARGING,train,20,8,True,True,14947.1,15.584,13873.1,14.756,7866.0,18.809,20954.2,11.531,1.266,1.142,36.581,0.0,18.0,54.581,4,OPEN,True,97.9721,7,False
DE002745,T0109,S020,CHARGING,train,20,8,True,True,13008.7,20.125,12928.8,19.966,7866.0,18.809,18071.5,21.283,1.266,1.142,48.28,0.0,18.0,66.28,2,OPEN,True,107.0437,8,False
DE002748,T0109,S025,CHARGING,train,20,8,True,True,2812.0,3.512,4072.3,5.104,6773.0,16.646,111.3,0.0,1.145,1.142,9.85,0.0,18.0,27.85,2,OPEN,True,27.3725,1,True
DE002748,T0109,S022,CHARGING,train,20,8,True,True,7742.0,8.456,6463.4,7.84,6773.0,16.646,7432.4,0.0,1.145,1.142,18.636,0.0,18.0,36.636,5,OPEN,True,49.7509,2,False
DE002748,T0109,S016,CHARGING,train,20,8,True,True,9479.2,10.24,7986.6,8.921,6773.0,16.646,10692.8,2.515,1.145,1.142,21.913,0.0,18.0,39.913,3,OPEN,True,60.8777,3,False
DE002748,T0109,S017,CHARGING,train,20,8,True,True,12153.8,13.358,10745.5,12.115,6773.0,16.646,16126.3,8.827,1.145,1.142,29.131,0.0,18.0,47.131,5,OPEN,True,79.8402,4,False
DE002748,T0109,S008,CHARGING,train,20,8,True,True,13535.9,16.136,12039.8,15.039,6773.0,16.646,18802.7,14.528,1.145,1.142,35.649,0.0,18.0,53.649,3,OPEN,True,93.8367,5,False
DE002748,T0109,S004,CHARGING,train,20,8,True,True,15081.4,15.625,13665.9,14.661,6773.0,16.646,21974.3,13.639,1.145,1.142,34.633,0.0,18.0,52.633,4,OPEN,True,98.5915,6,False
DE002748,T0109,S002,CHARGING,train,20,8,True,True,15630.9,16.363,13873.1,14.756,6773.0,16.646,22731.0,14.473,1.145,1.142,35.587,0.0,18.0,53.587,4,OPEN,True,101.2672,7,False
DE002748,T0109,S020,CHARGING,train,20,8,True,True,12739.1,19.434,12928.8,19.966,6773.0,16.646,18894.9,22.754,1.145,1.142,45.054,0.0,18.0,63.054,2,OPEN,True,105.8321,8,False
DE002751,T0109,S025,CHARGING,train,18,8,True,True,3086.6,4.07,4072.3,5.104,5759.0,14.422,1399.9,0.0,1.957,2.001,18.179,0.0,18.0,36.179,2,OPEN,True,38.2787,1,True
DE002751,T0109,S022,CHARGING,train,18,8,True,True,7515.7,8.122,6463.4,7.84,5759.0,14.422,8220.1,1.54,1.957,2.001,31.584,0.0,18.0,49.584,2,OPEN,True,65.7089,2,False
DE002751,T0109,S016,CHARGING,train,18,8,True,True,9252.9,9.906,7986.6,8.921,5759.0,14.422,11480.5,4.405,1.957,2.001,37.238,0.0,18.0,55.238,2,OPEN,True,78.6003,3,False
DE002751,T0109,S017,CHARGING,train,18,8,True,True,11927.5,13.024,10745.5,12.115,5759.0,14.422,16914.0,10.717,1.957,2.001,49.731,0.0,18.0,67.731,4,OPEN,True,102.8381,4,False
DE002751,T0109,S004,CHARGING,train,18,8,True,True,14855.1,15.291,13665.9,14.661,5759.0,14.422,22762.0,15.529,1.957,2.001,59.26,0.0,18.0,77.26,1,OPEN,True,126.3166,5,False
DE002751,T0109,S002,CHARGING,train,18,8,True,True,15404.6,16.029,13873.1,14.756,5759.0,14.422,23518.7,16.363,1.957,2.001,60.895,0.0,18.0,78.895,2,OPEN,True,129.3235,6,False
DE002751,T0109,S019,CHARGING,train,18,8,True,True,17298.9,20.038,16428.9,18.294,5759.0,14.422,27968.8,23.91,1.957,2.001,75.821,0.0,18.0,93.821,4,OPEN,True,154.3363,7,False
DE002751,T0109,S011,CHARGING,train,18,8,True,True,19182.8,22.059,18831.6,20.921,5759.0,14.422,32255.4,28.558,1.957,2.001,85.033,0.0,18.0,103.033,6,OPEN,True,172.5838,8,False
DE002754,T0109,S025,CHARGING,train,18,8,True,True,3267.4,4.578,4072.3,5.104,4673.0,12.029,2666.7,0.0,1.926,2.001,19.03,0.0,18.0,37.03,2,OPEN,True,41.663,1,True
DE002754,T0109,S022,CHARGING,train,18,8,True,True,7336.6,8.063,6463.4,7.84,4673.0,12.029,9127.0,3.875,1.926,2.001,31.218,0.0,18.0,49.218,2,OPEN,True,67.7412,2,False
DE002754,T0109,S016,CHARGING,train,18,8,True,True,9073.8,9.847,7986.6,8.921,4673.0,12.029,12387.4,6.74,1.926,2.001,36.817,0.0,18.0,54.817,2,OPEN,True,80.5772,3,False
DE002754,T0109,S017,CHARGING,train,18,8,True,True,11748.4,12.965,10745.5,12.115,4673.0,12.029,17820.9,13.052,1.926,2.001,49.214,0.0,18.0,67.214,4,OPEN,True,104.7184,4,False
DE002754,T0109,S004,CHARGING,train,18,8,True,True,14676.0,15.232,13665.9,14.661,4673.0,12.029,23668.9,17.864,1.926,2.001,58.673,0.0,18.0,76.673,1,OPEN,True,128.1266,5,False
DE002754,T0109,S002,CHARGING,train,18,8,True,True,15225.5,15.97,13873.1,14.756,4673.0,12.029,24425.6,18.697,1.926,2.001,60.285,0.0,18.0,78.285,2,OPEN,True,131.1106,6,False
DE002754,T0109,S019,CHARGING,train,18,8,True,True,17119.8,19.979,16428.9,18.294,4673.0,12.029,28875.7,26.245,1.926,2.001,75.087,0.0,18.0,93.087,4,OPEN,True,155.9992,7,False
DE002754,T0109,S011,CHARGING,train,18,8,True,True,19003.7,22.0,18831.6,20.921,4673.0,12.029,33162.3,30.893,1.926,2.001,84.236,0.0,18.0,102.236,6,OPEN,True,174.184,8,False
DE002757,T0109,S025,CHARGING,train,18,8,True,True,3913.7,4.752,4072.3,5.104,3618.0,9.867,4368.0,0.0,2.032,2.001,19.869,0.0,18.0,37.869,2,OPEN,True,45.9046,1,True
DE002757,T0109,S022,CHARGING,train,18,8,True,True,6463.5,7.911,6463.4,7.84,3618.0,9.867,9308.9,5.885,2.032,2.001,31.764,0.0,18.0,49.764,2,OPEN,True,69.1528,2,False
DE002757,T0109,S016,CHARGING,train,18,8,True,True,8200.7,9.695,7986.6,8.921,3618.0,9.867,12569.3,8.75,2.032,2.001,37.552,0.0,18.0,55.552,2,OPEN,True,82.1779,3,False
DE002757,T0109,S017,CHARGING,train,18,8,True,True,10875.3,12.813,10745.5,12.115,3618.0,9.867,18002.8,15.061,2.032,2.001,50.279,0.0,18.0,68.279,4,OPEN,True,106.6496,4,False
DE002757,T0109,S004,CHARGING,train,18,8,True,True,13802.9,15.079,13665.9,14.661,3618.0,9.867,23850.8,19.874,2.032,2.001,59.978,0.0,18.0,77.978,1,OPEN,True,130.2981,5,False
DE002757,T0109,S002,CHARGING,train,18,8,True,True,14352.4,15.818,13873.1,14.756,3618.0,9.867,24607.5,20.707,2.032,2.001,61.669,0.0,18.0,79.669,2,OPEN,True,133.3604,6,False
DE002757,T0109,S019,CHARGING,train,18,8,True,True,16273.9,19.827,16428.9,18.294,3618.0,9.867,29084.8,28.254,2.032,2.001,76.895,0.0,18.0,94.895,4,OPEN,True,158.7283,7,False
DE002757,T0109,S011,CHARGING,train,18,8,True,True,18157.8,21.848,18831.6,20.921,3618.0,9.867,33371.4,32.903,2.032,2.001,86.259,0.0,18.0,104.259,6,OPEN,True,177.1274,8,False
DE002760,T0109,S025,CHARGING,train,18,8,True,True,4506.2,5.99,4072.3,5.104,2665.0,7.649,5913.5,3.444,2.613,2.001,25.864,0.0,18.0,43.864,2,OPEN,True,55.8524,1,True
DE002760,T0109,S022,CHARGING,train,18,8,True,True,6102.5,6.636,6463.4,7.84,2665.0,7.649,9900.9,6.826,2.613,2.001,33.027,0.0,18.0,51.027,2,OPEN,True,71.8354,2,False
DE002760,T0109,S016,CHARGING,train,18,8,True,True,7839.7,8.419,7986.6,8.921,2665.0,7.649,13161.3,9.691,2.613,2.001,39.851,0.0,18.0,57.851,2,OPEN,True,85.8969,3,False
DE002760,T0109,S017,CHARGING,train,18,8,True,True,10514.3,11.537,10745.5,12.115,2665.0,7.649,18594.8,16.003,2.613,2.001,54.39,0.0,18.0,72.39,4,OPEN,True,112.18,4,False
DE002760,T0109,S004,CHARGING,train,18,8,True,True,13441.9,13.804,13665.9,14.661,2665.0,7.649,24442.8,20.815,2.613,2.001,65.406,0.0,18.0,83.406,1,OPEN,True,137.1454,5,False
DE002760,T0109,S002,CHARGING,train,18,8,True,True,13991.4,14.542,13873.1,14.756,2665.0,7.649,25199.5,21.649,2.613,2.001,67.525,0.0,18.0,85.525,2,OPEN,True,140.6365,6,False
DE002760,T0109,S019,CHARGING,train,18,8,True,True,16754.1,18.551,16428.9,18.294,2665.0,7.649,30518.0,29.196,2.613,2.001,85.081,0.0,18.0,103.081,4,OPEN,True,170.0163,7,False
DE002760,T0109,S005,CHARGING,train,18,8,True,True,18242.1,19.915,17781.5,19.67,2665.0,7.649,33358.6,31.936,2.613,2.001,91.399,0.0,18.0,109.399,1,OPEN,True,183.7499,8,False
DE002763,T0109,S025,CHARGING,train,18,8,True,True,4587.2,6.059,4072.3,5.104,1655.0,4.685,7004.5,6.478,2.632,2.001,26.161,0.0,18.0,44.161,2,OPEN,True,59.0894,1,True
DE002763,T0109,S022,CHARGING,train,18,8,True,True,5849.9,7.02,6463.4,7.84,1655.0,4.685,10658.3,10.175,2.632,2.001,34.165,0.0,18.0,52.165,2,OPEN,True,75.3252,2,False
DE002763,T0109,S016,CHARGING,train,18,8,True,True,7587.1,8.804,7986.6,8.921,1655.0,4.685,13918.7,13.04,2.632,2.001,41.023,0.0,18.0,59.023,2,OPEN,True,89.4205,3,False
DE002763,T0109,S017,CHARGING,train,18,8,True,True,10261.7,11.922,10745.5,12.115,1655.0,4.685,19352.2,19.352,2.632,2.001,55.621,0.0,18.0,73.621,4,OPEN,True,115.7629,4,False
DE002763,T0109,S004,CHARGING,train,18,8,True,True,13189.3,14.188,13665.9,14.661,1655.0,4.685,25200.2,24.164,2.632,2.001,66.68,0.0,18.0,84.68,1,OPEN,True,140.7714,5,False
DE002763,T0109,S002,CHARGING,train,18,8,True,True,13738.8,14.926,13873.1,14.756,1655.0,4.685,25956.9,24.997,2.632,2.001,68.813,0.0,18.0,86.813,2,OPEN,True,144.2765,6,False
DE002763,T0109,S019,CHARGING,train,18,8,True,True,16240.8,18.936,16428.9,18.294,1655.0,4.685,31014.7,32.545,2.632,2.001,86.446,0.0,18.0,104.446,4,OPEN,True,173.2111,7,False
DE002763,T0109,S005,CHARGING,train,18,8,True,True,17989.5,20.3,17781.5,19.67,1655.0,4.685,34116.0,35.285,2.632,2.001,92.789,0.0,18.0,110.789,1,OPEN,True,187.492,8,False
DE002766,T0109,S025,CHARGING,train,17,8,True,True,4585.2,5.89,4072.3,5.104,629.0,1.769,8028.5,9.224,1.72,2.001,20.344,0.0,18.0,38.344,1,OPEN,True,56.3565,1,True
DE002766,T0109,S022,CHARGING,train,17,8,True,True,5793.4,6.851,6463.4,7.84,629.0,1.769,11627.8,12.921,1.72,2.001,27.471,0.0,18.0,45.471,3,OPEN,True,70.907,2,False
DE002766,T0109,S016,CHARGING,train,17,8,True,True,7530.6,8.634,7986.6,8.921,629.0,1.769,14888.2,15.786,1.72,2.001,32.703,0.0,18.0,50.703,1,OPEN,True,84.0756,3,False
DE002766,T0109,S017,CHARGING,train,17,8,True,True,10205.2,11.752,10745.5,12.115,629.0,1.769,20321.7,22.098,1.72,2.001,44.457,0.0,18.0,62.457,5,OPEN,True,106.8745,4,False
DE002766,T0109,S004,CHARGING,train,17,8,True,True,13132.8,14.019,13665.9,14.661,629.0,1.769,26169.7,26.91,1.72,2.001,53.449,0.0,18.0,71.449,4,OPEN,True,129.1158,5,False
DE002766,T0109,S002,CHARGING,train,17,8,True,True,13682.3,14.757,13873.1,14.756,629.0,1.769,26926.4,27.744,1.72,2.001,54.909,0.0,18.0,72.909,2,OPEN,True,132.9978,6,False
DE002766,T0109,S019,CHARGING,train,17,8,True,True,16184.3,18.766,16428.9,18.294,629.0,1.769,31984.2,35.291,1.72,2.001,68.885,0.0,18.0,86.885,4,OPEN,True,158.2758,7,False
DE002766,T0109,S005,CHARGING,train,17,8,True,True,17933.0,20.13,17781.5,19.67,629.0,1.769,35085.5,38.031,1.72,2.001,73.984,0.0,18.0,91.984,3,OPEN,True,170.6127,8,False
DE002769,T0110,S027,BATTERY_SWAP,validation,5,5,True,True,3322.3,5.676,2921.9,4.794,6687.0,19.278,0.0,0.0,2.496,2.001,23.758,0.0,6.0,29.758,3,OPEN,True,28.7083,1,True
DE002769,T0110,S006,BATTERY_SWAP,validation,5,5,True,True,7953.9,10.339,7549.8,9.49,6687.0,19.278,8816.7,0.552,2.496,2.001,44.797,0.0,6.0,50.797,5,OPEN,True,66.8187,2,False
DE002769,T0110,S021,BATTERY_SWAP,validation,5,5,True,True,8780.8,11.258,8116.5,9.741,6687.0,19.278,10210.3,1.72,2.496,2.001,47.59,0.0,6.0,53.59,2,OPEN,True,73.7411,3,False
DE002769,T0110,S005,BATTERY_SWAP,validation,5,5,True,True,8714.6,12.949,8217.6,11.095,6687.0,19.278,10245.2,4.766,2.496,2.001,54.521,0.0,6.0,60.521,3,OPEN,True,81.1528,4,False
DE002769,T0110,S005,CHARGING,validation,5,5,True,True,8714.6,12.949,8217.6,11.095,6687.0,19.278,10245.2,4.766,2.496,2.001,54.521,0.0,18.0,72.521,1,OPEN,True,93.8528,5,False
DE002773,T0110,S027,BATTERY_SWAP,validation,5,5,True,True,2815.5,4.444,2921.9,4.794,5828.0,16.545,0.0,0.0,2.483,2.001,20.627,0.0,6.0,26.627,3,OPEN,True,25.577,1,True
DE002773,T0110,S006,BATTERY_SWAP,validation,5,5,True,True,7447.0,9.108,7549.8,9.49,5828.0,16.545,9168.8,2.054,2.483,2.001,41.605,0.0,6.0,47.605,5,OPEN,True,64.7063,2,False
DE002773,T0110,S021,BATTERY_SWAP,validation,5,5,True,True,8273.9,10.026,8116.5,9.741,5828.0,16.545,10562.4,3.222,2.483,2.001,44.387,0.0,6.0,50.387,2,OPEN,True,71.6169,3,False
DE002773,T0110,S005,BATTERY_SWAP,validation,5,5,True,True,8207.7,11.717,8217.6,11.095,5828.0,16.545,10597.3,6.268,2.483,2.001,51.295,0.0,6.0,57.295,3,OPEN,True,79.0066,4,False
DE002773,T0110,S005,CHARGING,validation,5,5,True,True,8207.7,11.717,8217.6,11.095,5828.0,16.545,10597.3,6.268,2.483,2.001,51.295,0.0,18.0,69.295,1,OPEN,True,91.7066,5,False
DE002777,T0110,S027,BATTERY_SWAP,validation,5,5,True,True,3126.0,5.086,2921.9,4.794,4948.0,13.738,1099.9,0.0,1.762,2.001,18.554,0.0,6.0,24.554,3,OPEN,True,25.7042,1,True
DE002777,T0110,S006,BATTERY_SWAP,validation,5,5,True,True,7757.5,9.75,7549.8,9.49,4948.0,13.738,10359.3,5.502,1.762,2.001,36.17,0.0,6.0,42.17,5,OPEN,True,62.5144,2,False
DE002777,T0110,S021,BATTERY_SWAP,validation,5,5,True,True,8584.4,10.669,8116.5,9.741,4948.0,13.738,11752.9,6.671,1.762,2.001,38.289,0.0,6.0,44.289,2,OPEN,True,68.7628,3,False
DE002777,T0110,S005,BATTERY_SWAP,validation,5,5,True,True,8518.2,12.36,8217.6,11.095,4948.0,13.738,11787.8,9.716,1.762,2.001,43.979,0.0,6.0,49.979,3,OPEN,True,74.9334,4,False
DE002777,T0110,S005,CHARGING,validation,5,5,True,True,8518.2,12.36,8217.6,11.095,4948.0,13.738,11787.8,9.716,1.762,2.001,43.979,0.0,18.0,61.979,1,OPEN,True,87.6334,5,False
DE002781,T0110,S027,BATTERY_SWAP,validation,1,1,False,True,3169.6,5.368,2921.9,4.794,4043.0,10.723,2048.5,0.0,1.838,2.001,19.458,0.0,6.0,25.458,3,OPEN,True,28.505,1,True
DE002785,T0110,S027,BATTERY_SWAP,validation,1,1,False,True,2889.7,4.351,2921.9,4.794,3178.0,7.925,2633.6,1.219,1.967,2.001,18.15,0.0,6.0,24.15,3,OPEN,True,28.6716,1,True
DE002789,T0110,S027,BATTERY_SWAP,validation,1,1,False,True,2544.1,4.257,2921.9,4.794,2267.0,5.9,3199.0,3.151,2.159,2.001,18.784,0.0,6.0,24.784,3,OPEN,True,30.9195,1,True
DE002793,T0110,S027,BATTERY_SWAP,validation,1,1,False,True,2331.4,3.639,2921.9,4.794,1408.0,3.484,3845.3,4.949,2.389,2.001,18.285,0.0,6.0,24.285,3,OPEN,True,32.163,1,True
DE002797,T0110,S027,BATTERY_SWAP,validation,1,1,False,True,2921.9,4.548,2921.9,4.794,556.0,1.506,5287.8,7.836,2.227,2.001,19.72,0.0,6.0,25.72,3,OPEN,True,37.2047,1,True
DE002801,T0111,S010,CHARGING,train,2,2,True,True,3918.0,4.682,5118.6,5.914,6820.0,16.335,2216.6,0.0,1.897,2.001,20.716,0.0,18.0,38.716,3,OPEN,True,42.0989,1,True
DE002801,T0111,S005,CHARGING,train,2,2,True,True,9985.9,12.303,8665.3,11.672,6820.0,16.335,11831.2,7.639,1.897,2.001,46.693,0.0,18.0,64.693,1,OPEN,True,89.9146,2,False
DE002804,T0111,S010,CHARGING,train,2,2,True,True,4055.9,4.856,5118.6,5.914,5869.0,14.327,3305.5,0.0,2.28,2.001,22.906,0.0,18.0,40.906,3,OPEN,True,46.4668,1,True
DE002804,T0111,S005,CHARGING,train,2,2,True,True,9848.0,12.096,8665.3,11.672,5869.0,14.327,12644.3,9.44,2.28,2.001,50.933,0.0,18.0,68.933,1,OPEN,True,96.2315,2,False
DE002819,T0111,S010,CHARGING,train,1,1,False,True,4488.5,5.477,5118.6,5.914,1516.0,2.809,8091.1,8.582,1.665,2.001,20.954,0.0,18.0,38.954,1,OPEN,True,56.9313,1,True
DE002822,T0111,S010,CHARGING,train,1,1,False,True,5004.0,5.724,5118.6,5.914,583.0,0.874,9539.6,10.765,2.548,2.001,26.42,0.0,18.0,44.42,1,OPEN,True,65.8407,1,True
DE002825,T0112,S017,CHARGING,train,17,8,True,True,4722.3,6.349,4293.6,5.905,7899.0,21.001,1116.9,0.0,2.082,2.001,25.034,0.0,18.0,43.034,5,OPEN,True,43.5184,1,True
DE002825,T0112,S016,CHARGING,train,17,8,True,True,5068.1,6.694,3624.1,5.199,7899.0,21.001,793.2,0.0,2.082,2.001,24.34,0.0,18.0,42.34,1,OPEN,True,43.5761,2,False
DE002825,T0112,S022,CHARGING,train,17,8,True,True,4984.9,6.954,4157.7,5.757,7899.0,21.001,1243.6,0.0,2.082,2.001,25.997,0.0,18.0,43.997,3,OPEN,True,45.4342,3,False
DE002825,T0112,S004,CHARGING,train,17,8,True,True,5288.9,7.014,6044.8,7.5,7899.0,21.001,3434.7,0.0,2.082,2.001,29.61,0.0,18.0,47.61,4,OPEN,True,53.0797,4,False
DE002825,T0112,S002,CHARGING,train,17,8,True,True,5838.4,7.752,6386.4,7.595,7899.0,21.001,4325.8,0.0,2.082,2.001,31.338,0.0,18.0,49.338,2,OPEN,True,57.2893,5,False
DE002825,T0112,S025,CHARGING,train,17,8,True,True,13208.7,14.793,12143.0,13.032,7899.0,21.001,17452.7,6.823,2.082,2.001,56.876,0.0,18.0,74.876,1,OPEN,True,111.1368,6,False
DE002825,T0112,S019,CHARGING,train,17,8,True,True,13189.1,15.036,12617.5,14.572,7899.0,21.001,17907.6,8.606,2.082,2.001,60.463,0.0,18.0,78.463,4,OPEN,True,115.0297,7,False
DE002825,T0112,S005,CHARGING,train,17,8,True,True,12996.9,15.451,12685.2,15.014,7899.0,21.001,17783.1,9.463,2.082,2.001,62.211,0.0,18.0,80.211,3,OPEN,True,117.0934,8,False
DE002828,T0112,S016,CHARGING,train,17,8,True,True,4648.2,6.08,3624.1,5.199,6854.0,17.897,1418.3,0.0,1.645,2.001,20.405,0.0,18.0,38.405,1,OPEN,True,40.8918,1,True
DE002828,T0112,S022,CHARGING,train,17,8,True,True,4565.0,6.006,4157.7,5.757,6854.0,17.897,1868.7,0.0,1.645,2.001,21.4,0.0,18.0,39.4,3,OPEN,True,42.0871,2,False
DE002828,T0112,S017,CHARGING,train,17,8,True,True,4889.0,5.735,4293.6,5.905,6854.0,17.897,2328.6,0.0,1.645,2.001,21.251,0.0,18.0,39.251,5,OPEN,True,42.1579,3,False
DE002828,T0112,S004,CHARGING,train,17,8,True,True,5285.4,6.132,6044.8,7.5,6854.0,17.897,4476.2,0.0,1.645,2.001,25.095,0.0,18.0,43.095,4,OPEN,True,50.6473,4,False
DE002828,T0112,S002,CHARGING,train,17,8,True,True,5834.9,6.871,6386.4,7.595,6854.0,17.897,5367.3,0.0,1.645,2.001,26.5,0.0,18.0,44.5,2,OPEN,True,54.5343,5,False
DE002828,T0112,S025,CHARGING,train,17,8,True,True,12788.8,13.845,12143.0,13.032,6854.0,17.897,18077.8,8.981,1.645,2.001,48.852,0.0,18.0,66.852,1,OPEN,True,104.9033,6,False
DE002828,T0112,S019,CHARGING,train,17,8,True,True,13355.9,14.422,12617.5,14.572,6854.0,17.897,19119.4,11.098,1.645,2.001,52.883,0.0,18.0,70.883,4,OPEN,True,110.4962,7,False
DE002828,T0112,S005,CHARGING,train,17,8,True,True,13058.2,14.837,12685.2,15.014,6854.0,17.897,18889.4,11.954,1.645,2.001,54.45,0.0,18.0,72.45,3,OPEN,True,112.1675,8,False
DE002831,T0112,S016,CHARGING,train,17,8,True,True,4877.5,5.924,3624.1,5.199,5765.0,15.776,2736.6,0.0,2.807,2.001,27.033,0.0,18.0,45.033,1,OPEN,True,50.1558,1,True
DE002831,T0112,S017,CHARGING,train,17,8,True,True,4791.9,5.579,4293.6,5.905,5765.0,15.776,3320.5,0.0,2.807,2.001,27.477,0.0,18.0,45.477,5,OPEN,True,50.3684,2,False
DE002831,T0112,S022,CHARGING,train,17,8,True,True,4770.2,6.138,4157.7,5.757,5765.0,15.776,3162.9,0.0,2.807,2.001,28.749,0.0,18.0,46.749,3,OPEN,True,52.025,3,False
DE002831,T0112,S004,CHARGING,train,17,8,True,True,5084.6,5.981,6044.8,7.5,5765.0,15.776,5364.4,0.0,2.807,2.001,31.795,0.0,18.0,49.795,4,OPEN,True,59.1237,4,False
DE002831,T0112,S002,CHARGING,train,17,8,True,True,5634.1,6.719,6386.4,7.595,5765.0,15.776,6255.5,0.0,2.807,2.001,34.057,0.0,18.0,52.057,2,OPEN,True,63.8685,5,False
DE002831,T0112,S025,CHARGING,train,17,8,True,True,12913.3,13.977,12143.0,13.032,5765.0,15.776,19291.3,11.233,2.807,2.001,65.311,0.0,18.0,83.311,1,OPEN,True,124.352,6,False
DE002831,T0112,S019,CHARGING,train,17,8,True,True,13258.7,14.266,12617.5,14.572,5765.0,15.776,20111.2,13.062,2.807,2.001,69.204,0.0,18.0,87.204,4,OPEN,True,129.2916,7,False
DE002831,T0112,S005,CHARGING,train,17,8,True,True,12857.4,14.681,12685.2,15.014,5765.0,15.776,19777.6,13.919,2.807,2.001,71.253,0.0,18.0,89.253,3,OPEN,True,131.238,8,False
DE002834,T0112,S016,CHARGING,train,17,8,True,True,5100.8,6.851,3624.1,5.199,4745.0,12.914,3979.9,0.0,2.011,2.001,24.179,0.0,18.0,42.179,2,OPEN,True,49.4392,1,True
DE002834,T0112,S017,CHARGING,train,17,8,True,True,5203.5,6.179,4293.6,5.905,4745.0,12.914,4752.1,0.0,2.011,2.001,24.242,0.0,18.0,42.242,4,OPEN,True,50.3464,2,False
DE002834,T0112,S004,CHARGING,train,17,8,True,True,5044.6,5.462,6044.8,7.5,4745.0,12.914,6344.4,0.047,2.011,2.001,25.991,0.0,18.0,43.991,2,OPEN,True,55.9917,3,False
DE002834,T0112,S002,CHARGING,train,17,8,True,True,5594.1,6.2,6386.4,7.595,4745.0,12.914,7235.5,0.881,2.011,2.001,27.666,0.0,18.0,45.666,2,OPEN,True,59.6573,4,False
DE002834,T0112,S008,CHARGING,train,17,8,True,True,6568.6,7.592,6951.9,9.05,4745.0,12.914,8775.5,3.728,2.011,2.001,33.378,0.0,18.0,51.378,1,OPEN,True,69.5107,5,False
DE002834,T0112,S005,CHARGING,train,17,8,True,True,13009.4,14.481,12685.2,15.014,4745.0,12.914,20949.6,16.58,2.011,2.001,59.164,0.0,18.0,77.164,2,OPEN,True,122.5083,6,False
DE002834,T0112,S019,CHARGING,train,17,8,True,True,13670.3,15.192,12617.5,14.572,4745.0,12.914,21542.8,16.85,2.011,2.001,59.71,0.0,18.0,77.71,2,OPEN,True,124.3084,7,False
DE002834,T0112,S011,CHARGING,train,17,8,True,True,15860.9,17.214,14791.7,17.199,4745.0,12.914,25907.6,21.498,2.011,2.001,69.032,0.0,18.0,87.032,4,OPEN,True,142.8213,8,False
DE002837,T0112,S016,CHARGING,train,17,8,True,True,4913.9,6.441,3624.1,5.199,3699.0,9.726,4839.0,1.915,2.172,2.001,24.394,0.0,18.0,42.394,2,OPEN,True,51.8506,1,True
DE002837,T0112,S017,CHARGING,train,17,8,True,True,5066.1,6.097,4293.6,5.905,3699.0,9.726,5660.7,2.276,2.172,2.001,25.058,0.0,18.0,43.058,4,OPEN,True,53.5481,2,False
DE002837,T0112,S004,CHARGING,train,17,8,True,True,5206.0,5.785,6044.8,7.5,3699.0,9.726,7551.8,3.559,2.172,2.001,27.571,0.0,18.0,45.571,2,OPEN,True,60.8649,3,False
DE002837,T0112,S002,CHARGING,train,17,8,True,True,5755.5,6.523,6386.4,7.595,3699.0,9.726,8442.9,4.392,2.172,2.001,29.365,0.0,18.0,47.365,2,OPEN,True,64.6493,4,False
DE002837,T0112,S008,CHARGING,train,17,8,True,True,6730.0,7.915,6951.9,9.05,3699.0,9.726,9982.9,7.24,2.172,2.001,35.301,0.0,18.0,53.301,1,OPEN,True,74.7268,5,False
DE002837,T0112,S019,CHARGING,train,17,8,True,True,13532.9,14.783,12617.5,14.572,3699.0,9.726,22451.4,19.63,2.172,2.001,61.268,0.0,18.0,79.268,2,OPEN,True,128.3781,6,False
DE002837,T0112,S005,CHARGING,train,17,8,True,True,13131.6,14.804,12685.2,15.014,3699.0,9.726,22117.8,20.092,2.172,2.001,62.196,0.0,18.0,80.196,2,OPEN,True,128.7551,7,False
DE002837,T0112,S011,CHARGING,train,17,8,True,True,15674.0,16.804,14791.7,17.199,3699.0,9.726,26766.7,24.278,2.172,2.001,70.914,0.0,18.0,88.914,4,OPEN,True,147.1173,8,False
DE002840,T0112,S016,CHARGING,train,17,8,True,True,5015.8,6.655,3624.1,5.199,2782.0,7.111,5857.9,4.743,1.759,2.001,22.109,0.0,18.0,40.109,2,OPEN,True,52.3108,1,True
DE002840,T0112,S017,CHARGING,train,17,8,True,True,5208.7,6.31,4293.6,5.905,2782.0,7.111,6720.3,5.104,1.759,2.001,22.915,0.0,18.0,40.915,4,OPEN,True,54.2321,2,False
DE002840,T0112,S004,CHARGING,train,17,8,True,True,5139.8,5.657,6044.8,7.5,2782.0,7.111,8402.6,6.046,1.759,2.001,24.958,0.0,18.0,42.958,2,OPEN,True,60.5752,3,False
DE002840,T0112,S002,CHARGING,train,17,8,True,True,5689.3,6.396,6386.4,7.595,2782.0,7.111,9293.7,6.88,1.759,2.001,26.447,0.0,18.0,44.447,2,OPEN,True,64.0548,4,False
DE002840,T0112,S008,CHARGING,train,17,8,True,True,6663.8,7.788,6951.9,9.05,2782.0,7.111,10833.7,9.727,1.759,2.001,31.808,0.0,18.0,49.808,1,OPEN,True,73.5573,5,False
DE002840,T0112,S005,CHARGING,train,17,8,True,True,13104.5,14.676,12685.2,15.014,2782.0,7.111,23007.7,22.579,1.759,2.001,55.858,0.0,18.0,73.858,2,OPEN,True,124.8188,6,False
DE002840,T0112,S019,CHARGING,train,17,8,True,True,13675.5,14.997,12617.5,14.572,2782.0,7.111,23511.0,22.458,1.759,2.001,55.538,0.0,18.0,73.538,2,OPEN,True,125.4745,7,False
DE002840,T0112,S011,CHARGING,train,17,8,True,True,15775.9,17.018,14791.7,17.199,2782.0,7.111,27785.6,27.106,1.759,2.001,64.35,0.0,18.0,82.35,4,OPEN,True,143.2976,8,False
DE002843,T0112,S016,CHARGING,train,17,8,True,True,4813.5,6.202,3624.1,5.199,1718.0,4.166,6719.6,7.235,2.626,2.002,26.695,0.0,18.0,44.695,3,OPEN,True,58.8929,1,True
DE002843,T0112,S017,CHARGING,train,17,8,True,True,4947.9,5.857,4293.6,5.905,1718.0,4.166,7523.5,7.596,2.626,2.002,27.203,0.0,18.0,45.203,5,OPEN,True,60.399,2,False
DE002843,T0112,S022,CHARGING,train,17,8,True,True,4706.1,6.147,4157.7,5.757,1718.0,4.166,7145.8,7.739,2.626,2.002,27.668,0.0,18.0,45.668,3,OPEN,True,60.8444,3,False
DE002843,T0112,S002,CHARGING,train,17,8,True,True,5790.2,6.766,6386.4,7.595,1718.0,4.166,10458.6,10.195,2.626,2.002,32.973,0.0,18.0,50.973,2,OPEN,True,73.7392,4,False
DE002843,T0112,S004,CHARGING,train,17,8,True,True,5240.7,6.028,6044.8,7.5,1718.0,4.166,9567.5,9.362,2.626,2.002,30.844,24.0,18.0,72.844,1,OPEN,True,93.9695,5,False
DE002843,T0112,S025,CHARGING,train,17,8,True,True,12849.2,13.986,12143.0,13.032,1718.0,4.166,23274.2,22.853,2.626,2.002,62.818,0.0,18.0,80.818,2,OPEN,True,132.38,6,False
DE002843,T0112,S019,CHARGING,train,17,8,True,True,13414.8,14.544,12617.5,14.572,1718.0,4.166,24314.3,24.95,2.626,2.002,67.366,0.0,18.0,85.366,3,OPEN,True,139.1817,7,False
DE002843,T0112,S005,CHARGING,train,17,8,True,True,13013.5,14.959,12685.2,15.014,1718.0,4.166,23980.7,25.807,2.626,2.002,69.34,0.0,18.0,87.34,1,OPEN,True,141.4034,8,False
DE002846,T0112,S016,CHARGING,train,17,8,True,True,4830.0,6.26,3624.1,5.199,715.0,1.463,7739.1,9.996,1.951,2.002,22.621,0.0,18.0,40.621,3,OPEN,True,57.5479,1,True
DE002846,T0112,S017,CHARGING,train,17,8,True,True,4914.2,5.915,4293.6,5.905,715.0,1.463,8492.8,10.357,1.951,2.002,23.361,0.0,18.0,41.361,5,OPEN,True,59.1863,2,False
DE002846,T0112,S022,CHARGING,train,17,8,True,True,4746.7,6.37,4157.7,5.757,715.0,1.463,8189.4,10.665,1.951,2.002,23.954,0.0,18.0,41.954,3,OPEN,True,59.9485,3,False
DE002846,T0112,S002,CHARGING,train,17,8,True,True,5860.0,7.169,6386.4,7.595,715.0,1.463,11531.4,13.301,1.951,2.002,29.191,0.0,18.0,47.191,2,OPEN,True,72.8796,4,False
DE002846,T0112,S004,CHARGING,train,17,8,True,True,5310.5,6.431,6044.8,7.5,715.0,1.463,10640.3,12.468,1.951,2.002,27.561,24.0,18.0,69.561,1,OPEN,True,93.6082,5,False
DE002846,T0112,S025,CHARGING,train,17,8,True,True,12970.5,14.209,12143.0,13.032,715.0,1.463,24398.5,25.779,1.951,2.002,53.812,0.0,18.0,71.812,2,OPEN,True,126.3541,6,False
DE002846,T0112,S019,CHARGING,train,17,8,True,True,13381.0,14.602,12617.5,14.572,715.0,1.463,25283.5,27.711,1.951,2.002,57.66,0.0,18.0,75.66,3,OPEN,True,132.1052,7,False
DE002846,T0112,S005,CHARGING,train,17,8,True,True,13083.4,15.017,12685.2,15.014,715.0,1.463,25053.6,28.568,1.951,2.002,59.355,0.0,18.0,77.355,1,OPEN,True,134.2542,8,False
DE002849,T0113,S014,CHARGING,train,17,8,True,True,3614.0,5.123,2968.7,4.023,4191.0,9.362,2391.7,0.0,2.155,2.001,19.089,0.0,18.0,37.089,1,OPEN,True,41.5226,1,True
DE002849,T0113,S023,CHARGING,train,17,8,True,True,6559.1,9.685,5913.9,8.585,4191.0,9.362,8282.0,8.908,2.155,2.001,38.05,0.0,18.0,56.05,5,OPEN,True,73.0908,2,False
DE002849,T0113,S028,CHARGING,train,17,8,True,True,7303.9,10.535,7088.8,9.521,4191.0,9.362,10201.7,10.693,2.155,2.001,41.754,0.0,18.0,59.754,2,OPEN,True,82.1306,3,False
DE002849,T0113,S007,CHARGING,train,17,8,True,True,17347.7,21.67,17488.3,19.777,4191.0,9.362,30645.0,32.085,2.155,2.001,86.274,0.0,18.0,104.274,3,OPEN,True,172.5349,4,False
DE002849,T0113,S019,CHARGING,train,17,8,True,True,20099.1,24.065,20421.0,22.781,4191.0,9.362,36329.1,37.483,2.155,2.001,97.444,0.0,18.0,115.444,4,OPEN,True,196.0729,5,False
DE002849,T0113,S026,CHARGING,train,17,8,True,True,20336.2,26.88,19861.8,25.193,4191.0,9.362,36007.0,42.711,2.155,2.001,108.338,0.0,18.0,126.338,2,OPEN,True,208.3299,6,False
DE002849,T0113,S011,CHARGING,train,17,8,True,True,22849.4,28.283,23635.6,27.235,4191.0,9.362,42294.0,46.156,2.155,2.001,115.448,0.0,18.0,133.448,6,OPEN,True,227.4749,7,False
DE002849,T0113,S016,CHARGING,train,17,8,True,True,25531.5,30.102,26366.9,29.266,4191.0,9.362,47707.4,50.006,2.155,2.001,123.431,0.0,18.0,141.431,1,OPEN,True,248.9977,8,False
DE002852,T0113,S014,CHARGING,train,17,8,True,True,3508.4,4.912,2968.7,4.023,3602.0,7.948,2875.1,0.986,2.118,2.001,18.453,0.0,18.0,36.453,1,OPEN,True,42.0995,1,True
DE002852,T0113,S023,CHARGING,train,17,8,True,True,6453.6,9.474,5913.9,8.585,3602.0,7.948,8765.5,10.111,2.118,2.001,37.245,0.0,18.0,55.245,5,OPEN,True,73.5533,2,False
DE002852,T0113,S028,CHARGING,train,17,8,True,True,7135.3,10.324,7088.8,9.521,3602.0,7.948,10622.1,11.896,2.118,2.001,40.917,0.0,18.0,58.917,1,OPEN,True,82.7854,3,False
DE002852,T0113,S007,CHARGING,train,17,8,True,True,17179.1,21.459,17488.3,19.777,3602.0,7.948,31065.4,33.288,2.118,2.001,85.025,0.0,18.0,103.025,2,OPEN,True,172.7778,4,False
DE002852,T0113,S019,CHARGING,train,17,8,True,True,19930.5,23.854,20421.0,22.781,3602.0,7.948,36749.5,38.686,2.118,2.001,96.107,0.0,18.0,114.107,2,OPEN,True,196.5772,5,False
DE002852,T0113,S026,CHARGING,train,17,8,True,True,20167.7,26.669,19861.8,25.193,3602.0,7.948,36427.5,43.914,2.118,2.001,106.897,0.0,18.0,124.897,2,OPEN,True,208.0302,6,False
DE002852,T0113,S011,CHARGING,train,17,8,True,True,22680.9,28.072,23635.6,27.235,3602.0,7.948,42714.5,47.359,2.118,2.001,113.954,0.0,18.0,131.954,4,OPEN,True,227.8232,7,False
DE002852,T0113,S016,CHARGING,train,17,8,True,True,25362.9,29.891,26366.9,29.266,3602.0,7.948,48127.8,51.209,2.118,2.001,121.871,0.0,18.0,139.871,2,OPEN,True,248.2286,8,False
DE002855,T0113,S014,CHARGING,train,17,8,True,True,2991.1,3.749,2968.7,4.023,3056.0,6.651,2903.8,1.121,1.722,2.001,14.505,0.0,18.0,32.505,1,OPEN,True,38.2429,1,True
DE002855,T0113,S023,CHARGING,train,17,8,True,True,5936.3,8.311,5913.9,8.585,3056.0,6.651,8794.2,10.245,1.722,2.001,31.49,0.0,18.0,49.49,5,OPEN,True,67.8902,2,False
DE002855,T0113,S028,CHARGING,train,17,8,True,True,7044.0,9.285,7088.8,9.521,3056.0,6.651,11076.8,12.155,1.722,2.001,35.04,0.0,18.0,53.04,1,OPEN,True,77.8824,3,False
DE002855,T0113,S007,CHARGING,train,17,8,True,True,17087.8,20.296,17488.3,19.777,3056.0,6.651,31520.1,33.423,1.722,2.001,74.525,0.0,18.0,92.525,2,OPEN,True,163.2205,4,False
DE002855,T0113,S019,CHARGING,train,17,8,True,True,19839.2,22.691,20421.0,22.781,3056.0,6.651,37204.2,38.821,1.722,2.001,84.658,0.0,18.0,102.658,2,OPEN,True,186.0716,5,False
DE002855,T0113,S026,CHARGING,train,17,8,True,True,19829.3,25.506,19861.8,25.193,3056.0,6.651,36635.1,44.048,1.722,2.001,94.333,0.0,18.0,112.333,2,OPEN,True,195.9156,6,False
DE002855,T0113,S011,CHARGING,train,17,8,True,True,22589.5,26.909,23635.6,27.235,3056.0,6.651,43169.1,47.494,1.722,2.001,100.835,0.0,18.0,118.835,4,OPEN,True,215.6471,7,False
DE002855,T0113,S016,CHARGING,train,17,8,True,True,25271.6,28.728,26366.9,29.266,3056.0,6.651,48582.5,51.343,1.722,2.001,108.031,0.0,18.0,126.031,2,OPEN,True,235.3321,8,False
DE002858,T0113,S014,CHARGING,train,17,8,True,True,2748.8,3.583,2968.7,4.023,2488.0,5.634,3229.5,1.971,2.058,2.001,15.423,0.0,18.0,33.423,1,OPEN,True,40.0248,1,True
DE002858,T0113,S023,CHARGING,train,17,8,True,True,5694.0,8.145,5913.9,8.585,2488.0,5.634,9119.9,11.096,2.058,2.001,33.941,0.0,18.0,51.941,5,OPEN,True,71.2049,2,False
DE002858,T0113,S028,CHARGING,train,17,8,True,True,6889.8,9.119,7088.8,9.521,2488.0,5.634,11490.6,13.006,2.058,2.001,37.818,0.0,18.0,55.818,1,OPEN,True,81.7007,3,False
DE002858,T0113,S007,CHARGING,train,17,8,True,True,16966.1,20.13,17488.3,19.777,2488.0,5.634,31966.4,34.273,2.058,2.001,81.002,0.0,18.0,99.002,2,OPEN,True,170.8034,4,False
DE002858,T0113,S019,CHARGING,train,17,8,True,True,20201.1,22.525,20421.0,22.781,2488.0,5.634,38134.1,39.671,2.058,2.001,91.94,0.0,18.0,109.94,2,OPEN,True,195.4263,5,False
DE002858,T0113,S026,CHARGING,train,17,8,True,True,19587.0,25.34,19861.8,25.193,2488.0,5.634,36960.8,44.899,2.058,2.001,102.561,0.0,18.0,120.561,2,OPEN,True,205.0078,6,False
DE002858,T0113,S011,CHARGING,train,17,8,True,True,22951.5,26.743,23635.6,27.235,2488.0,5.634,44099.1,48.344,2.058,2.001,109.535,0.0,18.0,127.535,4,OPEN,True,226.4193,7,False
DE002858,T0113,S016,CHARGING,train,17,8,True,True,25633.5,28.562,26366.9,29.266,2488.0,5.634,49512.4,52.194,2.058,2.001,117.342,0.0,18.0,135.342,2,OPEN,True,246.7155,8,False
DE002861,T0113,S014,CHARGING,train,17,8,True,True,3170.5,4.408,2968.7,4.023,1969.0,4.388,4170.2,4.042,1.607,2.001,15.133,0.0,18.0,33.133,1,OPEN,True,42.1343,1,True
DE002861,T0113,S023,CHARGING,train,17,8,True,True,6115.6,8.97,5913.9,8.585,1969.0,4.388,10060.5,13.167,1.607,2.001,31.594,0.0,18.0,49.594,5,OPEN,True,71.2568,2,False
DE002861,T0113,S028,CHARGING,train,17,8,True,True,7311.4,9.945,7088.8,9.521,1969.0,4.388,12431.2,15.077,1.607,2.001,35.031,0.0,18.0,53.031,1,OPEN,True,81.3131,3,False
DE002861,T0113,S007,CHARGING,train,17,8,True,True,17387.7,20.955,17488.3,19.777,1969.0,4.388,32907.0,36.344,1.607,2.001,73.25,0.0,18.0,91.25,2,OPEN,True,165.45,4,False
DE002861,T0113,S019,CHARGING,train,17,8,True,True,20622.7,23.35,20421.0,22.781,1969.0,4.388,39074.7,41.742,1.607,2.001,83.108,0.0,18.0,101.108,2,OPEN,True,188.9929,5,False
DE002861,T0113,S026,CHARGING,train,17,8,True,True,20008.7,26.165,19861.8,25.193,1969.0,4.388,37901.5,46.97,1.607,2.001,92.459,0.0,18.0,110.459,2,OPEN,True,197.3049,6,False
DE002861,T0113,S011,CHARGING,train,17,8,True,True,23373.1,27.568,23635.6,27.235,1969.0,4.388,45039.7,50.415,1.607,2.001,98.8,0.0,18.0,116.8,4,OPEN,True,218.0835,7,False
DE002861,T0113,S016,CHARGING,train,17,8,True,True,26055.1,29.388,26366.9,29.266,1969.0,4.388,50453.0,54.265,1.607,2.001,105.787,0.0,18.0,123.787,2,OPEN,True,237.5591,8,False
DE002864,T0113,S014,CHARGING,train,17,8,True,True,2731.4,3.437,2968.7,4.023,1422.0,3.179,4278.1,4.281,1.59,2.001,13.515,0.0,18.0,31.515,1,OPEN,True,40.7914,1,True
DE002864,T0113,S023,CHARGING,train,17,8,True,True,5676.6,7.999,5913.9,8.585,1422.0,3.179,10168.5,13.406,1.59,2.001,29.898,0.0,18.0,47.898,5,OPEN,True,69.8366,2,False
DE002864,T0113,S028,CHARGING,train,17,8,True,True,6872.4,8.974,7088.8,9.521,1422.0,3.179,12539.2,15.316,1.59,2.001,33.319,0.0,18.0,51.319,1,OPEN,True,79.8763,3,False
DE002864,T0113,S007,CHARGING,train,17,8,True,True,16948.7,19.985,17488.3,19.777,1422.0,3.179,33015.0,36.583,1.59,2.001,71.35,0.0,18.0,89.35,2,OPEN,True,163.826,4,False
DE002864,T0113,S019,CHARGING,train,17,8,True,True,20098.9,22.379,20421.0,22.781,1422.0,3.179,39097.9,41.981,1.59,2.001,81.167,0.0,18.0,99.167,2,OPEN,True,187.1586,5,False
DE002864,T0113,S026,CHARGING,train,17,8,True,True,19569.6,25.195,19861.8,25.193,1422.0,3.179,38009.4,47.209,1.59,2.001,90.471,0.0,18.0,108.471,2,OPEN,True,195.5922,6,False
DE002864,T0113,S011,CHARGING,train,17,8,True,True,22849.2,26.598,23635.6,27.235,1422.0,3.179,45062.8,50.654,1.59,2.001,96.788,0.0,18.0,114.788,4,OPEN,True,216.1772,7,False
DE002864,T0113,S016,CHARGING,train,17,8,True,True,25531.2,28.417,26366.9,29.266,1422.0,3.179,50476.1,54.504,1.59,2.001,103.744,0.0,18.0,121.744,2,OPEN,True,235.622,8,False
DE002867,T0113,S014,CHARGING,train,17,8,True,True,3158.1,4.211,2968.7,4.023,857.0,2.057,5269.8,6.177,1.708,2.001,15.242,0.0,18.0,33.242,1,OPEN,True,44.9757,1,True
DE002867,T0113,S023,CHARGING,train,17,8,True,True,6103.2,8.773,5913.9,8.585,857.0,2.057,11160.1,15.301,1.708,2.001,32.163,0.0,18.0,50.163,5,OPEN,True,74.5589,2,False
DE002867,T0113,S028,CHARGING,train,17,8,True,True,7250.5,9.747,7088.8,9.521,857.0,2.057,13482.3,17.211,1.708,2.001,35.699,0.0,18.0,53.699,1,OPEN,True,84.6167,3,False
DE002867,T0113,S007,CHARGING,train,17,8,True,True,17294.3,20.758,17488.3,19.777,857.0,2.057,33925.6,38.479,1.708,2.001,75.03,0.0,18.0,93.03,2,OPEN,True,169.8006,4,False
DE002867,T0113,S019,CHARGING,train,17,8,True,True,20045.8,23.153,20421.0,22.781,857.0,2.057,39609.8,43.877,1.708,2.001,85.13,0.0,18.0,103.13,2,OPEN,True,192.6184,5,False
DE002867,T0113,S026,CHARGING,train,17,8,True,True,19996.3,25.968,19861.8,25.193,857.0,2.057,39001.1,49.104,1.708,2.001,94.765,0.0,18.0,112.765,2,OPEN,True,202.3438,6,False
DE002867,T0113,S011,CHARGING,train,17,8,True,True,22796.1,27.371,23635.6,27.235,857.0,2.057,45574.7,52.549,1.708,2.001,101.248,0.0,18.0,119.248,4,OPEN,True,222.1348,7,False
DE002867,T0113,S016,CHARGING,train,17,8,True,True,25478.2,29.191,26366.9,29.266,857.0,2.057,50988.1,56.399,1.708,2.001,108.418,0.0,18.0,126.418,2,OPEN,True,241.7944,8,False
DE002870,T0113,S014,CHARGING,train,17,8,True,True,2800.5,3.668,2968.7,4.023,315.0,0.755,5454.2,6.936,1.807,2.001,14.678,0.0,18.0,32.678,1,OPEN,True,44.9703,1,True
DE002870,T0113,S023,CHARGING,train,17,8,True,True,5745.7,8.23,5913.9,8.585,315.0,0.755,11344.6,16.06,1.807,2.001,32.051,0.0,18.0,50.051,5,OPEN,True,75.0054,2,False
DE002870,T0113,S028,CHARGING,train,17,8,True,True,6941.5,9.205,7088.8,9.521,315.0,0.755,13715.3,17.97,1.807,2.001,35.683,0.0,18.0,53.683,1,OPEN,True,85.2566,3,False
DE002870,T0113,S007,CHARGING,train,17,8,True,True,17017.8,20.215,17488.3,19.777,315.0,0.755,34191.1,39.238,1.807,2.001,76.104,0.0,18.0,94.104,2,OPEN,True,171.5957,4,False
DE002870,T0113,S019,CHARGING,train,17,8,True,True,20252.8,22.61,20421.0,22.781,315.0,0.755,40358.8,44.636,1.807,2.001,86.441,0.0,18.0,104.441,2,OPEN,True,195.6175,5,False
DE002870,T0113,S026,CHARGING,train,17,8,True,True,19638.7,25.425,19861.8,25.193,315.0,0.755,39185.5,49.864,1.807,2.001,96.355,0.0,18.0,114.355,2,OPEN,True,204.4924,6,False
DE002870,T0113,S011,CHARGING,train,17,8,True,True,23003.1,26.828,23635.6,27.235,315.0,0.755,46323.7,53.309,1.807,2.001,102.977,0.0,18.0,120.977,4,OPEN,True,225.5515,7,False
DE002870,T0113,S016,CHARGING,train,17,8,True,True,25685.2,28.648,26366.9,29.266,315.0,0.755,51737.1,57.159,1.807,2.001,110.327,0.0,18.0,128.327,2,OPEN,True,245.3912,8,False
DE002897,T0115,S022,CHARGING,train,17,8,True,True,2028.1,3.35,1969.5,3.102,4078.0,12.379,0.0,0.0,2.282,2.002,13.855,0.0,18.0,31.855,3,OPEN,True,30.8051,1,True
DE002897,T0115,S016,CHARGING,train,17,8,True,True,3765.3,5.134,2762.8,3.728,4078.0,12.379,2450.1,0.0,2.282,2.002,19.179,0.0,18.0,37.179,3,OPEN,True,41.029,2,False
DE002897,T0115,S017,CHARGING,train,17,8,True,True,5495.3,7.748,4757.4,6.157,4078.0,12.379,6174.7,1.527,2.282,2.002,30.008,0.0,18.0,48.008,5,OPEN,True,58.9895,3,False
DE002897,T0115,S002,CHARGING,train,17,8,True,True,8298.5,9.095,8625.5,9.584,4078.0,12.379,12846.0,6.299,2.282,2.002,39.941,0.0,18.0,57.941,2,OPEN,True,84.5076,4,False
DE002897,T0115,S025,CHARGING,train,17,8,True,True,10630.4,11.926,10319.8,11.239,4078.0,12.379,16872.2,10.785,2.282,2.002,49.714,0.0,18.0,67.714,2,OPEN,True,103.4553,5,False
DE002897,T0115,S004,CHARGING,train,17,8,True,True,7749.0,8.356,8122.7,9.489,4078.0,12.379,11793.7,5.466,2.282,2.002,38.066,24.0,18.0,80.066,1,OPEN,True,104.6695,6,False
DE002897,T0115,S019,CHARGING,train,17,8,True,True,12630.4,15.266,11931.3,13.101,4078.0,12.379,20483.7,15.988,2.282,2.002,61.064,0.0,18.0,79.064,3,OPEN,True,122.9787,7,False
DE002897,T0115,S005,CHARGING,train,17,8,True,True,13900.9,16.63,12557.7,14.477,4078.0,12.379,22380.6,18.727,2.282,2.002,66.932,0.0,18.0,84.932,1,OPEN,True,134.0247,8,False
DE002900,T0115,S022,CHARGING,train,17,8,True,True,2141.2,3.689,1969.5,3.102,3566.0,10.671,544.7,0.0,1.579,2.002,12.035,0.0,18.0,30.035,3,OPEN,True,30.0746,1,True
DE002900,T0115,S016,CHARGING,train,17,8,True,True,3787.6,5.473,2762.8,3.728,3566.0,10.671,2984.4,0.0,1.579,2.002,16.105,0.0,18.0,34.105,3,OPEN,True,39.0238,2,False
DE002900,T0115,S017,CHARGING,train,17,8,True,True,5457.5,7.867,4757.4,6.157,3566.0,10.671,6648.9,3.353,1.579,2.002,24.749,0.0,18.0,42.749,5,OPEN,True,55.1346,3,False
DE002900,T0115,S002,CHARGING,train,17,8,True,True,8411.5,9.434,8625.5,9.584,3566.0,10.671,13471.0,8.346,1.579,2.002,34.083,0.0,18.0,52.083,2,OPEN,True,80.4111,4,False
DE002900,T0115,S025,CHARGING,train,17,8,True,True,10743.5,12.265,10319.8,11.239,3566.0,10.671,17497.3,12.832,1.579,2.002,41.866,0.0,18.0,59.866,2,OPEN,True,97.3687,5,False
DE002900,T0115,S004,CHARGING,train,17,8,True,True,7862.0,8.696,8122.7,9.489,3566.0,10.671,12418.7,7.513,1.579,2.002,32.726,24.0,18.0,74.726,1,OPEN,True,101.0919,6,False
DE002900,T0115,S019,CHARGING,train,17,8,True,True,12592.6,15.605,11931.3,13.101,3566.0,10.671,20957.9,18.034,1.579,2.002,50.868,0.0,18.0,68.868,3,OPEN,True,114.2423,7,False
DE002900,T0115,S005,CHARGING,train,17,8,True,True,13863.1,16.969,12557.7,14.477,3566.0,10.671,22854.8,20.774,1.579,2.002,55.776,0.0,18.0,73.776,1,OPEN,True,124.3293,8,False
DE002903,T0115,S022,CHARGING,train,17,8,True,True,2138.0,3.68,1969.5,3.102,3040.0,8.919,1067.5,0.0,2.667,2.002,16.024,0.0,18.0,34.024,3,OPEN,True,35.1088,1,True
DE002903,T0115,S016,CHARGING,train,17,8,True,True,3757.0,5.464,2762.8,3.728,3040.0,8.919,3479.8,0.273,2.667,2.002,22.034,0.0,18.0,40.034,3,OPEN,True,46.012,2,False
DE002903,T0115,S017,CHARGING,train,17,8,True,True,5426.9,7.775,4757.4,6.157,3040.0,8.919,7144.3,5.014,2.667,2.002,33.063,0.0,18.0,51.063,5,OPEN,True,64.8547,3,False
DE002903,T0115,S002,CHARGING,train,17,8,True,True,8380.9,9.424,8625.5,9.584,3040.0,8.919,13966.4,10.089,2.667,2.002,44.321,0.0,18.0,62.321,2,OPEN,True,92.0762,4,False
DE002903,T0115,S004,CHARGING,train,17,8,True,True,7831.4,8.686,8122.7,9.489,3040.0,8.919,12914.1,9.256,2.667,2.002,42.162,24.0,18.0,84.162,1,OPEN,True,111.9539,5,False
DE002903,T0115,S025,CHARGING,train,17,8,True,True,10740.3,12.255,10319.8,11.239,3040.0,8.919,18020.1,14.575,2.667,2.002,55.185,0.0,18.0,73.185,2,OPEN,True,112.1689,6,False
DE002903,T0115,S019,CHARGING,train,17,8,True,True,12562.0,15.595,11931.3,13.101,3040.0,8.919,21453.3,19.777,2.667,2.002,67.821,0.0,18.0,85.821,3,OPEN,True,132.6217,7,False
DE002903,T0115,S005,CHARGING,train,17,8,True,True,13832.5,16.959,12557.7,14.477,3040.0,8.919,23350.2,22.517,2.667,2.002,74.213,0.0,18.0,92.213,1,OPEN,True,144.1928,8,False
DE002906,T0115,S022,CHARGING,train,17,8,True,True,2152.4,3.646,1969.5,3.102,2500.0,7.118,1621.9,0.0,1.685,2.002,12.353,0.0,18.0,30.353,3,OPEN,True,32.5468,1,True
DE002906,T0115,S016,CHARGING,train,17,8,True,True,3675.2,5.337,2762.8,3.728,2500.0,7.118,3938.0,1.946,1.685,2.002,16.456,0.0,18.0,34.456,3,OPEN,True,41.7684,2,False
DE002906,T0115,S017,CHARGING,train,17,8,True,True,5345.0,7.529,4757.4,6.157,2500.0,7.118,7602.4,6.568,1.685,2.002,25.014,0.0,18.0,43.014,5,OPEN,True,58.1109,3,False
DE002906,T0115,S002,CHARGING,train,17,8,True,True,8299.1,9.467,8625.5,9.584,2500.0,7.118,14424.6,11.933,1.685,2.002,35.139,0.0,18.0,53.139,2,OPEN,True,84.2716,4,False
DE002906,T0115,S025,CHARGING,train,17,8,True,True,10754.7,12.221,10319.8,11.239,2500.0,7.118,18574.5,16.342,1.685,2.002,43.093,0.0,18.0,61.093,2,OPEN,True,101.6274,5,False
DE002906,T0115,S004,CHARGING,train,17,8,True,True,7749.6,8.729,8122.7,9.489,2500.0,7.118,13372.3,11.099,1.685,2.002,33.705,24.0,18.0,75.705,1,OPEN,True,104.8741,6,False
DE002906,T0115,S019,CHARGING,train,17,8,True,True,12480.1,15.561,11931.3,13.101,2500.0,7.118,21911.4,21.544,1.685,2.002,52.449,0.0,18.0,70.449,3,OPEN,True,118.6076,7,False
DE002906,T0115,S005,CHARGING,train,17,8,True,True,13750.6,16.84,12557.7,14.477,2500.0,7.118,23808.3,24.199,1.685,2.002,57.358,0.0,18.0,75.358,1,OPEN,True,128.6743,8,False
DE002909,T0115,S022,CHARGING,train,17,8,True,True,2518.1,4.037,1969.5,3.102,1935.0,5.537,2552.6,1.602,1.7,2.002,13.072,0.0,18.0,31.072,3,OPEN,True,35.5275,1,True
DE002909,T0115,S016,CHARGING,train,17,8,True,True,3917.4,4.936,2762.8,3.728,1935.0,5.537,4745.2,3.127,1.7,2.002,15.855,0.0,18.0,33.855,3,OPEN,True,43.077,2,False
DE002909,T0115,S017,CHARGING,train,17,8,True,True,5533.5,7.129,4757.4,6.157,1935.0,5.537,8355.9,7.749,1.7,2.002,24.446,0.0,18.0,42.446,5,OPEN,True,59.3449,3,False
DE002909,T0115,S002,CHARGING,train,17,8,True,True,7859.8,8.739,8625.5,9.584,1935.0,5.537,14550.3,12.786,1.7,2.002,34.043,0.0,18.0,52.043,2,OPEN,True,83.6407,4,False
DE002909,T0115,S025,CHARGING,train,17,8,True,True,10997.8,11.876,10319.8,11.239,1935.0,5.537,19382.6,17.578,1.7,2.002,42.689,0.0,18.0,60.689,2,OPEN,True,103.1482,5,False
DE002909,T0115,S004,CHARGING,train,17,8,True,True,7310.3,8.001,8122.7,9.489,1935.0,5.537,13498.0,11.953,1.7,2.002,32.598,24.0,18.0,74.598,1,OPEN,True,104.2321,6,False
DE002909,T0115,S019,CHARGING,train,17,8,True,True,12722.4,15.19,11931.3,13.101,1935.0,5.537,22718.7,22.753,1.7,2.002,52.05,0.0,18.0,70.05,3,OPEN,True,120.1257,7,False
DE002909,T0115,S005,CHARGING,train,17,8,True,True,13939.1,16.44,12557.7,14.477,1935.0,5.537,24561.8,25.379,1.7,2.002,56.929,0.0,18.0,74.929,1,OPEN,True,130.048,8,False
DE002912,T0115,S022,CHARGING,train,17,8,True,True,2142.9,3.694,1969.5,3.102,1371.0,3.96,2741.4,2.837,1.54,2.002,11.899,0.0,18.0,29.899,3,OPEN,True,35.0411,1,True
DE002912,T0115,S016,CHARGING,train,17,8,True,True,3789.3,5.478,2762.8,3.728,1371.0,3.96,5181.1,5.246,1.54,2.002,15.899,0.0,18.0,33.899,3,OPEN,True,44.5231,2,False
DE002912,T0115,S017,CHARGING,train,17,8,True,True,5459.2,7.872,4757.4,6.157,1371.0,3.96,8845.6,10.07,1.54,2.002,24.45,0.0,18.0,42.45,5,OPEN,True,60.9083,3,False
DE002912,T0115,S002,CHARGING,train,17,8,True,True,8413.2,9.439,8625.5,9.584,1371.0,3.96,15667.7,15.063,1.54,2.002,33.722,0.0,18.0,51.722,2,OPEN,True,86.1237,4,False
DE002912,T0115,S025,CHARGING,train,17,8,True,True,10745.1,12.27,10319.8,11.239,1371.0,3.96,19693.9,19.549,1.54,2.002,41.396,0.0,18.0,59.396,2,OPEN,True,102.9707,5,False
DE002912,T0115,S004,CHARGING,train,17,8,True,True,7863.7,8.701,8122.7,9.489,1371.0,3.96,14615.4,14.23,1.54,2.002,32.395,24.0,18.0,74.395,1,OPEN,True,106.8333,6,False
DE002912,T0115,S019,CHARGING,train,17,8,True,True,12594.3,15.61,11931.3,13.101,1371.0,3.96,23154.6,24.751,1.54,2.002,50.267,0.0,18.0,68.267,3,OPEN,True,119.7142,7,False
DE002912,T0115,S005,CHARGING,train,17,8,True,True,13864.8,16.974,12557.7,14.477,1371.0,3.96,25051.5,27.491,1.54,2.002,55.122,0.0,18.0,73.122,1,OPEN,True,129.748,8,False
DE002915,T0115,S022,CHARGING,train,19,8,True,True,2217.9,3.92,1969.5,3.102,892.0,2.362,3295.4,4.659,1.573,2.002,12.375,0.0,18.0,30.375,4,OPEN,True,36.7309,1,True
DE002915,T0115,S016,CHARGING,train,19,8,True,True,3836.9,5.703,2762.8,3.728,892.0,2.362,5707.7,7.069,1.573,2.002,16.434,0.0,18.0,34.434,3,OPEN,True,46.567,2,False
DE002915,T0115,S017,CHARGING,train,19,8,True,True,5506.8,8.015,4757.4,6.157,892.0,2.362,9372.2,11.81,1.573,2.002,24.934,0.0,18.0,42.934,4,OPEN,True,63.2309,3,False
DE002915,T0115,S004,CHARGING,train,19,8,True,True,7911.4,8.926,8122.7,9.489,892.0,2.362,15142.1,16.052,1.573,2.002,33.036,0.0,18.0,51.036,4,OPEN,True,83.9336,4,False
DE002915,T0115,S002,CHARGING,train,19,8,True,True,8460.9,9.664,8625.5,9.584,892.0,2.362,16194.4,16.885,1.573,2.002,34.388,0.0,18.0,52.388,1,OPEN,True,88.6484,5,False
DE002915,T0115,S025,CHARGING,train,19,8,True,True,10820.2,12.495,10319.8,11.239,892.0,2.362,20248.0,21.371,1.573,2.002,42.155,0.0,18.0,60.155,1,OPEN,True,105.6436,6,False
DE002915,T0115,S019,CHARGING,train,19,8,True,True,12641.9,15.835,11931.3,13.101,892.0,2.362,23681.2,26.574,1.573,2.002,51.136,0.0,18.0,69.136,2,OPEN,True,122.4423,7,False
DE002915,T0115,S005,CHARGING,train,19,8,True,True,13912.4,17.199,12557.7,14.477,892.0,2.362,25578.1,29.313,1.573,2.002,56.037,0.0,18.0,74.037,2,OPEN,True,131.8212,8,False
DE002918,T0115,S022,CHARGING,train,19,8,True,True,2092.7,3.268,1969.5,3.102,375.0,0.901,3687.2,5.468,2.651,2.002,14.872,0.0,18.0,32.872,4,OPEN,True,40.2138,1,True
DE002918,T0115,S016,CHARGING,train,19,8,True,True,3391.7,4.711,2762.8,3.728,375.0,0.901,5779.5,7.538,2.651,2.002,19.953,0.0,18.0,37.953,3,OPEN,True,50.3467,2,False
DE002918,T0115,S017,CHARGING,train,19,8,True,True,5061.6,6.904,4757.4,6.157,375.0,0.901,9444.0,12.16,2.651,2.002,30.629,0.0,18.0,48.629,4,OPEN,True,69.1573,3,False
DE002918,T0115,S004,CHARGING,train,19,8,True,True,7856.7,9.033,8122.7,9.489,375.0,0.901,15604.4,17.62,2.651,2.002,42.942,0.0,18.0,60.942,4,OPEN,True,95.1554,4,False
DE002918,T0115,S002,CHARGING,train,19,8,True,True,8406.2,9.771,8625.5,9.584,375.0,0.901,16656.7,18.454,2.651,2.002,45.089,0.0,18.0,63.089,1,OPEN,True,100.6659,5,False
DE002918,T0115,S025,CHARGING,train,19,8,True,True,10695.0,11.843,10319.8,11.239,375.0,0.901,20639.8,22.181,2.651,2.002,53.896,0.0,18.0,71.896,1,OPEN,True,118.3709,6,False
DE002918,T0115,S019,CHARGING,train,19,8,True,True,12196.7,14.965,11931.3,13.101,375.0,0.901,23753.0,27.164,2.651,2.002,65.899,0.0,18.0,83.899,2,OPEN,True,137.4963,7,False
DE002918,T0115,S005,CHARGING,train,19,8,True,True,13467.1,16.215,12557.7,14.477,375.0,0.901,25649.8,29.79,2.651,2.002,71.968,0.0,18.0,89.968,2,OPEN,True,148.0148,8,False
DE002921,T0116,S025,CHARGING,train,17,8,True,True,5917.1,10.324,6029.3,10.335,4319.0,10.367,7627.4,10.293,2.265,2.002,44.076,0.0,18.0,62.076,2,OPEN,True,79.2037,1,True
DE002921,T0116,S022,CHARGING,train,17,8,True,True,12149.8,16.555,12391.3,17.022,4319.0,10.367,20222.1,23.211,2.265,2.002,71.576,0.0,18.0,89.576,3,OPEN,True,134.7725,2,False
DE002921,T0116,S016,CHARGING,train,17,8,True,True,13887.0,18.339,13963.0,18.104,4319.0,10.367,23531.0,26.076,2.265,2.002,77.78,0.0,18.0,95.78,3,OPEN,True,148.3112,3,False
DE002921,T0116,S017,CHARGING,train,17,8,True,True,16561.7,21.456,16721.9,21.298,4319.0,10.367,28964.6,32.387,2.265,2.002,91.237,0.0,18.0,109.237,5,OPEN,True,173.5128,4,False
DE002921,T0116,S002,CHARGING,train,17,8,True,True,20038.8,24.461,19849.5,23.938,4319.0,10.367,35569.3,38.033,2.265,2.002,103.329,0.0,18.0,121.329,2,OPEN,True,201.2763,5,False
DE002921,T0116,S019,CHARGING,train,17,8,True,True,20374.5,26.718,19850.8,25.725,4319.0,10.367,35906.3,42.076,2.265,2.002,112.018,0.0,18.0,130.018,3,OPEN,True,211.2996,6,False
DE002921,T0116,S004,CHARGING,train,17,8,True,True,19489.3,23.723,19642.3,23.843,4319.0,10.367,34812.6,37.2,2.265,2.002,101.467,24.0,18.0,143.467,1,OPEN,True,222.0419,7,False
DE002921,T0116,S011,CHARGING,train,17,8,True,True,22258.4,28.74,22253.6,28.352,4319.0,10.367,40193.0,46.725,2.265,2.002,121.855,0.0,18.0,139.855,6,OPEN,True,229.8222,8,False
DE002924,T0116,S025,CHARGING,train,17,8,True,True,5849.5,9.91,6029.3,10.335,3742.0,8.982,8136.8,11.263,2.41,2.002,44.574,0.0,18.0,62.574,2,OPEN,True,80.9632,1,True
DE002924,T0116,S022,CHARGING,train,17,8,True,True,11942.6,16.14,12391.3,17.022,3742.0,8.982,20591.9,24.181,2.41,2.002,72.977,0.0,18.0,90.977,3,OPEN,True,137.1563,2,False
DE002924,T0116,S016,CHARGING,train,17,8,True,True,13679.8,17.924,13963.0,18.104,3742.0,8.982,23900.8,27.046,2.41,2.002,79.441,0.0,18.0,97.441,3,OPEN,True,150.9537,3,False
DE002924,T0116,S017,CHARGING,train,17,8,True,True,16354.4,21.042,16721.9,21.298,3742.0,8.982,29334.3,33.358,2.41,2.002,93.349,0.0,18.0,111.349,5,OPEN,True,176.6071,4,False
DE002924,T0116,S002,CHARGING,train,17,8,True,True,19831.6,24.047,19849.5,23.938,3742.0,8.982,35939.1,39.003,2.41,2.002,105.877,0.0,18.0,123.877,2,OPEN,True,204.8065,5,False
DE002924,T0116,S019,CHARGING,train,17,8,True,True,20167.3,26.304,19850.8,25.725,3742.0,8.982,36276.1,43.047,2.41,2.002,114.893,0.0,18.0,132.893,3,OPEN,True,215.1571,6,False
DE002924,T0116,S004,CHARGING,train,17,8,True,True,19282.1,23.309,19642.3,23.843,3742.0,8.982,35182.4,38.17,2.41,2.002,103.908,24.0,18.0,145.908,1,OPEN,True,225.4651,7,False
DE002924,T0116,S011,CHARGING,train,17,8,True,True,22051.2,28.325,22253.6,28.352,3742.0,8.982,40562.8,47.695,2.41,2.002,125.023,0.0,18.0,143.023,6,OPEN,True,233.9727,8,False
DE002927,T0116,S025,CHARGING,train,17,8,True,True,5958.7,10.228,6029.3,10.335,3306.0,7.935,8682.0,12.628,2.603,2.002,47.315,0.0,18.0,65.315,2,OPEN,True,85.1363,1,True
DE002927,T0116,S022,CHARGING,train,17,8,True,True,12101.8,16.459,12391.3,17.022,3306.0,7.935,21187.1,25.546,2.603,2.002,76.921,0.0,18.0,94.921,3,OPEN,True,142.6318,2,False
DE002927,T0116,S016,CHARGING,train,17,8,True,True,13839.0,18.243,13963.0,18.104,3306.0,7.935,24496.0,28.411,2.603,2.002,83.729,0.0,18.0,101.729,3,OPEN,True,156.7735,3,False
DE002927,T0116,S017,CHARGING,train,17,8,True,True,16513.6,21.36,16721.9,21.298,3306.0,7.935,29929.5,34.723,2.603,2.002,98.239,0.0,18.0,116.239,5,OPEN,True,183.0286,4,False
DE002927,T0116,S002,CHARGING,train,17,8,True,True,19990.7,24.365,19849.5,23.938,3306.0,7.935,36534.2,40.368,2.603,2.002,111.347,0.0,18.0,129.347,2,OPEN,True,211.8077,5,False
DE002927,T0116,S019,CHARGING,train,17,8,True,True,20326.5,26.622,19850.8,25.725,3306.0,7.935,36871.3,44.412,2.603,2.002,120.799,0.0,18.0,138.799,3,OPEN,True,222.5942,6,False
DE002927,T0116,S004,CHARGING,train,17,8,True,True,19441.2,23.627,19642.3,23.843,3306.0,7.935,35777.5,39.535,2.603,2.002,109.235,24.0,18.0,151.235,1,OPEN,True,232.3239,7,False
DE002927,T0116,S011,CHARGING,train,17,8,True,True,22210.4,28.643,22253.6,28.352,3306.0,7.935,41158.0,49.06,2.603,2.002,131.319,0.0,18.0,149.319,6,OPEN,True,241.7999,8,False
DE002930,T0116,S025,CHARGING,train,19,8,True,True,5984.0,10.119,6029.3,10.335,2755.0,6.612,9258.3,13.843,2.857,2.002,49.602,0.0,18.0,67.602,1,OPEN,True,89.2289,1,True
DE002930,T0116,S022,CHARGING,train,19,8,True,True,12047.3,16.35,12391.3,17.022,2755.0,6.612,21683.6,26.76,2.857,2.002,80.79,0.0,18.0,98.79,4,OPEN,True,147.4474,2,False
DE002930,T0116,S016,CHARGING,train,19,8,True,True,13784.5,18.134,13963.0,18.104,2755.0,6.612,24992.5,29.625,2.857,2.002,88.051,0.0,18.0,106.051,3,OPEN,True,162.3922,3,False
DE002930,T0116,S017,CHARGING,train,19,8,True,True,16459.1,21.251,16721.9,21.298,2755.0,6.612,30426.0,35.937,2.857,2.002,103.353,0.0,18.0,121.353,4,OPEN,True,189.7892,4,False
DE002930,T0116,S004,CHARGING,train,19,8,True,True,19386.7,23.518,19642.3,23.843,2755.0,6.612,36274.0,40.749,2.857,2.002,114.925,0.0,18.0,132.925,4,OPEN,True,214.2602,5,False
DE002930,T0116,S002,CHARGING,train,19,8,True,True,19936.2,24.256,19849.5,23.938,2755.0,6.612,37030.7,41.583,2.857,2.002,117.224,0.0,18.0,135.224,1,OPEN,True,219.3316,6,False
DE002930,T0116,S020,CHARGING,train,19,8,True,True,17387.3,26.828,17483.5,27.009,2755.0,6.612,32115.8,47.226,2.857,2.002,130.72,0.0,18.0,148.72,1,OPEN,True,224.4081,7,False
DE002930,T0116,S019,CHARGING,train,19,8,True,True,20272.0,26.513,19850.8,25.725,2755.0,6.612,37367.8,45.626,2.857,2.002,127.249,0.0,18.0,145.249,2,OPEN,True,230.6914,8,False
DE002933,T0116,S025,CHARGING,train,19,8,True,True,5695.6,9.542,6029.3,10.335,2115.0,5.076,9609.9,14.801,2.24,2.002,42.066,0.0,18.0,60.066,1,OPEN,True,82.6359,1,True
DE002933,T0116,S022,CHARGING,train,19,8,True,True,11758.8,15.773,12391.3,17.022,2115.0,5.076,22035.1,27.719,2.24,2.002,69.41,0.0,18.0,87.41,4,OPEN,True,137.01,2,False
DE002933,T0116,S016,CHARGING,train,19,8,True,True,13496.0,17.557,13963.0,18.104,2115.0,5.076,25344.0,30.584,2.24,2.002,75.57,0.0,18.0,93.57,3,OPEN,True,150.8541,3,False
DE002933,T0116,S017,CHARGING,train,19,8,True,True,16170.6,20.674,16721.9,21.298,2115.0,5.076,30777.5,36.896,2.24,2.002,88.949,0.0,18.0,106.949,4,OPEN,True,176.3275,4,False
DE002933,T0116,S004,CHARGING,train,19,8,True,True,19098.3,22.941,19642.3,23.843,2115.0,5.076,36625.6,41.708,2.24,2.002,99.122,0.0,18.0,117.122,4,OPEN,True,199.4002,5,False
DE002933,T0116,S002,CHARGING,train,19,8,True,True,19647.8,23.679,19849.5,23.938,2115.0,5.076,37382.3,42.542,2.24,2.002,100.966,0.0,18.0,118.966,1,OPEN,True,204.0161,6,False
DE002933,T0116,S020,CHARGING,train,19,8,True,True,17098.8,26.251,17483.5,27.009,2115.0,5.076,32467.3,48.184,2.24,2.002,112.875,0.0,18.0,130.875,1,OPEN,True,207.5057,7,False
DE002933,T0116,S019,CHARGING,train,19,8,True,True,19983.5,25.936,19850.8,25.725,2115.0,5.076,37719.3,46.585,2.24,2.002,109.598,0.0,18.0,127.598,2,OPEN,True,213.983,8,False
DE002936,T0116,S025,CHARGING,train,19,8,True,True,5695.6,9.542,6029.3,10.335,1508.0,3.619,10216.9,16.259,2.24,2.002,42.066,0.0,18.0,60.066,1,OPEN,True,84.2143,1,True
DE002936,T0116,S022,CHARGING,train,19,8,True,True,11758.8,15.773,12391.3,17.022,1508.0,3.619,22642.1,29.177,2.24,2.002,69.41,0.0,18.0,87.41,4,OPEN,True,138.5883,2,False
DE002936,T0116,S016,CHARGING,train,19,8,True,True,13496.0,17.557,13963.0,18.104,1508.0,3.619,25951.0,32.042,2.24,2.002,75.57,0.0,18.0,93.57,3,OPEN,True,152.4325,3,False
DE002936,T0116,S017,CHARGING,train,19,8,True,True,16170.6,20.674,16721.9,21.298,1508.0,3.619,31384.5,38.353,2.24,2.002,88.949,0.0,18.0,106.949,4,OPEN,True,177.9059,4,False
DE002936,T0116,S004,CHARGING,train,19,8,True,True,19098.3,22.941,19642.3,23.843,1508.0,3.619,37232.6,43.166,2.24,2.002,99.122,0.0,18.0,117.122,4,OPEN,True,200.9786,5,False
DE002936,T0116,S002,CHARGING,train,19,8,True,True,19647.8,23.679,19849.5,23.938,1508.0,3.619,37989.3,43.999,2.24,2.002,100.966,0.0,18.0,118.966,1,OPEN,True,205.5945,6,False
DE002936,T0116,S020,CHARGING,train,19,8,True,True,17098.8,26.251,17483.5,27.009,1508.0,3.619,33074.3,49.642,2.24,2.002,112.875,0.0,18.0,130.875,1,OPEN,True,209.084,7,False
DE002936,T0116,S019,CHARGING,train,19,8,True,True,19983.5,25.936,19850.8,25.725,1508.0,3.619,38326.3,48.042,2.24,2.002,109.598,0.0,18.0,127.598,2,OPEN,True,215.5613,8,False
DE002939,T0116,S025,CHARGING,train,19,8,True,True,5434.2,9.676,6029.3,10.335,918.0,2.202,10545.5,17.809,1.824,2.002,38.34,0.0,18.0,56.34,1,OPEN,True,81.5328,1,True
DE002939,T0116,S022,CHARGING,train,19,8,True,True,11897.1,16.049,12391.3,17.022,918.0,2.202,23370.4,30.869,1.824,2.002,63.353,0.0,18.0,81.353,4,OPEN,True,134.411,2,False
DE002939,T0116,S016,CHARGING,train,19,8,True,True,13634.3,17.833,13963.0,18.104,918.0,2.202,26679.3,33.734,1.824,2.002,68.771,0.0,18.0,86.771,3,OPEN,True,147.5131,3,False
DE002939,T0116,S017,CHARGING,train,19,8,True,True,16308.9,20.951,16721.9,21.298,918.0,2.202,32112.8,40.046,1.824,2.002,80.852,0.0,18.0,98.852,4,OPEN,True,171.6895,4,False
DE002939,T0116,S004,CHARGING,train,19,8,True,True,19236.5,23.218,19642.3,23.843,918.0,2.202,37960.8,44.858,1.824,2.002,90.083,0.0,18.0,108.083,4,OPEN,True,193.819,5,False
DE002939,T0116,S002,CHARGING,train,19,8,True,True,19786.0,23.956,19849.5,23.938,918.0,2.202,38717.5,45.692,1.824,2.002,91.62,0.0,18.0,109.62,1,OPEN,True,198.1279,6,False
DE002939,T0116,S020,CHARGING,train,19,8,True,True,17134.2,26.527,17483.5,27.009,918.0,2.202,33699.7,51.335,1.824,2.002,102.459,0.0,18.0,120.459,1,OPEN,True,200.342,7,False
DE002939,T0116,S019,CHARGING,train,19,8,True,True,20121.7,26.213,19850.8,25.725,918.0,2.202,39054.5,49.735,1.824,2.002,99.313,0.0,18.0,117.313,2,OPEN,True,207.1557,8,False
DE002942,T0116,S025,CHARGING,train,19,8,True,True,5553.9,9.915,6029.3,10.335,378.0,0.907,11205.2,19.344,2.153,2.002,42.039,0.0,18.0,60.039,1,OPEN,True,86.935,1,True
DE002942,T0116,S022,CHARGING,train,19,8,True,True,12238.2,16.697,12391.3,17.022,378.0,0.907,24251.5,32.813,2.153,2.002,70.027,0.0,18.0,88.027,4,OPEN,True,143.3332,2,False
DE002942,T0116,S016,CHARGING,train,19,8,True,True,13975.4,18.481,13963.0,18.104,378.0,0.907,27560.4,35.678,2.153,2.002,76.032,0.0,18.0,94.032,3,OPEN,True,157.0222,3,False
DE002942,T0116,S017,CHARGING,train,19,8,True,True,16650.1,21.598,16721.9,21.298,378.0,0.907,32994.0,41.99,2.153,2.002,89.139,0.0,18.0,107.139,4,OPEN,True,182.2246,4,False
DE002942,T0116,S004,CHARGING,train,19,8,True,True,19577.7,23.865,19642.3,23.843,378.0,0.907,38842.0,46.802,2.153,2.002,99.115,0.0,18.0,117.115,4,OPEN,True,205.0999,5,False
DE002942,T0116,S002,CHARGING,train,19,8,True,True,20127.2,24.603,19849.5,23.938,378.0,0.907,39598.7,47.635,2.153,2.002,100.895,0.0,18.0,118.895,1,OPEN,True,209.6515,6,False
DE002942,T0116,S020,CHARGING,train,19,8,True,True,17253.9,27.126,17483.5,27.009,378.0,0.907,34359.4,53.229,2.153,2.002,112.476,0.0,18.0,130.476,1,OPEN,True,212.152,7,False
DE002942,T0116,S019,CHARGING,train,19,8,True,True,20462.9,26.895,19850.8,25.725,378.0,0.907,39935.7,51.713,2.153,2.002,109.406,0.0,18.0,127.406,2,OPEN,True,219.5057,8,False
DE003065,T0122,S004,CHARGING,train,19,8,True,True,3907.8,4.236,3871.3,5.222,5811.0,17.753,1968.1,0.0,2.054,1.999,19.139,0.0,18.0,37.139,2,OPEN,True,40.375,1,True
DE003065,T0122,S017,CHARGING,train,19,8,True,True,3702.6,4.519,4787.7,5.833,5811.0,17.753,2679.3,0.0,2.054,1.999,20.942,0.0,18.0,38.942,3,OPEN,True,43.2511,2,False
DE003065,T0122,S002,CHARGING,train,19,8,True,True,5337.3,6.646,4902.6,6.91,5811.0,17.753,4428.9,0.0,2.054,1.999,27.465,0.0,18.0,45.465,4,OPEN,True,52.923,3,False
DE003065,T0122,S016,CHARGING,train,19,8,True,True,6211.4,7.025,7293.4,8.228,5811.0,17.753,7693.8,0.0,2.054,1.999,30.878,0.0,18.0,48.878,3,OPEN,True,63.2152,4,False
DE003065,T0122,S005,CHARGING,train,19,8,True,True,7536.5,9.4,7360.8,8.842,5811.0,17.753,9086.3,0.49,2.054,1.999,36.983,0.0,18.0,54.983,2,OPEN,True,72.5784,5,False
DE003065,T0122,S022,CHARGING,train,19,8,True,True,8411.4,9.489,9450.9,10.806,5811.0,17.753,12051.3,2.542,2.054,1.999,41.091,0.0,18.0,59.091,3,OPEN,True,82.7793,6,False
DE003065,T0122,S019,CHARGING,train,19,8,True,True,8861.3,10.4,9137.3,11.164,5811.0,17.753,12187.6,3.811,2.054,1.999,43.678,0.0,18.0,61.678,2,OPEN,True,86.3061,7,False
DE003065,T0122,S008,CHARGING,train,19,8,True,True,9331.9,10.566,9498.8,10.632,5811.0,17.753,13019.7,3.446,2.054,1.999,42.958,0.0,18.0,60.958,2,OPEN,True,87.1585,8,False
DE003068,T0122,S004,CHARGING,train,19,8,True,True,3925.5,4.324,3871.3,5.222,5103.0,15.423,2693.8,0.0,1.564,1.999,17.2,0.0,18.0,35.2,2,OPEN,True,39.888,1,True
DE003068,T0122,S017,CHARGING,train,19,8,True,True,3720.2,4.606,4787.7,5.833,5103.0,15.423,3404.9,0.0,1.564,1.999,18.865,0.0,18.0,36.865,3,OPEN,True,42.6253,2,False
DE003068,T0122,S002,CHARGING,train,19,8,True,True,5355.0,6.734,4902.6,6.91,5103.0,15.423,5154.6,0.0,1.564,1.999,24.346,0.0,18.0,42.346,4,OPEN,True,51.2549,3,False
DE003068,T0122,S016,CHARGING,train,19,8,True,True,6229.1,7.113,7293.4,8.228,5103.0,15.423,8419.5,0.0,1.564,1.999,27.572,0.0,18.0,45.572,3,OPEN,True,61.3613,4,False
DE003068,T0122,S005,CHARGING,train,19,8,True,True,7554.2,9.488,7360.8,8.842,5103.0,15.423,9812.0,2.907,1.564,1.999,32.514,0.0,18.0,50.514,2,OPEN,True,70.165,5,False
DE003068,T0122,S022,CHARGING,train,19,8,True,True,8429.0,9.576,9450.9,10.806,5103.0,15.423,12776.9,4.959,1.564,1.999,36.579,0.0,18.0,54.579,3,OPEN,True,80.3224,6,False
DE003068,T0122,S019,CHARGING,train,19,8,True,True,8878.9,10.487,9137.3,11.164,5103.0,15.423,12913.2,6.228,1.564,1.999,38.719,0.0,18.0,56.719,2,OPEN,True,83.4029,7,False
DE003068,T0122,S008,CHARGING,train,19,8,True,True,9349.5,10.654,9498.8,10.632,5103.0,15.423,13745.3,5.863,1.564,1.999,37.917,0.0,18.0,55.917,2,OPEN,True,84.1735,8,False
DE003071,T0122,S004,CHARGING,train,19,8,True,True,3976.9,4.478,3871.3,5.222,4361.0,12.95,3487.2,0.0,2.433,1.999,21.332,0.0,18.0,39.332,2,OPEN,True,45.6069,1,True
DE003071,T0122,S017,CHARGING,train,19,8,True,True,3771.6,4.76,4787.7,5.833,4361.0,12.95,4198.3,0.0,2.433,1.999,23.243,0.0,18.0,41.243,3,OPEN,True,48.5899,2,False
DE003071,T0122,S002,CHARGING,train,19,8,True,True,5406.4,6.888,4902.6,6.91,4361.0,12.95,5948.0,0.848,2.433,1.999,30.572,0.0,18.0,48.572,4,OPEN,True,59.2804,3,False
DE003071,T0122,S016,CHARGING,train,19,8,True,True,6280.5,7.267,7293.4,8.228,4361.0,12.95,9212.9,2.545,2.433,1.999,34.128,0.0,18.0,52.128,3,OPEN,True,70.1405,4,False
DE003071,T0122,S005,CHARGING,train,19,8,True,True,7605.6,9.642,7360.8,8.842,4361.0,12.95,10605.4,5.534,2.433,1.999,41.134,0.0,18.0,59.134,2,OPEN,True,81.0287,5,False
DE003071,T0122,S022,CHARGING,train,19,8,True,True,8480.4,9.731,9450.9,10.806,4361.0,12.95,13570.3,7.587,2.433,1.999,45.276,0.0,18.0,63.276,3,OPEN,True,91.2629,6,False
DE003071,T0122,S019,CHARGING,train,19,8,True,True,8930.3,10.641,9137.3,11.164,4361.0,12.95,13706.6,8.856,2.433,1.999,48.208,0.0,18.0,66.208,2,OPEN,True,95.1349,7,False
DE003071,T0122,S008,CHARGING,train,19,8,True,True,9400.9,10.808,9498.8,10.632,4361.0,12.95,14538.7,8.491,2.433,1.999,47.551,0.0,18.0,65.551,2,OPEN,True,96.0505,8,False
DE003074,T0122,S004,CHARGING,train,19,8,True,True,4005.4,4.563,3871.3,5.222,3632.0,10.52,4244.7,0.0,2.793,1.999,23.184,0.0,18.0,41.184,4,OPEN,True,48.2732,1,True
DE003074,T0122,S017,CHARGING,train,19,8,True,True,3800.1,4.846,4787.7,5.833,3632.0,10.52,4955.8,0.159,2.793,1.999,25.196,0.0,18.0,43.196,2,OPEN,True,52.4477,2,False
DE003074,T0122,S002,CHARGING,train,19,8,True,True,5434.9,6.974,4902.6,6.91,3632.0,10.52,6705.5,3.364,2.793,1.999,33.291,0.0,18.0,51.291,4,OPEN,True,64.1432,3,False
DE003074,T0122,S016,CHARGING,train,19,8,True,True,6309.0,7.353,7293.4,8.228,3632.0,10.52,9970.4,5.06,2.793,1.999,36.984,0.0,18.0,54.984,2,OPEN,True,75.4898,4,False
DE003074,T0122,S005,CHARGING,train,19,8,True,True,7634.1,9.728,7360.8,8.842,3632.0,10.52,11362.9,8.05,2.793,1.999,44.845,0.0,18.0,62.845,1,OPEN,True,87.233,5,False
DE003074,T0122,S022,CHARGING,train,19,8,True,True,8509.0,9.816,9450.9,10.806,3632.0,10.52,14327.9,10.102,2.793,1.999,49.018,0.0,18.0,67.018,4,OPEN,True,96.7993,6,False
DE003074,T0122,S019,CHARGING,train,19,8,True,True,8958.8,10.727,9137.3,11.164,3632.0,10.52,14464.1,11.371,2.793,1.999,52.278,0.0,18.0,70.278,3,OPEN,True,100.999,7,False
DE003074,T0122,S008,CHARGING,train,19,8,True,True,9429.5,10.894,9498.8,10.632,3632.0,10.52,15296.3,11.006,2.793,1.999,51.681,0.0,18.0,69.681,2,OPEN,True,102.3249,8,False
DE003077,T0122,S004,CHARGING,train,19,8,True,True,3585.1,3.876,3871.3,5.222,2889.0,8.596,4567.4,0.502,1.715,1.999,17.086,0.0,18.0,35.086,4,OPEN,True,42.9457,1,True
DE003077,T0122,S017,CHARGING,train,19,8,True,True,3935.2,4.731,4787.7,5.833,2889.0,8.596,5833.9,1.968,1.715,1.999,19.774,0.0,18.0,37.774,2,OPEN,True,49.2342,2,False
DE003077,T0122,S002,CHARGING,train,19,8,True,True,5014.6,6.286,4902.6,6.91,2889.0,8.596,7028.2,4.6,1.715,1.999,24.595,0.0,18.0,42.595,4,OPEN,True,56.4013,3,False
DE003077,T0122,S016,CHARGING,train,19,8,True,True,6444.0,7.237,7293.4,8.228,2889.0,8.596,10848.4,6.869,1.715,1.999,28.86,0.0,18.0,46.86,2,OPEN,True,69.5738,4,False
DE003077,T0122,S005,CHARGING,train,19,8,True,True,7926.2,9.421,7360.8,8.842,2889.0,8.596,12398.0,9.667,1.715,1.999,33.832,0.0,18.0,51.832,1,OPEN,True,78.6951,5,False
DE003077,T0122,S022,CHARGING,train,19,8,True,True,8644.0,9.701,9450.9,10.806,2889.0,8.596,15205.9,11.911,1.715,1.999,38.238,0.0,18.0,56.238,4,OPEN,True,88.2277,6,False
DE003077,T0122,S008,CHARGING,train,19,8,True,True,9075.1,10.282,9498.8,10.632,2889.0,8.596,15684.9,12.318,1.715,1.999,38.888,0.0,18.0,56.888,2,OPEN,True,90.6369,7,False
DE003077,T0122,S019,CHARGING,train,19,8,True,True,9219.0,10.612,9137.3,11.164,2889.0,8.596,15467.3,13.18,1.715,1.999,40.516,0.0,18.0,58.516,3,OPEN,True,91.6959,8,False
DE003080,T0122,S004,CHARGING,train,19,8,True,True,3733.4,4.262,3871.3,5.222,2115.0,6.848,5489.7,2.636,2.77,1.999,22.243,0.0,18.0,40.243,4,OPEN,True,50.4813,1,True
DE003080,T0122,S017,CHARGING,train,19,8,True,True,4308.1,5.215,4787.7,5.833,2115.0,6.848,6980.8,4.201,2.77,1.999,26.107,0.0,18.0,44.107,2,OPEN,True,58.4184,2,False
DE003080,T0122,S002,CHARGING,train,19,8,True,True,4873.3,6.499,4902.6,6.91,2115.0,6.848,7660.9,6.562,2.77,1.999,31.816,0.0,18.0,49.816,4,OPEN,True,65.3778,3,False
DE003080,T0122,S016,CHARGING,train,19,8,True,True,6817.0,7.722,7293.4,8.228,2115.0,6.848,11995.4,9.102,2.77,1.999,37.837,0.0,18.0,55.837,2,OPEN,True,81.4028,4,False
DE003080,T0122,S005,CHARGING,train,19,8,True,True,7725.9,9.317,7360.8,8.842,2115.0,6.848,12971.7,11.311,2.77,1.999,43.482,0.0,18.0,61.482,1,OPEN,True,89.9031,5,False
DE003080,T0122,S022,CHARGING,train,19,8,True,True,9016.9,10.185,9450.9,10.806,2115.0,6.848,16352.8,14.143,2.77,1.999,49.814,0.0,18.0,67.814,4,OPEN,True,102.6554,6,False
DE003080,T0122,S019,CHARGING,train,19,8,True,True,9050.6,10.746,9137.3,11.164,2115.0,6.848,16072.9,15.062,2.77,1.999,52.083,0.0,18.0,70.083,3,OPEN,True,104.9444,7,False
DE003080,T0122,S008,CHARGING,train,19,8,True,True,9365.3,10.668,9498.8,10.632,2115.0,6.848,16749.1,14.452,2.77,1.999,50.803,0.0,18.0,68.803,2,OPEN,True,105.2145,8,False
DE003083,T0122,S004,CHARGING,train,19,8,True,True,3867.7,4.431,3871.3,5.222,1295.0,4.246,6444.0,5.406,1.898,1.999,18.847,0.0,18.0,36.847,4,OPEN,True,49.6869,1,True
DE003083,T0122,S017,CHARGING,train,19,8,True,True,4331.0,5.384,4787.7,5.833,1295.0,4.246,7823.7,6.971,1.898,1.999,21.88,0.0,18.0,39.88,2,OPEN,True,56.5699,2,False
DE003083,T0122,S002,CHARGING,train,19,8,True,True,5007.6,6.801,4902.6,6.91,1295.0,4.246,8615.2,9.466,1.898,1.999,26.723,0.0,18.0,44.723,4,OPEN,True,62.9198,3,False
DE003083,T0122,S016,CHARGING,train,19,8,True,True,6839.8,7.891,7293.4,8.228,1295.0,4.246,12838.2,11.872,1.898,1.999,31.424,0.0,18.0,49.424,2,OPEN,True,77.3683,4,False
DE003083,T0122,S005,CHARGING,train,19,8,True,True,7596.8,9.304,7360.8,8.842,1295.0,4.246,13662.6,13.899,1.898,1.999,35.333,0.0,18.0,53.333,1,OPEN,True,83.7832,5,False
DE003083,T0122,S022,CHARGING,train,19,8,True,True,9039.8,10.354,9450.9,10.806,1295.0,4.246,17195.7,16.914,1.898,1.999,41.253,0.0,18.0,59.253,4,OPEN,True,96.473,6,False
DE003083,T0122,S019,CHARGING,train,19,8,True,True,8921.5,10.733,9137.3,11.164,1295.0,4.246,16763.8,17.651,1.898,1.999,42.688,0.0,18.0,60.688,3,OPEN,True,97.5783,7,False
DE003083,T0122,S008,CHARGING,train,19,8,True,True,9388.1,10.836,9498.8,10.632,1295.0,4.246,17591.9,17.223,1.898,1.999,41.822,0.0,18.0,59.822,2,OPEN,True,98.6112,8,False
DE003086,T0122,S004,CHARGING,train,19,8,True,True,3935.6,4.312,3871.3,5.222,522.0,1.69,7284.9,7.843,2.815,1.999,22.576,0.0,18.0,40.576,4,OPEN,True,55.7061,1,True
DE003086,T0122,S017,CHARGING,train,19,8,True,True,4368.5,5.265,4787.7,5.833,522.0,1.69,8634.2,9.408,2.815,1.999,26.482,0.0,18.0,44.482,2,OPEN,True,63.4026,2,False
DE003086,T0122,S002,CHARGING,train,19,8,True,True,5143.2,6.736,4902.6,6.91,522.0,1.69,9523.8,11.956,2.815,1.999,32.776,0.0,18.0,50.776,4,OPEN,True,71.4124,3,False
DE003086,T0122,S016,CHARGING,train,19,8,True,True,6877.4,7.772,7293.4,8.228,522.0,1.69,13648.8,14.309,2.815,1.999,38.325,0.0,18.0,56.325,2,OPEN,True,86.4998,4,False
DE003086,T0122,S005,CHARGING,train,19,8,True,True,7460.2,8.974,7360.8,8.842,522.0,1.69,14299.0,16.125,2.815,1.999,42.936,0.0,18.0,60.936,1,OPEN,True,93.2148,5,False
DE003086,T0122,S022,CHARGING,train,19,8,True,True,9077.3,10.235,9450.9,10.806,522.0,1.69,18006.2,19.351,2.815,1.999,50.413,0.0,18.0,68.413,4,OPEN,True,107.8632,6,False
DE003086,T0122,S019,CHARGING,train,19,8,True,True,8784.9,10.403,9137.3,11.164,522.0,1.69,17400.2,19.877,2.815,1.999,51.601,0.0,18.0,69.601,3,OPEN,True,108.3204,7,False
DE003086,T0122,S008,CHARGING,train,19,8,True,True,9425.7,10.718,9498.8,10.632,522.0,1.69,18402.5,19.66,2.815,1.999,51.424,0.0,18.0,69.424,2,OPEN,True,110.4441,8,False
DE003089,T0123,S006,BATTERY_SWAP,test,4,4,True,True,1743.5,2.339,2027.6,3.234,2501.0,8.029,1270.1,0.0,2.832,1.999,13.088,0.0,6.0,19.088,2,OPEN,True,20.9283,1,True
DE003089,T0123,S027,BATTERY_SWAP,test,4,4,True,True,6437.8,7.85,6711.5,7.318,2501.0,8.029,10648.3,7.139,2.832,1.999,36.86,0.0,6.0,42.86,3,OPEN,True,64.8912,2,False
DE003089,T0123,S021,BATTERY_SWAP,test,4,4,True,True,7436.5,8.236,7560.4,8.661,2501.0,8.029,12495.9,8.868,2.832,1.999,40.639,0.0,6.0,46.639,2,OPEN,True,73.1477,3,False
DE003089,T0123,S012,BATTERY_SWAP,test,4,4,True,True,10605.4,12.859,11257.7,13.323,2501.0,8.029,19362.1,18.152,2.832,1.999,63.048,0.0,6.0,69.048,1,OPEN,True,111.9605,4,False
DE003093,T0123,S006,BATTERY_SWAP,test,4,4,True,True,1749.3,2.315,2027.6,3.234,2183.0,6.97,1593.9,0.0,2.254,1.999,11.683,0.0,6.0,17.683,2,OPEN,True,20.1706,1,True
DE003093,T0123,S027,BATTERY_SWAP,test,4,4,True,True,6443.7,7.827,6711.5,7.318,2183.0,6.97,10972.2,8.174,2.254,1.999,32.269,0.0,6.0,38.269,3,OPEN,True,61.207,2,False
DE003093,T0123,S021,BATTERY_SWAP,test,4,4,True,True,7442.3,8.213,7560.4,8.661,2183.0,6.97,12819.7,9.904,2.254,1.999,35.825,0.0,6.0,41.825,2,OPEN,True,69.2402,3,False
DE003093,T0123,S012,BATTERY_SWAP,test,4,4,True,True,10611.2,12.835,11257.7,13.323,2183.0,6.97,19685.9,19.188,2.254,1.999,55.563,0.0,6.0,61.563,1,OPEN,True,105.3814,4,False
DE003097,T0123,S006,BATTERY_SWAP,test,4,4,True,True,1869.7,2.676,2027.6,3.234,1865.0,5.909,2032.3,0.001,1.776,1.999,11.218,0.0,6.0,17.218,2,OPEN,True,20.5822,1,True
DE003097,T0123,S027,BATTERY_SWAP,test,4,4,True,True,6564.0,8.188,6711.5,7.318,1865.0,5.909,11410.5,9.596,1.776,1.999,29.169,0.0,6.0,35.169,2,OPEN,True,59.6892,2,False
DE003097,T0123,S021,BATTERY_SWAP,test,4,4,True,True,7562.7,8.574,7560.4,8.661,1865.0,5.909,13258.1,11.326,1.776,1.999,32.541,0.0,6.0,38.541,3,OPEN,True,66.8382,3,False
DE003097,T0123,S012,BATTERY_SWAP,test,4,4,True,True,10731.6,13.196,11257.7,13.323,1865.0,5.909,20124.3,20.61,1.776,1.999,50.069,0.0,6.0,56.069,1,OPEN,True,101.1199,4,False
DE003101,T0123,S006,BATTERY_SWAP,test,4,4,True,True,2003.4,2.953,2027.6,3.234,1550.0,4.974,2481.0,1.213,1.111,1.999,9.746,0.0,6.0,15.746,2,OPEN,True,20.3107,1,True
DE003101,T0123,S027,BATTERY_SWAP,test,4,4,True,True,6697.7,8.465,6711.5,7.318,1550.0,4.974,11859.2,10.808,1.111,1.999,24.032,0.0,6.0,30.032,2,OPEN,True,55.7525,2,False
DE003101,T0123,S021,BATTERY_SWAP,test,4,4,True,True,7696.4,8.851,7560.4,8.661,1550.0,4.974,13706.8,12.538,1.111,1.999,27.147,0.0,6.0,33.147,3,OPEN,True,62.6449,3,False
DE003101,T0123,S012,BATTERY_SWAP,test,4,4,True,True,10865.3,13.473,11257.7,13.323,1550.0,4.974,20573.0,21.822,1.111,1.999,41.601,0.0,6.0,47.601,1,OPEN,True,93.8528,4,False
DE003105,T0123,S006,BATTERY_SWAP,test,4,4,True,True,1749.3,2.315,2027.6,3.234,1236.0,4.046,2540.9,1.503,2.254,1.999,11.683,0.0,6.0,17.683,2,OPEN,True,22.4403,1,True
DE003105,T0123,S027,BATTERY_SWAP,test,4,4,True,True,6443.7,7.827,6711.5,7.318,1236.0,4.046,11919.2,11.098,2.254,1.999,32.269,0.0,6.0,38.269,2,OPEN,True,64.182,2,False
DE003105,T0123,S021,BATTERY_SWAP,test,4,4,True,True,7442.3,8.213,7560.4,8.661,1236.0,4.046,13766.7,12.828,2.254,1.999,35.825,0.0,6.0,41.825,3,OPEN,True,71.5152,3,False
DE003105,T0123,S012,BATTERY_SWAP,test,4,4,True,True,10611.2,12.835,11257.7,13.323,1236.0,4.046,20632.9,22.112,2.254,1.999,55.563,0.0,6.0,61.563,1,OPEN,True,108.0064,4,False
DE003109,T0123,S006,BATTERY_SWAP,test,3,3,True,True,1869.7,2.676,2027.6,3.234,918.0,2.985,2979.3,2.925,1.776,1.999,11.218,0.0,6.0,17.218,2,OPEN,True,23.2072,1,True
DE003109,T0123,S027,BATTERY_SWAP,test,3,3,True,True,6564.0,8.188,6711.5,7.318,918.0,2.985,12357.5,12.52,1.776,1.999,29.169,0.0,6.0,35.169,2,OPEN,True,62.3142,2,False
DE003109,T0123,S021,BATTERY_SWAP,test,3,3,True,True,7562.7,8.574,7560.4,8.661,918.0,2.985,14205.1,14.25,1.776,1.999,32.541,0.0,6.0,38.541,3,OPEN,True,69.4632,3,False
DE003113,T0123,S006,BATTERY_SWAP,test,3,3,True,True,1885.8,2.687,2027.6,3.234,589.0,1.923,3324.4,3.998,2.328,1.999,12.719,0.0,6.0,18.719,2,OPEN,True,25.6674,1,True
DE003113,T0123,S027,BATTERY_SWAP,test,3,3,True,True,6580.1,8.198,6711.5,7.318,589.0,1.923,12702.6,13.593,2.328,1.999,33.713,0.0,6.0,39.713,2,OPEN,True,67.8167,2,False
DE003113,T0123,S021,BATTERY_SWAP,test,3,3,True,True,7578.8,8.584,7560.4,8.661,589.0,1.923,14550.2,15.323,2.328,1.999,37.298,0.0,6.0,43.298,3,OPEN,True,75.1787,3,False
DE003117,T0123,S006,BATTERY_SWAP,test,3,3,True,True,2058.9,3.163,2027.6,3.234,255.0,0.851,3831.5,5.546,1.974,1.999,12.709,0.0,6.0,18.709,2,OPEN,True,27.0586,1,True
DE003117,T0123,S027,BATTERY_SWAP,test,3,3,True,True,6753.3,8.675,6711.5,7.318,255.0,0.851,13209.8,15.141,1.974,1.999,31.752,0.0,6.0,37.752,2,OPEN,True,67.257,2,False
DE003117,T0123,S021,BATTERY_SWAP,test,3,3,True,True,7751.9,9.061,7560.4,8.661,255.0,0.851,15057.3,16.871,1.974,1.999,35.2,0.0,6.0,41.2,3,OPEN,True,74.4822,3,False
DE003121,T0124,S023,CHARGING,validation,19,8,True,True,7193.4,9.895,5451.4,7.283,3042.0,5.459,9602.8,11.72,1.78,1.999,32.173,0.0,18.0,50.173,2,OPEN,True,71.6083,1,True
DE003121,T0124,S014,CHARGING,validation,19,8,True,True,8361.0,11.117,6618.5,8.504,3042.0,5.459,11937.5,14.162,1.78,1.999,36.787,0.0,18.0,54.787,1,OPEN,True,81.8527,2,False
DE003121,T0124,S028,CHARGING,validation,19,8,True,True,11797.8,15.38,10990.8,12.767,3042.0,5.459,19746.6,22.688,1.78,1.999,52.898,0.0,18.0,70.898,2,OPEN,True,115.3634,3,False
DE003121,T0124,S007,CHARGING,validation,19,8,True,True,16847.5,20.04,18386.6,19.707,3042.0,5.459,32192.1,34.288,1.78,1.999,75.065,0.0,18.0,93.065,3,OPEN,True,164.9717,4,False
DE003121,T0124,S026,CHARGING,validation,19,8,True,True,17428.0,21.32,19346.1,21.463,3042.0,5.459,33732.1,37.324,1.78,1.999,80.855,0.0,18.0,98.855,2,OPEN,True,174.9501,5,False
DE003121,T0124,S019,CHARGING,validation,19,8,True,True,22618.5,25.05,23212.7,21.068,3042.0,5.459,42789.2,40.659,1.78,1.999,86.704,0.0,18.0,104.704,3,OPEN,True,199.3968,6,False
DE003121,T0124,S011,CHARGING,validation,19,8,True,True,23475.2,25.481,25043.9,24.675,3042.0,5.459,45477.1,44.697,1.78,1.999,94.682,0.0,18.0,112.682,5,OPEN,True,213.0602,7,False
DE003121,T0124,S029,CHARGING,validation,19,8,True,True,26249.3,29.229,28780.5,27.688,3042.0,5.459,51987.8,51.459,1.78,1.999,107.377,0.0,18.0,125.377,3,OPEN,True,241.1674,8,False
DE003124,T0124,S023,CHARGING,validation,19,8,True,True,7593.9,9.828,5451.4,7.283,2654.0,4.733,10391.3,12.378,2.729,1.999,41.38,0.0,18.0,59.38,2,OPEN,True,82.557,1,True
DE003124,T0124,S014,CHARGING,validation,19,8,True,True,8761.5,11.21,6618.5,8.504,2654.0,4.733,12726.0,14.981,2.729,1.999,47.591,0.0,18.0,65.591,1,OPEN,True,94.4383,2,False
DE003124,T0124,S028,CHARGING,validation,19,8,True,True,11397.4,15.473,10990.8,12.767,2654.0,4.733,19734.2,23.508,2.729,1.999,67.748,0.0,18.0,85.748,2,OPEN,True,130.3931,3,False
DE003124,T0124,S007,CHARGING,validation,19,8,True,True,16447.1,19.439,18386.6,19.707,2654.0,4.733,32179.7,34.414,2.729,1.999,92.444,0.0,18.0,110.444,3,OPEN,True,182.3571,4,False
DE003124,T0124,S026,CHARGING,validation,19,8,True,True,17027.6,20.72,19346.1,21.463,2654.0,4.733,33719.7,37.45,2.729,1.999,99.449,0.0,18.0,117.449,2,OPEN,True,193.5504,5,False
DE003124,T0124,S019,CHARGING,validation,19,8,True,True,22218.1,24.449,23212.7,21.068,2654.0,4.733,42776.8,40.784,2.729,1.999,108.837,0.0,18.0,126.837,3,OPEN,True,221.5367,6,False
DE003124,T0124,S011,CHARGING,validation,19,8,True,True,23074.8,24.88,25043.9,24.675,2654.0,4.733,45464.7,44.823,2.729,1.999,117.224,0.0,18.0,135.224,5,OPEN,True,235.6087,7,False
DE003124,T0124,S029,CHARGING,validation,19,8,True,True,25848.9,28.629,28780.5,27.688,2654.0,4.733,51975.4,51.584,2.729,1.999,133.476,0.0,18.0,151.476,3,OPEN,True,267.2733,8,False
DE003127,T0124,S023,CHARGING,validation,19,8,True,True,7398.7,9.375,5451.4,7.283,2256.0,4.099,10594.1,12.559,1.98,1.999,33.122,0.0,18.0,51.122,2,OPEN,True,74.7503,1,True
DE003127,T0124,S014,CHARGING,validation,19,8,True,True,9110.7,10.757,6618.5,8.504,2256.0,4.099,13473.2,15.162,1.98,1.999,38.299,0.0,18.0,56.299,1,OPEN,True,86.6854,2,False
DE003127,T0124,S028,CHARGING,validation,19,8,True,True,11108.6,15.02,10990.8,12.767,2256.0,4.099,19843.4,23.688,1.98,1.999,55.262,0.0,18.0,73.262,2,OPEN,True,118.1709,3,False
DE003127,T0124,S007,CHARGING,validation,19,8,True,True,16158.2,18.987,18386.6,19.707,2256.0,4.099,32288.8,34.594,1.98,1.999,76.988,0.0,18.0,94.988,3,OPEN,True,167.1641,4,False
DE003127,T0124,S026,CHARGING,validation,19,8,True,True,16738.7,20.267,19346.1,21.463,2256.0,4.099,33828.8,37.631,1.98,1.999,83.033,0.0,18.0,101.033,2,OPEN,True,177.3985,5,False
DE003127,T0124,S019,CHARGING,validation,19,8,True,True,21929.2,23.997,23212.7,21.068,2256.0,4.099,42885.9,40.965,1.98,1.999,89.628,0.0,18.0,107.628,3,OPEN,True,202.5912,6,False
DE003127,T0124,S011,CHARGING,validation,19,8,True,True,22785.9,24.427,25043.9,24.675,2256.0,4.099,45573.8,45.003,1.98,1.999,97.692,0.0,18.0,115.692,5,OPEN,True,216.3407,7,False
DE003127,T0124,S029,CHARGING,validation,19,8,True,True,25560.1,28.176,28780.5,27.688,2256.0,4.099,52084.6,51.765,1.98,1.999,111.137,0.0,18.0,129.137,3,OPEN,True,245.1978,8,False
DE003130,T0124,S023,CHARGING,validation,19,8,True,True,7288.2,10.014,5451.4,7.283,1837.0,3.444,10902.6,13.853,1.91,1.999,33.685,0.0,18.0,51.685,2,OPEN,True,76.2532,1,True
DE003130,T0124,S014,CHARGING,validation,19,8,True,True,8455.8,11.26,6618.5,8.504,1837.0,3.444,13237.3,16.32,1.91,1.999,38.506,0.0,18.0,56.506,1,OPEN,True,86.7101,2,False
DE003130,T0124,S028,CHARGING,validation,19,8,True,True,11800.0,15.523,10990.8,12.767,1837.0,3.444,20953.8,24.846,1.91,1.999,55.171,0.0,18.0,73.171,2,OPEN,True,120.5898,3,False
DE003130,T0124,S007,CHARGING,validation,19,8,True,True,16849.6,19.625,18386.6,19.707,1837.0,3.444,33399.2,35.888,1.91,1.999,76.878,0.0,18.0,94.878,3,OPEN,True,169.598,4,False
DE003130,T0124,S026,CHARGING,validation,19,8,True,True,17430.2,20.905,19346.1,21.463,1837.0,3.444,34939.3,38.924,1.91,1.999,82.833,0.0,18.0,100.833,2,OPEN,True,179.7431,5,False
DE003130,T0124,S019,CHARGING,validation,19,8,True,True,22620.6,24.635,23212.7,21.068,1837.0,3.444,43996.3,42.259,1.91,1.999,89.167,0.0,18.0,107.167,3,OPEN,True,204.6744,6,False
DE003130,T0124,S011,CHARGING,validation,19,8,True,True,23477.3,25.065,25043.9,24.675,1837.0,3.444,46684.2,46.297,1.91,1.999,97.201,0.0,18.0,115.201,5,OPEN,True,218.3938,7,False
DE003130,T0124,S029,CHARGING,validation,19,8,True,True,26251.5,28.814,28780.5,27.688,1837.0,3.444,53195.0,53.058,1.91,1.999,110.384,0.0,18.0,128.384,3,OPEN,True,246.9885,8,False
DE003133,T0124,S023,CHARGING,validation,19,8,True,True,6879.2,9.425,5451.4,7.283,1415.0,2.654,10915.6,14.054,2.452,1.999,37.669,0.0,18.0,55.669,2,OPEN,True,80.3134,1,True
DE003133,T0124,S014,CHARGING,validation,19,8,True,True,8046.8,10.646,6618.5,8.504,1415.0,2.654,13250.3,16.496,2.452,1.999,43.104,0.0,18.0,61.104,1,OPEN,True,91.3786,2,False
DE003133,T0124,S028,CHARGING,validation,19,8,True,True,12209.0,14.909,10990.8,12.767,1415.0,2.654,21784.8,25.023,2.452,1.999,62.08,0.0,18.0,80.08,2,OPEN,True,129.205,3,False
DE003133,T0124,S007,CHARGING,validation,19,8,True,True,17258.7,20.238,18386.6,19.707,1415.0,2.654,34230.3,37.292,2.452,1.999,89.019,0.0,18.0,107.019,3,OPEN,True,183.7523,4,False
DE003133,T0124,S026,CHARGING,validation,19,8,True,True,17839.2,21.519,19346.1,21.463,1415.0,2.654,35770.3,40.328,2.452,1.999,95.668,0.0,18.0,113.668,2,OPEN,True,194.591,5,False
DE003133,T0124,S019,CHARGING,validation,19,8,True,True,23029.7,25.248,23212.7,21.068,1415.0,2.654,44827.4,43.662,2.452,1.999,104.024,0.0,18.0,122.024,3,OPEN,True,221.5441,6,False
DE003133,T0124,S011,CHARGING,validation,19,8,True,True,23886.4,25.679,25043.9,24.675,1415.0,2.654,47515.3,47.701,2.452,1.999,112.291,0.0,18.0,130.291,5,OPEN,True,235.4969,7,False
DE003133,T0124,S029,CHARGING,validation,19,8,True,True,26660.5,29.428,28780.5,27.688,1415.0,2.654,54026.0,54.462,2.452,1.999,127.505,0.0,18.0,145.505,3,OPEN,True,266.1231,8,False
DE003136,T0124,S023,CHARGING,validation,19,8,True,True,6535.5,8.909,5451.4,7.283,1021.0,1.915,10965.9,14.277,1.996,1.999,32.342,0.0,18.0,50.342,2,OPEN,True,75.1431,1,True
DE003136,T0124,S014,CHARGING,validation,19,8,True,True,7703.1,10.131,6618.5,8.504,1021.0,1.915,13300.6,16.72,1.996,1.999,37.22,0.0,18.0,55.22,1,OPEN,True,85.6513,2,False
DE003136,T0124,S028,CHARGING,validation,19,8,True,True,12064.1,14.394,10990.8,12.767,1021.0,1.915,22033.9,25.246,1.996,1.999,54.252,0.0,18.0,72.252,2,OPEN,True,121.9313,3,False
DE003136,T0124,S007,CHARGING,validation,19,8,True,True,17602.4,20.754,18386.6,19.707,1021.0,1.915,34968.0,38.546,1.996,1.999,80.819,0.0,18.0,98.819,3,OPEN,True,177.3415,4,False
DE003136,T0124,S026,CHARGING,validation,19,8,True,True,18182.9,22.034,19346.1,21.463,1021.0,1.915,36508.0,41.582,1.996,1.999,86.885,0.0,18.0,104.885,2,OPEN,True,187.5964,5,False
DE003136,T0124,S019,CHARGING,validation,19,8,True,True,23373.4,25.764,23212.7,21.068,1021.0,1.915,45565.1,44.917,1.996,1.999,93.539,0.0,18.0,111.539,3,OPEN,True,212.8488,6,False
DE003136,T0124,S011,CHARGING,validation,19,8,True,True,24230.0,26.195,25043.9,24.675,1021.0,1.915,48252.9,48.955,1.996,1.999,101.61,0.0,18.0,119.61,5,OPEN,True,226.605,7,False
DE003136,T0124,S029,CHARGING,validation,19,8,True,True,27004.2,29.943,28780.5,27.688,1021.0,1.915,54763.7,55.716,1.996,1.999,115.115,0.0,18.0,133.115,3,OPEN,True,255.5221,8,False
DE003139,T0124,S023,CHARGING,validation,19,8,True,True,6333.4,8.606,5451.4,7.283,616.0,1.155,11168.8,14.734,1.596,1.999,28.294,0.0,18.0,46.294,2,OPEN,True,71.6154,1,True
DE003139,T0124,S014,CHARGING,validation,19,8,True,True,7500.9,9.828,6618.5,8.504,616.0,1.155,13503.4,17.176,1.596,1.999,32.684,0.0,18.0,50.684,1,OPEN,True,81.6349,2,False
DE003139,T0124,S028,CHARGING,validation,19,8,True,True,11862.0,14.091,10990.8,12.767,616.0,1.155,22236.8,25.703,1.596,1.999,48.01,0.0,18.0,66.01,2,OPEN,True,116.2097,3,False
DE003139,T0124,S007,CHARGING,validation,19,8,True,True,17804.5,21.057,18386.6,19.707,616.0,1.155,35575.1,39.609,1.596,1.999,73.001,0.0,18.0,91.001,3,OPEN,True,171.0038,4,False
DE003139,T0124,S026,CHARGING,validation,19,8,True,True,18385.0,22.337,19346.1,21.463,616.0,1.155,37115.1,42.645,1.596,1.999,78.555,0.0,18.0,96.555,2,OPEN,True,180.7467,5,False
DE003139,T0124,S019,CHARGING,validation,19,8,True,True,23575.5,25.639,23212.7,21.068,616.0,1.155,46172.2,45.551,1.596,1.999,83.034,0.0,18.0,101.034,3,OPEN,True,203.7162,6,False
DE003139,T0124,S011,CHARGING,validation,19,8,True,True,24432.2,26.498,25043.9,24.675,616.0,1.155,48860.1,50.018,1.596,1.999,91.617,0.0,18.0,109.617,5,OPEN,True,218.0912,7,False
DE003139,T0124,S029,CHARGING,validation,19,8,True,True,27206.3,30.246,28780.5,27.688,616.0,1.155,55370.8,56.779,1.596,1.999,103.622,0.0,18.0,121.622,3,OPEN,True,245.5087,8,False
DE003142,T0124,S023,CHARGING,validation,19,8,True,True,6333.4,8.606,5451.4,7.283,242.0,0.453,11542.8,15.436,1.596,1.999,28.294,0.0,18.0,46.294,2,OPEN,True,72.539,1,True
DE003142,T0124,S014,CHARGING,validation,19,8,True,True,7500.9,9.828,6618.5,8.504,242.0,0.453,13877.4,17.878,1.596,1.999,32.684,0.0,18.0,50.684,1,OPEN,True,82.5584,2,False
DE003142,T0124,S028,CHARGING,validation,19,8,True,True,11862.0,14.091,10990.8,12.767,242.0,0.453,22610.8,26.405,1.596,1.999,48.01,0.0,18.0,66.01,2,OPEN,True,117.1333,3,False
DE003142,T0124,S007,CHARGING,validation,19,8,True,True,17804.5,21.057,18386.6,19.707,242.0,0.453,35949.1,40.311,1.596,1.999,73.001,0.0,18.0,91.001,3,OPEN,True,171.9273,4,False
DE003142,T0124,S026,CHARGING,validation,19,8,True,True,18385.0,22.337,19346.1,21.463,242.0,0.453,37489.1,43.347,1.596,1.999,78.555,0.0,18.0,96.555,2,OPEN,True,181.6702,5,False
DE003142,T0124,S019,CHARGING,validation,19,8,True,True,23575.5,25.639,23212.7,21.068,242.0,0.453,46546.2,46.253,1.596,1.999,83.034,0.0,18.0,101.034,3,OPEN,True,204.6398,6,False
DE003142,T0124,S011,CHARGING,validation,19,8,True,True,24432.2,26.498,25043.9,24.675,242.0,0.453,49234.1,50.72,1.596,1.999,91.617,0.0,18.0,109.617,5,OPEN,True,219.0148,7,False
DE003142,T0124,S029,CHARGING,validation,19,8,True,True,27206.3,30.246,28780.5,27.688,242.0,0.453,55744.8,57.482,1.596,1.999,103.622,0.0,18.0,121.622,3,OPEN,True,246.4323,8,False
DE003160,T0125,S005,CHARGING,train,20,8,True,True,3736.3,5.974,2963.6,4.393,2435.0,5.845,4264.9,4.522,2.604,1.998,24.332,0.0,18.0,42.332,2,OPEN,True,51.2919,1,True
DE003160,T0125,S017,CHARGING,train,20,8,True,True,8116.1,10.69,7628.7,9.001,2435.0,5.845,13309.8,13.846,2.604,1.998,45.82,0.0,18.0,63.82,3,OPEN,True,92.8508,2,False
DE003160,T0125,S019,CHARGING,train,20,8,True,True,8707.6,11.459,8349.9,9.96,2435.0,5.845,14622.5,15.574,2.604,1.998,49.739,0.0,18.0,67.739,1,OPEN,True,100.5281,3,False
DE003160,T0125,S013,CHARGING,train,20,8,True,True,8695.5,10.957,9542.3,11.844,2435.0,5.845,15802.8,16.956,2.604,1.998,52.196,0.0,18.0,70.196,1,OPEN,True,105.6909,4,False
DE003160,T0125,S016,CHARGING,train,20,8,True,True,9860.3,12.3,9914.7,11.289,2435.0,5.845,17340.0,17.745,2.604,1.998,54.586,0.0,18.0,72.586,4,OPEN,True,110.302,5,False
DE003160,T0125,S004,CHARGING,train,20,8,True,True,10704.4,13.301,10298.0,12.594,2435.0,5.845,18567.4,20.051,2.604,1.998,59.801,0.0,18.0,77.801,3,OPEN,True,118.8984,6,False
DE003160,T0125,S011,CHARGING,train,20,8,True,True,10825.8,14.914,10524.1,13.167,2435.0,5.845,18914.9,22.236,2.604,1.998,65.143,0.0,18.0,83.143,4,OPEN,True,125.1315,7,False
DE003160,T0125,S002,CHARGING,train,20,8,True,True,11844.3,15.535,11408.4,14.283,2435.0,5.845,20817.7,23.973,2.604,1.998,68.99,0.0,18.0,86.99,4,OPEN,True,133.2188,8,False
DE003163,T0125,S005,CHARGING,train,20,8,True,True,2967.8,4.437,2963.6,4.393,1584.0,3.803,4347.4,5.027,1.564,1.998,15.715,0.0,18.0,33.715,2,OPEN,True,42.9669,1,True
DE003163,T0125,S017,CHARGING,train,20,8,True,True,7684.8,9.153,7628.7,9.001,1584.0,3.803,13729.5,14.351,1.564,1.998,32.299,0.0,18.0,50.299,3,OPEN,True,80.2953,2,False
DE003163,T0125,S019,CHARGING,train,20,8,True,True,8326.9,9.922,8349.9,9.96,1584.0,3.803,15092.8,16.079,1.564,1.998,35.418,0.0,18.0,53.418,1,OPEN,True,87.2735,3,False
DE003163,T0125,S013,CHARGING,train,20,8,True,True,7927.1,9.42,9542.3,11.844,1584.0,3.803,15885.4,17.461,1.564,1.998,38.397,0.0,18.0,56.397,1,OPEN,True,92.1834,4,False
DE003163,T0125,S016,CHARGING,train,20,8,True,True,9479.6,10.764,9914.7,11.289,1584.0,3.803,17810.3,18.25,1.564,1.998,39.39,0.0,18.0,57.39,4,OPEN,True,96.1726,5,False
DE003163,T0125,S004,CHARGING,train,20,8,True,True,10273.0,11.765,10298.0,12.594,1584.0,3.803,18987.0,20.556,1.564,1.998,43.563,0.0,18.0,61.563,3,OPEN,True,103.6266,6,False
DE003163,T0125,S011,CHARGING,train,20,8,True,True,10445.2,13.377,10524.1,13.167,1584.0,3.803,19385.3,22.741,1.564,1.998,47.229,0.0,18.0,65.229,4,OPEN,True,108.2844,7,False
DE003163,T0125,S001,CHARGING,train,20,8,True,True,11324.0,15.772,11367.0,15.982,1584.0,3.803,21107.0,27.952,1.564,1.998,56.6,0.0,18.0,74.6,1,OPEN,True,123.4521,8,False
DE003166,T0125,S005,CHARGING,train,20,8,True,True,3601.0,5.703,2963.6,4.393,661.0,1.586,5903.6,8.509,1.765,1.998,18.842,0.0,18.0,36.842,2,OPEN,True,50.0767,1,True
DE003166,T0125,S017,CHARGING,train,20,8,True,True,8317.9,10.419,7628.7,9.001,661.0,1.586,15285.6,17.834,1.765,1.998,36.373,0.0,18.0,54.373,3,OPEN,True,88.3528,2,False
DE003166,T0125,S019,CHARGING,train,20,8,True,True,8960.1,11.189,8349.9,9.96,661.0,1.586,16649.0,19.562,1.765,1.998,39.647,0.0,18.0,57.647,1,OPEN,True,95.4859,3,False
DE003166,T0125,S013,CHARGING,train,20,8,True,True,8560.2,10.686,9542.3,11.844,661.0,1.586,17441.5,20.944,1.765,1.998,42.526,0.0,18.0,60.526,1,OPEN,True,100.2946,4,False
DE003166,T0125,S016,CHARGING,train,20,8,True,True,10112.7,12.03,9914.7,11.289,661.0,1.586,19366.4,21.732,1.765,1.998,43.788,0.0,18.0,61.788,4,OPEN,True,104.5539,5,False
DE003166,T0125,S004,CHARGING,train,20,8,True,True,10906.1,13.031,10298.0,12.594,661.0,1.586,20543.1,24.039,1.765,1.998,48.163,0.0,18.0,66.163,3,OPEN,True,112.209,6,False
DE003166,T0125,S011,CHARGING,train,20,8,True,True,11078.3,14.643,10524.1,13.167,661.0,1.586,20941.4,26.224,1.765,1.998,52.152,0.0,18.0,70.152,4,OPEN,True,117.191,7,False
DE003166,T0125,S001,CHARGING,train,20,8,True,True,11957.2,17.038,11367.0,15.982,661.0,1.586,22663.2,31.434,1.765,1.998,62.005,0.0,18.0,80.005,1,OPEN,True,132.8403,8,False
DE003169,T0126,S006,BATTERY_SWAP,train,1,1,False,True,11738.4,13.396,12960.5,16.799,6184.0,20.353,18514.9,9.842,1.765,1.998,57.209,0.0,6.0,63.209,3,OPEN,True,101.6492,1,True
DE003173,T0126,S020,CHARGING,train,1,1,False,True,8483.7,8.614,9550.3,11.901,5345.0,17.816,12689.0,2.699,1.697,1.998,38.396,0.0,18.0,56.396,1,OPEN,True,82.0989,1,True
DE003177,T0126,S020,CHARGING,train,1,1,False,True,8471.5,8.577,9550.3,11.901,4568.0,15.228,13453.8,5.251,2.065,1.998,41.49,0.0,18.0,59.49,1,OPEN,True,87.3606,1,True
DE003249,T0129,S003,BATTERY_SWAP,train,4,4,True,True,2133.1,2.286,2133.8,3.022,7574.0,21.809,0.0,0.0,1.809,1.998,10.173,0.0,6.0,16.173,5,OPEN,True,14.4228,1,True
DE003249,T0129,S005,BATTERY_SWAP,train,4,4,True,True,4483.8,5.3,4840.7,6.681,7574.0,21.809,1750.5,0.0,1.809,1.998,22.935,0.0,6.0,28.935,1,OPEN,True,32.0864,2,False
DE003249,T0129,S021,BATTERY_SWAP,train,4,4,True,True,5026.2,5.915,5927.0,7.393,7574.0,21.809,3379.2,0.0,1.809,1.998,25.47,0.0,6.0,31.47,3,OPEN,True,37.1789,3,False
DE003249,T0129,S005,CHARGING,train,4,4,True,True,4483.8,5.3,4840.7,6.681,7574.0,21.809,1750.5,0.0,1.809,1.998,22.935,0.0,18.0,40.935,1,OPEN,True,44.0864,4,False
DE003253,T0129,S003,BATTERY_SWAP,train,4,4,True,True,2299.1,2.898,2133.8,3.022,6569.0,19.854,0.0,0.0,1.939,1.998,11.656,0.0,6.0,17.656,5,OPEN,True,15.906,1,True
DE003253,T0129,S005,BATTERY_SWAP,train,4,4,True,True,4208.3,5.15,4840.7,6.681,6569.0,19.854,2480.0,0.0,1.939,1.998,23.334,0.0,6.0,29.334,1,OPEN,True,33.9441,2,False
DE003253,T0129,S021,BATTERY_SWAP,train,4,4,True,True,5122.9,5.975,5927.0,7.393,6569.0,19.854,4480.9,0.0,1.939,1.998,26.355,0.0,6.0,32.355,3,OPEN,True,40.2672,3,False
DE003253,T0129,S005,CHARGING,train,4,4,True,True,4208.3,5.15,4840.7,6.681,6569.0,19.854,2480.0,0.0,1.939,1.998,23.334,0.0,18.0,41.334,1,OPEN,True,45.9441,4,False
DE003257,T0129,S003,BATTERY_SWAP,train,4,4,True,True,2328.2,2.956,2133.8,3.022,5644.0,17.095,0.0,0.0,1.055,1.142,6.569,0.0,6.0,12.569,8,OPEN,True,10.4692,1,True
DE003257,T0129,S012,BATTERY_SWAP,train,4,4,True,True,3645.5,4.893,4282.5,6.144,5644.0,17.095,2284.0,0.0,1.055,1.142,12.179,0.0,6.0,18.179,3,OPEN,True,21.697,2,False
DE003257,T0129,S005,BATTERY_SWAP,train,4,4,True,True,4237.3,5.208,4840.7,6.681,5644.0,17.095,3434.0,0.0,1.055,1.142,13.124,0.0,6.0,19.124,3,OPEN,True,24.9421,3,False
DE003257,T0129,S021,BATTERY_SWAP,train,4,4,True,True,5152.0,6.033,5927.0,7.393,5644.0,17.095,5435.0,0.0,1.055,1.142,14.807,0.0,6.0,20.807,6,OPEN,True,29.5771,4,False
DE003261,T0129,S003,BATTERY_SWAP,train,2,2,True,True,2362.0,3.623,2133.8,3.022,4659.0,14.171,0.0,0.0,1.193,1.142,7.773,0.0,6.0,13.773,8,OPEN,True,11.6727,1,True
DE003261,T0129,S012,BATTERY_SWAP,train,2,2,True,True,3970.5,5.589,4282.5,6.144,4659.0,14.171,3594.0,0.0,1.193,1.142,13.685,0.0,6.0,19.685,3,OPEN,True,25.8226,2,False
DE003265,T0129,S003,BATTERY_SWAP,train,1,1,False,True,2746.0,4.061,2133.8,3.022,3665.0,11.181,1214.8,0.0,1.034,1.142,7.649,0.0,6.0,13.649,8,OPEN,True,13.9791,1,True
DE003281,T0130,S014,CHARGING,validation,19,8,True,True,3407.5,4.553,2025.0,3.537,2537.0,5.803,2895.5,2.288,1.079,1.142,8.953,0.0,18.0,26.953,5,OPEN,True,31.5656,1,True
DE003281,T0130,S023,CHARGING,validation,19,8,True,True,3150.6,4.1,3770.8,5.978,2537.0,5.803,4384.4,4.276,1.079,1.142,11.251,0.0,18.0,29.251,8,OPEN,True,36.9892,2,False
DE003281,T0130,S028,CHARGING,validation,19,8,True,True,7778.5,8.817,7063.6,8.595,2537.0,5.803,12305.1,11.609,1.079,1.142,19.329,0.0,18.0,37.329,4,OPEN,True,63.4416,3,False
DE003281,T0130,S007,CHARGING,validation,19,8,True,True,16560.7,19.827,17353.1,18.852,2537.0,5.803,31376.8,32.877,1.079,1.142,42.923,0.0,18.0,60.923,6,OPEN,True,129.7959,4,False
DE003281,T0130,S019,CHARGING,validation,19,8,True,True,21366.7,22.222,20682.5,21.13,2537.0,5.803,39512.2,37.549,1.079,1.142,48.108,0.0,18.0,66.108,6,OPEN,True,152.4196,5,False
DE003281,T0130,S026,CHARGING,validation,19,8,True,True,19181.6,25.037,19814.3,24.268,2537.0,5.803,36458.9,43.503,1.079,1.142,54.729,0.0,18.0,72.729,5,OPEN,True,154.7731,6,False
DE003281,T0130,S011,CHARGING,validation,19,8,True,True,23670.5,25.39,23848.7,24.737,2537.0,5.803,44982.2,44.325,1.079,1.142,55.646,0.0,18.0,73.646,6,OPEN,True,172.5911,7,False
DE003281,T0130,S016,CHARGING,validation,19,8,True,True,26731.3,28.26,26580.0,26.659,2537.0,5.803,50774.3,49.116,1.079,1.142,60.936,0.0,18.0,78.936,4,OPEN,True,191.3639,8,False
DE003284,T0130,S014,CHARGING,validation,19,8,True,True,3364.7,4.469,2025.0,3.537,2220.0,5.097,3169.7,2.91,1.097,1.142,8.943,0.0,18.0,26.943,5,OPEN,True,32.2593,1,True
DE003284,T0130,S023,CHARGING,validation,19,8,True,True,3080.6,4.017,3770.8,5.978,2220.0,5.097,4631.4,4.898,1.097,1.142,11.233,0.0,18.0,29.233,8,OPEN,True,37.6204,2,False
DE003284,T0130,S028,CHARGING,validation,19,8,True,True,7735.7,8.733,7063.6,8.595,2220.0,5.097,12579.3,12.231,1.097,1.142,19.396,0.0,18.0,37.396,4,OPEN,True,64.212,3,False
DE003284,T0130,S007,CHARGING,validation,19,8,True,True,16490.8,19.743,17353.1,18.852,2220.0,5.097,31623.9,33.499,1.097,1.142,43.188,0.0,18.0,61.188,6,OPEN,True,130.7103,4,False
DE003284,T0130,S019,CHARGING,validation,19,8,True,True,21323.9,22.138,20682.5,21.13,2220.0,5.097,39786.4,38.171,1.097,1.142,48.416,0.0,18.0,66.416,6,OPEN,True,153.4314,5,False
DE003284,T0130,S026,CHARGING,validation,19,8,True,True,19111.7,24.953,19814.3,24.268,2220.0,5.097,36706.0,44.125,1.097,1.142,55.088,0.0,18.0,73.088,5,OPEN,True,155.7813,6,False
DE003284,T0130,S011,CHARGING,validation,19,8,True,True,23600.6,25.306,23848.7,24.737,2220.0,5.097,45229.3,44.946,1.097,1.142,56.011,0.0,18.0,74.011,6,OPEN,True,173.6057,7,False
DE003284,T0130,S016,CHARGING,validation,19,8,True,True,26688.5,28.176,26580.0,26.659,2220.0,5.097,51048.5,49.738,1.097,1.142,61.353,0.0,18.0,79.353,4,OPEN,True,192.4844,8,False
DE003287,T0130,S014,CHARGING,validation,19,8,True,True,3307.1,4.354,2025.0,3.537,1882.0,4.283,3450.1,3.608,1.095,1.142,8.808,0.0,18.0,26.808,5,OPEN,True,32.8597,1,True
DE003287,T0130,S023,CHARGING,validation,19,8,True,True,3138.2,4.132,3770.8,5.978,1882.0,4.283,5027.0,5.826,1.095,1.142,11.351,0.0,18.0,29.351,8,OPEN,True,38.7617,2,False
DE003287,T0130,S028,CHARGING,validation,19,8,True,True,7678.2,8.617,7063.6,8.595,1882.0,4.283,12859.8,12.93,1.095,1.142,19.252,0.0,18.0,37.252,4,OPEN,True,64.8041,3,False
DE003287,T0130,S007,CHARGING,validation,19,8,True,True,16548.3,19.628,17353.1,18.852,1882.0,4.283,32019.4,34.197,1.095,1.142,43.022,0.0,18.0,61.022,6,OPEN,True,131.5104,4,False
DE003287,T0130,S019,CHARGING,validation,19,8,True,True,21266.4,22.023,20682.5,21.13,1882.0,4.283,40066.9,38.869,1.095,1.142,48.245,0.0,18.0,66.245,6,OPEN,True,153.9966,5,False
DE003287,T0130,S026,CHARGING,validation,19,8,True,True,19169.2,24.838,19814.3,24.268,1882.0,4.283,37101.5,44.823,1.095,1.142,54.912,0.0,18.0,72.912,5,OPEN,True,156.571,6,False
DE003287,T0130,S011,CHARGING,validation,19,8,True,True,23658.1,25.421,23848.7,24.737,1882.0,4.283,45624.8,45.875,1.095,1.142,56.086,0.0,18.0,74.086,6,OPEN,True,174.7043,7,False
DE003287,T0130,S016,CHARGING,validation,19,8,True,True,26631.0,28.061,26580.0,26.659,1882.0,4.283,51329.0,50.436,1.095,1.142,61.171,0.0,18.0,79.171,4,OPEN,True,193.0376,8,False
DE003290,T0130,S014,CHARGING,validation,19,8,True,True,2694.1,3.128,2025.0,3.537,1557.0,3.548,3162.1,3.118,1.086,1.142,7.437,0.0,18.0,25.437,5,OPEN,True,30.7905,1,True
DE003290,T0130,S023,CHARGING,validation,19,8,True,True,3408.6,4.662,3770.8,5.978,1557.0,3.548,5622.4,7.092,1.086,1.142,11.889,0.0,18.0,29.889,8,OPEN,True,40.8072,2,False
DE003290,T0130,S028,CHARGING,validation,19,8,True,True,7065.2,7.391,7063.6,8.595,1557.0,3.548,12571.8,12.439,1.086,1.142,17.843,0.0,18.0,35.843,4,OPEN,True,62.6965,3,False
DE003290,T0130,S007,CHARGING,validation,19,8,True,True,16818.8,18.402,17353.1,18.852,1557.0,3.548,32614.9,33.707,1.086,1.142,41.514,0.0,18.0,59.514,6,OPEN,True,131.0707,4,False
DE003290,T0130,S019,CHARGING,validation,19,8,True,True,20653.4,20.797,20682.5,21.13,1557.0,3.548,39778.9,38.379,1.086,1.142,46.716,0.0,18.0,64.716,6,OPEN,True,151.7684,5,False
DE003290,T0130,S026,CHARGING,validation,19,8,True,True,19439.7,23.612,19814.3,24.268,1557.0,3.548,37697.0,44.333,1.086,1.142,53.357,0.0,18.0,71.357,5,OPEN,True,156.0844,6,False
DE003290,T0130,S011,CHARGING,validation,19,8,True,True,23355.6,25.015,23848.7,24.737,1557.0,3.548,45647.3,46.205,1.086,1.142,55.417,0.0,18.0,73.417,6,OPEN,True,174.1625,7,False
DE003290,T0130,S016,CHARGING,validation,19,8,True,True,26018.0,26.835,26580.0,26.659,1557.0,3.548,51041.0,49.946,1.086,1.142,59.587,0.0,18.0,77.587,4,OPEN,True,190.755,8,False
DE003293,T0130,S014,CHARGING,validation,19,8,True,True,2477.8,2.924,2025.0,3.537,1216.0,3.124,3286.8,3.337,1.319,1.142,7.896,0.0,18.0,25.896,5,OPEN,True,31.5541,1,True
DE003293,T0130,S023,CHARGING,validation,19,8,True,True,3192.3,4.457,3770.8,5.978,1216.0,3.124,5747.1,7.311,1.319,1.142,12.706,0.0,18.0,30.706,8,OPEN,True,41.9281,2,False
DE003293,T0130,S028,CHARGING,validation,19,8,True,True,6848.8,7.187,7063.6,8.595,1216.0,3.124,12696.4,12.658,1.319,1.142,19.296,0.0,18.0,37.296,4,OPEN,True,64.4533,3,False
DE003293,T0130,S007,CHARGING,validation,19,8,True,True,16602.4,18.198,17353.1,18.852,1216.0,3.124,32739.5,33.926,1.319,1.142,45.533,0.0,18.0,63.533,6,OPEN,True,135.393,4,False
DE003293,T0130,S019,CHARGING,validation,19,8,True,True,20437.0,20.593,20682.5,21.13,1216.0,3.124,39903.5,38.598,1.319,1.142,51.292,0.0,18.0,69.292,6,OPEN,True,156.6487,5,False
DE003293,T0130,S026,CHARGING,validation,19,8,True,True,19223.3,23.408,19814.3,24.268,1216.0,3.124,37821.6,44.552,1.319,1.142,58.589,0.0,18.0,76.589,5,OPEN,True,161.6206,6,False
DE003293,T0130,S011,CHARGING,validation,19,8,True,True,23139.3,24.811,23848.7,24.737,1216.0,3.124,45772.0,46.424,1.319,1.142,60.976,0.0,18.0,78.976,6,OPEN,True,180.0258,7,False
DE003293,T0130,S016,CHARGING,validation,19,8,True,True,25801.6,26.63,26580.0,26.659,1216.0,3.124,51165.6,50.165,1.319,1.142,65.57,0.0,18.0,83.57,4,OPEN,True,197.042,8,False
DE003296,T0130,S014,CHARGING,validation,19,8,True,True,2822.8,5.133,2025.0,3.537,886.0,2.435,3961.8,6.235,1.057,1.142,9.465,0.0,18.0,27.465,5,OPEN,True,35.1976,1,True
DE003296,T0130,S023,CHARGING,validation,19,8,True,True,4568.1,7.573,3770.8,5.978,886.0,2.435,7452.9,11.116,1.057,1.142,14.832,0.0,18.0,32.832,8,OPEN,True,48.4166,2,False
DE003296,T0130,S028,CHARGING,validation,19,8,True,True,8028.4,10.279,7063.6,8.595,886.0,2.435,14206.0,16.439,1.057,1.142,20.681,0.0,18.0,38.681,4,OPEN,True,69.8028,3,False
DE003296,T0130,S007,CHARGING,validation,19,8,True,True,17978.3,21.29,17353.1,18.852,886.0,2.435,34445.4,37.707,1.057,1.142,44.033,0.0,18.0,62.033,6,OPEN,True,138.2503,4,False
DE003296,T0130,S019,CHARGING,validation,19,8,True,True,21616.6,23.685,20682.5,21.13,886.0,2.435,41413.1,42.379,1.057,1.142,49.165,0.0,18.0,67.165,6,OPEN,True,158.4859,5,False
DE003296,T0130,S026,CHARGING,validation,19,8,True,True,20599.2,26.5,19814.3,24.268,886.0,2.435,39527.5,48.333,1.057,1.142,55.725,0.0,18.0,73.725,5,OPEN,True,163.1129,6,False
DE003296,T0130,S011,CHARGING,validation,19,8,True,True,24318.9,27.903,23848.7,24.737,886.0,2.435,47281.6,50.205,1.057,1.142,57.743,0.0,18.0,75.743,6,OPEN,True,180.7579,7,False
DE003296,T0130,S016,CHARGING,validation,19,8,True,True,26981.2,29.722,26580.0,26.659,886.0,2.435,52675.2,53.946,1.057,1.142,61.861,0.0,18.0,79.861,4,OPEN,True,197.2974,8,False
DE003299,T0130,S014,CHARGING,validation,19,8,True,True,2304.3,4.114,2025.0,3.537,537.0,1.547,3792.3,6.104,1.12,1.142,8.647,0.0,18.0,26.647,5,OPEN,True,34.0076,1,True
DE003299,T0130,S023,CHARGING,validation,19,8,True,True,4049.6,6.554,3770.8,5.978,537.0,1.547,7283.4,10.985,1.12,1.142,14.167,0.0,18.0,32.167,8,OPEN,True,47.3804,2,False
DE003299,T0130,S028,CHARGING,validation,19,8,True,True,7509.9,9.26,7063.6,8.595,537.0,1.547,14036.5,16.309,1.12,1.142,20.187,0.0,18.0,38.187,4,OPEN,True,68.937,3,False
DE003299,T0130,S007,CHARGING,validation,19,8,True,True,17459.8,20.271,17353.1,18.852,537.0,1.547,34275.9,37.576,1.12,1.142,44.232,0.0,18.0,62.232,6,OPEN,True,138.0782,4,False
DE003299,T0130,S019,CHARGING,validation,19,8,True,True,21098.1,22.665,20682.5,21.13,537.0,1.547,41243.6,42.249,1.12,1.142,49.515,0.0,18.0,67.515,6,OPEN,True,158.4647,5,False
DE003299,T0130,S026,CHARGING,validation,19,8,True,True,20080.7,25.48,19814.3,24.268,537.0,1.547,39358.0,48.202,1.12,1.142,56.252,0.0,18.0,74.252,5,OPEN,True,163.269,6,False
DE003299,T0130,S011,CHARGING,validation,19,8,True,True,23800.4,26.884,23848.7,24.737,537.0,1.547,47112.1,50.074,1.12,1.142,58.36,0.0,18.0,76.36,6,OPEN,True,181.0024,7,False
DE003299,T0130,S016,CHARGING,validation,19,8,True,True,26462.7,28.703,26580.0,26.659,537.0,1.547,52505.7,53.815,1.12,1.142,62.591,0.0,18.0,80.591,4,OPEN,True,197.6565,8,False
DE003302,T0130,S014,CHARGING,validation,19,8,True,True,2286.8,4.061,2025.0,3.537,212.0,0.509,4099.8,7.09,1.199,1.142,8.909,0.0,18.0,26.909,5,OPEN,True,35.1307,1,True
DE003302,T0130,S023,CHARGING,validation,19,8,True,True,4032.1,6.501,3770.8,5.978,212.0,0.509,7590.9,11.971,1.199,1.142,14.622,0.0,18.0,32.622,8,OPEN,True,48.6962,2,False
DE003302,T0130,S028,CHARGING,validation,19,8,True,True,7492.4,9.207,7063.6,8.595,212.0,0.509,14344.0,17.294,1.199,1.142,20.855,0.0,18.0,38.855,4,OPEN,True,70.4667,3,False
DE003302,T0130,S007,CHARGING,validation,19,8,True,True,17442.2,20.218,17353.1,18.852,212.0,0.509,34583.3,38.562,1.199,1.142,45.771,0.0,18.0,63.771,6,OPEN,True,140.4774,4,False
DE003302,T0130,S019,CHARGING,validation,19,8,True,True,21080.6,22.613,20682.5,21.13,212.0,0.509,41551.1,43.234,1.199,1.142,51.243,0.0,18.0,69.243,6,OPEN,True,161.0534,5,False
DE003302,T0130,S026,CHARGING,validation,19,8,True,True,20063.1,25.428,19814.3,24.268,212.0,0.509,39665.4,49.187,1.199,1.142,58.202,0.0,18.0,76.202,5,OPEN,True,166.0799,6,False
DE003302,T0130,S011,CHARGING,validation,19,8,True,True,23782.8,26.831,23848.7,24.737,212.0,0.509,47419.5,51.06,1.199,1.142,60.42,0.0,18.0,78.42,6,OPEN,True,183.9241,7,False
DE003302,T0130,S016,CHARGING,validation,19,8,True,True,26445.1,28.65,26580.0,26.659,212.0,0.509,52813.1,54.8,1.199,1.142,64.796,0.0,18.0,82.796,4,OPEN,True,200.722,8,False
DE003305,T0131,S027,BATTERY_SWAP,test,1,1,False,True,8961.6,11.866,10017.8,14.488,6172.0,14.813,12807.4,11.542,1.183,1.142,30.583,0.0,6.0,36.583,8,OPEN,True,62.9837,1,True
DE003309,T0131,S027,BATTERY_SWAP,test,1,1,False,True,8250.4,10.444,10017.8,14.488,5370.0,12.888,12898.2,12.044,1.028,1.142,27.282,0.0,6.0,33.282,8,OPEN,True,59.9893,1,True
DE003337,T0132,S020,BATTERY_SWAP,train,2,2,True,True,8235.1,13.893,7746.1,13.159,6359.0,15.942,9622.2,11.11,1.173,1.142,31.324,0.0,6.0,37.324,1,OPEN,True,58.9963,1,True
DE003337,T0132,S020,CHARGING,train,2,2,True,True,8235.1,13.893,7746.1,13.159,6359.0,15.942,9622.2,11.11,1.173,1.142,31.324,0.0,18.0,49.324,2,OPEN,True,70.6463,2,False
DE003341,T0132,S020,BATTERY_SWAP,train,2,2,True,True,8523.6,14.499,7746.1,13.159,5533.0,13.991,10736.7,13.668,1.167,1.142,31.948,0.0,6.0,37.948,1,OPEN,True,62.4889,1,True
DE003341,T0132,S020,CHARGING,train,2,2,True,True,8523.6,14.499,7746.1,13.159,5533.0,13.991,10736.7,13.668,1.167,1.142,31.948,0.0,18.0,49.948,2,OPEN,True,74.1389,2,False
DE003345,T0132,S020,BATTERY_SWAP,train,2,2,True,True,9349.8,16.152,7746.1,13.159,4731.0,12.065,12364.9,17.246,1.006,1.142,31.277,0.0,6.0,37.277,1,OPEN,True,65.968,1,True
DE003345,T0132,S020,CHARGING,train,2,2,True,True,9349.8,16.152,7746.1,13.159,4731.0,12.065,12364.9,17.246,1.006,1.142,31.277,0.0,18.0,49.277,2,OPEN,True,77.618,2,False
DE003353,T0132,S025,BATTERY_SWAP,train,1,1,False,True,5599.7,9.193,5864.6,9.522,2994.0,7.896,8470.3,10.819,1.19,1.142,21.814,0.0,6.0,27.814,3,OPEN,True,46.409,1,True
DE003357,T0132,S025,BATTERY_SWAP,train,1,1,False,True,5723.7,9.179,5864.6,9.522,2154.0,6.157,9434.3,12.544,1.095,1.142,20.925,0.0,6.0,26.925,3,OPEN,True,47.8793,1,True
DE003361,T0132,S025,BATTERY_SWAP,train,1,1,False,True,5687.2,9.544,5864.6,9.522,1352.0,4.347,10199.8,14.719,1.115,1.142,21.515,0.0,6.0,27.515,3,OPEN,True,50.5443,1,True
DE003365,T0132,S025,BATTERY_SWAP,train,1,1,False,True,5687.2,9.544,5864.6,9.522,533.0,1.619,11018.8,17.446,1.115,1.142,21.515,0.0,6.0,27.515,3,OPEN,True,52.8643,1,True
DE003369,T0133,S028,CHARGING,train,19,8,True,True,3420.3,4.754,3310.1,4.64,4079.0,9.532,2651.4,0.0,1.085,1.142,10.457,0.0,18.0,28.457,4,OPEN,True,32.3599,1,True
DE003369,T0133,S023,CHARGING,train,19,8,True,True,6340.0,8.561,5969.0,8.097,4079.0,9.532,8230.0,7.125,1.085,1.142,18.535,0.0,18.0,36.535,8,OPEN,True,52.6757,2,False
DE003369,T0133,S014,CHARGING,train,19,8,True,True,8084.9,10.535,7713.9,10.416,4079.0,9.532,11719.8,11.419,1.085,1.142,23.326,0.0,18.0,41.326,6,OPEN,True,65.5198,3,False
DE003369,T0133,S007,CHARGING,train,19,8,True,True,7882.3,10.826,8855.4,11.115,4079.0,9.532,12658.7,12.408,1.085,1.142,24.439,0.0,18.0,42.439,8,OPEN,True,68.7589,4,False
DE003369,T0133,S026,CHARGING,train,19,8,True,True,10503.2,14.789,11088.9,15.321,4079.0,9.532,17513.1,20.577,1.085,1.142,33.542,0.0,18.0,51.542,6,OPEN,True,89.6123,5,False
DE003369,T0133,S019,CHARGING,train,19,8,True,True,13279.3,12.806,13681.5,12.475,4079.0,9.532,22881.8,15.749,1.085,1.142,28.141,0.0,18.0,46.141,6,OPEN,True,93.742,6,False
DE003369,T0133,S011,CHARGING,train,19,8,True,True,15357.0,15.506,16030.5,16.083,4079.0,9.532,27308.5,22.056,1.085,1.142,35.191,0.0,18.0,53.191,7,OPEN,True,111.2216,7,False
DE003369,T0133,S016,CHARGING,train,19,8,True,True,18643.9,19.627,19433.3,18.004,4079.0,9.532,33998.2,28.099,1.085,1.142,41.857,0.0,18.0,59.857,4,OPEN,True,133.4779,8,False
DE003372,T0133,S023,CHARGING,train,18,8,True,True,6580.6,8.933,5969.0,8.097,3566.0,8.303,8983.6,8.727,1.124,1.142,19.287,0.0,18.0,37.287,6,OPEN,True,55.336,1,True
DE003372,T0133,S014,CHARGING,train,18,8,True,True,8325.5,11.016,7713.9,10.416,3566.0,8.303,12473.4,13.129,1.124,1.142,24.277,0.0,18.0,42.277,8,OPEN,True,68.4064,2,False
DE003372,T0133,S007,CHARGING,train,18,8,True,True,7698.1,10.5,8855.4,11.115,3566.0,8.303,12987.5,13.312,1.124,1.142,24.495,0.0,18.0,42.495,7,OPEN,True,69.6979,3,False
DE003372,T0133,S026,CHARGING,train,18,8,True,True,10319.0,14.547,11088.9,15.321,3566.0,8.303,17841.9,21.565,1.124,1.142,33.847,0.0,18.0,51.847,7,OPEN,True,90.8225,4,False
DE003372,T0133,S019,CHARGING,train,18,8,True,True,13227.5,12.48,13681.5,12.475,3566.0,8.303,23343.0,16.652,1.124,1.142,28.274,0.0,18.0,46.274,7,OPEN,True,95.023,5,False
DE003372,T0133,S011,CHARGING,train,18,8,True,True,15175.7,15.179,16030.5,16.083,3566.0,8.303,27640.2,22.96,1.124,1.142,35.429,0.0,18.0,53.429,7,OPEN,True,112.3488,6,False
DE003372,T0133,S016,CHARGING,train,18,8,True,True,18671.1,19.301,19433.3,18.004,3566.0,8.303,34538.4,29.003,1.124,1.142,42.255,0.0,18.0,60.255,3,OPEN,True,135.5329,7,False
DE003372,T0133,S029,CHARGING,train,18,8,True,True,18667.2,19.636,20148.4,19.096,3566.0,8.303,35249.6,30.43,1.124,1.142,43.879,0.0,18.0,61.879,4,OPEN,True,138.5855,8,False
DE003375,T0133,S023,CHARGING,train,18,8,True,True,6456.6,8.794,5969.0,8.097,2985.0,6.907,9440.6,9.983,1.018,1.142,18.198,0.0,18.0,36.198,6,OPEN,True,55.4753,1,True
DE003375,T0133,S014,CHARGING,train,18,8,True,True,8201.4,10.768,7713.9,10.416,2985.0,6.907,12930.3,14.277,1.018,1.142,22.857,0.0,18.0,40.857,8,OPEN,True,68.1868,2,False
DE003375,T0133,S007,CHARGING,train,18,8,True,True,7813.5,10.641,8855.4,11.115,2985.0,6.907,13683.9,14.848,1.018,1.142,23.525,0.0,18.0,41.525,7,OPEN,True,70.5049,3,False
DE003375,T0133,S026,CHARGING,train,18,8,True,True,10434.5,14.778,11088.9,15.321,2985.0,6.907,18538.4,23.192,1.018,1.142,32.541,0.0,18.0,50.541,7,OPEN,True,91.3152,4,False
DE003375,T0133,S019,CHARGING,train,18,8,True,True,13316.0,12.62,13681.5,12.475,2985.0,6.907,24012.5,18.188,1.018,1.142,27.094,0.0,18.0,45.094,7,OPEN,True,95.5664,5,False
DE003375,T0133,S011,CHARGING,train,18,8,True,True,15264.2,15.32,16030.5,16.083,2985.0,6.907,28309.7,24.496,1.018,1.142,33.963,0.0,18.0,51.963,7,OPEN,True,112.606,6,False
DE003375,T0133,S016,CHARGING,train,18,8,True,True,18786.6,19.442,19433.3,18.004,2985.0,6.907,35234.9,30.539,1.018,1.142,40.353,0.0,18.0,58.353,3,OPEN,True,135.4072,7,False
DE003375,T0133,S029,CHARGING,train,18,8,True,True,18782.7,19.777,20148.4,19.096,2985.0,6.907,35946.1,31.966,1.018,1.142,41.941,0.0,18.0,59.941,4,OPEN,True,138.4243,8,False
DE003378,T0133,S023,CHARGING,train,18,8,True,True,6376.1,8.521,5969.0,8.097,2421.0,5.584,9924.1,11.034,1.278,1.142,20.137,0.0,18.0,38.137,6,OPEN,True,58.6435,1,True
DE003378,T0133,S014,CHARGING,train,18,8,True,True,8121.0,10.496,7713.9,10.416,2421.0,5.584,13413.9,15.328,1.278,1.142,25.309,0.0,18.0,43.309,8,OPEN,True,71.8686,2,False
DE003378,T0133,S007,CHARGING,train,18,8,True,True,7831.6,11.031,8855.4,11.115,2421.0,5.584,14266.0,16.561,1.278,1.142,26.79,0.0,18.0,44.79,7,OPEN,True,75.3622,3,False
DE003378,T0133,S026,CHARGING,train,18,8,True,True,10452.5,14.493,11088.9,15.321,2421.0,5.584,19120.4,24.23,1.278,1.142,36.019,0.0,18.0,54.019,7,OPEN,True,96.2171,4,False
DE003378,T0133,S019,CHARGING,train,18,8,True,True,13131.7,13.101,13681.5,12.475,2421.0,5.584,24392.2,19.993,1.278,1.142,30.99,0.0,18.0,48.99,7,OPEN,True,100.6727,5,False
DE003378,T0133,S011,CHARGING,train,18,8,True,True,15309.2,15.801,16030.5,16.083,2421.0,5.584,28918.7,26.3,1.278,1.142,38.56,0.0,18.0,56.56,7,OPEN,True,118.8729,6,False
DE003378,T0133,S016,CHARGING,train,18,8,True,True,18496.3,19.923,19433.3,18.004,2421.0,5.584,35508.6,32.343,1.278,1.142,46.022,0.0,18.0,64.022,3,OPEN,True,142.0751,7,False
DE003378,T0133,S022,CHARGING,train,18,8,True,True,18594.8,20.781,20979.4,20.583,2421.0,5.584,37153.2,35.78,1.278,1.142,50.063,0.0,18.0,68.063,8,OPEN,True,149.2147,8,False
DE003381,T0133,S023,CHARGING,train,18,8,True,True,6658.3,9.09,5969.0,8.097,1960.0,4.477,10667.3,12.709,1.027,1.142,18.581,0.0,18.0,36.581,6,OPEN,True,58.9932,1,True
DE003381,T0133,S014,CHARGING,train,18,8,True,True,8403.1,10.824,7713.9,10.416,1960.0,4.477,14157.0,16.762,1.027,1.142,23.011,0.0,18.0,41.011,8,OPEN,True,71.4151,2,False
DE003381,T0133,S007,CHARGING,train,18,8,True,True,7541.6,10.772,8855.4,11.115,1960.0,4.477,14437.0,17.409,1.027,1.142,23.755,0.0,18.0,41.755,7,OPEN,True,72.8814,3,False
DE003381,T0133,S026,CHARGING,train,18,8,True,True,10162.5,14.234,11088.9,15.321,1960.0,4.477,19291.4,25.078,1.027,1.142,32.115,0.0,18.0,50.115,7,OPEN,True,92.8672,4,False
DE003381,T0133,S019,CHARGING,train,18,8,True,True,13071.0,12.974,13681.5,12.475,1960.0,4.477,24792.5,20.972,1.027,1.142,27.571,0.0,18.0,45.571,7,OPEN,True,98.2992,5,False
DE003381,T0133,S011,CHARGING,train,18,8,True,True,15019.2,15.674,16030.5,16.083,1960.0,4.477,29089.7,27.28,1.027,1.142,34.464,0.0,18.0,52.464,7,OPEN,True,115.3632,6,False
DE003381,T0133,S016,CHARGING,train,18,8,True,True,18451.7,19.795,19433.3,18.004,1960.0,4.477,35925.0,33.323,1.027,1.142,40.891,0.0,18.0,58.891,3,OPEN,True,138.0216,7,False
DE003381,T0133,S029,CHARGING,train,18,8,True,True,18510.7,20.131,20148.4,19.096,1960.0,4.477,36699.1,34.75,1.027,1.142,42.482,0.0,18.0,60.482,4,OPEN,True,141.1676,8,False
DE003384,T0133,S023,CHARGING,train,18,8,True,True,6371.8,8.624,5969.0,8.097,1381.0,3.089,10959.8,13.631,1.085,1.142,18.603,0.0,18.0,36.603,6,OPEN,True,59.8308,1,True
DE003384,T0133,S014,CHARGING,train,18,8,True,True,8116.6,10.599,7713.9,10.416,1381.0,3.089,14449.5,17.925,1.085,1.142,23.394,0.0,18.0,41.394,8,OPEN,True,72.6747,2,False
DE003384,T0133,S007,CHARGING,train,18,8,True,True,7908.7,10.572,8855.4,11.115,1381.0,3.089,15383.1,18.597,1.085,1.142,24.163,0.0,18.0,42.163,7,OPEN,True,75.4783,3,False
DE003384,T0133,S026,CHARGING,train,18,8,True,True,10529.6,14.969,11088.9,15.321,1381.0,3.089,20237.5,27.2,1.085,1.142,33.737,0.0,18.0,51.737,7,OPEN,True,96.9121,4,False
DE003384,T0133,S019,CHARGING,train,18,8,True,True,13281.4,12.551,13681.5,12.475,1381.0,3.089,25581.9,21.937,1.085,1.142,27.865,0.0,18.0,45.865,7,OPEN,True,100.4128,5,False
DE003384,T0133,S011,CHARGING,train,18,8,True,True,15229.6,15.251,16030.5,16.083,1381.0,3.089,29879.1,28.244,1.085,1.142,34.914,0.0,18.0,52.914,7,OPEN,True,117.6334,6,False
DE003384,T0133,S010,CHARGING,train,18,8,True,True,18781.2,17.177,19444.9,17.536,1381.0,3.089,36845.1,31.623,1.085,1.142,38.663,0.0,18.0,56.663,1,OPEN,True,137.9089,7,False
DE003384,T0133,S016,CHARGING,train,18,8,True,True,18759.2,19.372,19433.3,18.004,1381.0,3.089,36811.5,34.287,1.085,1.142,41.58,0.0,18.0,59.58,3,OPEN,True,140.7251,8,False
DE003387,T0133,S023,CHARGING,train,18,8,True,True,6355.4,8.666,5969.0,8.097,869.0,1.861,11455.4,14.901,1.036,1.142,18.224,0.0,18.0,36.224,6,OPEN,True,60.76,1,True
DE003387,T0133,S014,CHARGING,train,18,8,True,True,8100.3,10.64,7713.9,10.416,869.0,1.861,14945.2,19.195,1.036,1.142,22.918,0.0,18.0,40.918,8,OPEN,True,73.5073,2,False
DE003387,T0133,S007,CHARGING,train,18,8,True,True,7937.1,10.628,8855.4,11.115,869.0,1.861,15923.5,19.882,1.036,1.142,23.704,0.0,18.0,41.704,7,OPEN,True,76.4213,3,False
DE003387,T0133,S026,CHARGING,train,18,8,True,True,10558.0,15.025,11088.9,15.321,869.0,1.861,20777.9,28.485,1.036,1.142,33.063,0.0,18.0,51.063,7,OPEN,True,97.6396,4,False
DE003387,T0133,S019,CHARGING,train,18,8,True,True,13309.8,12.608,13681.5,12.475,869.0,1.861,26122.3,23.222,1.036,1.142,27.309,0.0,18.0,45.309,7,OPEN,True,101.2588,5,False
DE003387,T0133,S011,CHARGING,train,18,8,True,True,15258.0,15.308,16030.5,16.083,869.0,1.861,30419.5,29.53,1.036,1.142,34.226,0.0,18.0,52.226,7,OPEN,True,118.347,6,False
DE003387,T0133,S010,CHARGING,train,18,8,True,True,18809.6,17.234,19444.9,17.536,869.0,1.861,37385.5,32.909,1.036,1.142,37.88,0.0,18.0,55.88,1,OPEN,True,138.5282,7,False
DE003387,T0133,S016,CHARGING,train,18,8,True,True,18779.9,19.429,19433.3,18.004,869.0,1.861,37344.2,35.573,1.036,1.142,40.69,0.0,18.0,58.69,3,OPEN,True,141.2214,8,False
DE003390,T0133,S023,CHARGING,train,18,8,True,True,6081.1,8.129,5969.0,8.097,345.0,0.711,11705.1,15.514,1.26,1.142,19.488,0.0,18.0,37.488,6,OPEN,True,62.6772,1,True
DE003390,T0133,S014,CHARGING,train,18,8,True,True,7825.9,10.139,7713.9,10.416,345.0,0.711,15194.8,19.843,1.26,1.142,24.669,0.0,18.0,42.669,8,OPEN,True,75.9198,2,False
DE003390,T0133,S007,CHARGING,train,18,8,True,True,8169.9,10.847,8855.4,11.115,345.0,0.711,16680.3,21.25,1.26,1.142,26.36,0.0,18.0,44.36,7,OPEN,True,80.9328,3,False
DE003390,T0133,S026,CHARGING,train,18,8,True,True,10790.8,15.097,11088.9,15.321,345.0,0.711,21534.7,29.707,1.26,1.142,36.518,0.0,18.0,54.518,7,OPEN,True,102.9142,4,False
DE003390,T0133,S019,CHARGING,train,18,8,True,True,13550.5,12.826,13681.5,12.475,345.0,0.711,26887.0,24.591,1.26,1.142,30.408,0.0,18.0,48.408,7,OPEN,True,106.2295,5,False
DE003390,T0133,S011,CHARGING,train,18,8,True,True,15530.5,15.526,16030.5,16.083,345.0,0.711,31216.0,30.898,1.26,1.142,37.93,0.0,18.0,55.93,7,OPEN,True,123.9861,6,False
DE003390,T0133,S016,CHARGING,train,18,8,True,True,18915.1,19.648,19433.3,18.004,345.0,0.711,38003.4,36.941,1.26,1.142,45.317,0.0,18.0,63.317,3,OPEN,True,147.5091,7,False
DE003390,T0133,S022,CHARGING,train,18,8,True,True,19013.6,20.823,20979.4,20.583,345.0,0.711,39648.0,40.695,1.26,1.142,49.742,0.0,18.0,67.742,8,OPEN,True,155.1121,8,False
DE003393,T0134,S029,CHARGING,train,18,8,True,True,2042.8,4.566,2011.2,4.471,5060.0,14.879,0.0,0.0,1.287,1.142,10.983,0.0,18.0,28.983,4,OPEN,True,27.5829,1,True
DE003393,T0134,S011,CHARGING,train,18,8,True,True,9014.9,13.683,8317.1,13.272,5060.0,14.879,12272.0,12.077,1.287,1.142,32.767,0.0,18.0,50.767,7,OPEN,True,76.2299,2,False
DE003393,T0134,S007,CHARGING,train,18,8,True,True,10806.1,12.38,10636.1,13.305,5060.0,14.879,16382.2,10.807,1.287,1.142,31.128,0.0,18.0,49.128,7,OPEN,True,82.494,3,False
DE003393,T0134,S010,CHARGING,train,18,8,True,True,10028.1,14.033,9756.3,13.753,5060.0,14.879,14724.4,12.907,1.287,1.142,33.766,0.0,18.0,51.766,1,OPEN,True,84.0914,4,False
DE003393,T0134,S026,CHARGING,train,18,8,True,True,9767.6,12.251,12370.5,15.77,5060.0,14.879,17078.1,13.143,1.287,1.142,33.776,0.0,18.0,51.776,7,OPEN,True,87.1184,5,False
DE003393,T0134,S019,CHARGING,train,18,8,True,True,12872.0,14.893,12580.1,18.016,5060.0,14.879,20392.1,18.03,1.287,1.142,39.741,0.0,18.0,57.741,7,OPEN,True,100.9325,6,False
DE003393,T0134,S013,CHARGING,train,18,8,True,True,15604.0,21.205,15310.4,20.741,5060.0,14.879,25854.4,27.067,1.287,1.142,50.977,0.0,18.0,68.977,4,OPEN,True,126.0527,7,False
DE003393,T0134,S017,CHARGING,train,18,8,True,True,17877.4,21.938,17848.5,24.256,5060.0,14.879,30665.9,31.316,1.287,1.142,55.935,0.0,18.0,73.935,4,OPEN,True,141.6955,8,False
DE003396,T0134,S029,CHARGING,train,18,8,True,True,1886.6,4.097,2011.2,4.471,4455.0,12.864,0.0,0.0,1.136,1.142,9.761,0.0,18.0,27.761,4,OPEN,True,26.361,1,True
DE003396,T0134,S011,CHARGING,train,18,8,True,True,8858.7,13.861,8317.1,13.272,4455.0,12.864,12720.8,14.269,1.136,1.142,30.903,0.0,18.0,48.903,7,OPEN,True,75.8116,2,False
DE003396,T0134,S010,CHARGING,train,18,8,True,True,9871.8,13.564,9756.3,13.753,4455.0,12.864,15173.1,14.453,1.136,1.142,31.115,0.0,18.0,49.115,1,OPEN,True,82.724,3,False
DE003396,T0134,S007,CHARGING,train,18,8,True,True,10962.3,12.6,10636.1,13.305,4455.0,12.864,17143.4,13.041,1.136,1.142,29.508,0.0,18.0,47.508,7,OPEN,True,82.9547,4,False
DE003396,T0134,S026,CHARGING,train,18,8,True,True,9923.8,12.47,12370.5,15.77,4455.0,12.864,17839.3,15.377,1.136,1.142,32.176,0.0,18.0,50.176,7,OPEN,True,87.5987,5,False
DE003396,T0134,S019,CHARGING,train,18,8,True,True,12715.8,15.112,12580.1,18.016,4455.0,12.864,20840.9,20.264,1.136,1.142,37.741,0.0,18.0,55.741,7,OPEN,True,100.389,6,False
DE003396,T0134,S013,CHARGING,train,18,8,True,True,15447.8,20.737,15310.4,20.741,4455.0,12.864,26303.2,28.613,1.136,1.142,47.243,0.0,18.0,65.243,4,OPEN,True,123.6024,7,False
DE003396,T0134,S017,CHARGING,train,18,8,True,True,17721.1,22.158,17848.5,24.256,4455.0,12.864,31114.6,33.55,1.136,1.142,52.871,0.0,18.0,70.871,4,OPEN,True,140.088,8,False
DE003399,T0134,S029,CHARGING,train,18,8,True,True,2120.3,4.345,2011.2,4.471,3743.0,10.645,388.5,0.0,1.053,1.142,9.681,0.0,18.0,27.681,4,OPEN,True,27.0582,1,True
DE003399,T0134,S011,CHARGING,train,18,8,True,True,9163.7,13.731,8317.1,13.272,3743.0,10.645,13737.8,16.358,1.053,1.142,29.615,0.0,18.0,47.615,7,OPEN,True,77.0806,2,False
DE003399,T0134,S007,CHARGING,train,18,8,True,True,11001.1,12.428,10636.1,13.305,3743.0,10.645,17894.2,15.089,1.053,1.142,28.281,0.0,18.0,46.281,7,OPEN,True,83.7419,3,False
DE003399,T0134,S010,CHARGING,train,18,8,True,True,10154.5,13.972,9756.3,13.753,3743.0,10.645,16167.8,17.08,1.053,1.142,30.418,0.0,18.0,48.418,1,OPEN,True,84.6741,4,False
DE003399,T0134,S026,CHARGING,train,18,8,True,True,9962.5,12.299,12370.5,15.77,3743.0,10.645,18590.0,17.424,1.053,1.142,30.96,0.0,18.0,48.96,7,OPEN,True,88.3964,5,False
DE003399,T0134,S019,CHARGING,train,18,8,True,True,13020.7,14.941,12580.1,18.016,3743.0,10.645,21857.8,22.312,1.053,1.142,36.306,0.0,18.0,54.306,7,OPEN,True,101.4999,6,False
DE003399,T0134,S013,CHARGING,train,18,8,True,True,15730.5,21.145,15310.4,20.741,3743.0,10.645,27297.9,31.241,1.053,1.142,45.951,0.0,18.0,63.951,4,OPEN,True,124.9572,7,False
DE003399,T0134,S017,CHARGING,train,18,8,True,True,18026.1,21.986,17848.5,24.256,3743.0,10.645,32131.6,35.597,1.053,1.142,50.852,0.0,18.0,68.852,4,OPEN,True,140.6143,8,False
DE003402,T0134,S029,CHARGING,train,20,8,True,True,1960.7,4.092,2011.2,4.471,3040.0,8.342,931.9,0.221,1.145,1.143,9.796,0.0,18.0,27.796,3,OPEN,True,28.6647,1,True
DE003402,T0134,S011,CHARGING,train,20,8,True,True,9116.6,13.979,8317.1,13.272,3040.0,8.342,14393.7,18.909,1.145,1.143,31.176,0.0,18.0,49.176,5,OPEN,True,80.941,2,False
DE003402,T0134,S010,CHARGING,train,20,8,True,True,9994.9,13.738,9756.3,13.753,3040.0,8.342,16711.2,19.149,1.145,1.143,31.45,0.0,18.0,49.45,4,OPEN,True,86.2593,3,False
DE003402,T0134,S007,CHARGING,train,20,8,True,True,11025.6,12.677,10636.1,13.305,3040.0,8.342,18621.7,17.64,1.145,1.143,29.722,0.0,18.0,47.722,7,OPEN,True,87.2757,4,False
DE003402,T0134,S026,CHARGING,train,20,8,True,True,9987.1,12.547,12370.5,15.77,3040.0,8.342,19317.6,19.975,1.145,1.143,32.392,0.0,18.0,50.392,6,OPEN,True,91.9209,5,False
DE003402,T0134,S019,CHARGING,train,20,8,True,True,12973.6,15.189,12580.1,18.016,3040.0,8.342,22513.7,24.863,1.145,1.143,37.983,0.0,18.0,55.983,6,OPEN,True,105.1263,6,False
DE003402,T0134,S013,CHARGING,train,20,8,True,True,15570.9,20.911,15310.4,20.741,3040.0,8.342,27841.3,33.309,1.145,1.143,47.649,0.0,18.0,65.649,3,OPEN,True,128.6093,7,False
DE003402,T0134,S017,CHARGING,train,20,8,True,True,17979.0,22.234,17848.5,24.256,3040.0,8.342,32787.5,38.148,1.145,1.143,53.183,0.0,18.0,71.183,2,OPEN,True,145.5951,8,False
DE003405,T0134,S029,CHARGING,train,20,8,True,True,2054.4,4.577,2011.2,4.471,2334.0,6.543,1731.6,2.505,1.223,1.143,10.708,0.0,18.0,28.708,3,OPEN,True,31.7474,1,True
DE003405,T0134,S011,CHARGING,train,20,8,True,True,9026.5,13.5,8317.1,13.272,2334.0,6.543,15009.6,20.229,1.223,1.143,31.681,0.0,18.0,49.681,5,OPEN,True,83.0071,2,False
DE003405,T0134,S007,CHARGING,train,20,8,True,True,10863.9,12.197,10636.1,13.305,2334.0,6.543,19166.0,18.96,1.223,1.143,30.125,0.0,18.0,48.125,7,OPEN,True,89.097,3,False
DE003405,T0134,S010,CHARGING,train,20,8,True,True,10039.6,14.043,9756.3,13.753,2334.0,6.543,17461.9,21.253,1.223,1.143,32.894,0.0,18.0,50.894,4,OPEN,True,89.7314,4,False
DE003405,T0134,S026,CHARGING,train,20,8,True,True,9825.4,12.068,12370.5,15.77,2334.0,6.543,19861.9,21.295,1.223,1.143,32.784,0.0,18.0,50.784,6,OPEN,True,93.7321,5,False
DE003405,T0134,S019,CHARGING,train,20,8,True,True,12883.5,14.71,12580.1,18.016,2334.0,6.543,23129.6,26.182,1.223,1.143,38.582,0.0,18.0,56.582,6,OPEN,True,107.2868,6,False
DE003405,T0134,S013,CHARGING,train,20,8,True,True,15615.6,21.216,15310.4,20.741,2334.0,6.543,28592.0,35.413,1.223,1.143,49.653,0.0,18.0,67.653,3,OPEN,True,132.6408,7,False
DE003405,T0134,S017,CHARGING,train,20,8,True,True,17888.9,21.755,17848.5,24.256,2334.0,6.543,33403.4,39.468,1.223,1.143,54.331,0.0,18.0,72.331,2,OPEN,True,148.3052,8,False
DE003408,T0134,S029,CHARGING,train,20,8,True,True,2076.8,4.693,2011.2,4.471,1754.0,5.042,2334.0,4.122,1.12,1.143,10.366,0.0,18.0,28.366,3,OPEN,True,33.0149,1,True
DE003408,T0134,S011,CHARGING,train,20,8,True,True,9048.9,13.307,8317.1,13.272,1754.0,5.042,15612.0,21.537,1.12,1.143,30.074,0.0,18.0,48.074,5,OPEN,True,82.9326,2,False
DE003408,T0134,S007,CHARGING,train,20,8,True,True,10767.5,12.005,10636.1,13.305,1754.0,5.042,19649.6,20.268,1.12,1.143,28.653,0.0,18.0,46.653,7,OPEN,True,88.9191,3,False
DE003408,T0134,S010,CHARGING,train,20,8,True,True,10062.1,14.045,9756.3,13.753,1754.0,5.042,18064.4,22.756,1.12,1.143,31.45,0.0,18.0,49.45,4,OPEN,True,89.868,4,False
DE003408,T0134,S026,CHARGING,train,20,8,True,True,9729.0,11.875,12370.5,15.77,1754.0,5.042,20345.5,22.603,1.12,1.143,31.326,0.0,18.0,49.326,6,OPEN,True,93.5676,5,False
DE003408,T0134,S019,CHARGING,train,20,8,True,True,12906.0,14.517,12580.1,18.016,1754.0,5.042,23732.1,27.491,1.12,1.143,36.851,0.0,18.0,54.851,6,OPEN,True,107.0879,6,False
DE003408,T0134,S013,CHARGING,train,20,8,True,True,15638.0,21.218,15310.4,20.741,1754.0,5.042,29194.4,36.916,1.12,1.143,47.471,0.0,18.0,65.471,3,OPEN,True,132.0384,7,False
DE003408,T0134,S017,CHARGING,train,20,8,True,True,17911.3,21.563,17848.5,24.256,1754.0,5.042,34005.8,40.777,1.12,1.143,51.875,0.0,18.0,69.875,2,OPEN,True,147.3804,8,False
DE003411,T0134,S029,CHARGING,train,20,8,True,True,2072.9,4.592,2011.2,4.471,1021.0,3.283,3063.1,5.781,1.242,1.143,10.814,0.0,18.0,28.814,3,OPEN,True,35.3358,1,True
DE003411,T0134,S011,CHARGING,train,20,8,True,True,9045.1,13.537,8317.1,13.272,1021.0,3.283,16341.2,23.526,1.242,1.143,31.983,0.0,18.0,49.983,5,OPEN,True,86.7972,2,False
DE003411,T0134,S007,CHARGING,train,20,8,True,True,10882.5,12.235,10636.1,13.305,1021.0,3.283,20497.6,22.257,1.242,1.143,30.403,0.0,18.0,48.403,7,OPEN,True,92.8624,3,False
DE003411,T0134,S010,CHARGING,train,20,8,True,True,10058.2,14.08,9756.3,13.753,1021.0,3.283,18793.5,24.55,1.242,1.143,33.207,0.0,18.0,51.207,4,OPEN,True,93.5317,4,False
DE003411,T0134,S026,CHARGING,train,20,8,True,True,9843.9,12.105,12370.5,15.77,1021.0,3.283,21193.4,24.592,1.242,1.143,33.06,0.0,18.0,51.06,6,OPEN,True,97.4948,5,False
DE003411,T0134,S019,CHARGING,train,20,8,True,True,12902.1,14.747,12580.1,18.016,1021.0,3.283,24461.2,29.479,1.242,1.143,38.908,0.0,18.0,56.908,6,OPEN,True,111.0999,6,False
DE003411,T0134,S013,CHARGING,train,20,8,True,True,15634.1,21.253,15310.4,20.741,1021.0,3.283,29923.5,38.71,1.242,1.143,50.103,0.0,18.0,68.103,3,OPEN,True,136.5773,7,False
DE003411,T0134,S017,CHARGING,train,20,8,True,True,17907.5,21.792,17848.5,24.256,1021.0,3.283,34735.0,42.765,1.242,1.143,54.791,0.0,18.0,72.791,2,OPEN,True,152.2521,8,False
DE003414,T0134,S029,CHARGING,train,20,8,True,True,2042.8,4.566,2011.2,4.471,411.0,1.357,3643.0,7.681,1.105,1.143,10.156,0.0,18.0,28.156,3,OPEN,True,36.3126,1,True
DE003414,T0134,S011,CHARGING,train,20,8,True,True,9014.9,13.683,8317.1,13.272,411.0,1.357,16921.0,25.598,1.105,1.143,30.29,0.0,18.0,48.29,5,OPEN,True,86.7814,2,False
DE003414,T0134,S007,CHARGING,train,20,8,True,True,10806.1,12.38,10636.1,13.305,411.0,1.357,21031.2,24.329,1.105,1.143,28.888,0.0,18.0,46.888,7,OPEN,True,92.9326,3,False
DE003414,T0134,S010,CHARGING,train,20,8,True,True,10028.1,14.033,9756.3,13.753,411.0,1.357,19373.4,26.429,1.105,1.143,31.226,0.0,18.0,49.226,4,OPEN,True,93.1797,4,False
DE003414,T0134,S026,CHARGING,train,20,8,True,True,9767.6,12.251,12370.5,15.77,411.0,1.357,21727.1,26.664,1.105,1.143,31.563,0.0,18.0,49.563,6,OPEN,True,97.583,5,False
DE003414,T0134,S019,CHARGING,train,20,8,True,True,12872.0,14.893,12580.1,18.016,411.0,1.357,25041.1,31.552,1.105,1.143,37.048,0.0,18.0,55.048,6,OPEN,True,110.9185,6,False
DE003414,T0134,S013,CHARGING,train,20,8,True,True,15604.0,21.205,15310.4,20.741,411.0,1.357,30503.4,40.589,1.105,1.143,47.138,0.0,18.0,65.138,3,OPEN,True,135.2426,7,False
DE003414,T0134,S017,CHARGING,train,20,8,True,True,17877.4,21.938,17848.5,24.256,411.0,1.357,35314.9,44.838,1.105,1.143,51.966,0.0,18.0,69.966,2,OPEN,True,151.1055,8,False
DE003449,T0136,S020,CHARGING,train,20,8,True,True,4827.5,4.95,4549.0,4.791,4558.0,10.794,4818.5,0.0,1.028,1.143,10.565,0.0,18.0,28.565,1,OPEN,True,37.8517,1,True
DE003449,T0136,S008,CHARGING,train,20,8,True,True,7952.3,9.596,8194.6,9.94,4558.0,10.794,11588.9,8.742,1.028,1.143,21.226,0.0,18.0,39.226,4,OPEN,True,63.1897,2,False
DE003449,T0136,S002,CHARGING,train,20,8,True,True,13627.9,14.993,13733.5,15.476,4558.0,10.794,22803.4,19.675,1.028,1.143,33.102,0.0,18.0,51.102,7,OPEN,True,99.5275,3,False
DE003449,T0136,S004,CHARGING,train,20,8,True,True,14179.3,14.732,14461.1,15.38,4558.0,10.794,24082.4,19.318,1.028,1.143,32.724,0.0,18.0,50.724,2,OPEN,True,103.0182,4,False
DE003449,T0136,S022,CHARGING,train,20,8,True,True,13789.8,16.772,13626.7,17.424,4558.0,10.794,22858.5,23.402,1.028,1.143,37.157,0.0,18.0,55.157,6,OPEN,True,104.624,5,False
DE003449,T0136,S017,CHARGING,train,20,8,True,True,14932.8,15.449,15256.9,15.889,4558.0,10.794,25631.7,20.544,1.028,1.143,34.042,0.0,18.0,52.042,2,OPEN,True,107.742,6,False
DE003449,T0136,S016,CHARGING,train,20,8,True,True,15527.0,16.421,14624.2,16.827,4558.0,10.794,25593.2,22.454,1.028,1.143,36.114,0.0,18.0,54.114,3,OPEN,True,109.864,7,False
DE003449,T0136,S025,CHARGING,train,20,8,True,True,13620.9,22.738,13920.8,22.557,4558.0,10.794,22983.7,34.501,1.028,1.143,49.158,0.0,18.0,67.158,3,OPEN,True,120.7003,8,False
DE003452,T0136,S020,CHARGING,train,20,8,True,True,4415.4,4.287,4549.0,4.791,3940.0,9.311,5024.4,0.0,1.129,1.143,10.316,0.0,18.0,28.316,1,OPEN,True,38.0151,1,True
DE003452,T0136,S008,CHARGING,train,20,8,True,True,7945.4,9.323,8194.6,9.94,3940.0,9.311,12200.0,9.952,1.129,1.143,21.887,0.0,18.0,39.887,4,OPEN,True,65.3748,2,False
DE003452,T0136,S002,CHARGING,train,20,8,True,True,13621.0,14.72,13733.5,15.476,3940.0,9.311,23414.5,20.885,1.129,1.143,34.307,0.0,18.0,52.307,7,OPEN,True,102.2577,3,False
DE003452,T0136,S004,CHARGING,train,20,8,True,True,14172.3,14.458,14461.1,15.38,3940.0,9.311,24693.4,20.528,1.129,1.143,33.903,0.0,18.0,51.903,2,OPEN,True,105.7218,4,False
DE003452,T0136,S022,CHARGING,train,20,8,True,True,13882.5,16.619,13626.7,17.424,3940.0,9.311,23569.2,24.732,1.129,1.143,38.679,0.0,18.0,56.679,6,OPEN,True,107.9002,5,False
DE003452,T0136,S017,CHARGING,train,20,8,True,True,14925.9,15.175,15256.9,15.889,3940.0,9.311,26242.8,21.754,1.129,1.143,35.294,0.0,18.0,53.294,2,OPEN,True,110.5181,6,False
DE003452,T0136,S016,CHARGING,train,20,8,True,True,15619.7,16.148,14624.2,16.827,3940.0,9.311,26303.9,23.664,1.129,1.143,37.464,0.0,18.0,55.464,3,OPEN,True,112.9376,7,False
DE003452,T0136,S025,CHARGING,train,20,8,True,True,13713.6,22.586,13920.8,22.557,3940.0,9.311,23694.4,35.832,1.129,1.143,51.282,0.0,18.0,69.282,3,OPEN,True,124.5792,8,False
DE003455,T0136,S020,CHARGING,train,20,8,True,True,4750.2,4.736,4549.0,4.791,3207.0,7.697,6092.2,1.83,1.211,1.143,11.211,0.0,18.0,29.211,1,OPEN,True,41.5032,1,True
DE003455,T0136,S008,CHARGING,train,20,8,True,True,7845.3,9.382,8194.6,9.94,3207.0,7.697,12832.9,11.625,1.211,1.143,22.723,0.0,18.0,40.723,4,OPEN,True,67.8954,2,False
DE003455,T0136,S002,CHARGING,train,20,8,True,True,13520.9,14.779,13733.5,15.476,3207.0,7.697,24047.4,22.558,1.211,1.143,35.587,0.0,18.0,53.587,7,OPEN,True,105.2209,3,False
DE003455,T0136,S004,CHARGING,train,20,8,True,True,14072.3,14.518,14461.1,15.38,3207.0,7.697,25326.4,22.201,1.211,1.143,35.161,0.0,18.0,53.161,2,OPEN,True,108.6636,4,False
DE003455,T0136,S022,CHARGING,train,20,8,True,True,13856.1,16.904,13626.7,17.424,3207.0,7.697,24275.8,26.631,1.211,1.143,40.387,0.0,18.0,58.387,6,OPEN,True,111.4959,5,False
DE003455,T0136,S017,CHARGING,train,20,8,True,True,14825.8,15.235,15256.9,15.889,3207.0,7.697,26875.7,23.427,1.211,1.143,36.61,0.0,18.0,54.61,2,OPEN,True,113.5186,6,False
DE003455,T0136,S016,CHARGING,train,20,8,True,True,15593.3,16.207,14624.2,16.827,3207.0,7.697,27010.5,25.337,1.211,1.143,38.86,0.0,18.0,56.86,3,OPEN,True,116.1652,7,False
DE003455,T0136,S025,CHARGING,train,20,8,True,True,13687.2,22.871,13920.8,22.557,3207.0,7.697,24401.0,37.731,1.211,1.143,53.479,0.0,18.0,71.479,3,OPEN,True,128.6642,8,False
DE003458,T0136,S020,CHARGING,train,20,8,True,True,4796.7,5.011,4549.0,4.791,2737.0,6.568,6608.7,3.234,1.053,1.143,10.754,0.0,18.0,28.754,2,OPEN,True,42.0795,1,True
DE003458,T0136,S008,CHARGING,train,20,8,True,True,7983.2,9.658,8194.6,9.94,2737.0,6.568,13440.8,13.03,1.053,1.143,21.531,0.0,18.0,39.531,4,OPEN,True,68.2702,2,False
DE003458,T0136,S002,CHARGING,train,20,8,True,True,13658.8,15.055,13733.5,15.476,2737.0,6.568,24655.3,23.962,1.053,1.143,33.542,0.0,18.0,51.542,1,OPEN,True,106.493,3,False
DE003458,T0136,S004,CHARGING,train,20,8,True,True,14210.1,14.793,14461.1,15.38,2737.0,6.568,25934.2,23.605,1.053,1.143,33.157,0.0,18.0,51.157,2,OPEN,True,108.2269,4,False
DE003458,T0136,S022,CHARGING,train,20,8,True,True,13758.9,16.71,13626.7,17.424,2737.0,6.568,24648.6,27.565,1.053,1.143,37.511,0.0,18.0,55.511,5,OPEN,True,109.9494,5,False
DE003458,T0136,S016,CHARGING,train,20,8,True,True,15496.1,16.483,14624.2,16.827,2737.0,6.568,27383.3,26.741,1.053,1.143,36.59,0.0,18.0,54.59,2,OPEN,True,115.3416,6,False
DE003458,T0136,S017,CHARGING,train,20,8,True,True,14963.7,15.511,15256.9,15.889,2737.0,6.568,27483.6,24.831,1.053,1.143,34.494,21.6,18.0,74.094,1,OPEN,True,134.9188,7,False
DE003458,T0136,S025,CHARGING,train,20,8,True,True,13590.0,22.677,13920.8,22.557,2737.0,6.568,24773.8,38.665,1.053,1.143,49.661,63.0,18.0,130.661,1,OPEN,True,189.5249,8,False
DE003461,T0136,S020,CHARGING,train,20,8,True,True,4478.3,5.311,4549.0,4.791,2227.0,5.344,6800.3,4.758,1.032,1.143,10.958,0.0,18.0,28.958,2,OPEN,True,43.0478,1,True
DE003461,T0136,S008,CHARGING,train,20,8,True,True,8206.7,10.195,8194.6,9.94,2227.0,5.344,14174.3,14.791,1.032,1.143,21.883,0.0,18.0,39.883,4,OPEN,True,70.529,2,False
DE003461,T0136,S002,CHARGING,train,20,8,True,True,13882.3,15.592,13733.5,15.476,2227.0,5.344,25388.8,25.724,1.032,1.143,33.78,0.0,18.0,51.78,1,OPEN,True,108.6385,3,False
DE003461,T0136,S022,CHARGING,train,20,8,True,True,13420.0,16.032,13626.7,17.424,2227.0,5.344,24819.7,28.112,1.032,1.143,36.46,0.0,18.0,54.46,5,OPEN,True,109.3778,4,False
DE003461,T0136,S004,CHARGING,train,20,8,True,True,14433.6,15.331,14461.1,15.38,2227.0,5.344,26667.7,25.367,1.032,1.143,33.401,0.0,18.0,51.401,2,OPEN,True,110.3779,5,False
DE003461,T0136,S016,CHARGING,train,20,8,True,True,15157.2,17.02,14624.2,16.827,2227.0,5.344,27554.4,28.503,1.032,1.143,36.798,0.0,18.0,54.798,2,OPEN,True,116.3323,6,False
DE003461,T0136,S017,CHARGING,train,20,8,True,True,15187.1,16.048,15256.9,15.889,2227.0,5.344,28217.0,26.592,1.032,1.143,34.722,21.6,18.0,74.322,1,OPEN,True,137.0545,7,False
DE003461,T0136,S025,CHARGING,train,20,8,True,True,13251.1,21.999,13920.8,22.557,2227.0,5.344,24944.9,39.211,1.032,1.143,48.485,63.0,18.0,129.485,1,OPEN,True,188.828,8,False
DE003464,T0136,S020,CHARGING,train,20,8,True,True,4794.2,5.553,4549.0,4.791,1537.0,3.689,7806.2,6.655,1.099,1.143,11.579,0.0,18.0,29.579,2,OPEN,True,46.1553,1,True
DE003464,T0136,S008,CHARGING,train,20,8,True,True,7595.5,9.704,8194.6,9.94,1537.0,3.689,14253.1,15.954,1.099,1.143,22.026,0.0,18.0,40.026,4,OPEN,True,71.1207,2,False
DE003464,T0136,S002,CHARGING,train,20,8,True,True,13271.1,15.101,13733.5,15.476,1537.0,3.689,25467.6,26.887,1.099,1.143,34.285,0.0,18.0,52.285,1,OPEN,True,109.5918,3,False
DE003464,T0136,S004,CHARGING,train,20,8,True,True,13822.4,14.839,14461.1,15.38,1537.0,3.689,26746.5,26.53,1.099,1.143,33.888,0.0,18.0,51.888,2,OPEN,True,111.3136,4,False
DE003464,T0136,S022,CHARGING,train,20,8,True,True,13735.9,16.664,13626.7,17.424,1537.0,3.689,25825.6,30.398,1.099,1.143,38.229,0.0,18.0,56.229,5,OPEN,True,113.7297,5,False
DE003464,T0136,S016,CHARGING,train,20,8,True,True,15473.1,16.529,14624.2,16.827,1537.0,3.689,28560.3,29.666,1.099,1.143,37.398,0.0,18.0,55.398,2,OPEN,True,119.2354,6,False
DE003464,T0136,S017,CHARGING,train,20,8,True,True,14575.9,15.556,15256.9,15.889,1537.0,3.689,28295.8,27.756,1.099,1.143,35.258,21.6,18.0,74.858,1,OPEN,True,138.0383,7,False
DE003464,T0136,S025,CHARGING,train,20,8,True,True,13567.0,22.631,13920.8,22.557,1537.0,3.689,25950.8,41.498,1.099,1.143,50.654,63.0,18.0,131.654,1,OPEN,True,193.5797,8,False
DE003467,T0136,S020,CHARGING,train,20,8,True,True,4784.1,4.803,4549.0,4.791,960.0,2.304,8373.1,7.29,1.203,1.143,11.255,0.0,18.0,29.255,2,OPEN,True,47.1237,1,True
DE003467,T0136,S008,CHARGING,train,20,8,True,True,7879.2,9.45,8194.6,9.94,960.0,2.304,15113.8,17.086,1.203,1.143,22.73,0.0,18.0,40.73,4,OPEN,True,73.8287,2,False
DE003467,T0136,S002,CHARGING,train,20,8,True,True,13554.8,14.847,13733.5,15.476,960.0,2.304,26328.3,28.018,1.203,1.143,35.55,0.0,18.0,53.55,1,OPEN,True,112.861,3,False
DE003467,T0136,S004,CHARGING,train,20,8,True,True,14106.1,14.585,14461.1,15.38,960.0,2.304,27607.2,27.661,1.203,1.143,35.126,0.0,18.0,53.126,2,OPEN,True,114.5557,4,False
DE003467,T0136,S022,CHARGING,train,20,8,True,True,13822.2,16.837,13626.7,17.424,960.0,2.304,26488.9,31.956,1.203,1.143,40.17,0.0,18.0,58.17,5,OPEN,True,117.3866,5,False
DE003467,T0136,S016,CHARGING,train,20,8,True,True,15559.4,16.275,14624.2,16.827,960.0,2.304,29223.6,30.798,1.203,1.143,38.812,0.0,18.0,56.812,2,OPEN,True,122.2584,6,False
DE003467,T0136,S017,CHARGING,train,20,8,True,True,14859.7,15.303,15256.9,15.889,960.0,2.304,29156.6,28.887,1.203,1.143,36.57,21.6,18.0,76.17,1,OPEN,True,141.3552,7,False
DE003467,T0136,S025,CHARGING,train,20,8,True,True,13653.4,22.803,13920.8,22.557,960.0,2.304,26614.2,43.056,1.203,1.143,53.215,63.0,18.0,134.215,1,OPEN,True,197.8573,8,False
DE003470,T0136,S020,CHARGING,train,20,8,True,True,4599.9,4.795,4549.0,4.791,457.0,1.096,8691.9,8.49,1.079,1.143,10.65,0.0,18.0,28.65,2,OPEN,True,47.4563,1,True
DE003470,T0136,S008,CHARGING,train,20,8,True,True,8312.7,10.039,8194.6,9.94,457.0,1.096,16050.3,18.883,1.079,1.143,22.193,0.0,18.0,40.193,4,OPEN,True,75.6147,2,False
DE003470,T0136,S002,CHARGING,train,20,8,True,True,13988.3,15.436,13733.5,15.476,457.0,1.096,27264.8,29.815,1.079,1.143,34.344,0.0,18.0,52.344,1,OPEN,True,113.9778,3,False
DE003470,T0136,S022,CHARGING,train,20,8,True,True,13595.1,16.382,13626.7,17.424,457.0,1.096,26764.8,32.71,1.079,1.143,37.592,0.0,18.0,55.592,5,OPEN,True,115.549,4,False
DE003470,T0136,S004,CHARGING,train,20,8,True,True,14539.6,15.174,14461.1,15.38,457.0,1.096,28543.7,29.458,1.079,1.143,33.953,0.0,18.0,51.953,2,OPEN,True,115.7049,5,False
DE003470,T0136,S016,CHARGING,train,20,8,True,True,15332.3,16.864,14624.2,16.827,457.0,1.096,29499.5,32.595,1.079,1.143,37.429,0.0,18.0,55.429,2,OPEN,True,121.8769,6,False
DE003470,T0136,S017,CHARGING,train,20,8,True,True,15293.2,15.892,15256.9,15.889,457.0,1.096,30093.1,30.684,1.079,1.143,35.308,21.6,18.0,74.908,1,OPEN,True,142.4154,7,False
DE003470,T0136,S025,CHARGING,train,20,8,True,True,13426.2,22.349,13920.8,22.557,457.0,1.096,26890.0,43.81,1.079,1.143,49.897,63.0,18.0,130.897,1,OPEN,True,195.2796,8,False
DE003473,T0137,S019,CHARGING,validation,20,8,True,True,1714.4,2.09,1635.0,2.329,4353.0,11.132,0.0,0.0,1.054,1.143,4.864,0.0,18.0,22.864,7,OPEN,True,20.7639,1,True
DE003473,T0137,S011,CHARGING,validation,20,8,True,True,4289.3,5.722,4983.1,7.091,4353.0,11.132,4919.4,1.681,1.054,1.143,14.136,0.0,18.0,32.136,6,OPEN,True,40.295,2,False
DE003473,T0137,S010,CHARGING,validation,20,8,True,True,6258.0,6.319,6846.9,7.572,4353.0,11.132,8751.9,2.759,1.054,1.143,15.315,0.0,18.0,33.315,2,OPEN,True,50.8086,3,False
DE003473,T0137,S005,CHARGING,validation,20,8,True,True,8138.3,9.413,7507.2,9.016,4353.0,11.132,11292.5,7.297,1.054,1.143,20.227,0.0,18.0,38.227,3,OPEN,True,61.5866,4,False
DE003473,T0137,S016,CHARGING,validation,20,8,True,True,8571.6,10.147,7878.0,9.793,4353.0,11.132,12096.6,8.808,1.054,1.143,21.889,0.0,18.0,39.889,2,OPEN,True,65.5841,5,False
DE003473,T0137,S007,CHARGING,validation,20,8,True,True,9607.2,10.972,8719.4,11.962,4353.0,11.132,13973.6,11.802,1.054,1.143,25.237,0.0,18.0,43.237,8,OPEN,True,72.035,6,False
DE003473,T0137,S029,CHARGING,validation,20,8,True,True,9146.3,12.243,10802.4,14.383,4353.0,11.132,15595.7,15.493,1.054,1.143,29.344,0.0,18.0,47.344,4,OPEN,True,81.0085,7,False
DE003473,T0137,S017,CHARGING,validation,20,8,True,True,7330.9,9.43,7269.8,9.213,4353.0,11.132,10247.7,7.511,1.054,1.143,20.47,21.6,18.0,60.07,1,OPEN,True,82.0926,8,False
DE003476,T0137,S019,CHARGING,validation,20,8,True,True,1901.7,2.526,1635.0,2.329,3738.0,9.871,0.0,0.0,2.857,1.143,9.877,0.0,18.0,27.877,7,OPEN,True,25.7773,1,True
DE003476,T0137,S011,CHARGING,validation,20,8,True,True,4647.0,6.192,4983.1,7.091,3738.0,9.871,5892.1,3.413,2.857,1.143,25.797,0.0,18.0,43.797,6,OPEN,True,54.3349,2,False
DE003476,T0137,S010,CHARGING,validation,20,8,True,True,6595.7,6.79,6846.9,7.572,3738.0,9.871,9704.6,4.491,2.857,1.143,28.055,0.0,18.0,46.055,2,OPEN,True,65.8864,3,False
DE003476,T0137,S005,CHARGING,validation,20,8,True,True,7745.8,9.512,7507.2,9.016,3738.0,9.871,11515.0,8.657,2.857,1.143,37.48,0.0,18.0,55.48,3,OPEN,True,79.6244,4,False
DE003476,T0137,S016,CHARGING,validation,20,8,True,True,8179.1,10.245,7878.0,9.793,3738.0,9.871,12319.1,10.168,2.857,1.143,40.464,0.0,18.0,58.464,2,OPEN,True,84.9445,5,False
DE003476,T0137,S017,CHARGING,validation,20,8,True,True,6938.5,9.528,7269.8,9.213,3738.0,9.871,10470.3,8.87,2.857,1.143,37.752,21.6,18.0,77.352,1,OPEN,True,100.1598,6,False
DE003476,T0137,S022,CHARGING,validation,20,8,True,True,9719.7,12.708,9435.9,12.416,3738.0,9.871,15417.6,15.254,2.857,1.143,50.5,0.0,18.0,68.5,5,OPEN,True,101.3985,7,False
DE003476,T0137,S029,CHARGING,validation,20,8,True,True,9504.1,12.714,10802.4,14.383,3738.0,9.871,16568.5,17.226,2.857,1.143,52.763,0.0,18.0,70.763,4,OPEN,True,106.8064,8,False
DE003479,T0137,S019,CHARGING,validation,20,8,True,True,1640.1,2.621,1635.0,2.329,3165.0,8.509,110.1,0.0,1.218,1.143,5.854,0.0,18.0,23.854,7,OPEN,True,21.974,1,True
DE003479,T0137,S011,CHARGING,validation,20,8,True,True,4772.9,6.587,4983.1,7.091,3165.0,8.509,6591.0,5.169,1.218,1.143,16.129,0.0,18.0,34.129,6,OPEN,True,46.5028,2,False
DE003479,T0137,S010,CHARGING,validation,20,8,True,True,6741.6,7.185,6846.9,7.572,3165.0,8.509,10423.5,6.247,1.218,1.143,17.406,0.0,18.0,35.406,2,OPEN,True,57.1145,3,False
DE003479,T0137,S005,CHARGING,validation,20,8,True,True,8030.0,10.124,7507.2,9.016,3165.0,8.509,12372.2,10.631,1.218,1.143,22.636,0.0,18.0,40.636,3,OPEN,True,66.9884,4,False
DE003479,T0137,S016,CHARGING,validation,20,8,True,True,8463.3,10.857,7878.0,9.793,3165.0,8.509,13176.3,12.141,1.218,1.143,24.418,0.0,18.0,42.418,2,OPEN,True,71.1062,5,False
DE003479,T0137,S007,CHARGING,validation,20,8,True,True,9532.9,11.613,8719.4,11.962,3165.0,8.509,15087.3,15.066,1.218,1.143,27.817,0.0,18.0,45.817,8,OPEN,True,77.6583,6,False
DE003479,T0137,S017,CHARGING,validation,20,8,True,True,7222.7,10.14,7269.8,9.213,3165.0,8.509,11327.5,10.844,1.218,1.143,22.881,21.6,18.0,62.481,1,OPEN,True,87.4973,7,False
DE003479,T0137,S029,CHARGING,validation,20,8,True,True,9629.9,13.108,10802.4,14.383,3165.0,8.509,17267.3,18.982,1.218,1.143,32.406,0.0,18.0,50.406,4,OPEN,True,88.2858,8,False
DE003482,T0137,S019,CHARGING,validation,20,8,True,True,1901.7,2.526,1635.0,2.329,2584.0,7.173,952.7,0.0,2.857,1.143,9.877,0.0,18.0,27.877,7,OPEN,True,27.6827,1,True
DE003482,T0137,S011,CHARGING,validation,20,8,True,True,4647.0,6.192,4983.1,7.091,2584.0,7.173,7046.1,6.111,2.857,1.143,25.797,0.0,18.0,43.797,6,OPEN,True,57.3174,2,False
DE003482,T0137,S010,CHARGING,validation,20,8,True,True,6595.7,6.79,6846.9,7.572,2584.0,7.173,10858.6,7.189,2.857,1.143,28.055,0.0,18.0,46.055,2,OPEN,True,68.8689,3,False
DE003482,T0137,S005,CHARGING,validation,20,8,True,True,7745.8,9.512,7507.2,9.016,2584.0,7.173,12669.0,11.355,2.857,1.143,37.48,0.0,18.0,55.48,3,OPEN,True,82.6069,4,False
DE003482,T0137,S016,CHARGING,validation,20,8,True,True,8179.1,10.245,7878.0,9.793,2584.0,7.173,13473.1,12.866,2.857,1.143,40.464,0.0,18.0,58.464,2,OPEN,True,87.9269,5,False
DE003482,T0137,S017,CHARGING,validation,20,8,True,True,6938.5,9.528,7269.8,9.213,2584.0,7.173,11624.3,11.568,2.857,1.143,37.752,21.6,18.0,77.352,1,OPEN,True,103.1422,6,False
DE003482,T0137,S022,CHARGING,validation,20,8,True,True,9719.7,12.708,9435.9,12.416,2584.0,7.173,16571.6,17.952,2.857,1.143,50.5,0.0,18.0,68.5,5,OPEN,True,104.3809,7,False
DE003482,T0137,S029,CHARGING,validation,20,8,True,True,9504.1,12.714,10802.4,14.383,2584.0,7.173,17722.5,19.924,2.857,1.143,52.763,0.0,18.0,70.763,4,OPEN,True,109.7888,8,False
DE003485,T0137,S019,CHARGING,validation,20,8,True,True,1973.1,2.442,1635.0,2.329,1960.0,5.823,1648.1,0.0,1.326,1.143,5.899,0.0,18.0,23.899,7,OPEN,True,25.0956,1,True
DE003485,T0137,S011,CHARGING,validation,20,8,True,True,4866.5,6.425,4983.1,7.091,1960.0,5.823,7889.6,7.694,1.326,1.143,16.626,0.0,18.0,34.626,6,OPEN,True,50.2284,2,False
DE003485,T0137,S010,CHARGING,validation,20,8,True,True,6815.2,7.023,6846.9,7.572,1960.0,5.823,11702.1,8.772,1.326,1.143,17.968,0.0,18.0,35.968,2,OPEN,True,60.8647,3,False
DE003485,T0137,S005,CHARGING,validation,20,8,True,True,7192.4,8.558,7507.2,9.016,1960.0,5.823,12739.6,11.751,1.326,1.143,21.654,0.0,18.0,39.654,3,OPEN,True,67.0206,4,False
DE003485,T0137,S016,CHARGING,validation,20,8,True,True,7625.7,9.292,7878.0,9.793,1960.0,5.823,13543.7,13.262,1.326,1.143,23.515,0.0,18.0,41.515,2,OPEN,True,71.2176,5,False
DE003485,T0137,S022,CHARGING,validation,20,8,True,True,9166.2,11.755,9435.9,12.416,1960.0,5.823,16642.1,18.348,1.326,1.143,29.779,0.0,18.0,47.779,5,OPEN,True,83.9,6,False
DE003485,T0137,S017,CHARGING,validation,20,8,True,True,6385.1,8.574,7269.8,9.213,1960.0,5.823,11694.9,11.965,1.326,1.143,21.9,21.6,18.0,61.5,1,OPEN,True,87.5312,7,False
DE003485,T0137,S029,CHARGING,validation,20,8,True,True,9723.6,12.947,10802.4,14.383,1960.0,5.823,18566.0,21.507,1.326,1.143,33.607,0.0,18.0,51.607,4,OPEN,True,92.7159,8,False
DE003488,T0137,S019,CHARGING,validation,20,8,True,True,1675.1,2.069,1635.0,2.329,1375.0,4.419,1935.1,0.0,1.208,1.143,5.161,0.0,18.0,23.161,7,OPEN,True,24.9314,1,True
DE003488,T0137,S011,CHARGING,validation,20,8,True,True,5060.7,6.796,4983.1,7.091,1375.0,4.419,8668.8,9.468,1.208,1.143,16.315,0.0,18.0,34.315,6,OPEN,True,51.9201,2,False
DE003488,T0137,S010,CHARGING,validation,20,8,True,True,7009.3,7.394,6846.9,7.572,1375.0,4.419,12481.2,10.547,1.208,1.143,17.587,0.0,18.0,35.587,2,OPEN,True,62.4856,3,False
DE003488,T0137,S005,CHARGING,validation,20,8,True,True,7501.7,8.929,7507.2,9.016,1375.0,4.419,13633.9,13.526,1.208,1.143,21.092,0.0,18.0,39.092,3,OPEN,True,68.6908,4,False
DE003488,T0137,S016,CHARGING,validation,20,8,True,True,7935.0,9.662,7878.0,9.793,1375.0,4.419,14438.0,15.036,1.208,1.143,22.866,0.0,18.0,40.866,2,OPEN,True,72.8013,5,False
DE003488,T0137,S007,CHARGING,validation,20,8,True,True,9585.1,11.197,8719.4,11.962,1375.0,4.419,16929.5,18.74,1.208,1.143,27.198,0.0,18.0,45.198,8,OPEN,True,81.6423,6,False
DE003488,T0137,S022,CHARGING,validation,20,8,True,True,9475.5,12.126,9435.9,12.416,1375.0,4.419,17536.4,20.122,1.208,1.143,28.84,0.0,18.0,46.84,5,OPEN,True,85.193,7,False
DE003488,T0137,S017,CHARGING,validation,20,8,True,True,6694.4,8.945,7269.8,9.213,1375.0,4.419,12589.2,13.739,1.208,1.143,21.336,21.6,18.0,60.936,1,OPEN,True,89.1995,8,False
DE003491,T0137,S019,CHARGING,validation,20,8,True,True,1658.1,2.699,1635.0,2.329,843.0,2.655,2450.1,2.372,1.326,1.143,6.24,0.0,18.0,24.24,6,OPEN,True,27.6331,1,True
DE003491,T0137,S011,CHARGING,validation,20,8,True,True,5324.8,7.426,4983.1,7.091,843.0,2.655,9464.9,11.862,1.326,1.143,17.952,0.0,18.0,35.952,6,OPEN,True,55.7471,2,False
DE003491,T0137,S010,CHARGING,validation,20,8,True,True,7273.4,8.023,6846.9,7.572,843.0,2.655,13277.3,12.94,1.326,1.143,19.294,0.0,18.0,37.294,1,OPEN,True,66.7332,3,False
DE003491,T0137,S017,CHARGING,validation,20,8,True,True,6958.4,9.574,7269.8,9.213,843.0,2.655,13385.2,16.133,1.326,1.143,23.226,0.0,18.0,41.226,3,OPEN,True,70.9799,4,False
DE003491,T0137,S005,CHARGING,validation,20,8,True,True,7765.8,9.558,7507.2,9.016,843.0,2.655,14430.0,15.92,1.326,1.143,22.98,0.0,18.0,40.98,1,OPEN,True,73.4695,5,False
DE003491,T0137,S016,CHARGING,validation,20,8,True,True,8199.0,10.292,7878.0,9.793,843.0,2.655,15234.0,17.43,1.326,1.143,24.841,0.0,18.0,42.841,3,OPEN,True,76.6163,6,False
DE003491,T0137,S007,CHARGING,validation,20,8,True,True,9568.1,11.826,8719.4,11.962,843.0,2.655,17444.5,21.133,1.326,1.143,29.354,0.0,18.0,47.354,7,OPEN,True,85.4264,7,False
DE003491,T0137,S022,CHARGING,validation,20,8,True,True,9739.6,12.755,9435.9,12.416,843.0,2.655,18332.5,22.516,1.326,1.143,31.105,0.0,18.0,49.105,5,OPEN,True,89.6489,8,False
DE003494,T0137,S019,CHARGING,validation,20,8,True,True,1601.7,2.216,1635.0,2.329,284.0,0.907,2952.7,3.638,1.265,1.143,5.465,0.0,18.0,23.465,6,OPEN,True,28.1797,1,True
DE003494,T0137,S011,CHARGING,validation,20,8,True,True,5134.1,6.943,4983.1,7.091,284.0,0.907,9833.2,13.128,1.265,1.143,16.888,0.0,18.0,34.888,6,OPEN,True,55.7368,2,False
DE003494,T0137,S010,CHARGING,validation,20,8,True,True,7082.7,7.541,6846.9,7.572,284.0,0.907,13645.6,14.206,1.265,1.143,18.194,0.0,18.0,36.194,1,OPEN,True,66.6865,3,False
DE003494,T0137,S017,CHARGING,validation,20,8,True,True,6767.8,9.092,7269.8,9.213,284.0,0.907,13753.6,17.398,1.265,1.143,22.032,0.0,18.0,40.032,3,OPEN,True,70.8387,4,False
DE003494,T0137,S005,CHARGING,validation,20,8,True,True,7575.1,9.076,7507.2,9.016,284.0,0.907,14798.3,17.185,1.265,1.143,21.786,0.0,18.0,39.786,1,OPEN,True,73.3291,5,False
DE003494,T0137,S016,CHARGING,validation,20,8,True,True,8008.4,9.809,7878.0,9.793,284.0,0.907,15602.4,18.696,1.265,1.143,23.603,0.0,18.0,41.603,3,OPEN,True,76.4314,6,False
DE003494,T0137,S007,CHARGING,validation,20,8,True,True,9511.7,11.344,8719.4,11.962,284.0,0.907,17947.1,22.399,1.265,1.143,28.022,0.0,18.0,46.022,7,OPEN,True,85.4163,7,False
DE003494,T0137,S022,CHARGING,validation,20,8,True,True,9548.9,12.273,9435.9,12.416,284.0,0.907,18700.8,23.782,1.265,1.143,29.716,0.0,18.0,47.716,5,OPEN,True,89.3135,8,False
DE003633,T0143,S022,CHARGING,test,20,8,True,True,2640.2,3.455,2666.1,3.548,7160.0,15.83,0.0,0.0,1.139,1.143,7.99,0.0,18.0,25.99,5,OPEN,True,24.2402,1,True
DE003633,T0143,S016,CHARGING,test,20,8,True,True,4377.4,5.239,4086.4,4.629,7160.0,15.83,1303.8,0.0,1.139,1.143,11.258,0.0,18.0,29.258,3,OPEN,True,30.8153,2,False
DE003633,T0143,S017,CHARGING,test,20,8,True,True,7052.1,8.357,6845.3,7.823,7160.0,15.83,6737.4,0.349,1.139,1.143,18.46,0.0,18.0,36.46,3,OPEN,True,48.9718,3,False
DE003633,T0143,S025,CHARGING,test,20,8,True,True,9556.6,10.66,8002.0,8.657,7160.0,15.83,10398.6,3.487,1.139,1.143,22.037,0.0,18.0,40.037,2,OPEN,True,61.0056,4,False
DE003633,T0143,S004,CHARGING,test,20,8,True,True,8742.0,9.606,9765.7,10.368,7160.0,15.83,11347.7,4.144,1.139,1.143,22.792,0.0,18.0,40.792,2,OPEN,True,63.8235,5,False
DE003633,T0143,S002,CHARGING,test,20,8,True,True,9291.5,10.344,9972.9,10.464,7160.0,15.83,12104.4,4.977,1.139,1.143,23.742,0.0,18.0,41.742,8,OPEN,True,65.0948,6,False
DE003633,T0143,S008,CHARGING,test,20,8,True,True,8782.6,11.518,9861.3,11.919,7160.0,15.83,11483.9,7.607,1.139,1.143,26.742,0.0,18.0,44.742,4,OPEN,True,68.2118,7,False
DE003633,T0143,S019,CHARGING,test,20,8,True,True,13291.9,15.371,12762.8,14.002,7160.0,15.83,18894.7,13.542,1.139,1.143,33.511,0.0,18.0,51.511,9,OPEN,True,90.5862,8,False
DE003636,T0143,S022,CHARGING,test,20,8,True,True,2474.5,3.344,2666.1,3.548,6304.0,13.364,0.0,0.0,1.254,1.143,8.248,0.0,18.0,26.248,2,OPEN,True,25.5484,1,True
DE003636,T0143,S016,CHARGING,test,20,8,True,True,4211.7,5.128,4086.4,4.629,6304.0,13.364,1994.1,0.0,1.254,1.143,11.721,0.0,18.0,29.721,2,OPEN,True,33.0093,2,False
DE003636,T0143,S017,CHARGING,test,20,8,True,True,6886.4,8.246,6845.3,7.823,6304.0,13.364,7427.7,2.704,1.254,1.143,19.282,0.0,18.0,37.282,4,OPEN,True,51.4131,3,False
DE003636,T0143,S025,CHARGING,test,20,8,True,True,9390.9,10.549,8002.0,8.657,6304.0,13.364,11088.9,5.842,1.254,1.143,23.123,0.0,18.0,41.123,1,OPEN,True,64.4118,4,False
DE003636,T0143,S004,CHARGING,test,20,8,True,True,9127.5,10.156,9765.7,10.368,6304.0,13.364,12589.2,7.161,1.254,1.143,24.587,0.0,18.0,42.587,2,OPEN,True,68.8557,5,False
DE003636,T0143,S002,CHARGING,test,20,8,True,True,9677.1,10.894,9972.9,10.464,6304.0,13.364,13346.0,7.994,1.254,1.143,25.622,0.0,18.0,43.622,7,OPEN,True,70.2122,6,False
DE003636,T0143,S008,CHARGING,test,20,8,True,True,9168.1,12.069,9861.3,11.919,6304.0,13.364,12725.4,10.623,1.254,1.143,28.757,0.0,18.0,46.757,4,OPEN,True,73.4639,7,False
DE003636,T0143,S019,CHARGING,test,20,8,True,True,13126.1,15.26,12762.8,14.002,6304.0,13.364,19584.9,15.897,1.254,1.143,35.14,0.0,18.0,53.14,9,OPEN,True,94.184,8,False
DE003639,T0143,S022,CHARGING,test,20,8,True,True,1830.3,2.767,2666.1,3.548,5345.0,11.365,0.0,0.0,1.333,1.143,7.744,0.0,18.0,25.744,2,OPEN,True,25.0438,1,True
DE003639,T0143,S016,CHARGING,test,20,8,True,True,3567.5,4.551,4086.4,4.629,5345.0,11.365,2308.9,0.0,1.333,1.143,11.357,0.0,18.0,29.357,2,OPEN,True,33.2751,2,False
DE003639,T0143,S017,CHARGING,test,20,8,True,True,6242.1,7.669,6845.3,7.823,5345.0,11.365,7742.4,4.126,1.333,1.143,19.164,0.0,18.0,37.164,4,OPEN,True,52.2806,3,False
DE003639,T0143,S025,CHARGING,test,20,8,True,True,8863.1,9.47,8002.0,8.657,5345.0,11.365,11520.1,6.762,1.333,1.143,22.519,0.0,18.0,40.519,1,OPEN,True,64.8993,4,False
DE003639,T0143,S004,CHARGING,test,20,8,True,True,9061.1,9.864,9765.7,10.368,5345.0,11.365,13481.8,8.867,1.333,1.143,25.0,0.0,18.0,43.0,2,OPEN,True,71.4807,5,False
DE003639,T0143,S002,CHARGING,test,20,8,True,True,9610.6,10.602,9972.9,10.464,5345.0,11.365,14238.5,9.701,1.333,1.143,26.093,0.0,18.0,44.093,7,OPEN,True,72.8953,6,False
DE003639,T0143,S008,CHARGING,test,20,8,True,True,9907.7,11.995,9861.3,11.919,5345.0,11.365,14424.0,12.548,1.333,1.143,29.612,0.0,18.0,47.612,4,OPEN,True,78.1972,7,False
DE003639,T0143,S019,CHARGING,test,20,8,True,True,12481.9,14.683,12762.8,14.002,5345.0,11.365,19899.7,17.319,1.333,1.143,35.576,0.0,18.0,53.576,9,OPEN,True,95.6057,8,False
DE003642,T0143,S022,CHARGING,test,20,8,True,True,2294.2,3.121,2666.1,3.548,4402.0,9.302,558.3,0.0,1.288,1.143,8.075,0.0,18.0,26.075,2,OPEN,True,26.4919,1,True
DE003642,T0143,S016,CHARGING,test,20,8,True,True,4031.4,4.905,4086.4,4.629,4402.0,9.302,3715.8,0.232,1.288,1.143,11.608,0.0,18.0,29.608,2,OPEN,True,36.398,2,False
DE003642,T0143,S017,CHARGING,test,20,8,True,True,6706.0,8.023,6845.3,7.823,4402.0,9.302,9149.3,6.544,1.288,1.143,19.275,0.0,18.0,37.275,4,OPEN,True,55.8096,3,False
DE003642,T0143,S025,CHARGING,test,20,8,True,True,9210.6,10.326,8002.0,8.657,4402.0,9.302,12810.6,9.681,1.288,1.143,23.195,0.0,18.0,41.195,1,OPEN,True,68.8868,4,False
DE003642,T0143,S004,CHARGING,test,20,8,True,True,9178.7,10.211,9765.7,10.368,4402.0,9.302,14542.4,11.278,1.288,1.143,25.003,0.0,18.0,43.003,2,OPEN,True,74.2076,5,False
DE003642,T0143,S002,CHARGING,test,20,8,True,True,9728.2,10.95,9972.9,10.464,4402.0,9.302,15299.1,12.111,1.288,1.143,26.063,0.0,18.0,44.063,7,OPEN,True,75.589,6,False
DE003642,T0143,S008,CHARGING,test,20,8,True,True,9219.3,12.124,9861.3,11.919,4402.0,9.302,14678.6,14.741,1.288,1.143,29.239,0.0,18.0,47.239,4,OPEN,True,78.8809,7,False
DE003642,T0143,S019,CHARGING,test,20,8,True,True,12945.8,15.037,12762.8,14.002,4402.0,9.302,21306.6,19.737,1.288,1.143,35.372,0.0,18.0,53.372,9,OPEN,True,98.8191,8,False
DE003645,T0143,S022,CHARGING,test,20,8,True,True,1662.1,2.395,2666.1,3.548,3485.0,7.442,843.2,0.0,1.031,1.143,6.524,0.0,18.0,24.524,2,OPEN,True,25.5108,1,True
DE003645,T0143,S016,CHARGING,test,20,8,True,True,3399.3,4.179,4086.4,4.629,3485.0,7.442,4000.7,1.365,1.031,1.143,9.599,0.0,18.0,27.599,2,OPEN,True,35.2419,2,False
DE003645,T0143,S017,CHARGING,test,20,8,True,True,6073.9,7.297,6845.3,7.823,3485.0,7.442,9434.2,7.677,1.031,1.143,16.464,0.0,18.0,34.464,4,OPEN,True,53.8522,3,False
DE003645,T0143,S025,CHARGING,test,20,8,True,True,8761.0,9.23,8002.0,8.657,3485.0,7.442,13278.0,10.445,1.031,1.143,19.411,0.0,18.0,37.411,1,OPEN,True,66.2285,4,False
DE003645,T0143,S004,CHARGING,test,20,8,True,True,8892.8,9.492,9765.7,10.368,3485.0,7.442,15173.5,12.418,1.031,1.143,21.637,0.0,18.0,39.637,2,OPEN,True,72.3891,5,False
DE003645,T0143,S002,CHARGING,test,20,8,True,True,9442.3,10.23,9972.9,10.464,3485.0,7.442,15930.2,13.252,1.031,1.143,22.507,0.0,18.0,40.507,7,OPEN,True,73.5808,6,False
DE003645,T0143,S008,CHARGING,test,20,8,True,True,9930.8,11.623,9861.3,11.919,3485.0,7.442,16307.1,16.099,1.031,1.143,25.606,0.0,18.0,43.606,4,OPEN,True,78.845,7,False
DE003645,T0143,S019,CHARGING,test,20,8,True,True,12313.7,14.311,12762.8,14.002,3485.0,7.442,21591.5,20.87,1.031,1.143,30.758,0.0,18.0,48.758,9,OPEN,True,95.0591,8,False
DE003648,T0143,S022,CHARGING,test,20,8,True,True,1984.1,2.5,2666.1,3.548,2476.0,5.193,2174.2,0.854,1.001,1.143,6.558,0.0,18.0,24.558,2,OPEN,True,28.4199,1,True
DE003648,T0143,S016,CHARGING,test,20,8,True,True,3721.3,4.284,4086.4,4.629,2476.0,5.193,5331.7,3.719,1.001,1.143,9.579,0.0,18.0,27.579,2,OPEN,True,38.4724,2,False
DE003648,T0143,S017,CHARGING,test,20,8,True,True,6396.0,7.402,6845.3,7.823,2476.0,5.193,10765.3,10.031,1.001,1.143,16.351,0.0,18.0,34.351,4,OPEN,True,56.9893,3,False
DE003648,T0143,S025,CHARGING,test,20,8,True,True,8545.7,9.047,8002.0,8.657,2476.0,5.193,14071.7,12.511,1.001,1.143,18.951,0.0,18.0,36.951,1,OPEN,True,67.8726,4,False
DE003648,T0143,S004,CHARGING,test,20,8,True,True,9323.6,9.669,9765.7,10.368,2476.0,5.193,16613.3,14.843,1.001,1.143,21.529,0.0,18.0,39.529,2,OPEN,True,75.7668,5,False
DE003648,T0143,S002,CHARGING,test,20,8,True,True,9873.1,10.407,9972.9,10.464,2476.0,5.193,17370.0,15.677,1.001,1.143,22.377,0.0,18.0,40.377,7,OPEN,True,76.9363,6,False
DE003648,T0143,S008,CHARGING,test,20,8,True,True,10080.6,11.799,9861.3,11.919,2476.0,5.193,17465.9,18.524,1.001,1.143,25.434,0.0,18.0,43.434,4,OPEN,True,81.5967,7,False
DE003648,T0143,S019,CHARGING,test,20,8,True,True,12635.8,14.416,12762.8,14.002,2476.0,5.193,22922.6,23.224,1.001,1.143,30.434,0.0,18.0,48.434,9,OPEN,True,97.9857,8,False
DE003651,T0143,S016,CHARGING,test,19,8,True,True,4109.4,4.925,4086.4,4.629,1511.0,3.096,6684.8,6.457,1.003,1.143,10.23,0.0,18.0,28.23,3,OPEN,True,42.1642,1,True
DE003651,T0143,S017,CHARGING,test,19,8,True,True,6784.1,8.043,6845.3,7.823,1511.0,3.096,12118.4,12.769,1.003,1.143,17.008,0.0,18.0,35.008,2,OPEN,True,61.7373,2,False
DE003651,T0143,S025,CHARGING,test,19,8,True,True,8349.3,9.639,8002.0,8.657,1511.0,3.096,14840.3,15.2,1.003,1.143,19.563,0.0,18.0,37.563,3,OPEN,True,69.9933,3,False
DE003651,T0143,S022,CHARGING,test,19,8,True,True,2372.2,3.141,2666.1,3.548,1511.0,3.096,3527.3,3.592,1.003,1.143,7.205,46.29,18.0,71.495,1,OPEN,True,79.0981,4,False
DE003651,T0143,S004,CHARGING,test,19,8,True,True,9711.7,10.309,9765.7,10.368,1511.0,3.096,17966.4,17.581,1.003,1.143,22.191,0.0,18.0,40.191,3,OPEN,True,79.4694,5,False
DE003651,T0143,S002,CHARGING,test,19,8,True,True,10261.2,11.047,9972.9,10.464,1511.0,3.096,18723.1,18.415,1.003,1.143,23.04,0.0,18.0,41.04,6,OPEN,True,80.9904,6,False
DE003651,T0143,S008,CHARGING,test,19,8,True,True,10468.7,12.44,9861.3,11.919,1511.0,3.096,18819.0,21.262,1.003,1.143,26.1,0.0,18.0,44.1,4,OPEN,True,85.6536,7,False
DE003651,T0143,S019,CHARGING,test,19,8,True,True,12944.8,15.057,12762.8,14.002,1511.0,3.096,24196.6,25.962,1.003,1.143,31.106,0.0,18.0,49.106,8,OPEN,True,101.8896,8,False
DE003654,T0143,S016,CHARGING,test,19,8,True,True,4412.1,4.877,4086.4,4.629,598.0,1.304,7900.5,8.202,1.012,1.143,10.226,0.0,18.0,28.226,3,OPEN,True,45.0276,1,True
DE003654,T0143,S017,CHARGING,test,19,8,True,True,7086.8,7.995,6845.3,7.823,598.0,1.304,13334.1,14.514,1.012,1.143,17.032,0.0,18.0,35.032,2,OPEN,True,64.6288,2,False
DE003654,T0143,S025,CHARGING,test,19,8,True,True,8357.6,8.825,8002.0,8.657,598.0,1.304,15761.6,16.179,1.012,1.143,18.826,0.0,18.0,36.826,3,OPEN,True,71.344,3,False
DE003654,T0143,S022,CHARGING,test,19,8,True,True,2674.9,3.093,2666.1,3.548,598.0,1.304,4743.0,5.337,1.012,1.143,7.185,46.29,18.0,71.475,1,OPEN,True,81.9455,4,False
DE003654,T0143,S004,CHARGING,test,19,8,True,True,10014.4,10.261,9765.7,10.368,598.0,1.304,19182.1,19.326,1.012,1.143,22.235,0.0,18.0,40.235,3,OPEN,True,82.3813,5,False
DE003654,T0143,S002,CHARGING,test,19,8,True,True,10563.9,10.999,9972.9,10.464,598.0,1.304,19938.8,20.159,1.012,1.143,23.091,0.0,18.0,41.091,6,OPEN,True,83.9089,6,False
DE003654,T0143,S008,CHARGING,test,19,8,True,True,10350.9,12.392,9861.3,11.919,598.0,1.304,19614.2,23.007,1.012,1.143,26.164,0.0,18.0,44.164,4,OPEN,True,87.7436,7,False
DE003654,T0143,S019,CHARGING,test,19,8,True,True,13326.5,15.009,12762.8,14.002,598.0,1.304,25491.3,27.707,1.012,1.143,31.193,0.0,18.0,49.193,8,OPEN,True,105.0022,8,False
DE003657,T0144,S010,CHARGING,train,1,1,False,True,11323.3,13.437,11110.7,13.433,7439.0,18.184,14995.0,8.687,1.129,1.143,30.525,0.0,18.0,48.525,1,OPEN,True,80.3371,1,True
DE003681,T0145,S011,CHARGING,validation,19,8,True,True,2421.9,3.682,2795.4,4.209,3687.0,9.489,1530.3,0.0,1.321,1.141,9.666,0.0,18.0,27.666,2,OPEN,True,30.0267,1,True
DE003681,T0145,S019,CHARGING,validation,19,8,True,True,3513.1,4.45,4116.5,5.666,3687.0,9.489,3942.6,0.627,1.321,1.141,12.343,0.0,18.0,30.343,8,OPEN,True,36.2853,2,False
DE003681,T0145,S010,CHARGING,validation,19,8,True,True,4390.6,4.28,4659.1,4.689,3687.0,9.489,5362.7,0.0,1.321,1.141,11.004,0.0,18.0,29.004,3,OPEN,True,38.6795,3,False
DE003681,T0145,S007,CHARGING,validation,19,8,True,True,8859.7,8.946,9622.8,9.476,3687.0,9.489,14795.5,8.933,1.321,1.141,22.63,0.0,18.0,40.63,6,OPEN,True,70.3539,4,False
DE003681,T0145,S029,CHARGING,validation,19,8,True,True,7279.0,10.203,8614.7,11.5,3687.0,9.489,12206.7,12.215,1.321,1.141,26.6,0.0,18.0,44.6,4,OPEN,True,70.6675,5,False
DE003681,T0145,S017,CHARGING,validation,19,8,True,True,9317.1,11.956,9470.1,11.496,3687.0,9.489,15100.2,13.964,1.321,1.141,28.912,0.0,18.0,46.912,5,OPEN,True,78.8529,6,False
DE003681,T0145,S005,CHARGING,validation,19,8,True,True,10124.4,11.94,9358.6,11.299,3687.0,9.489,15796.0,13.75,1.321,1.141,28.665,0.0,18.0,46.665,2,OPEN,True,80.9949,7,False
DE003681,T0145,S026,CHARGING,validation,19,8,True,True,10133.7,12.141,10786.5,11.941,3687.0,9.489,17233.2,14.593,1.321,1.141,29.663,0.0,18.0,47.663,7,OPEN,True,83.6774,8,False
DE003684,T0145,S011,CHARGING,validation,19,8,True,True,2601.4,3.871,2795.4,4.209,3346.0,8.718,2050.8,0.0,1.188,1.141,9.401,0.0,18.0,27.401,2,OPEN,True,30.8022,1,True
DE003684,T0145,S019,CHARGING,validation,19,8,True,True,3369.1,4.25,4116.5,5.666,3346.0,8.718,4139.6,1.199,1.188,1.141,11.514,0.0,18.0,29.514,8,OPEN,True,35.9934,2,False
DE003684,T0145,S010,CHARGING,validation,19,8,True,True,4570.1,4.469,4659.1,4.689,3346.0,8.718,5883.2,0.44,1.188,1.141,10.659,0.0,18.0,28.659,3,OPEN,True,39.4855,3,False
DE003684,T0145,S007,CHARGING,validation,19,8,True,True,9039.2,9.135,9622.8,9.476,3346.0,8.718,15316.0,9.893,1.188,1.141,21.664,0.0,18.0,39.664,6,OPEN,True,70.6692,4,False
DE003684,T0145,S029,CHARGING,validation,19,8,True,True,7458.4,10.392,8614.7,11.5,3346.0,8.718,12727.1,13.175,1.188,1.141,25.468,0.0,18.0,43.468,4,OPEN,True,70.8154,5,False
DE003684,T0145,S017,CHARGING,validation,19,8,True,True,9173.1,11.757,9470.1,11.496,3346.0,8.718,15297.2,14.535,1.188,1.141,27.084,0.0,18.0,45.084,5,OPEN,True,77.5627,6,False
DE003684,T0145,S005,CHARGING,validation,19,8,True,True,9980.4,11.741,9358.6,11.299,3346.0,8.718,15993.0,14.322,1.188,1.141,26.84,0.0,18.0,44.84,2,OPEN,True,79.7068,7,False
DE003684,T0145,S026,CHARGING,validation,19,8,True,True,10313.2,12.33,10786.5,11.941,3346.0,8.718,17753.7,15.553,1.188,1.141,28.272,0.0,18.0,46.272,7,OPEN,True,83.5678,8,False
DE003687,T0145,S011,CHARGING,validation,19,8,True,True,2916.3,4.202,2795.4,4.209,2829.0,7.592,2882.7,0.818,1.293,1.141,10.235,0.0,18.0,28.235,2,OPEN,True,33.5049,1,True
DE003687,T0145,S019,CHARGING,validation,19,8,True,True,2936.9,3.685,4116.5,5.666,2829.0,7.592,4224.4,1.759,1.293,1.141,11.23,0.0,18.0,29.23,8,OPEN,True,36.018,2,False
DE003687,T0145,S010,CHARGING,validation,19,8,True,True,4885.0,4.8,4659.1,4.689,2829.0,7.592,6715.1,1.896,1.293,1.141,11.556,0.0,18.0,29.556,3,OPEN,True,42.4105,3,False
DE003687,T0145,S007,CHARGING,validation,19,8,True,True,9354.1,9.466,9622.8,9.476,2829.0,7.592,16147.9,11.349,1.293,1.141,23.051,0.0,18.0,41.051,6,OPEN,True,74.0841,4,False
DE003687,T0145,S029,CHARGING,validation,19,8,True,True,7773.3,10.723,8614.7,11.5,2829.0,7.592,13559.0,14.631,1.293,1.141,26.987,0.0,18.0,44.987,4,OPEN,True,74.3624,5,False
DE003687,T0145,S017,CHARGING,validation,19,8,True,True,8740.9,11.191,9470.1,11.496,2829.0,7.592,15382.0,15.095,1.293,1.141,27.588,0.0,18.0,45.588,5,OPEN,True,78.3755,6,False
DE003687,T0145,S005,CHARGING,validation,19,8,True,True,9548.3,11.175,9358.6,11.299,2829.0,7.592,16077.9,14.882,1.293,1.141,27.342,0.0,18.0,45.342,2,OPEN,True,80.5181,7,False
DE003687,T0145,S016,CHARGING,validation,19,8,True,True,9981.5,11.909,10132.3,12.076,2829.0,7.592,17284.8,16.393,1.293,1.141,29.177,0.0,18.0,47.177,2,OPEN,True,85.1449,8,False
DE003690,T0145,S011,CHARGING,validation,19,8,True,True,2516.5,3.851,2795.4,4.209,2347.0,6.507,2964.9,1.553,1.069,1.141,8.919,0.0,18.0,26.919,2,OPEN,True,32.5368,1,True
DE003690,T0145,S019,CHARGING,validation,19,8,True,True,3097.9,4.169,4116.5,5.666,2347.0,6.507,4867.4,3.328,1.069,1.141,10.922,0.0,18.0,28.922,8,OPEN,True,37.3891,2,False
DE003690,T0145,S010,CHARGING,validation,19,8,True,True,4485.2,4.449,4659.1,4.689,2347.0,6.507,6797.3,2.631,1.069,1.141,10.106,0.0,18.0,28.106,3,OPEN,True,41.3085,3,False
DE003690,T0145,S029,CHARGING,validation,19,8,True,True,7373.6,10.372,8614.7,11.5,2347.0,6.507,13641.3,15.365,1.069,1.141,24.21,0.0,18.0,42.21,4,OPEN,True,71.9338,4,False
DE003690,T0145,S007,CHARGING,validation,19,8,True,True,8954.4,9.115,9622.8,9.476,2347.0,6.507,16230.2,12.084,1.069,1.141,20.556,0.0,18.0,38.556,6,OPEN,True,71.9372,5,False
DE003690,T0145,S017,CHARGING,validation,19,8,True,True,8898.0,11.676,9470.1,11.496,2347.0,6.507,16021.1,16.665,1.069,1.141,25.599,0.0,18.0,43.599,5,OPEN,True,78.0573,6,False
DE003690,T0145,S005,CHARGING,validation,19,8,True,True,9705.3,11.66,9358.6,11.299,2347.0,6.507,16716.9,16.452,1.069,1.141,25.357,0.0,18.0,43.357,2,OPEN,True,80.2033,7,False
DE003690,T0145,S016,CHARGING,validation,19,8,True,True,10138.6,12.393,10132.3,12.076,2347.0,6.507,17923.9,17.962,1.069,1.141,27.028,0.0,18.0,45.028,2,OPEN,True,84.6661,8,False
DE003693,T0145,S011,CHARGING,validation,19,8,True,True,2311.7,3.571,2795.4,4.209,1822.0,5.085,3285.1,2.694,1.27,1.141,9.337,0.0,18.0,27.337,2,OPEN,True,33.8811,1,True
DE003693,T0145,S019,CHARGING,validation,19,8,True,True,3313.3,4.6,4116.5,5.666,1822.0,5.085,5607.8,5.181,1.27,1.141,12.307,0.0,18.0,30.307,8,OPEN,True,40.7182,2,False
DE003693,T0145,S010,CHARGING,validation,19,8,True,True,4280.4,4.169,4659.1,4.689,1822.0,5.085,7117.5,3.773,1.27,1.141,10.645,0.0,18.0,28.645,3,OPEN,True,42.773,3,False
DE003693,T0145,S007,CHARGING,validation,19,8,True,True,8749.5,8.835,9622.8,9.476,1822.0,5.085,16550.3,13.225,1.27,1.141,22.032,0.0,18.0,40.032,6,OPEN,True,74.3394,4,False
DE003693,T0145,S029,CHARGING,validation,19,8,True,True,7168.7,10.092,8614.7,11.5,1822.0,5.085,13961.4,16.507,1.27,1.141,25.939,0.0,18.0,43.939,4,OPEN,True,74.5887,5,False
DE003693,T0145,S017,CHARGING,validation,19,8,True,True,9113.4,12.107,9470.1,11.496,1822.0,5.085,16761.5,18.518,1.27,1.141,28.493,0.0,18.0,46.493,5,OPEN,True,82.8952,6,False
DE003693,T0145,S005,CHARGING,validation,19,8,True,True,9920.7,12.091,9358.6,11.299,1822.0,5.085,17457.3,18.304,1.27,1.141,28.247,0.0,18.0,46.247,2,OPEN,True,85.038,7,False
DE003693,T0145,S026,CHARGING,validation,19,8,True,True,10023.5,12.03,10786.5,11.941,1822.0,5.085,18988.0,18.885,1.27,1.141,28.903,0.0,18.0,46.903,7,OPEN,True,87.4999,8,False
DE003696,T0145,S011,CHARGING,validation,19,8,True,True,2161.6,3.348,2795.4,4.209,1375.0,3.93,3582.0,3.626,1.123,1.141,8.561,0.0,18.0,26.561,2,OPEN,True,33.9319,1,True
DE003696,T0145,S010,CHARGING,validation,19,8,True,True,4130.3,3.945,4659.1,4.689,1375.0,3.93,7414.4,4.704,1.123,1.141,9.781,0.0,18.0,27.781,3,OPEN,True,42.7359,2,False
DE003696,T0145,S019,CHARGING,validation,19,8,True,True,3931.3,5.148,4116.5,5.666,1375.0,3.93,6672.8,6.884,1.123,1.141,12.247,0.0,18.0,30.247,8,OPEN,True,43.2133,3,False
DE003696,T0145,S007,CHARGING,validation,19,8,True,True,8599.4,8.612,9622.8,9.476,1375.0,3.93,16847.2,14.157,1.123,1.141,20.483,0.0,18.0,38.483,6,OPEN,True,73.6163,4,False
DE003696,T0145,S029,CHARGING,validation,19,8,True,True,7018.7,9.869,8614.7,11.5,1375.0,3.93,14258.4,17.439,1.123,1.141,24.204,0.0,18.0,42.204,4,OPEN,True,73.681,5,False
DE003696,T0145,S017,CHARGING,validation,19,8,True,True,9471.3,11.959,9470.1,11.496,1375.0,3.93,17566.4,19.525,1.123,1.141,26.547,0.0,18.0,44.547,5,OPEN,True,82.8112,6,False
DE003696,T0145,S005,CHARGING,validation,19,8,True,True,10278.7,11.943,9358.6,11.299,1375.0,3.93,18262.3,19.312,1.123,1.141,26.304,0.0,18.0,44.304,2,OPEN,True,84.9566,7,False
DE003696,T0145,S026,CHARGING,validation,19,8,True,True,9873.4,11.806,10786.5,11.941,1375.0,3.93,19284.9,19.817,1.123,1.141,26.883,0.0,18.0,44.883,7,OPEN,True,86.3073,8,False
DE003699,T0145,S011,CHARGING,validation,19,8,True,True,2095.3,3.257,2795.4,4.209,868.0,2.484,4022.7,4.982,1.183,1.141,8.655,0.0,18.0,26.655,2,OPEN,True,35.2459,1,True
DE003699,T0145,S019,CHARGING,validation,19,8,True,True,3726.4,4.831,4116.5,5.666,868.0,2.484,6974.9,8.014,1.183,1.141,12.181,0.0,18.0,30.181,8,OPEN,True,44.0341,2,False
DE003699,T0145,S010,CHARGING,validation,19,8,True,True,4064.0,3.855,4659.1,4.689,868.0,2.484,7855.1,6.06,1.183,1.141,9.911,0.0,18.0,27.911,3,OPEN,True,44.0857,3,False
DE003699,T0145,S007,CHARGING,validation,19,8,True,True,8533.1,8.521,9622.8,9.476,868.0,2.484,17287.9,15.513,1.183,1.141,20.892,0.0,18.0,38.892,6,OPEN,True,75.2462,4,False
DE003699,T0145,S029,CHARGING,validation,19,8,True,True,6952.4,9.778,8614.7,11.5,868.0,2.484,14699.1,18.794,1.183,1.141,24.689,0.0,18.0,42.689,4,OPEN,True,75.3863,5,False
DE003699,T0145,S017,CHARGING,validation,19,8,True,True,9405.0,11.868,9470.1,11.496,868.0,2.484,18007.1,20.881,1.183,1.141,27.157,0.0,18.0,45.157,5,OPEN,True,84.6419,6,False
DE003699,T0145,S005,CHARGING,validation,19,8,True,True,10212.4,11.852,9358.6,11.299,868.0,2.484,18703.0,20.667,1.183,1.141,26.913,0.0,18.0,44.913,2,OPEN,True,86.7863,7,False
DE003699,T0145,S026,CHARGING,validation,19,8,True,True,9807.1,11.716,10786.5,11.941,868.0,2.484,19725.6,21.173,1.183,1.141,27.484,0.0,18.0,45.484,7,OPEN,True,88.1288,8,False
DE003702,T0145,S011,CHARGING,validation,19,8,True,True,2222.5,3.53,2795.4,4.209,341.0,0.873,4676.9,6.866,1.272,1.141,9.293,0.0,18.0,27.293,2,OPEN,True,37.6627,1,True
DE003702,T0145,S010,CHARGING,validation,19,8,True,True,4191.2,4.128,4659.1,4.689,341.0,0.873,8509.3,7.944,1.272,1.141,10.601,0.0,18.0,28.601,3,OPEN,True,46.5558,2,False
DE003702,T0145,S019,CHARGING,validation,19,8,True,True,3870.4,5.119,4116.5,5.666,341.0,0.873,7645.9,9.913,1.272,1.141,12.977,0.0,18.0,30.977,8,OPEN,True,46.6472,3,False
DE003702,T0145,S007,CHARGING,validation,19,8,True,True,8660.3,8.794,9622.8,9.476,341.0,0.873,17942.1,17.397,1.272,1.141,21.998,0.0,18.0,39.998,6,OPEN,True,78.1315,4,False
DE003702,T0145,S029,CHARGING,validation,19,8,True,True,7079.5,10.051,8614.7,11.5,341.0,0.873,15353.2,20.679,1.272,1.141,25.907,0.0,18.0,43.907,4,OPEN,True,78.3833,5,False
DE003702,T0145,S017,CHARGING,validation,19,8,True,True,9532.2,12.141,9470.1,11.496,341.0,0.873,18661.3,22.765,1.272,1.141,28.561,0.0,18.0,46.561,5,OPEN,True,87.8251,6,False
DE003702,T0145,S005,CHARGING,validation,19,8,True,True,10339.5,12.125,9358.6,11.299,341.0,0.873,19357.1,22.552,1.272,1.141,28.316,0.0,18.0,46.316,2,OPEN,True,89.9679,7,False
DE003702,T0145,S026,CHARGING,validation,19,8,True,True,9934.3,11.989,10786.5,11.941,341.0,0.873,20379.8,23.057,1.272,1.141,28.875,0.0,18.0,46.875,7,OPEN,True,91.2984,8,False
DE003705,T0146,S023,CHARGING,test,19,8,True,True,5171.8,7.257,5323.5,7.055,4316.0,9.901,6179.3,4.41,1.0,1.141,15.306,0.0,18.0,33.306,7,OPEN,True,44.667,1,True
DE003705,T0146,S014,CHARGING,test,19,8,True,True,8141.1,10.488,8389.8,10.993,4316.0,9.901,12214.9,11.58,1.0,1.141,23.031,0.0,18.0,41.031,4,OPEN,True,66.9563,2,False
DE003705,T0146,S028,CHARGING,test,19,8,True,True,7961.9,12.28,8197.1,12.084,4316.0,9.901,11843.0,14.463,1.0,1.141,26.068,0.0,18.0,44.068,1,OPEN,True,71.0201,3,False
DE003705,T0146,S007,CHARGING,test,19,8,True,True,13246.7,15.511,12984.4,15.018,4316.0,9.901,21915.1,20.628,1.0,1.141,32.646,0.0,18.0,50.646,6,OPEN,True,97.5335,4,False
DE003705,T0146,S026,CHARGING,test,19,8,True,True,13859.2,16.791,14037.4,15.923,4316.0,9.901,23580.6,22.813,1.0,1.141,34.959,0.0,18.0,52.959,7,OPEN,True,103.7234,5,False
DE003705,T0146,S019,CHARGING,test,19,8,True,True,19017.8,20.529,18920.4,17.14,4316.0,9.901,33622.2,27.768,1.0,1.141,40.085,0.0,18.0,58.085,8,OPEN,True,130.1718,6,False
DE003705,T0146,S011,CHARGING,test,19,8,True,True,19906.3,20.951,19735.3,20.698,4316.0,9.901,35325.6,31.749,1.0,1.141,44.568,0.0,18.0,62.568,2,OPEN,True,140.4565,7,False
DE003705,T0146,S029,CHARGING,test,19,8,True,True,22680.5,24.7,23471.9,23.761,4316.0,9.901,41836.4,38.56,1.0,1.141,51.811,0.0,18.0,69.811,4,OPEN,True,161.7238,8,False
DE003708,T0146,S023,CHARGING,test,19,8,True,True,5256.3,6.823,5323.5,7.055,3737.0,8.529,6842.8,5.349,1.162,1.141,15.978,0.0,18.0,33.978,7,OPEN,True,46.9005,1,True
DE003708,T0146,S014,CHARGING,test,19,8,True,True,8562.0,11.092,8389.8,10.993,3737.0,8.529,13214.8,13.556,1.162,1.141,25.432,0.0,18.0,43.432,4,OPEN,True,71.851,2,False
DE003708,T0146,S028,CHARGING,test,19,8,True,True,8046.5,11.847,8197.1,12.084,3737.0,8.529,12506.6,15.402,1.162,1.141,27.554,0.0,18.0,45.554,1,OPEN,True,74.0677,3,False
DE003708,T0146,S007,CHARGING,test,19,8,True,True,12867.9,14.867,12984.4,15.018,3737.0,8.529,22115.3,21.356,1.162,1.141,34.411,0.0,18.0,52.411,6,OPEN,True,99.8802,4,False
DE003708,T0146,S026,CHARGING,test,19,8,True,True,13480.4,16.147,14037.4,15.923,3737.0,8.529,23780.8,23.541,1.162,1.141,36.931,0.0,18.0,54.931,7,OPEN,True,106.2774,5,False
DE003708,T0146,S019,CHARGING,test,19,8,True,True,18638.9,20.095,18920.4,17.14,3737.0,8.529,33822.3,28.706,1.162,1.141,42.907,0.0,18.0,60.907,8,OPEN,True,133.6286,6,False
DE003708,T0146,S011,CHARGING,test,19,8,True,True,19527.5,20.307,19735.3,20.698,3737.0,8.529,35525.8,32.476,1.162,1.141,47.214,0.0,18.0,65.214,2,OPEN,True,143.6844,7,False
DE003708,T0146,S029,CHARGING,test,19,8,True,True,22301.7,24.056,23471.9,23.761,3737.0,8.529,42036.6,39.288,1.162,1.141,55.064,0.0,18.0,73.064,4,OPEN,True,165.559,8,False
DE003711,T0146,S023,CHARGING,test,19,8,True,True,5007.9,6.929,5323.5,7.055,3097.0,7.235,7234.4,6.749,1.041,1.141,15.262,0.0,18.0,33.262,7,OPEN,True,47.3181,1,True
DE003711,T0146,S014,CHARGING,test,19,8,True,True,8210.8,10.501,8389.8,10.993,3097.0,7.235,13503.6,14.259,1.041,1.141,23.475,0.0,18.0,41.475,4,OPEN,True,70.6469,2,False
DE003711,T0146,S028,CHARGING,test,19,8,True,True,7798.0,11.952,8197.1,12.084,3097.0,7.235,12898.1,16.802,1.041,1.141,26.231,0.0,18.0,44.231,1,OPEN,True,73.8772,3,False
DE003711,T0146,S007,CHARGING,test,19,8,True,True,13292.0,15.498,12984.4,15.018,3097.0,7.235,23179.4,23.281,1.041,1.141,33.269,0.0,18.0,51.269,6,OPEN,True,101.3478,4,False
DE003711,T0146,S026,CHARGING,test,19,8,True,True,13904.4,16.778,14037.4,15.923,3097.0,7.235,24844.8,25.466,1.041,1.141,35.634,0.0,18.0,53.634,7,OPEN,True,107.5899,5,False
DE003711,T0146,S019,CHARGING,test,19,8,True,True,19063.0,20.201,18920.4,17.14,3097.0,7.235,34886.4,30.106,1.041,1.141,40.586,0.0,18.0,58.586,8,OPEN,True,133.7852,6,False
DE003711,T0146,S011,CHARGING,test,19,8,True,True,19951.6,20.938,19735.3,20.698,3097.0,7.235,36589.9,34.402,1.041,1.141,45.414,0.0,18.0,63.414,2,OPEN,True,144.4937,7,False
DE003711,T0146,S029,CHARGING,test,19,8,True,True,22725.7,24.687,23471.9,23.761,3097.0,7.235,43100.6,41.213,1.041,1.141,52.81,0.0,18.0,70.81,4,OPEN,True,165.9145,8,False
DE003801,T0150,S010,CHARGING,train,1,1,False,True,2257.3,3.38,1945.1,2.483,5006.0,11.809,0.0,0.0,1.099,1.143,6.553,0.0,18.0,24.553,4,OPEN,True,23.1527,1,True
DE003804,T0150,S010,CHARGING,train,1,1,False,True,2355.0,3.575,1945.1,2.483,4503.0,10.6,0.0,0.0,1.263,1.143,7.354,0.0,18.0,25.354,4,OPEN,True,23.9536,1,True
DE003807,T0150,S010,CHARGING,train,1,1,False,True,2644.7,4.723,1945.1,2.483,3845.0,9.022,744.8,0.0,1.041,1.143,7.755,0.0,18.0,25.755,4,OPEN,True,25.8447,1,True
DE003810,T0150,S010,CHARGING,train,1,1,False,True,2314.2,4.062,1945.1,2.483,3168.0,7.397,1091.3,0.0,1.05,1.143,7.104,0.0,18.0,25.104,4,OPEN,True,25.8862,1,True
DE003813,T0150,S010,CHARGING,train,1,1,False,True,2173.8,3.734,1945.1,2.483,2514.0,5.828,1604.9,0.389,1.019,1.143,6.643,0.0,18.0,24.643,4,OPEN,True,26.5506,1,True
DE003816,T0150,S010,CHARGING,train,1,1,False,True,1650.3,2.417,1945.1,2.483,1886.0,4.32,1709.4,0.581,1.296,1.143,5.971,0.0,18.0,23.971,4,OPEN,True,26.1349,1,True
DE003819,T0150,S010,CHARGING,train,1,1,False,True,1358.7,1.834,1945.1,2.483,1146.0,2.544,2157.8,1.774,1.304,1.143,5.23,0.0,18.0,23.23,2,OPEN,True,27.289,1,True
DE003822,T0150,S010,CHARGING,train,1,1,False,True,1727.8,2.321,1945.1,2.483,454.0,0.884,3218.9,3.919,1.014,1.143,5.191,0.0,18.0,23.191,2,OPEN,True,29.9092,1,True
