event_id,trip_id,vehicle_id,timestamp,request_source,need_service,resolved_service_type,requested_service_type,allowed_service_types,request_valid,reason_code,current_soc_pct,estimated_remaining_range_km,remaining_trip_distance_km,safety_reserve_km,vehicle_model,vehicle_type,battery_capacity_kwh,usable_capacity_kwh,installed_battery_modules,swap_supported,charging_supported,public_swap_compatible,split
DE000001,T0001,V0001,2026-09-01T06:06:40.768790399+07:00,AUTO_DETECTED,False,,,['CHARGING'],,SUFFICIENT_SOC_RANGE,84.944,260.49,3.254,1.0,VF_3,EV_CAR,18.64,17.15,,False,True,False,train
DE000002,T0001,V0001,2026-09-01T06:06:40.768790399+07:00,DRIVER_REQUEST,True,CHARGING,CHARGING,['CHARGING'],True,VALID_REQUEST,84.944,260.49,3.254,1.0,VF_3,EV_CAR,18.64,17.15,,False,True,False,train
DE000003,T0001,V0001,2026-09-01T06:06:40.768790399+07:00,DRIVER_REQUEST,True,,BATTERY_SWAP,['CHARGING'],False,UNSUPPORTED_SERVICE,84.944,260.49,3.254,1.0,VF_3,EV_CAR,18.64,17.15,,False,True,False,train
DE000004,T0001,V0001,2026-09-01T06:07:32.140897500+07:00,AUTO_DETECTED,False,,,['CHARGING'],,SUFFICIENT_SOC_RANGE,84.808,260.08,2.839,1.0,VF_3,EV_CAR,18.64,17.15,,False,True,False,train
DE000005,T0001,V0001,2026-09-01T06:07:32.140897500+07:00,DRIVER_REQUEST,True,CHARGING,CHARGING,['CHARGING'],True,VALID_REQUEST,84.808,260.08,2.839,1.0,VF_3,EV_CAR,18.64,17.15,,False,True,False,train
DE000006,T0001,V0001,2026-09-01T06:07:32.140897500+07:00,DRIVER_REQUEST,True,,BATTERY_SWAP,['CHARGING'],False,UNSUPPORTED_SERVICE,84.808,260.08,2.839,1.0,VF_3,EV_CAR,18.64,17.15,,False,True,False,train
DE000007,T0001,V0001,2026-09-01T06:08:08.936772+07:00,AUTO_DETECTED,False,,,['CHARGING'],,SUFFICIENT_SOC_RANGE,84.678,259.68,2.438,1.0,VF_3,EV_CAR,18.64,17.15,,False,True,False,train
DE000008,T0001,V0001,2026-09-01T06:08:08.936772+07:00,DRIVER_REQUEST,True,CHARGING,CHARGING,['CHARGING'],True,VALID_REQUEST,84.678,259.68,2.438,1.0,VF_3,EV_CAR,18.64,17.15,,False,True,False,train
DE000009,T0001,V0001,2026-09-01T06:08:08.936772+07:00,DRIVER_REQUEST,True,,BATTERY_SWAP,['CHARGING'],False,UNSUPPORTED_SERVICE,84.678,259.68,2.438,1.0,VF_3,EV_CAR,18.64,17.15,,False,True,False,train
DE000010,T0001,V0001,2026-09-01T06:08:44.977027714+07:00,AUTO_DETECTED,False,,,['CHARGING'],,SUFFICIENT_SOC_RANGE,84.547,259.28,2.038,1.0,VF_3,EV_CAR,18.64,17.15,,False,True,False,train
DE000011,T0001,V0001,2026-09-01T06:08:44.977027714+07:00,DRIVER_REQUEST,True,CHARGING,CHARGING,['CHARGING'],True,VALID_REQUEST,84.547,259.28,2.038,1.0,VF_3,EV_CAR,18.64,17.15,,False,True,False,train
DE000012,T0001,V0001,2026-09-01T06:08:44.977027714+07:00,DRIVER_REQUEST,True,,BATTERY_SWAP,['CHARGING'],False,UNSUPPORTED_SERVICE,84.547,259.28,2.038,1.0,VF_3,EV_CAR,18.64,17.15,,False,True,False,train
DE000013,T0001,V0001,2026-09-01T06:09:25.374317624+07:00,AUTO_DETECTED,False,,,['CHARGING'],,SUFFICIENT_SOC_RANGE,84.409,258.86,1.616,1.0,VF_3,EV_CAR,18.64,17.15,,False,True,False,train
DE000014,T0001,V0001,2026-09-01T06:09:25.374317624+07:00,DRIVER_REQUEST,True,CHARGING,CHARGING,['CHARGING'],True,VALID_REQUEST,84.409,258.86,1.616,1.0,VF_3,EV_CAR,18.64,17.15,,False,True,False,train
DE000015,T0001,V0001,2026-09-01T06:09:25.374317624+07:00,DRIVER_REQUEST,True,,BATTERY_SWAP,['CHARGING'],False,UNSUPPORTED_SERVICE,84.409,258.86,1.616,1.0,VF_3,EV_CAR,18.64,17.15,,False,True,False,train
DE000016,T0001,V0001,2026-09-01T06:10:07.527992368+07:00,AUTO_DETECTED,False,,,['CHARGING'],,SUFFICIENT_SOC_RANGE,84.265,258.41,1.173,1.0,VF_3,EV_CAR,18.64,17.15,,False,True,False,train
DE000017,T0001,V0001,2026-09-01T06:10:07.527992368+07:00,DRIVER_REQUEST,True,CHARGING,CHARGING,['CHARGING'],True,VALID_REQUEST,84.265,258.41,1.173,1.0,VF_3,EV_CAR,18.64,17.15,,False,True,False,train
DE000018,T0001,V0001,2026-09-01T06:10:07.527992368+07:00,DRIVER_REQUEST,True,,BATTERY_SWAP,['CHARGING'],False,UNSUPPORTED_SERVICE,84.265,258.41,1.173,1.0,VF_3,EV_CAR,18.64,17.15,,False,True,False,train
DE000019,T0001,V0001,2026-09-01T06:10:46.140895714+07:00,AUTO_DETECTED,False,,,['CHARGING'],,SUFFICIENT_SOC_RANGE,84.126,257.99,0.746,1.0,VF_3,EV_CAR,18.64,17.15,,False,True,False,train
DE000020,T0001,V0001,2026-09-01T06:10:46.140895714+07:00,DRIVER_REQUEST,True,CHARGING,CHARGING,['CHARGING'],True,VALID_REQUEST,84.126,257.99,0.746,1.0,VF_3,EV_CAR,18.64,17.15,,False,True,False,train
DE000021,T0001,V0001,2026-09-01T06:10:46.140895714+07:00,DRIVER_REQUEST,True,,BATTERY_SWAP,['CHARGING'],False,UNSUPPORTED_SERVICE,84.126,257.99,0.746,1.0,VF_3,EV_CAR,18.64,17.15,,False,True,False,train
DE000022,T0001,V0001,2026-09-01T06:11:39.196494623+07:00,AUTO_DETECTED,False,,,['CHARGING'],,SUFFICIENT_SOC_RANGE,83.972,257.52,0.276,1.0,VF_3,EV_CAR,18.64,17.15,,False,True,False,train
DE000023,T0001,V0001,2026-09-01T06:11:39.196494623+07:00,DRIVER_REQUEST,True,CHARGING,CHARGING,['CHARGING'],True,VALID_REQUEST,83.972,257.52,0.276,1.0,VF_3,EV_CAR,18.64,17.15,,False,True,False,train
DE000024,T0001,V0001,2026-09-01T06:11:39.196494623+07:00,DRIVER_REQUEST,True,,BATTERY_SWAP,['CHARGING'],False,UNSUPPORTED_SERVICE,83.972,257.52,0.276,1.0,VF_3,EV_CAR,18.64,17.15,,False,True,False,train
DE000025,T0002,V0002,2026-09-01T06:12:59.973648+07:00,AUTO_DETECTED,False,,,['CHARGING'],,SUFFICIENT_SOC_RANGE,83.55,256.22,4.302,1.0,VF_5,EV_CAR,37.23,34.25,,False,True,False,train
DE000026,T0002,V0002,2026-09-01T06:12:59.973648+07:00,DRIVER_REQUEST,True,CHARGING,CHARGING,['CHARGING'],True,VALID_REQUEST,83.55,256.22,4.302,1.0,VF_5,EV_CAR,37.23,34.25,,False,True,False,train
DE000027,T0002,V0002,2026-09-01T06:12:59.973648+07:00,DRIVER_REQUEST,True,,BATTERY_SWAP,['CHARGING'],False,UNSUPPORTED_SERVICE,83.55,256.22,4.302,1.0,VF_5,EV_CAR,37.23,34.25,,False,True,False,train
DE000028,T0002,V0002,2026-09-01T06:14:29.475520+07:00,AUTO_DETECTED,False,,,['CHARGING'],,SUFFICIENT_SOC_RANGE,83.36,255.64,3.72,1.0,VF_5,EV_CAR,37.23,34.25,,False,True,False,train
DE000029,T0002,V0002,2026-09-01T06:14:29.475520+07:00,DRIVER_REQUEST,True,CHARGING,CHARGING,['CHARGING'],True,VALID_REQUEST,83.36,255.64,3.72,1.0,VF_5,EV_CAR,37.23,34.25,,False,True,False,train
DE000030,T0002,V0002,2026-09-01T06:14:29.475520+07:00,DRIVER_REQUEST,True,,BATTERY_SWAP,['CHARGING'],False,UNSUPPORTED_SERVICE,83.36,255.64,3.72,1.0,VF_5,EV_CAR,37.23,34.25,,False,True,False,train
DE000031,T0002,V0002,2026-09-01T06:15:50.271304+07:00,AUTO_DETECTED,False,,,['CHARGING'],,SUFFICIENT_SOC_RANGE,83.177,255.08,3.159,1.0,VF_5,EV_CAR,37.23,34.25,,False,True,False,train
DE000032,T0002,V0002,2026-09-01T06:15:50.271304+07:00,DRIVER_REQUEST,True,CHARGING,CHARGING,['CHARGING'],True,VALID_REQUEST,83.177,255.08,3.159,1.0,VF_5,EV_CAR,37.23,34.25,,False,True,False,train
DE000033,T0002,V0002,2026-09-01T06:15:50.271304+07:00,DRIVER_REQUEST,True,,BATTERY_SWAP,['CHARGING'],False,UNSUPPORTED_SERVICE,83.177,255.08,3.159,1.0,VF_5,EV_CAR,37.23,34.25,,False,True,False,train
DE000034,T0002,V0002,2026-09-01T06:17:08.894307076+07:00,AUTO_DETECTED,False,,,['CHARGING'],,SUFFICIENT_SOC_RANGE,82.999,254.53,2.613,1.0,VF_5,EV_CAR,37.23,34.25,,False,True,False,train
DE000035,T0002,V0002,2026-09-01T06:17:08.894307076+07:00,DRIVER_REQUEST,True,CHARGING,CHARGING,['CHARGING'],True,VALID_REQUEST,82.999,254.53,2.613,1.0,VF_5,EV_CAR,37.23,34.25,,False,True,False,train
DE000036,T0002,V0002,2026-09-01T06:17:08.894307076+07:00,DRIVER_REQUEST,True,,BATTERY_SWAP,['CHARGING'],False,UNSUPPORTED_SERVICE,82.999,254.53,2.613,1.0,VF_5,EV_CAR,37.23,34.25,,False,True,False,train
DE000037,T0002,V0002,2026-09-01T06:18:35.129992+07:00,AUTO_DETECTED,False,,,['CHARGING'],,SUFFICIENT_SOC_RANGE,82.804,253.93,2.014,1.0,VF_5,EV_CAR,37.23,34.25,,False,True,False,train
DE000038,T0002,V0002,2026-09-01T06:18:35.129992+07:00,DRIVER_REQUEST,True,CHARGING,CHARGING,['CHARGING'],True,VALID_REQUEST,82.804,253.93,2.014,1.0,VF_5,EV_CAR,37.23,34.25,,False,True,False,train
DE000039,T0002,V0002,2026-09-01T06:18:35.129992+07:00,DRIVER_REQUEST,True,,BATTERY_SWAP,['CHARGING'],False,UNSUPPORTED_SERVICE,82.804,253.93,2.014,1.0,VF_5,EV_CAR,37.23,34.25,,False,True,False,train
DE000040,T0002,V0002,2026-09-01T06:19:54.822400+07:00,AUTO_DETECTED,False,,,['CHARGING'],,SUFFICIENT_SOC_RANGE,82.623,253.38,1.461,1.0,VF_5,EV_CAR,37.23,34.25,,False,True,False,train
DE000041,T0002,V0002,2026-09-01T06:19:54.822400+07:00,DRIVER_REQUEST,True,CHARGING,CHARGING,['CHARGING'],True,VALID_REQUEST,82.623,253.38,1.461,1.0,VF_5,EV_CAR,37.23,34.25,,False,True,False,train
DE000042,T0002,V0002,2026-09-01T06:19:54.822400+07:00,DRIVER_REQUEST,True,,BATTERY_SWAP,['CHARGING'],False,UNSUPPORTED_SERVICE,82.623,253.38,1.461,1.0,VF_5,EV_CAR,37.23,34.25,,False,True,False,train
DE000043,T0002,V0002,2026-09-01T06:21:15.672136+07:00,AUTO_DETECTED,False,,,['CHARGING'],,SUFFICIENT_SOC_RANGE,82.44,252.82,0.899,1.0,VF_5,EV_CAR,37.23,34.25,,False,True,False,train
DE000044,T0002,V0002,2026-09-01T06:21:15.672136+07:00,DRIVER_REQUEST,True,CHARGING,CHARGING,['CHARGING'],True,VALID_REQUEST,82.44,252.82,0.899,1.0,VF_5,EV_CAR,37.23,34.25,,False,True,False,train
DE000045,T0002,V0002,2026-09-01T06:21:15.672136+07:00,DRIVER_REQUEST,True,,BATTERY_SWAP,['CHARGING'],False,UNSUPPORTED_SERVICE,82.44,252.82,0.899,1.0,VF_5,EV_CAR,37.23,34.25,,False,True,False,train
DE000046,T0002,V0002,2026-09-01T06:22:36.505806999+07:00,AUTO_DETECTED,False,,,['CHARGING'],,SUFFICIENT_SOC_RANGE,82.257,252.26,0.338,1.0,VF_5,EV_CAR,37.23,34.25,,False,True,False,train
DE000047,T0002,V0002,2026-09-01T06:22:36.505806999+07:00,DRIVER_REQUEST,True,CHARGING,CHARGING,['CHARGING'],True,VALID_REQUEST,82.257,252.26,0.338,1.0,VF_5,EV_CAR,37.23,34.25,,False,True,False,train
DE000048,T0002,V0002,2026-09-01T06:22:36.505806999+07:00,DRIVER_REQUEST,True,,BATTERY_SWAP,['CHARGING'],False,UNSUPPORTED_SERVICE,82.257,252.26,0.338,1.0,VF_5,EV_CAR,37.23,34.25,,False,True,False,train
DE000049,T0003,V0003,2026-09-01T06:18:53.642324999+07:00,AUTO_DETECTED,True,,,"['CHARGING', 'BATTERY_SWAP']",,LOW_SOC,11.563,8.27,4.569,1.0,EVO,EV_MOTORBIKE,3.0,2.76,2.0,True,True,True,validation
DE000050,T0003,V0003,2026-09-01T06:18:53.642324999+07:00,DRIVER_REQUEST,True,CHARGING,CHARGING,"['CHARGING', 'BATTERY_SWAP']",True,VALID_REQUEST,11.563,8.27,4.569,1.0,EVO,EV_MOTORBIKE,3.0,2.76,2.0,True,True,True,validation
DE000051,T0003,V0003,2026-09-01T06:18:53.642324999+07:00,DRIVER_REQUEST,True,BATTERY_SWAP,BATTERY_SWAP,"['CHARGING', 'BATTERY_SWAP']",True,VALID_REQUEST,11.563,8.27,4.569,1.0,EVO,EV_MOTORBIKE,3.0,2.76,2.0,True,True,True,validation
DE000052,T0003,V0003,2026-09-01T06:18:53.642324999+07:00,DRIVER_REQUEST,True,,ANY,"['CHARGING', 'BATTERY_SWAP']",True,VALID_REQUEST,11.563,8.27,4.569,1.0,EVO,EV_MOTORBIKE,3.0,2.76,2.0,True,True,True,validation
DE000053,T0003,V0003,2026-09-01T06:20:41.441412499+07:00,AUTO_DETECTED,True,,,"['CHARGING', 'BATTERY_SWAP']",,LOW_SOC,10.677,7.64,3.935,1.0,EVO,EV_MOTORBIKE,3.0,2.76,2.0,True,True,True,validation
DE000054,T0003,V0003,2026-09-01T06:20:41.441412499+07:00,DRIVER_REQUEST,True,CHARGING,CHARGING,"['CHARGING', 'BATTERY_SWAP']",True,VALID_REQUEST,10.677,7.64,3.935,1.0,EVO,EV_MOTORBIKE,3.0,2.76,2.0,True,True,True,validation
DE000055,T0003,V0003,2026-09-01T06:20:41.441412499+07:00,DRIVER_REQUEST,True,BATTERY_SWAP,BATTERY_SWAP,"['CHARGING', 'BATTERY_SWAP']",True,VALID_REQUEST,10.677,7.64,3.935,1.0,EVO,EV_MOTORBIKE,3.0,2.76,2.0,True,True,True,validation
DE000056,T0003,V0003,2026-09-01T06:20:41.441412499+07:00,DRIVER_REQUEST,True,,ANY,"['CHARGING', 'BATTERY_SWAP']",True,VALID_REQUEST,10.677,7.64,3.935,1.0,EVO,EV_MOTORBIKE,3.0,2.76,2.0,True,True,True,validation
DE000057,T0003,V0003,2026-09-01T06:22:39.349012499+07:00,AUTO_DETECTED,True,,,"['CHARGING', 'BATTERY_SWAP']",,LOW_SOC,9.853,7.05,3.346,1.0,EVO,EV_MOTORBIKE,3.0,2.76,2.0,True,True,True,validation
DE000058,T0003,V0003,2026-09-01T06:22:39.349012499+07:00,DRIVER_REQUEST,True,CHARGING,CHARGING,"['CHARGING', 'BATTERY_SWAP']",True,VALID_REQUEST,9.853,7.05,3.346,1.0,EVO,EV_MOTORBIKE,3.0,2.76,2.0,True,True,True,validation
DE000059,T0003,V0003,2026-09-01T06:22:39.349012499+07:00,DRIVER_REQUEST,True,BATTERY_SWAP,BATTERY_SWAP,"['CHARGING', 'BATTERY_SWAP']",True,VALID_REQUEST,9.853,7.05,3.346,1.0,EVO,EV_MOTORBIKE,3.0,2.76,2.0,True,True,True,validation
DE000060,T0003,V0003,2026-09-01T06:22:39.349012499+07:00,DRIVER_REQUEST,True,,ANY,"['CHARGING', 'BATTERY_SWAP']",True,VALID_REQUEST,9.853,7.05,3.346,1.0,EVO,EV_MOTORBIKE,3.0,2.76,2.0,True,True,True,validation
DE000061,T0003,V0003,2026-09-01T06:24:33.776412499+07:00,AUTO_DETECTED,True,,,"['CHARGING', 'BATTERY_SWAP']",,LOW_SOC,9.053,6.48,2.774,1.0,EVO,EV_MOTORBIKE,3.0,2.76,2.0,True,True,True,validation
DE000062,T0003,V0003,2026-09-01T06:24:33.776412499+07:00,DRIVER_REQUEST,True,CHARGING,CHARGING,"['CHARGING', 'BATTERY_SWAP']",True,VALID_REQUEST,9.053,6.48,2.774,1.0,EVO,EV_MOTORBIKE,3.0,2.76,2.0,True,True,True,validation
DE000063,T0003,V0003,2026-09-01T06:24:33.776412499+07:00,DRIVER_REQUEST,True,BATTERY_SWAP,BATTERY_SWAP,"['CHARGING', 'BATTERY_SWAP']",True,VALID_REQUEST,9.053,6.48,2.774,1.0,EVO,EV_MOTORBIKE,3.0,2.76,2.0,True,True,True,validation
DE000064,T0003,V0003,2026-09-01T06:24:33.776412499+07:00,DRIVER_REQUEST,True,,ANY,"['CHARGING', 'BATTERY_SWAP']",True,VALID_REQUEST,9.053,6.48,2.774,1.0,EVO,EV_MOTORBIKE,3.0,2.76,2.0,True,True,True,validation
DE000065,T0003,V0003,2026-09-01T06:26:06.844324999+07:00,AUTO_DETECTED,True,,,"['CHARGING', 'BATTERY_SWAP']",,LOW_SOC,8.327,5.96,2.254,1.0,EVO,EV_MOTORBIKE,3.0,2.76,2.0,True,True,True,validation
DE000066,T0003,V0003,2026-09-01T06:26:06.844324999+07:00,DRIVER_REQUEST,True,CHARGING,CHARGING,"['CHARGING', 'BATTERY_SWAP']",True,VALID_REQUEST,8.327,5.96,2.254,1.0,EVO,EV_MOTORBIKE,3.0,2.76,2.0,True,True,True,validation
DE000067,T0003,V0003,2026-09-01T06:26:06.844324999+07:00,DRIVER_REQUEST,True,BATTERY_SWAP,BATTERY_SWAP,"['CHARGING', 'BATTERY_SWAP']",True,VALID_REQUEST,8.327,5.96,2.254,1.0,EVO,EV_MOTORBIKE,3.0,2.76,2.0,True,True,True,validation
DE000068,T0003,V0003,2026-09-01T06:26:06.844324999+07:00,DRIVER_REQUEST,True,,ANY,"['CHARGING', 'BATTERY_SWAP']",True,VALID_REQUEST,8.327,5.96,2.254,1.0,EVO,EV_MOTORBIKE,3.0,2.76,2.0,True,True,True,validation
DE000069,T0003,V0003,2026-09-01T06:27:37.092981+07:00,AUTO_DETECTED,True,,,"['CHARGING', 'BATTERY_SWAP']",,LOW_SOC,7.461,5.34,1.635,1.0,EVO,EV_MOTORBIKE,3.0,2.76,2.0,True,True,True,validation
DE000070,T0003,V0003,2026-09-01T06:27:37.092981+07:00,DRIVER_REQUEST,True,CHARGING,CHARGING,"['CHARGING', 'BATTERY_SWAP']",True,VALID_REQUEST,7.461,5.34,1.635,1.0,EVO,EV_MOTORBIKE,3.0,2.76,2.0,True,True,True,validation
DE000071,T0003,V0003,2026-09-01T06:27:37.092981+07:00,DRIVER_REQUEST,True,BATTERY_SWAP,BATTERY_SWAP,"['CHARGING', 'BATTERY_SWAP']",True,VALID_REQUEST,7.461,5.34,1.635,1.0,EVO,EV_MOTORBIKE,3.0,2.76,2.0,True,True,True,validation
DE000072,T0003,V0003,2026-09-01T06:27:37.092981+07:00,DRIVER_REQUEST,True,,ANY,"['CHARGING', 'BATTERY_SWAP']",True,VALID_REQUEST,7.461,5.34,1.635,1.0,EVO,EV_MOTORBIKE,3.0,2.76,2.0,True,True,True,validation
DE000073,T0003,V0003,2026-09-01T06:29:02.421265500+07:00,AUTO_DETECTED,True,,,"['CHARGING', 'BATTERY_SWAP']",,LOW_SOC,6.611,4.73,1.026,1.0,EVO,EV_MOTORBIKE,3.0,2.76,2.0,True,True,True,validation
DE000074,T0003,V0003,2026-09-01T06:29:02.421265500+07:00,DRIVER_REQUEST,True,CHARGING,CHARGING,"['CHARGING', 'BATTERY_SWAP']",True,VALID_REQUEST,6.611,4.73,1.026,1.0,EVO,EV_MOTORBIKE,3.0,2.76,2.0,True,True,True,validation
DE000075,T0003,V0003,2026-09-01T06:29:02.421265500+07:00,DRIVER_REQUEST,True,BATTERY_SWAP,BATTERY_SWAP,"['CHARGING', 'BATTERY_SWAP']",True,VALID_REQUEST,6.611,4.73,1.026,1.0,EVO,EV_MOTORBIKE,3.0,2.76,2.0,True,True,True,validation
DE000076,T0003,V0003,2026-09-01T06:29:02.421265500+07:00,DRIVER_REQUEST,True,,ANY,"['CHARGING', 'BATTERY_SWAP']",True,VALID_REQUEST,6.611,4.73,1.026,1.0,EVO,EV_MOTORBIKE,3.0,2.76,2.0,True,True,True,validation
DE000077,T0003,V0003,2026-09-01T06:30:22.687009875+07:00,AUTO_DETECTED,True,,,"['CHARGING', 'BATTERY_SWAP']",,LOW_SOC,5.754,4.12,0.413,1.0,EVO,EV_MOTORBIKE,3.0,2.76,2.0,True,True,True,validation
DE000078,T0003,V0003,2026-09-01T06:30:22.687009875+07:00,DRIVER_REQUEST,True,CHARGING,CHARGING,"['CHARGING', 'BATTERY_SWAP']",True,VALID_REQUEST,5.754,4.12,0.413,1.0,EVO,EV_MOTORBIKE,3.0,2.76,2.0,True,True,True,validation
DE000079,T0003,V0003,2026-09-01T06:30:22.687009875+07:00,DRIVER_REQUEST,True,BATTERY_SWAP,BATTERY_SWAP,"['CHARGING', 'BATTERY_SWAP']",True,VALID_REQUEST,5.754,4.12,0.413,1.0,EVO,EV_MOTORBIKE,3.0,2.76,2.0,True,True,True,validation
DE000080,T0003,V0003,2026-09-01T06:30:22.687009875+07:00,DRIVER_REQUEST,True,,ANY,"['CHARGING', 'BATTERY_SWAP']",True,VALID_REQUEST,5.754,4.12,0.413,1.0,EVO,EV_MOTORBIKE,3.0,2.76,2.0,True,True,True,validation
DE000081,T0004,V0004,2026-09-01T06:24:48.469104+07:00,AUTO_DETECTED,True,CHARGING,,['CHARGING'],,LOW_SOC,17.89,54.86,3.774,1.0,VF_6,EV_CAR,59.6,54.83,,False,True,False,train
DE000082,T0004,V0004,2026-09-01T06:24:48.469104+07:00,DRIVER_REQUEST,True,CHARGING,CHARGING,['CHARGING'],True,VALID_REQUEST,17.89,54.86,3.774,1.0,VF_6,EV_CAR,59.6,54.83,,False,True,False,train
DE000083,T0004,V0004,2026-09-01T06:24:48.469104+07:00,DRIVER_REQUEST,True,,BATTERY_SWAP,['CHARGING'],False,UNSUPPORTED_SERVICE,17.89,54.86,3.774,1.0,VF_6,EV_CAR,59.6,54.83,,False,True,False,train
DE000084,T0004,V0004,2026-09-01T06:25:58.840536+07:00,AUTO_DETECTED,True,CHARGING,,['CHARGING'],,LOW_SOC,17.731,54.37,3.285,1.0,VF_6,EV_CAR,59.6,54.83,,False,True,False,train
DE000085,T0004,V0004,2026-09-01T06:25:58.840536+07:00,DRIVER_REQUEST,True,CHARGING,CHARGING,['CHARGING'],True,VALID_REQUEST,17.731,54.37,3.285,1.0,VF_6,EV_CAR,59.6,54.83,,False,True,False,train
DE000086,T0004,V0004,2026-09-01T06:25:58.840536+07:00,DRIVER_REQUEST,True,,BATTERY_SWAP,['CHARGING'],False,UNSUPPORTED_SERVICE,17.731,54.37,3.285,1.0,VF_6,EV_CAR,59.6,54.83,,False,True,False,train
DE000087,T0004,V0004,2026-09-01T06:27:26.413844500+07:00,AUTO_DETECTED,True,CHARGING,,['CHARGING'],,LOW_SOC,17.569,53.88,2.789,1.0,VF_6,EV_CAR,59.6,54.83,,False,True,False,train
DE000088,T0004,V0004,2026-09-01T06:27:26.413844500+07:00,DRIVER_REQUEST,True,CHARGING,CHARGING,['CHARGING'],True,VALID_REQUEST,17.569,53.88,2.789,1.0,VF_6,EV_CAR,59.6,54.83,,False,True,False,train
DE000089,T0004,V0004,2026-09-01T06:27:26.413844500+07:00,DRIVER_REQUEST,True,,BATTERY_SWAP,['CHARGING'],False,UNSUPPORTED_SERVICE,17.569,53.88,2.789,1.0,VF_6,EV_CAR,59.6,54.83,,False,True,False,train
DE000090,T0004,V0004,2026-09-01T06:28:21.508355660+07:00,AUTO_DETECTED,True,CHARGING,,['CHARGING'],,LOW_SOC,17.416,53.41,2.321,1.0,VF_6,EV_CAR,59.6,54.83,,False,True,False,train
DE000091,T0004,V0004,2026-09-01T06:28:21.508355660+07:00,DRIVER_REQUEST,True,CHARGING,CHARGING,['CHARGING'],True,VALID_REQUEST,17.416,53.41,2.321,1.0,VF_6,EV_CAR,59.6,54.83,,False,True,False,train
DE000092,T0004,V0004,2026-09-01T06:28:21.508355660+07:00,DRIVER_REQUEST,True,,BATTERY_SWAP,['CHARGING'],False,UNSUPPORTED_SERVICE,17.416,53.41,2.321,1.0,VF_6,EV_CAR,59.6,54.83,,False,True,False,train
DE000093,T0004,V0004,2026-09-01T06:29:16.900256285+07:00,AUTO_DETECTED,True,CHARGING,,['CHARGING'],,LOW_SOC,17.259,52.93,1.838,1.0,VF_6,EV_CAR,59.6,54.83,,False,True,False,train
DE000094,T0004,V0004,2026-09-01T06:29:16.900256285+07:00,DRIVER_REQUEST,True,CHARGING,CHARGING,['CHARGING'],True,VALID_REQUEST,17.259,52.93,1.838,1.0,VF_6,EV_CAR,59.6,54.83,,False,True,False,train
DE000095,T0004,V0004,2026-09-01T06:29:16.900256285+07:00,DRIVER_REQUEST,True,,BATTERY_SWAP,['CHARGING'],False,UNSUPPORTED_SERVICE,17.259,52.93,1.838,1.0,VF_6,EV_CAR,59.6,54.83,,False,True,False,train
DE000096,T0004,V0004,2026-09-01T06:30:15.979163285+07:00,AUTO_DETECTED,True,CHARGING,,['CHARGING'],,LOW_SOC,17.094,52.42,1.331,1.0,VF_6,EV_CAR,59.6,54.83,,False,True,False,train
DE000097,T0004,V0004,2026-09-01T06:30:15.979163285+07:00,DRIVER_REQUEST,True,CHARGING,CHARGING,['CHARGING'],True,VALID_REQUEST,17.094,52.42,1.331,1.0,VF_6,EV_CAR,59.6,54.83,,False,True,False,train
DE000098,T0004,V0004,2026-09-01T06:30:15.979163285+07:00,DRIVER_REQUEST,True,,BATTERY_SWAP,['CHARGING'],False,UNSUPPORTED_SERVICE,17.094,52.42,1.331,1.0,VF_6,EV_CAR,59.6,54.83,,False,True,False,train
DE000099,T0004,V0004,2026-09-01T06:31:23.237796785+07:00,AUTO_DETECTED,True,CHARGING,,['CHARGING'],,LOW_SOC,16.929,51.92,0.826,1.0,VF_6,EV_CAR,59.6,54.83,,False,True,False,train
DE000100,T0004,V0004,2026-09-01T06:31:23.237796785+07:00,DRIVER_REQUEST,True,CHARGING,CHARGING,['CHARGING'],True,VALID_REQUEST,16.929,51.92,0.826,1.0,VF_6,EV_CAR,59.6,54.83,,False,True,False,train
DE000101,T0004,V0004,2026-09-01T06:31:23.237796785+07:00,DRIVER_REQUEST,True,,BATTERY_SWAP,['CHARGING'],False,UNSUPPORTED_SERVICE,16.929,51.92,0.826,1.0,VF_6,EV_CAR,59.6,54.83,,False,True,False,train
DE000102,T0004,V0004,2026-09-01T06:32:36.590244785+07:00,AUTO_DETECTED,True,CHARGING,,['CHARGING'],,LOW_SOC,16.763,51.41,0.317,1.0,VF_6,EV_CAR,59.6,54.83,,False,True,False,train
DE000103,T0004,V0004,2026-09-01T06:32:36.590244785+07:00,DRIVER_REQUEST,True,CHARGING,CHARGING,['CHARGING'],True,VALID_REQUEST,16.763,51.41,0.317,1.0,VF_6,EV_CAR,59.6,54.83,,False,True,False,train
DE000104,T0004,V0004,2026-09-01T06:32:36.590244785+07:00,DRIVER_REQUEST,True,,BATTERY_SWAP,['CHARGING'],False,UNSUPPORTED_SERVICE,16.763,51.41,0.317,1.0,VF_6,EV_CAR,59.6,54.83,,False,True,False,train
DE000105,T0005,V0003,2026-09-01T06:31:32.638486500+07:00,AUTO_DETECTED,True,,,"['CHARGING', 'BATTERY_SWAP']",,LOW_SOC,15.164,10.85,6.904,1.036,EVO,EV_MOTORBIKE,3.0,2.76,2.0,True,True,True,train
DE000106,T0005,V0003,2026-09-01T06:31:32.638486500+07:00,DRIVER_REQUEST,True,CHARGING,CHARGING,"['CHARGING', 'BATTERY_SWAP']",True,VALID_REQUEST,15.164,10.85,6.904,1.036,EVO,EV_MOTORBIKE,3.0,2.76,2.0,True,True,True,train
DE000107,T0005,V0003,2026-09-01T06:31:32.638486500+07:00,DRIVER_REQUEST,True,BATTERY_SWAP,BATTERY_SWAP,"['CHARGING', 'BATTERY_SWAP']",True,VALID_REQUEST,15.164,10.85,6.904,1.036,EVO,EV_MOTORBIKE,3.0,2.76,2.0,True,True,True,train
DE000108,T0005,V0003,2026-09-01T06:31:32.638486500+07:00,DRIVER_REQUEST,True,,ANY,"['CHARGING', 'BATTERY_SWAP']",True,VALID_REQUEST,15.164,10.85,6.904,1.036,EVO,EV_MOTORBIKE,3.0,2.76,2.0,True,True,True,train
DE000109,T0005,V0003,2026-09-01T06:34:00.368550500+07:00,AUTO_DETECTED,True,,,"['CHARGING', 'BATTERY_SWAP']",,LOW_SOC,13.864,9.92,5.973,1.0,EVO,EV_MOTORBIKE,3.0,2.76,2.0,True,True,True,train
DE000110,T0005,V0003,2026-09-01T06:34:00.368550500+07:00,DRIVER_REQUEST,True,CHARGING,CHARGING,"['CHARGING', 'BATTERY_SWAP']",True,VALID_REQUEST,13.864,9.92,5.973,1.0,EVO,EV_MOTORBIKE,3.0,2.76,2.0,True,True,True,train
DE000111,T0005,V0003,2026-09-01T06:34:00.368550500+07:00,DRIVER_REQUEST,True,BATTERY_SWAP,BATTERY_SWAP,"['CHARGING', 'BATTERY_SWAP']",True,VALID_REQUEST,13.864,9.92,5.973,1.0,EVO,EV_MOTORBIKE,3.0,2.76,2.0,True,True,True,train
DE000112,T0005,V0003,2026-09-01T06:34:00.368550500+07:00,DRIVER_REQUEST,True,,ANY,"['CHARGING', 'BATTERY_SWAP']",True,VALID_REQUEST,13.864,9.92,5.973,1.0,EVO,EV_MOTORBIKE,3.0,2.76,2.0,True,True,True,train
DE000113,T0005,V0003,2026-09-01T06:36:29.384038500+07:00,AUTO_DETECTED,True,,,"['CHARGING', 'BATTERY_SWAP']",,LOW_SOC,12.588,9.01,5.061,1.0,EVO,EV_MOTORBIKE,3.0,2.76,2.0,True,True,True,train
DE000114,T0005,V0003,2026-09-01T06:36:29.384038500+07:00,DRIVER_REQUEST,True,CHARGING,CHARGING,"['CHARGING', 'BATTERY_SWAP']",True,VALID_REQUEST,12.588,9.01,5.061,1.0,EVO,EV_MOTORBIKE,3.0,2.76,2.0,True,True,True,train
DE000115,T0005,V0003,2026-09-01T06:36:29.384038500+07:00,DRIVER_REQUEST,True,BATTERY_SWAP,BATTERY_SWAP,"['CHARGING', 'BATTERY_SWAP']",True,VALID_REQUEST,12.588,9.01,5.061,1.0,EVO,EV_MOTORBIKE,3.0,2.76,2.0,True,True,True,train
DE000116,T0005,V0003,2026-09-01T06:36:29.384038500+07:00,DRIVER_REQUEST,True,,ANY,"['CHARGING', 'BATTERY_SWAP']",True,VALID_REQUEST,12.588,9.01,5.061,1.0,EVO,EV_MOTORBIKE,3.0,2.76,2.0,True,True,True,train
DE000117,T0005,V0003,2026-09-01T06:38:03.574740+07:00,AUTO_DETECTED,True,,,"['CHARGING', 'BATTERY_SWAP']",,LOW_SOC,11.393,8.15,4.205,1.0,EVO,EV_MOTORBIKE,3.0,2.76,2.0,True,True,True,train
DE000118,T0005,V0003,2026-09-01T06:38:03.574740+07:00,DRIVER_REQUEST,True,CHARGING,CHARGING,"['CHARGING', 'BATTERY_SWAP']",True,VALID_REQUEST,11.393,8.15,4.205,1.0,EVO,EV_MOTORBIKE,3.0,2.76,2.0,True,True,True,train
DE000119,T0005,V0003,2026-09-01T06:38:03.574740+07:00,DRIVER_REQUEST,True,BATTERY_SWAP,BATTERY_SWAP,"['CHARGING', 'BATTERY_SWAP']",True,VALID_REQUEST,11.393,8.15,4.205,1.0,EVO,EV_MOTORBIKE,3.0,2.76,2.0,True,True,True,train
DE000120,T0005,V0003,2026-09-01T06:38:03.574740+07:00,DRIVER_REQUEST,True,,ANY,"['CHARGING', 'BATTERY_SWAP']",True,VALID_REQUEST,11.393,8.15,4.205,1.0,EVO,EV_MOTORBIKE,3.0,2.76,2.0,True,True,True,train
DE000121,T0005,V0003,2026-09-01T06:40:13.689648+07:00,AUTO_DETECTED,True,,,"['CHARGING', 'BATTERY_SWAP']",,LOW_SOC,10.157,7.27,3.321,1.0,EVO,EV_MOTORBIKE,3.0,2.76,2.0,True,True,True,train
DE000122,T0005,V0003,2026-09-01T06:40:13.689648+07:00,DRIVER_REQUEST,True,CHARGING,CHARGING,"['CHARGING', 'BATTERY_SWAP']",True,VALID_REQUEST,10.157,7.27,3.321,1.0,EVO,EV_MOTORBIKE,3.0,2.76,2.0,True,True,True,train
DE000123,T0005,V0003,2026-09-01T06:40:13.689648+07:00,DRIVER_REQUEST,True,BATTERY_SWAP,BATTERY_SWAP,"['CHARGING', 'BATTERY_SWAP']",True,VALID_REQUEST,10.157,7.27,3.321,1.0,EVO,EV_MOTORBIKE,3.0,2.76,2.0,True,True,True,train
DE000124,T0005,V0003,2026-09-01T06:40:13.689648+07:00,DRIVER_REQUEST,True,,ANY,"['CHARGING', 'BATTERY_SWAP']",True,VALID_REQUEST,10.157,7.27,3.321,1.0,EVO,EV_MOTORBIKE,3.0,2.76,2.0,True,True,True,train
DE000125,T0005,V0003,2026-09-01T06:42:00.243694500+07:00,AUTO_DETECTED,True,,,"['CHARGING', 'BATTERY_SWAP']",,LOW_SOC,8.972,6.42,2.473,1.0,EVO,EV_MOTORBIKE,3.0,2.76,2.0,True,True,True,train
DE000126,T0005,V0003,2026-09-01T06:42:00.243694500+07:00,DRIVER_REQUEST,True,CHARGING,CHARGING,"['CHARGING', 'BATTERY_SWAP']",True,VALID_REQUEST,8.972,6.42,2.473,1.0,EVO,EV_MOTORBIKE,3.0,2.76,2.0,True,True,True,train
DE000127,T0005,V0003,2026-09-01T06:42:00.243694500+07:00,DRIVER_REQUEST,True,BATTERY_SWAP,BATTERY_SWAP,"['CHARGING', 'BATTERY_SWAP']",True,VALID_REQUEST,8.972,6.42,2.473,1.0,EVO,EV_MOTORBIKE,3.0,2.76,2.0,True,True,True,train
DE000128,T0005,V0003,2026-09-01T06:42:00.243694500+07:00,DRIVER_REQUEST,True,,ANY,"['CHARGING', 'BATTERY_SWAP']",True,VALID_REQUEST,8.972,6.42,2.473,1.0,EVO,EV_MOTORBIKE,3.0,2.76,2.0,True,True,True,train
DE000129,T0005,V0003,2026-09-01T06:44:15.025167200+07:00,AUTO_DETECTED,True,,,"['CHARGING', 'BATTERY_SWAP']",,LOW_SOC,7.821,5.6,1.65,1.0,EVO,EV_MOTORBIKE,3.0,2.76,2.0,True,True,True,train
DE000130,T0005,V0003,2026-09-01T06:44:15.025167200+07:00,DRIVER_REQUEST,True,CHARGING,CHARGING,"['CHARGING', 'BATTERY_SWAP']",True,VALID_REQUEST,7.821,5.6,1.65,1.0,EVO,EV_MOTORBIKE,3.0,2.76,2.0,True,True,True,train
DE000131,T0005,V0003,2026-09-01T06:44:15.025167200+07:00,DRIVER_REQUEST,True,BATTERY_SWAP,BATTERY_SWAP,"['CHARGING', 'BATTERY_SWAP']",True,VALID_REQUEST,7.821,5.6,1.65,1.0,EVO,EV_MOTORBIKE,3.0,2.76,2.0,True,True,True,train
DE000132,T0005,V0003,2026-09-01T06:44:15.025167200+07:00,DRIVER_REQUEST,True,,ANY,"['CHARGING', 'BATTERY_SWAP']",True,VALID_REQUEST,7.821,5.6,1.65,1.0,EVO,EV_MOTORBIKE,3.0,2.76,2.0,True,True,True,train
DE000133,T0005,V0003,2026-09-01T06:46:49.564413+07:00,AUTO_DETECTED,True,,,"['CHARGING', 'BATTERY_SWAP']",,LOW_SOC,6.384,4.57,0.621,1.0,EVO,EV_MOTORBIKE,3.0,2.76,2.0,True,True,True,train
DE000134,T0005,V0003,2026-09-01T06:46:49.564413+07:00,DRIVER_REQUEST,True,CHARGING,CHARGING,"['CHARGING', 'BATTERY_SWAP']",True,VALID_REQUEST,6.384,4.57,0.621,1.0,EVO,EV_MOTORBIKE,3.0,2.76,2.0,True,True,True,train
DE000135,T0005,V0003,2026-09-01T06:46:49.564413+07:00,DRIVER_REQUEST,True,BATTERY_SWAP,BATTERY_SWAP,"['CHARGING', 'BATTERY_SWAP']",True,VALID_REQUEST,6.384,4.57,0.621,1.0,EVO,EV_MOTORBIKE,3.0,2.76,2.0,True,True,True,train
DE000136,T0005,V0003,2026-09-01T06:46:49.564413+07:00,DRIVER_REQUEST,True,,ANY,"['CHARGING', 'BATTERY_SWAP']",True,VALID_REQUEST,6.384,4.57,0.621,1.0,EVO,EV_MOTORBIKE,3.0,2.76,2.0,True,True,True,train
DE000137,T0006,V0006,2026-09-01T06:37:10.263133714+07:00,AUTO_DETECTED,True,,,"['CHARGING', 'BATTERY_SWAP']",,LOW_SOC,17.318,12.39,5.356,1.0,EVO_LITE,EV_MOTORBIKE,1.5,1.38,1.0,True,True,True,train
DE000138,T0006,V0006,2026-09-01T06:37:10.263133714+07:00,DRIVER_REQUEST,True,CHARGING,CHARGING,"['CHARGING', 'BATTERY_SWAP']",True,VALID_REQUEST,17.318,12.39,5.356,1.0,EVO_LITE,EV_MOTORBIKE,1.5,1.38,1.0,True,True,True,train
DE000139,T0006,V0006,2026-09-01T06:37:10.263133714+07:00,DRIVER_REQUEST,True,BATTERY_SWAP,BATTERY_SWAP,"['CHARGING', 'BATTERY_SWAP']",True,VALID_REQUEST,17.318,12.39,5.356,1.0,EVO_LITE,EV_MOTORBIKE,1.5,1.38,1.0,True,True,True,train
DE000140,T0006,V0006,2026-09-01T06:37:10.263133714+07:00,DRIVER_REQUEST,True,,ANY,"['CHARGING', 'BATTERY_SWAP']",True,VALID_REQUEST,17.318,12.39,5.356,1.0,EVO_LITE,EV_MOTORBIKE,1.5,1.38,1.0,True,True,True,train
DE000141,T0006,V0006,2026-09-01T06:38:53.426400+07:00,AUTO_DETECTED,True,,,"['CHARGING', 'BATTERY_SWAP']",,LOW_SOC,16.317,11.68,4.639,1.0,EVO_LITE,EV_MOTORBIKE,1.5,1.38,1.0,True,True,True,train
DE000142,T0006,V0006,2026-09-01T06:38:53.426400+07:00,DRIVER_REQUEST,True,CHARGING,CHARGING,"['CHARGING', 'BATTERY_SWAP']",True,VALID_REQUEST,16.317,11.68,4.639,1.0,EVO_LITE,EV_MOTORBIKE,1.5,1.38,1.0,True,True,True,train
DE000143,T0006,V0006,2026-09-01T06:38:53.426400+07:00,DRIVER_REQUEST,True,BATTERY_SWAP,BATTERY_SWAP,"['CHARGING', 'BATTERY_SWAP']",True,VALID_REQUEST,16.317,11.68,4.639,1.0,EVO_LITE,EV_MOTORBIKE,1.5,1.38,1.0,True,True,True,train
DE000144,T0006,V0006,2026-09-01T06:38:53.426400+07:00,DRIVER_REQUEST,True,,ANY,"['CHARGING', 'BATTERY_SWAP']",True,VALID_REQUEST,16.317,11.68,4.639,1.0,EVO_LITE,EV_MOTORBIKE,1.5,1.38,1.0,True,True,True,train
DE000145,T0006,V0006,2026-09-01T06:40:24.833644499+07:00,AUTO_DETECTED,True,,,"['CHARGING', 'BATTERY_SWAP']",,LOW_SOC,15.339,10.98,3.939,1.0,EVO_LITE,EV_MOTORBIKE,1.5,1.38,1.0,True,True,True,train
DE000146,T0006,V0006,2026-09-01T06:40:24.833644499+07:00,DRIVER_REQUEST,True,CHARGING,CHARGING,"['CHARGING', 'BATTERY_SWAP']",True,VALID_REQUEST,15.339,10.98,3.939,1.0,EVO_LITE,EV_MOTORBIKE,1.5,1.38,1.0,True,True,True,train
DE000147,T0006,V0006,2026-09-01T06:40:24.833644499+07:00,DRIVER_REQUEST,True,BATTERY_SWAP,BATTERY_SWAP,"['CHARGING', 'BATTERY_SWAP']",True,VALID_REQUEST,15.339,10.98,3.939,1.0,EVO_LITE,EV_MOTORBIKE,1.5,1.38,1.0,True,True,True,train
DE000148,T0006,V0006,2026-09-01T06:40:24.833644499+07:00,DRIVER_REQUEST,True,,ANY,"['CHARGING', 'BATTERY_SWAP']",True,VALID_REQUEST,15.339,10.98,3.939,1.0,EVO_LITE,EV_MOTORBIKE,1.5,1.38,1.0,True,True,True,train
DE000149,T0006,V0006,2026-09-01T06:41:50.422645500+07:00,AUTO_DETECTED,True,,,"['CHARGING', 'BATTERY_SWAP']",,LOW_SOC,14.32,10.25,3.21,1.0,EVO_LITE,EV_MOTORBIKE,1.5,1.38,1.0,True,True,True,train
DE000150,T0006,V0006,2026-09-01T06:41:50.422645500+07:00,DRIVER_REQUEST,True,CHARGING,CHARGING,"['CHARGING', 'BATTERY_SWAP']",True,VALID_REQUEST,14.32,10.25,3.21,1.0,EVO_LITE,EV_MOTORBIKE,1.5,1.38,1.0,True,True,True,train
DE000151,T0006,V0006,2026-09-01T06:41:50.422645500+07:00,DRIVER_REQUEST,True,BATTERY_SWAP,BATTERY_SWAP,"['CHARGING', 'BATTERY_SWAP']",True,VALID_REQUEST,14.32,10.25,3.21,1.0,EVO_LITE,EV_MOTORBIKE,1.5,1.38,1.0,True,True,True,train
DE000152,T0006,V0006,2026-09-01T06:41:50.422645500+07:00,DRIVER_REQUEST,True,,ANY,"['CHARGING', 'BATTERY_SWAP']",True,VALID_REQUEST,14.32,10.25,3.21,1.0,EVO_LITE,EV_MOTORBIKE,1.5,1.38,1.0,True,True,True,train
DE000153,T0006,V0006,2026-09-01T06:43:29.808917500+07:00,AUTO_DETECTED,True,,,"['CHARGING', 'BATTERY_SWAP']",,LOW_SOC,13.326,9.54,2.499,1.0,EVO_LITE,EV_MOTORBIKE,1.5,1.38,1.0,True,True,True,train
DE000154,T0006,V0006,2026-09-01T06:43:29.808917500+07:00,DRIVER_REQUEST,True,CHARGING,CHARGING,"['CHARGING', 'BATTERY_SWAP']",True,VALID_REQUEST,13.326,9.54,2.499,1.0,EVO_LITE,EV_MOTORBIKE,1.5,1.38,1.0,True,True,True,train
DE000155,T0006,V0006,2026-09-01T06:43:29.808917500+07:00,DRIVER_REQUEST,True,BATTERY_SWAP,BATTERY_SWAP,"['CHARGING', 'BATTERY_SWAP']",True,VALID_REQUEST,13.326,9.54,2.499,1.0,EVO_LITE,EV_MOTORBIKE,1.5,1.38,1.0,True,True,True,train
DE000156,T0006,V0006,2026-09-01T06:43:29.808917500+07:00,DRIVER_REQUEST,True,,ANY,"['CHARGING', 'BATTERY_SWAP']",True,VALID_REQUEST,13.326,9.54,2.499,1.0,EVO_LITE,EV_MOTORBIKE,1.5,1.38,1.0,True,True,True,train
DE000157,T0006,V0006,2026-09-01T06:44:46.732301+07:00,AUTO_DETECTED,True,,,"['CHARGING', 'BATTERY_SWAP']",,LOW_SOC,12.458,8.91,1.878,1.0,EVO_LITE,EV_MOTORBIKE,1.5,1.38,1.0,True,True,True,train
DE000158,T0006,V0006,2026-09-01T06:44:46.732301+07:00,DRIVER_REQUEST,True,CHARGING,CHARGING,"['CHARGING', 'BATTERY_SWAP']",True,VALID_REQUEST,12.458,8.91,1.878,1.0,EVO_LITE,EV_MOTORBIKE,1.5,1.38,1.0,True,True,True,train
DE000159,T0006,V0006,2026-09-01T06:44:46.732301+07:00,DRIVER_REQUEST,True,BATTERY_SWAP,BATTERY_SWAP,"['CHARGING', 'BATTERY_SWAP']",True,VALID_REQUEST,12.458,8.91,1.878,1.0,EVO_LITE,EV_MOTORBIKE,1.5,1.38,1.0,True,True,True,train
DE000160,T0006,V0006,2026-09-01T06:44:46.732301+07:00,DRIVER_REQUEST,True,,ANY,"['CHARGING', 'BATTERY_SWAP']",True,VALID_REQUEST,12.458,8.91,1.878,1.0,EVO_LITE,EV_MOTORBIKE,1.5,1.38,1.0,True,True,True,train
DE000161,T0006,V0006,2026-09-01T06:46:04.472258+07:00,AUTO_DETECTED,True,,,"['CHARGING', 'BATTERY_SWAP']",,LOW_SOC,11.508,8.23,1.198,1.0,EVO_LITE,EV_MOTORBIKE,1.5,1.38,1.0,True,True,True,train
DE000162,T0006,V0006,2026-09-01T06:46:04.472258+07:00,DRIVER_REQUEST,True,CHARGING,CHARGING,"['CHARGING', 'BATTERY_SWAP']",True,VALID_REQUEST,11.508,8.23,1.198,1.0,EVO_LITE,EV_MOTORBIKE,1.5,1.38,1.0,True,True,True,train
DE000163,T0006,V0006,2026-09-01T06:46:04.472258+07:00,DRIVER_REQUEST,True,BATTERY_SWAP,BATTERY_SWAP,"['CHARGING', 'BATTERY_SWAP']",True,VALID_REQUEST,11.508,8.23,1.198,1.0,EVO_LITE,EV_MOTORBIKE,1.5,1.38,1.0,True,True,True,train
DE000164,T0006,V0006,2026-09-01T06:46:04.472258+07:00,DRIVER_REQUEST,True,,ANY,"['CHARGING', 'BATTERY_SWAP']",True,VALID_REQUEST,11.508,8.23,1.198,1.0,EVO_LITE,EV_MOTORBIKE,1.5,1.38,1.0,True,True,True,train
DE000165,T0006,V0006,2026-09-01T06:47:45.627608+07:00,AUTO_DETECTED,True,,,"['CHARGING', 'BATTERY_SWAP']",,LOW_SOC,10.503,7.52,0.479,1.0,EVO_LITE,EV_MOTORBIKE,1.5,1.38,1.0,True,True,True,train
DE000166,T0006,V0006,2026-09-01T06:47:45.627608+07:00,DRIVER_REQUEST,True,CHARGING,CHARGING,"['CHARGING', 'BATTERY_SWAP']",True,VALID_REQUEST,10.503,7.52,0.479,1.0,EVO_LITE,EV_MOTORBIKE,1.5,1.38,1.0,True,True,True,train
DE000167,T0006,V0006,2026-09-01T06:47:45.627608+07:00,DRIVER_REQUEST,True,BATTERY_SWAP,BATTERY_SWAP,"['CHARGING', 'BATTERY_SWAP']",True,VALID_REQUEST,10.503,7.52,0.479,1.0,EVO_LITE,EV_MOTORBIKE,1.5,1.38,1.0,True,True,True,train
DE000168,T0006,V0006,2026-09-01T06:47:45.627608+07:00,DRIVER_REQUEST,True,,ANY,"['CHARGING', 'BATTERY_SWAP']",True,VALID_REQUEST,10.503,7.52,0.479,1.0,EVO_LITE,EV_MOTORBIKE,1.5,1.38,1.0,True,True,True,train
DE000169,T0007,V0007,2026-09-01T06:42:50.555800+07:00,AUTO_DETECTED,True,CHARGING,,['CHARGING'],,LOW_SOC,17.918,54.95,2.81,1.0,VF_7_PLUS,EV_CAR,75.3,69.28,,False,True,False,train
DE000170,T0007,V0007,2026-09-01T06:42:50.555800+07:00,DRIVER_REQUEST,True,CHARGING,CHARGING,['CHARGING'],True,VALID_REQUEST,17.918,54.95,2.81,1.0,VF_7_PLUS,EV_CAR,75.3,69.28,,False,True,False,train
DE000171,T0007,V0007,2026-09-01T06:42:50.555800+07:00,DRIVER_REQUEST,True,,BATTERY_SWAP,['CHARGING'],False,UNSUPPORTED_SERVICE,17.918,54.95,2.81,1.0,VF_7_PLUS,EV_CAR,75.3,69.28,,False,True,False,train
DE000172,T0007,V0007,2026-09-01T06:44:03.889599999+07:00,AUTO_DETECTED,True,CHARGING,,['CHARGING'],,LOW_SOC,17.798,54.58,2.443,1.0,VF_7_PLUS,EV_CAR,75.3,69.28,,False,True,False,train
DE000173,T0007,V0007,2026-09-01T06:44:03.889599999+07:00,DRIVER_REQUEST,True,CHARGING,CHARGING,['CHARGING'],True,VALID_REQUEST,17.798,54.58,2.443,1.0,VF_7_PLUS,EV_CAR,75.3,69.28,,False,True,False,train
DE000174,T0007,V0007,2026-09-01T06:44:03.889599999+07:00,DRIVER_REQUEST,True,,BATTERY_SWAP,['CHARGING'],False,UNSUPPORTED_SERVICE,17.798,54.58,2.443,1.0,VF_7_PLUS,EV_CAR,75.3,69.28,,False,True,False,train
DE000175,T0007,V0007,2026-09-01T06:45:17.871599999+07:00,AUTO_DETECTED,True,CHARGING,,['CHARGING'],,LOW_SOC,17.677,54.21,2.073,1.0,VF_7_PLUS,EV_CAR,75.3,69.28,,False,True,False,train
DE000176,T0007,V0007,2026-09-01T06:45:17.871599999+07:00,DRIVER_REQUEST,True,CHARGING,CHARGING,['CHARGING'],True,VALID_REQUEST,17.677,54.21,2.073,1.0,VF_7_PLUS,EV_CAR,75.3,69.28,,False,True,False,train
DE000177,T0007,V0007,2026-09-01T06:45:17.871599999+07:00,DRIVER_REQUEST,True,,BATTERY_SWAP,['CHARGING'],False,UNSUPPORTED_SERVICE,17.677,54.21,2.073,1.0,VF_7_PLUS,EV_CAR,75.3,69.28,,False,True,False,train
DE000178,T0007,V0007,2026-09-01T06:46:29.952999999+07:00,AUTO_DETECTED,True,CHARGING,,['CHARGING'],,LOW_SOC,17.56,53.85,1.713,1.0,VF_7_PLUS,EV_CAR,75.3,69.28,,False,True,False,train
DE000179,T0007,V0007,2026-09-01T06:46:29.952999999+07:00,DRIVER_REQUEST,True,CHARGING,CHARGING,['CHARGING'],True,VALID_REQUEST,17.56,53.85,1.713,1.0,VF_7_PLUS,EV_CAR,75.3,69.28,,False,True,False,train
DE000180,T0007,V0007,2026-09-01T06:46:29.952999999+07:00,DRIVER_REQUEST,True,,BATTERY_SWAP,['CHARGING'],False,UNSUPPORTED_SERVICE,17.56,53.85,1.713,1.0,VF_7_PLUS,EV_CAR,75.3,69.28,,False,True,False,train
DE000181,T0007,V0007,2026-09-01T06:47:47.505199999+07:00,AUTO_DETECTED,True,CHARGING,,['CHARGING'],,LOW_SOC,17.433,53.46,1.325,1.0,VF_7_PLUS,EV_CAR,75.3,69.28,,False,True,False,train
DE000182,T0007,V0007,2026-09-01T06:47:47.505199999+07:00,DRIVER_REQUEST,True,CHARGING,CHARGING,['CHARGING'],True,VALID_REQUEST,17.433,53.46,1.325,1.0,VF_7_PLUS,EV_CAR,75.3,69.28,,False,True,False,train
DE000183,T0007,V0007,2026-09-01T06:47:47.505199999+07:00,DRIVER_REQUEST,True,,BATTERY_SWAP,['CHARGING'],False,UNSUPPORTED_SERVICE,17.433,53.46,1.325,1.0,VF_7_PLUS,EV_CAR,75.3,69.28,,False,True,False,train
DE000184,T0007,V0007,2026-09-01T06:48:57.268799999+07:00,AUTO_DETECTED,True,CHARGING,,['CHARGING'],,LOW_SOC,17.32,53.11,0.976,1.0,VF_7_PLUS,EV_CAR,75.3,69.28,,False,True,False,train
DE000185,T0007,V0007,2026-09-01T06:48:57.268799999+07:00,DRIVER_REQUEST,True,CHARGING,CHARGING,['CHARGING'],True,VALID_REQUEST,17.32,53.11,0.976,1.0,VF_7_PLUS,EV_CAR,75.3,69.28,,False,True,False,train
DE000186,T0007,V0007,2026-09-01T06:48:57.268799999+07:00,DRIVER_REQUEST,True,,BATTERY_SWAP,['CHARGING'],False,UNSUPPORTED_SERVICE,17.32,53.11,0.976,1.0,VF_7_PLUS,EV_CAR,75.3,69.28,,False,True,False,train
DE000187,T0007,V0007,2026-09-01T06:50:12.875799999+07:00,AUTO_DETECTED,True,CHARGING,,['CHARGING'],,LOW_SOC,17.196,52.74,0.598,1.0,VF_7_PLUS,EV_CAR,75.3,69.28,,False,True,False,train
DE000188,T0007,V0007,2026-09-01T06:50:12.875799999+07:00,DRIVER_REQUEST,True,CHARGING,CHARGING,['CHARGING'],True,VALID_REQUEST,17.196,52.74,0.598,1.0,VF_7_PLUS,EV_CAR,75.3,69.28,,False,True,False,train
DE000189,T0007,V0007,2026-09-01T06:50:12.875799999+07:00,DRIVER_REQUEST,True,,BATTERY_SWAP,['CHARGING'],False,UNSUPPORTED_SERVICE,17.196,52.74,0.598,1.0,VF_7_PLUS,EV_CAR,75.3,69.28,,False,True,False,train
DE000190,T0007,V0007,2026-09-01T06:51:26.902399999+07:00,AUTO_DETECTED,True,CHARGING,,['CHARGING'],,LOW_SOC,17.076,52.37,0.228,1.0,VF_7_PLUS,EV_CAR,75.3,69.28,,False,True,False,train
DE000191,T0007,V0007,2026-09-01T06:51:26.902399999+07:00,DRIVER_REQUEST,True,CHARGING,CHARGING,['CHARGING'],True,VALID_REQUEST,17.076,52.37,0.228,1.0,VF_7_PLUS,EV_CAR,75.3,69.28,,False,True,False,train
DE000192,T0007,V0007,2026-09-01T06:51:26.902399999+07:00,DRIVER_REQUEST,True,,BATTERY_SWAP,['CHARGING'],False,UNSUPPORTED_SERVICE,17.076,52.37,0.228,1.0,VF_7_PLUS,EV_CAR,75.3,69.28,,False,True,False,train
DE000193,T0008,V0008,2026-09-01T06:49:23.037023999+07:00,AUTO_DETECTED,True,CHARGING,,['CHARGING'],,LOW_SOC,17.812,54.62,6.224,1.0,VF_8,EV_CAR,87.7,80.68,,False,True,False,train
DE000194,T0008,V0008,2026-09-01T06:49:23.037023999+07:00,DRIVER_REQUEST,True,CHARGING,CHARGING,['CHARGING'],True,VALID_REQUEST,17.812,54.62,6.224,1.0,VF_8,EV_CAR,87.7,80.68,,False,True,False,train
DE000195,T0008,V0008,2026-09-01T06:49:23.037023999+07:00,DRIVER_REQUEST,True,,BATTERY_SWAP,['CHARGING'],False,UNSUPPORTED_SERVICE,17.812,54.62,6.224,1.0,VF_8,EV_CAR,87.7,80.68,,False,True,False,train
DE000196,T0008,V0008,2026-09-01T06:51:17.221265999+07:00,AUTO_DETECTED,True,CHARGING,,['CHARGING'],,LOW_SOC,17.552,53.83,5.427,1.0,VF_8,EV_CAR,87.7,80.68,,False,True,False,train
DE000197,T0008,V0008,2026-09-01T06:51:17.221265999+07:00,DRIVER_REQUEST,True,CHARGING,CHARGING,['CHARGING'],True,VALID_REQUEST,17.552,53.83,5.427,1.0,VF_8,EV_CAR,87.7,80.68,,False,True,False,train
DE000198,T0008,V0008,2026-09-01T06:51:17.221265999+07:00,DRIVER_REQUEST,True,,BATTERY_SWAP,['CHARGING'],False,UNSUPPORTED_SERVICE,17.552,53.83,5.427,1.0,VF_8,EV_CAR,87.7,80.68,,False,True,False,train
DE000199,T0008,V0008,2026-09-01T06:53:12.342018499+07:00,AUTO_DETECTED,True,CHARGING,,['CHARGING'],,LOW_SOC,17.291,53.03,4.627,1.0,VF_8,EV_CAR,87.7,80.68,,False,True,False,train
DE000200,T0008,V0008,2026-09-01T06:53:12.342018499+07:00,DRIVER_REQUEST,True,CHARGING,CHARGING,['CHARGING'],True,VALID_REQUEST,17.291,53.03,4.627,1.0,VF_8,EV_CAR,87.7,80.68,,False,True,False,train
DE000201,T0008,V0008,2026-09-01T06:53:12.342018499+07:00,DRIVER_REQUEST,True,,BATTERY_SWAP,['CHARGING'],False,UNSUPPORTED_SERVICE,17.291,53.03,4.627,1.0,VF_8,EV_CAR,87.7,80.68,,False,True,False,train
DE000202,T0008,V0008,2026-09-01T06:55:15.970366499+07:00,AUTO_DETECTED,True,CHARGING,,['CHARGING'],,LOW_SOC,17.014,52.18,3.778,1.0,VF_8,EV_CAR,87.7,80.68,,False,True,False,train
DE000203,T0008,V0008,2026-09-01T06:55:15.970366499+07:00,DRIVER_REQUEST,True,CHARGING,CHARGING,['CHARGING'],True,VALID_REQUEST,17.014,52.18,3.778,1.0,VF_8,EV_CAR,87.7,80.68,,False,True,False,train
DE000204,T0008,V0008,2026-09-01T06:55:15.970366499+07:00,DRIVER_REQUEST,True,,BATTERY_SWAP,['CHARGING'],False,UNSUPPORTED_SERVICE,17.014,52.18,3.778,1.0,VF_8,EV_CAR,87.7,80.68,,False,True,False,train
DE000205,T0008,V0008,2026-09-01T06:57:28.757502499+07:00,AUTO_DETECTED,True,CHARGING,,['CHARGING'],,LOW_SOC,16.747,51.36,2.957,1.0,VF_8,EV_CAR,87.7,80.68,,False,True,False,train
DE000206,T0008,V0008,2026-09-01T06:57:28.757502499+07:00,DRIVER_REQUEST,True,CHARGING,CHARGING,['CHARGING'],True,VALID_REQUEST,16.747,51.36,2.957,1.0,VF_8,EV_CAR,87.7,80.68,,False,True,False,train
DE000207,T0008,V0008,2026-09-01T06:57:28.757502499+07:00,DRIVER_REQUEST,True,,BATTERY_SWAP,['CHARGING'],False,UNSUPPORTED_SERVICE,16.747,51.36,2.957,1.0,VF_8,EV_CAR,87.7,80.68,,False,True,False,train
DE000208,T0008,V0008,2026-09-01T06:59:45.801854499+07:00,AUTO_DETECTED,True,CHARGING,,['CHARGING'],,LOW_SOC,16.469,50.51,2.107,1.0,VF_8,EV_CAR,87.7,80.68,,False,True,False,train
DE000209,T0008,V0008,2026-09-01T06:59:45.801854499+07:00,DRIVER_REQUEST,True,CHARGING,CHARGING,['CHARGING'],True,VALID_REQUEST,16.469,50.51,2.107,1.0,VF_8,EV_CAR,87.7,80.68,,False,True,False,train
DE000210,T0008,V0008,2026-09-01T06:59:45.801854499+07:00,DRIVER_REQUEST,True,,BATTERY_SWAP,['CHARGING'],False,UNSUPPORTED_SERVICE,16.469,50.51,2.107,1.0,VF_8,EV_CAR,87.7,80.68,,False,True,False,train
DE000211,T0008,V0008,2026-09-01T07:01:36.423806499+07:00,AUTO_DETECTED,True,CHARGING,,['CHARGING'],,LOW_SOC,16.198,49.67,1.275,1.0,VF_8,EV_CAR,87.7,80.68,,False,True,False,train
DE000212,T0008,V0008,2026-09-01T07:01:36.423806499+07:00,DRIVER_REQUEST,True,CHARGING,CHARGING,['CHARGING'],True,VALID_REQUEST,16.198,49.67,1.275,1.0,VF_8,EV_CAR,87.7,80.68,,False,True,False,train
DE000213,T0008,V0008,2026-09-01T07:01:36.423806499+07:00,DRIVER_REQUEST,True,,BATTERY_SWAP,['CHARGING'],False,UNSUPPORTED_SERVICE,16.198,49.67,1.275,1.0,VF_8,EV_CAR,87.7,80.68,,False,True,False,train
DE000214,T0008,V0008,2026-09-01T07:03:23.087513499+07:00,AUTO_DETECTED,True,CHARGING,,['CHARGING'],,LOW_SOC,15.932,48.86,0.46,1.0,VF_8,EV_CAR,87.7,80.68,,False,True,False,train
DE000215,T0008,V0008,2026-09-01T07:03:23.087513499+07:00,DRIVER_REQUEST,True,CHARGING,CHARGING,['CHARGING'],True,VALID_REQUEST,15.932,48.86,0.46,1.0,VF_8,EV_CAR,87.7,80.68,,False,True,False,train
DE000216,T0008,V0008,2026-09-01T07:03:23.087513499+07:00,DRIVER_REQUEST,True,,BATTERY_SWAP,['CHARGING'],False,UNSUPPORTED_SERVICE,15.932,48.86,0.46,1.0,VF_8,EV_CAR,87.7,80.68,,False,True,False,train
DE000217,T0009,V0009,2026-09-01T06:55:02.419079999+07:00,AUTO_DETECTED,True,,,"['CHARGING', 'BATTERY_SWAP']",,LOW_SOC,17.454,12.49,4.408,1.0,FELIZ_II,EV_MOTORBIKE,3.0,2.76,2.0,True,True,True,train
DE000218,T0009,V0009,2026-09-01T06:55:02.419079999+07:00,DRIVER_REQUEST,True,CHARGING,CHARGING,"['CHARGING', 'BATTERY_SWAP']",True,VALID_REQUEST,17.454,12.49,4.408,1.0,FELIZ_II,EV_MOTORBIKE,3.0,2.76,2.0,True,True,True,train
DE000219,T0009,V0009,2026-09-01T06:55:02.419079999+07:00,DRIVER_REQUEST,True,BATTERY_SWAP,BATTERY_SWAP,"['CHARGING', 'BATTERY_SWAP']",True,VALID_REQUEST,17.454,12.49,4.408,1.0,FELIZ_II,EV_MOTORBIKE,3.0,2.76,2.0,True,True,True,train
DE000220,T0009,V0009,2026-09-01T06:55:02.419079999+07:00,DRIVER_REQUEST,True,,ANY,"['CHARGING', 'BATTERY_SWAP']",True,VALID_REQUEST,17.454,12.49,4.408,1.0,FELIZ_II,EV_MOTORBIKE,3.0,2.76,2.0,True,True,True,train
DE000221,T0009,V0009,2026-09-01T06:56:27.053619428+07:00,AUTO_DETECTED,True,,,"['CHARGING', 'BATTERY_SWAP']",,LOW_SOC,16.632,11.9,3.821,1.0,FELIZ_II,EV_MOTORBIKE,3.0,2.76,2.0,True,True,True,train
DE000222,T0009,V0009,2026-09-01T06:56:27.053619428+07:00,DRIVER_REQUEST,True,CHARGING,CHARGING,"['CHARGING', 'BATTERY_SWAP']",True,VALID_REQUEST,16.632,11.9,3.821,1.0,FELIZ_II,EV_MOTORBIKE,3.0,2.76,2.0,True,True,True,train
DE000223,T0009,V0009,2026-09-01T06:56:27.053619428+07:00,DRIVER_REQUEST,True,BATTERY_SWAP,BATTERY_SWAP,"['CHARGING', 'BATTERY_SWAP']",True,VALID_REQUEST,16.632,11.9,3.821,1.0,FELIZ_II,EV_MOTORBIKE,3.0,2.76,2.0,True,True,True,train
DE000224,T0009,V0009,2026-09-01T06:56:27.053619428+07:00,DRIVER_REQUEST,True,,ANY,"['CHARGING', 'BATTERY_SWAP']",True,VALID_REQUEST,16.632,11.9,3.821,1.0,FELIZ_II,EV_MOTORBIKE,3.0,2.76,2.0,True,True,True,train
DE000225,T0009,V0009,2026-09-01T06:57:47.572103999+07:00,AUTO_DETECTED,True,,,"['CHARGING', 'BATTERY_SWAP']",,LOW_SOC,15.817,11.32,3.237,1.0,FELIZ_II,EV_MOTORBIKE,3.0,2.76,2.0,True,True,True,train
DE000226,T0009,V0009,2026-09-01T06:57:47.572103999+07:00,DRIVER_REQUEST,True,CHARGING,CHARGING,"['CHARGING', 'BATTERY_SWAP']",True,VALID_REQUEST,15.817,11.32,3.237,1.0,FELIZ_II,EV_MOTORBIKE,3.0,2.76,2.0,True,True,True,train
DE000227,T0009,V0009,2026-09-01T06:57:47.572103999+07:00,DRIVER_REQUEST,True,BATTERY_SWAP,BATTERY_SWAP,"['CHARGING', 'BATTERY_SWAP']",True,VALID_REQUEST,15.817,11.32,3.237,1.0,FELIZ_II,EV_MOTORBIKE,3.0,2.76,2.0,True,True,True,train
DE000228,T0009,V0009,2026-09-01T06:57:47.572103999+07:00,DRIVER_REQUEST,True,,ANY,"['CHARGING', 'BATTERY_SWAP']",True,VALID_REQUEST,15.817,11.32,3.237,1.0,FELIZ_II,EV_MOTORBIKE,3.0,2.76,2.0,True,True,True,train
DE000229,T0009,V0009,2026-09-01T06:59:30.937551999+07:00,AUTO_DETECTED,True,,,"['CHARGING', 'BATTERY_SWAP']",,LOW_SOC,15.078,10.79,2.708,1.0,FELIZ_II,EV_MOTORBIKE,3.0,2.76,2.0,True,True,True,train
DE000230,T0009,V0009,2026-09-01T06:59:30.937551999+07:00,DRIVER_REQUEST,True,CHARGING,CHARGING,"['CHARGING', 'BATTERY_SWAP']",True,VALID_REQUEST,15.078,10.79,2.708,1.0,FELIZ_II,EV_MOTORBIKE,3.0,2.76,2.0,True,True,True,train
DE000231,T0009,V0009,2026-09-01T06:59:30.937551999+07:00,DRIVER_REQUEST,True,BATTERY_SWAP,BATTERY_SWAP,"['CHARGING', 'BATTERY_SWAP']",True,VALID_REQUEST,15.078,10.79,2.708,1.0,FELIZ_II,EV_MOTORBIKE,3.0,2.76,2.0,True,True,True,train
DE000232,T0009,V0009,2026-09-01T06:59:30.937551999+07:00,DRIVER_REQUEST,True,,ANY,"['CHARGING', 'BATTERY_SWAP']",True,VALID_REQUEST,15.078,10.79,2.708,1.0,FELIZ_II,EV_MOTORBIKE,3.0,2.76,2.0,True,True,True,train
DE000233,T0009,V0009,2026-09-01T07:00:55.226800+07:00,AUTO_DETECTED,True,,,"['CHARGING', 'BATTERY_SWAP']",,LOW_SOC,14.26,10.2,2.123,1.0,FELIZ_II,EV_MOTORBIKE,3.0,2.76,2.0,True,True,True,train
DE000234,T0009,V0009,2026-09-01T07:00:55.226800+07:00,DRIVER_REQUEST,True,CHARGING,CHARGING,"['CHARGING', 'BATTERY_SWAP']",True,VALID_REQUEST,14.26,10.2,2.123,1.0,FELIZ_II,EV_MOTORBIKE,3.0,2.76,2.0,True,True,True,train
DE000235,T0009,V0009,2026-09-01T07:00:55.226800+07:00,DRIVER_REQUEST,True,BATTERY_SWAP,BATTERY_SWAP,"['CHARGING', 'BATTERY_SWAP']",True,VALID_REQUEST,14.26,10.2,2.123,1.0,FELIZ_II,EV_MOTORBIKE,3.0,2.76,2.0,True,True,True,train
DE000236,T0009,V0009,2026-09-01T07:00:55.226800+07:00,DRIVER_REQUEST,True,,ANY,"['CHARGING', 'BATTERY_SWAP']",True,VALID_REQUEST,14.26,10.2,2.123,1.0,FELIZ_II,EV_MOTORBIKE,3.0,2.76,2.0,True,True,True,train
DE000237,T0009,V0009,2026-09-01T07:02:19.239712+07:00,AUTO_DETECTED,True,,,"['CHARGING', 'BATTERY_SWAP']",,LOW_SOC,13.444,9.62,1.539,1.0,FELIZ_II,EV_MOTORBIKE,3.0,2.76,2.0,True,True,True,train
DE000238,T0009,V0009,2026-09-01T07:02:19.239712+07:00,DRIVER_REQUEST,True,CHARGING,CHARGING,"['CHARGING', 'BATTERY_SWAP']",True,VALID_REQUEST,13.444,9.62,1.539,1.0,FELIZ_II,EV_MOTORBIKE,3.0,2.76,2.0,True,True,True,train
DE000239,T0009,V0009,2026-09-01T07:02:19.239712+07:00,DRIVER_REQUEST,True,BATTERY_SWAP,BATTERY_SWAP,"['CHARGING', 'BATTERY_SWAP']",True,VALID_REQUEST,13.444,9.62,1.539,1.0,FELIZ_II,EV_MOTORBIKE,3.0,2.76,2.0,True,True,True,train
DE000240,T0009,V0009,2026-09-01T07:02:19.239712+07:00,DRIVER_REQUEST,True,,ANY,"['CHARGING', 'BATTERY_SWAP']",True,VALID_REQUEST,13.444,9.62,1.539,1.0,FELIZ_II,EV_MOTORBIKE,3.0,2.76,2.0,True,True,True,train
DE000241,T0009,V0009,2026-09-01T07:03:55.458002285+07:00,AUTO_DETECTED,True,,,"['CHARGING', 'BATTERY_SWAP']",,LOW_SOC,12.619,9.03,0.949,1.0,FELIZ_II,EV_MOTORBIKE,3.0,2.76,2.0,True,True,True,train
DE000242,T0009,V0009,2026-09-01T07:03:55.458002285+07:00,DRIVER_REQUEST,True,CHARGING,CHARGING,"['CHARGING', 'BATTERY_SWAP']",True,VALID_REQUEST,12.619,9.03,0.949,1.0,FELIZ_II,EV_MOTORBIKE,3.0,2.76,2.0,True,True,True,train
DE000243,T0009,V0009,2026-09-01T07:03:55.458002285+07:00,DRIVER_REQUEST,True,BATTERY_SWAP,BATTERY_SWAP,"['CHARGING', 'BATTERY_SWAP']",True,VALID_REQUEST,12.619,9.03,0.949,1.0,FELIZ_II,EV_MOTORBIKE,3.0,2.76,2.0,True,True,True,train
DE000244,T0009,V0009,2026-09-01T07:03:55.458002285+07:00,DRIVER_REQUEST,True,,ANY,"['CHARGING', 'BATTERY_SWAP']",True,VALID_REQUEST,12.619,9.03,0.949,1.0,FELIZ_II,EV_MOTORBIKE,3.0,2.76,2.0,True,True,True,train
DE000245,T0009,V0009,2026-09-01T07:05:19.956400+07:00,AUTO_DETECTED,True,,,"['CHARGING', 'BATTERY_SWAP']",,LOW_SOC,11.799,8.44,0.362,1.0,FELIZ_II,EV_MOTORBIKE,3.0,2.76,2.0,True,True,True,train
DE000246,T0009,V0009,2026-09-01T07:05:19.956400+07:00,DRIVER_REQUEST,True,CHARGING,CHARGING,"['CHARGING', 'BATTERY_SWAP']",True,VALID_REQUEST,11.799,8.44,0.362,1.0,FELIZ_II,EV_MOTORBIKE,3.0,2.76,2.0,True,True,True,train
DE000247,T0009,V0009,2026-09-01T07:05:19.956400+07:00,DRIVER_REQUEST,True,BATTERY_SWAP,BATTERY_SWAP,"['CHARGING', 'BATTERY_SWAP']",True,VALID_REQUEST,11.799,8.44,0.362,1.0,FELIZ_II,EV_MOTORBIKE,3.0,2.76,2.0,True,True,True,train
DE000248,T0009,V0009,2026-09-01T07:05:19.956400+07:00,DRIVER_REQUEST,True,,ANY,"['CHARGING', 'BATTERY_SWAP']",True,VALID_REQUEST,11.799,8.44,0.362,1.0,FELIZ_II,EV_MOTORBIKE,3.0,2.76,2.0,True,True,True,train
DE000249,T0010,V0010,2026-09-01T07:00:51.673824+07:00,AUTO_DETECTED,True,CHARGING,,['CHARGING'],,LOW_SOC,17.883,54.84,4.144,1.0,VF_9,EV_CAR,123.0,113.16,,False,True,False,train
DE000250,T0010,V0010,2026-09-01T07:00:51.673824+07:00,DRIVER_REQUEST,True,CHARGING,CHARGING,['CHARGING'],True,VALID_REQUEST,17.883,54.84,4.144,1.0,VF_9,EV_CAR,123.0,113.16,,False,True,False,train
DE000251,T0010,V0010,2026-09-01T07:00:51.673824+07:00,DRIVER_REQUEST,True,,BATTERY_SWAP,['CHARGING'],False,UNSUPPORTED_SERVICE,17.883,54.84,4.144,1.0,VF_9,EV_CAR,123.0,113.16,,False,True,False,train
DE000252,T0010,V0010,2026-09-01T07:02:07.779407999+07:00,AUTO_DETECTED,True,CHARGING,,['CHARGING'],,LOW_SOC,17.711,54.31,3.615,1.0,VF_9,EV_CAR,123.0,113.16,,False,True,False,train
DE000253,T0010,V0010,2026-09-01T07:02:07.779407999+07:00,DRIVER_REQUEST,True,CHARGING,CHARGING,['CHARGING'],True,VALID_REQUEST,17.711,54.31,3.615,1.0,VF_9,EV_CAR,123.0,113.16,,False,True,False,train
DE000254,T0010,V0010,2026-09-01T07:02:07.779407999+07:00,DRIVER_REQUEST,True,,BATTERY_SWAP,['CHARGING'],False,UNSUPPORTED_SERVICE,17.711,54.31,3.615,1.0,VF_9,EV_CAR,123.0,113.16,,False,True,False,train
DE000255,T0010,V0010,2026-09-01T07:03:27.314928+07:00,AUTO_DETECTED,True,CHARGING,,['CHARGING'],,LOW_SOC,17.531,53.76,3.063,1.0,VF_9,EV_CAR,123.0,113.16,,False,True,False,train
DE000256,T0010,V0010,2026-09-01T07:03:27.314928+07:00,DRIVER_REQUEST,True,CHARGING,CHARGING,['CHARGING'],True,VALID_REQUEST,17.531,53.76,3.063,1.0,VF_9,EV_CAR,123.0,113.16,,False,True,False,train
DE000257,T0010,V0010,2026-09-01T07:03:27.314928+07:00,DRIVER_REQUEST,True,,BATTERY_SWAP,['CHARGING'],False,UNSUPPORTED_SERVICE,17.531,53.76,3.063,1.0,VF_9,EV_CAR,123.0,113.16,,False,True,False,train
DE000258,T0010,V0010,2026-09-01T07:04:46.406352+07:00,AUTO_DETECTED,True,CHARGING,,['CHARGING'],,LOW_SOC,17.351,53.21,2.514,1.0,VF_9,EV_CAR,123.0,113.16,,False,True,False,train
DE000259,T0010,V0010,2026-09-01T07:04:46.406352+07:00,DRIVER_REQUEST,True,CHARGING,CHARGING,['CHARGING'],True,VALID_REQUEST,17.351,53.21,2.514,1.0,VF_9,EV_CAR,123.0,113.16,,False,True,False,train
DE000260,T0010,V0010,2026-09-01T07:04:46.406352+07:00,DRIVER_REQUEST,True,,BATTERY_SWAP,['CHARGING'],False,UNSUPPORTED_SERVICE,17.351,53.21,2.514,1.0,VF_9,EV_CAR,123.0,113.16,,False,True,False,train
DE000261,T0010,V0010,2026-09-01T07:06:04.679712+07:00,AUTO_DETECTED,True,CHARGING,,['CHARGING'],,LOW_SOC,17.174,52.67,1.97,1.0,VF_9,EV_CAR,123.0,113.16,,False,True,False,train
DE000262,T0010,V0010,2026-09-01T07:06:04.679712+07:00,DRIVER_REQUEST,True,CHARGING,CHARGING,['CHARGING'],True,VALID_REQUEST,17.174,52.67,1.97,1.0,VF_9,EV_CAR,123.0,113.16,,False,True,False,train
DE000263,T0010,V0010,2026-09-01T07:06:04.679712+07:00,DRIVER_REQUEST,True,,BATTERY_SWAP,['CHARGING'],False,UNSUPPORTED_SERVICE,17.174,52.67,1.97,1.0,VF_9,EV_CAR,123.0,113.16,,False,True,False,train
DE000264,T0010,V0010,2026-09-01T07:07:25.033296+07:00,AUTO_DETECTED,True,CHARGING,,['CHARGING'],,LOW_SOC,16.992,52.11,1.412,1.0,VF_9,EV_CAR,123.0,113.16,,False,True,False,train
DE000265,T0010,V0010,2026-09-01T07:07:25.033296+07:00,DRIVER_REQUEST,True,CHARGING,CHARGING,['CHARGING'],True,VALID_REQUEST,16.992,52.11,1.412,1.0,VF_9,EV_CAR,123.0,113.16,,False,True,False,train
DE000266,T0010,V0010,2026-09-01T07:07:25.033296+07:00,DRIVER_REQUEST,True,,BATTERY_SWAP,['CHARGING'],False,UNSUPPORTED_SERVICE,16.992,52.11,1.412,1.0,VF_9,EV_CAR,123.0,113.16,,False,True,False,train
DE000267,T0010,V0010,2026-09-01T07:08:41.138880+07:00,AUTO_DETECTED,True,CHARGING,,['CHARGING'],,LOW_SOC,16.82,51.58,0.884,1.0,VF_9,EV_CAR,123.0,113.16,,False,True,False,train
DE000268,T0010,V0010,2026-09-01T07:08:41.138880+07:00,DRIVER_REQUEST,True,CHARGING,CHARGING,['CHARGING'],True,VALID_REQUEST,16.82,51.58,0.884,1.0,VF_9,EV_CAR,123.0,113.16,,False,True,False,train
DE000269,T0010,V0010,2026-09-01T07:08:41.138880+07:00,DRIVER_REQUEST,True,,BATTERY_SWAP,['CHARGING'],False,UNSUPPORTED_SERVICE,16.82,51.58,0.884,1.0,VF_9,EV_CAR,123.0,113.16,,False,True,False,train
DE000270,T0010,V0010,2026-09-01T07:09:57.624000+07:00,AUTO_DETECTED,True,CHARGING,,['CHARGING'],,LOW_SOC,16.647,51.05,0.352,1.0,VF_9,EV_CAR,123.0,113.16,,False,True,False,train
DE000271,T0010,V0010,2026-09-01T07:09:57.624000+07:00,DRIVER_REQUEST,True,CHARGING,CHARGING,['CHARGING'],True,VALID_REQUEST,16.647,51.05,0.352,1.0,VF_9,EV_CAR,123.0,113.16,,False,True,False,train
DE000272,T0010,V0010,2026-09-01T07:09:57.624000+07:00,DRIVER_REQUEST,True,,BATTERY_SWAP,['CHARGING'],False,UNSUPPORTED_SERVICE,16.647,51.05,0.352,1.0,VF_9,EV_CAR,123.0,113.16,,False,True,False,train
DE000273,T0011,V0011,2026-09-01T07:07:33.987727999+07:00,AUTO_DETECTED,True,CHARGING,,['CHARGING'],,LOW_SOC,17.762,54.47,8.364,1.255,VF_E34,EV_CAR,41.9,38.55,,False,True,False,test
DE000274,T0011,V0011,2026-09-01T07:07:33.987727999+07:00,DRIVER_REQUEST,True,CHARGING,CHARGING,['CHARGING'],True,VALID_REQUEST,17.762,54.47,8.364,1.255,VF_E34,EV_CAR,41.9,38.55,,False,True,False,test
DE000275,T0011,V0011,2026-09-01T07:07:33.987727999+07:00,DRIVER_REQUEST,True,,BATTERY_SWAP,['CHARGING'],False,UNSUPPORTED_SERVICE,17.762,54.47,8.364,1.255,VF_E34,EV_CAR,41.9,38.55,,False,True,False,test
DE000276,T0011,V0011,2026-09-01T07:10:11.334479999+07:00,AUTO_DETECTED,True,CHARGING,,['CHARGING'],,LOW_SOC,17.363,53.25,7.271,1.091,VF_E34,EV_CAR,41.9,38.55,,False,True,False,test
DE000277,T0011,V0011,2026-09-01T07:10:11.334479999+07:00,DRIVER_REQUEST,True,CHARGING,CHARGING,['CHARGING'],True,VALID_REQUEST,17.363,53.25,7.271,1.091,VF_E34,EV_CAR,41.9,38.55,,False,True,False,test
DE000278,T0011,V0011,2026-09-01T07:10:11.334479999+07:00,DRIVER_REQUEST,True,,BATTERY_SWAP,['CHARGING'],False,UNSUPPORTED_SERVICE,17.363,53.25,7.271,1.091,VF_E34,EV_CAR,41.9,38.55,,False,True,False,test
DE000279,T0011,V0011,2026-09-01T07:12:46.447488+07:00,AUTO_DETECTED,True,CHARGING,,['CHARGING'],,LOW_SOC,16.969,52.04,6.194,1.0,VF_E34,EV_CAR,41.9,38.55,,False,True,False,test
DE000280,T0011,V0011,2026-09-01T07:12:46.447488+07:00,DRIVER_REQUEST,True,CHARGING,CHARGING,['CHARGING'],True,VALID_REQUEST,16.969,52.04,6.194,1.0,VF_E34,EV_CAR,41.9,38.55,,False,True,False,test
DE000281,T0011,V0011,2026-09-01T07:12:46.447488+07:00,DRIVER_REQUEST,True,,BATTERY_SWAP,['CHARGING'],False,UNSUPPORTED_SERVICE,16.969,52.04,6.194,1.0,VF_E34,EV_CAR,41.9,38.55,,False,True,False,test
DE000282,T0011,V0011,2026-09-01T07:14:57.207574500+07:00,AUTO_DETECTED,True,CHARGING,,['CHARGING'],,LOW_SOC,16.633,51.01,5.274,1.0,VF_E34,EV_CAR,41.9,38.55,,False,True,False,test
DE000283,T0011,V0011,2026-09-01T07:14:57.207574500+07:00,DRIVER_REQUEST,True,CHARGING,CHARGING,['CHARGING'],True,VALID_REQUEST,16.633,51.01,5.274,1.0,VF_E34,EV_CAR,41.9,38.55,,False,True,False,test
DE000284,T0011,V0011,2026-09-01T07:14:57.207574500+07:00,DRIVER_REQUEST,True,,BATTERY_SWAP,['CHARGING'],False,UNSUPPORTED_SERVICE,16.633,51.01,5.274,1.0,VF_E34,EV_CAR,41.9,38.55,,False,True,False,test
DE000285,T0011,V0011,2026-09-01T07:17:39.998312571+07:00,AUTO_DETECTED,True,CHARGING,,['CHARGING'],,LOW_SOC,16.206,49.7,4.104,1.0,VF_E34,EV_CAR,41.9,38.55,,False,True,False,test
DE000286,T0011,V0011,2026-09-01T07:17:39.998312571+07:00,DRIVER_REQUEST,True,CHARGING,CHARGING,['CHARGING'],True,VALID_REQUEST,16.206,49.7,4.104,1.0,VF_E34,EV_CAR,41.9,38.55,,False,True,False,test
DE000287,T0011,V0011,2026-09-01T07:17:39.998312571+07:00,DRIVER_REQUEST,True,,BATTERY_SWAP,['CHARGING'],False,UNSUPPORTED_SERVICE,16.206,49.7,4.104,1.0,VF_E34,EV_CAR,41.9,38.55,,False,True,False,test
DE000288,T0011,V0011,2026-09-01T07:20:25.337638499+07:00,AUTO_DETECTED,True,CHARGING,,['CHARGING'],,LOW_SOC,15.761,48.33,2.885,1.0,VF_E34,EV_CAR,41.9,38.55,,False,True,False,test
DE000289,T0011,V0011,2026-09-01T07:20:25.337638499+07:00,DRIVER_REQUEST,True,CHARGING,CHARGING,['CHARGING'],True,VALID_REQUEST,15.761,48.33,2.885,1.0,VF_E34,EV_CAR,41.9,38.55,,False,True,False,test
DE000290,T0011,V0011,2026-09-01T07:20:25.337638499+07:00,DRIVER_REQUEST,True,,BATTERY_SWAP,['CHARGING'],False,UNSUPPORTED_SERVICE,15.761,48.33,2.885,1.0,VF_E34,EV_CAR,41.9,38.55,,False,True,False,test
DE000291,T0011,V0011,2026-09-01T07:22:59.591644499+07:00,AUTO_DETECTED,True,CHARGING,,['CHARGING'],,LOW_SOC,15.354,47.09,1.772,1.0,VF_E34,EV_CAR,41.9,38.55,,False,True,False,test
DE000292,T0011,V0011,2026-09-01T07:22:59.591644499+07:00,DRIVER_REQUEST,True,CHARGING,CHARGING,['CHARGING'],True,VALID_REQUEST,15.354,47.09,1.772,1.0,VF_E34,EV_CAR,41.9,38.55,,False,True,False,test
DE000293,T0011,V0011,2026-09-01T07:22:59.591644499+07:00,DRIVER_REQUEST,True,,BATTERY_SWAP,['CHARGING'],False,UNSUPPORTED_SERVICE,15.354,47.09,1.772,1.0,VF_E34,EV_CAR,41.9,38.55,,False,True,False,test
DE000294,T0011,V0011,2026-09-01T07:25:33.368417142+07:00,AUTO_DETECTED,True,CHARGING,,['CHARGING'],,LOW_SOC,14.955,45.86,0.679,1.0,VF_E34,EV_CAR,41.9,38.55,,False,True,False,test
DE000295,T0011,V0011,2026-09-01T07:25:33.368417142+07:00,DRIVER_REQUEST,True,CHARGING,CHARGING,['CHARGING'],True,VALID_REQUEST,14.955,45.86,0.679,1.0,VF_E34,EV_CAR,41.9,38.55,,False,True,False,test
DE000296,T0011,V0011,2026-09-01T07:25:33.368417142+07:00,DRIVER_REQUEST,True,,BATTERY_SWAP,['CHARGING'],False,UNSUPPORTED_SERVICE,14.955,45.86,0.679,1.0,VF_E34,EV_CAR,41.9,38.55,,False,True,False,test
DE000297,T0012,V0012,2026-09-01T07:12:54.673391020+07:00,AUTO_DETECTED,True,,,"['CHARGING', 'BATTERY_SWAP']",,LOW_SOC_AND_INSUFFICIENT_RANGE,6.257,4.48,6.123,1.0,VIPER,EV_MOTORBIKE,1.5,1.38,1.0,True,True,True,train
DE000298,T0012,V0012,2026-09-01T07:12:54.673391020+07:00,DRIVER_REQUEST,True,CHARGING,CHARGING,"['CHARGING', 'BATTERY_SWAP']",True,VALID_REQUEST,6.257,4.48,6.123,1.0,VIPER,EV_MOTORBIKE,1.5,1.38,1.0,True,True,True,train
DE000299,T0012,V0012,2026-09-01T07:12:54.673391020+07:00,DRIVER_REQUEST,True,BATTERY_SWAP,BATTERY_SWAP,"['CHARGING', 'BATTERY_SWAP']",True,VALID_REQUEST,6.257,4.48,6.123,1.0,VIPER,EV_MOTORBIKE,1.5,1.38,1.0,True,True,True,train
DE000300,T0012,V0012,2026-09-01T07:12:54.673391020+07:00,DRIVER_REQUEST,True,,ANY,"['CHARGING', 'BATTERY_SWAP']",True,VALID_REQUEST,6.257,4.48,6.123,1.0,VIPER,EV_MOTORBIKE,1.5,1.38,1.0,True,True,True,train
DE000301,T0012,V0012,2026-09-01T07:14:12.203520+07:00,AUTO_DETECTED,True,,,"['CHARGING', 'BATTERY_SWAP']",,LOW_SOC_AND_INSUFFICIENT_RANGE,5.204,3.72,5.369,1.0,VIPER,EV_MOTORBIKE,1.5,1.38,1.0,True,True,True,train
DE000302,T0012,V0012,2026-09-01T07:14:12.203520+07:00,DRIVER_REQUEST,True,CHARGING,CHARGING,"['CHARGING', 'BATTERY_SWAP']",True,VALID_REQUEST,5.204,3.72,5.369,1.0,VIPER,EV_MOTORBIKE,1.5,1.38,1.0,True,True,True,train
DE000303,T0012,V0012,2026-09-01T07:14:12.203520+07:00,DRIVER_REQUEST,True,BATTERY_SWAP,BATTERY_SWAP,"['CHARGING', 'BATTERY_SWAP']",True,VALID_REQUEST,5.204,3.72,5.369,1.0,VIPER,EV_MOTORBIKE,1.5,1.38,1.0,True,True,True,train
DE000304,T0012,V0012,2026-09-01T07:14:12.203520+07:00,DRIVER_REQUEST,True,,ANY,"['CHARGING', 'BATTERY_SWAP']",True,VALID_REQUEST,5.204,3.72,5.369,1.0,VIPER,EV_MOTORBIKE,1.5,1.38,1.0,True,True,True,train
DE000305,T0012,V0012,2026-09-01T07:15:27.397625142+07:00,AUTO_DETECTED,True,,,"['CHARGING', 'BATTERY_SWAP']",,LOW_SOC_AND_INSUFFICIENT_RANGE,4.182,2.99,4.638,1.0,VIPER,EV_MOTORBIKE,1.5,1.38,1.0,True,True,True,train
DE000306,T0012,V0012,2026-09-01T07:15:27.397625142+07:00,DRIVER_REQUEST,True,CHARGING,CHARGING,"['CHARGING', 'BATTERY_SWAP']",True,VALID_REQUEST,4.182,2.99,4.638,1.0,VIPER,EV_MOTORBIKE,1.5,1.38,1.0,True,True,True,train
DE000307,T0012,V0012,2026-09-01T07:15:27.397625142+07:00,DRIVER_REQUEST,True,BATTERY_SWAP,BATTERY_SWAP,"['CHARGING', 'BATTERY_SWAP']",True,VALID_REQUEST,4.182,2.99,4.638,1.0,VIPER,EV_MOTORBIKE,1.5,1.38,1.0,True,True,True,train
DE000308,T0012,V0012,2026-09-01T07:15:27.397625142+07:00,DRIVER_REQUEST,True,,ANY,"['CHARGING', 'BATTERY_SWAP']",True,VALID_REQUEST,4.182,2.99,4.638,1.0,VIPER,EV_MOTORBIKE,1.5,1.38,1.0,True,True,True,train
DE000309,T0012,V0012,2026-09-01T07:16:52.514811428+07:00,AUTO_DETECTED,True,,,"['CHARGING', 'BATTERY_SWAP']",,LOW_SOC_AND_INSUFFICIENT_RANGE,3.026,2.16,3.811,1.0,VIPER,EV_MOTORBIKE,1.5,1.38,1.0,True,True,True,train
DE000310,T0012,V0012,2026-09-01T07:16:52.514811428+07:00,DRIVER_REQUEST,True,CHARGING,CHARGING,"['CHARGING', 'BATTERY_SWAP']",True,VALID_REQUEST,3.026,2.16,3.811,1.0,VIPER,EV_MOTORBIKE,1.5,1.38,1.0,True,True,True,train
DE000311,T0012,V0012,2026-09-01T07:16:52.514811428+07:00,DRIVER_REQUEST,True,BATTERY_SWAP,BATTERY_SWAP,"['CHARGING', 'BATTERY_SWAP']",True,VALID_REQUEST,3.026,2.16,3.811,1.0,VIPER,EV_MOTORBIKE,1.5,1.38,1.0,True,True,True,train
DE000312,T0012,V0012,2026-09-01T07:16:52.514811428+07:00,DRIVER_REQUEST,True,,ANY,"['CHARGING', 'BATTERY_SWAP']",True,VALID_REQUEST,3.026,2.16,3.811,1.0,VIPER,EV_MOTORBIKE,1.5,1.38,1.0,True,True,True,train
DE000313,T0012,V0012,2026-09-01T07:18:38.456619428+07:00,AUTO_DETECTED,True,,,"['CHARGING', 'BATTERY_SWAP']",,LOW_SOC_AND_INSUFFICIENT_RANGE,1.843,1.32,2.964,1.0,VIPER,EV_MOTORBIKE,1.5,1.38,1.0,True,True,True,train
DE000314,T0012,V0012,2026-09-01T07:18:38.456619428+07:00,DRIVER_REQUEST,True,CHARGING,CHARGING,"['CHARGING', 'BATTERY_SWAP']",True,VALID_REQUEST,1.843,1.32,2.964,1.0,VIPER,EV_MOTORBIKE,1.5,1.38,1.0,True,True,True,train
DE000315,T0012,V0012,2026-09-01T07:18:38.456619428+07:00,DRIVER_REQUEST,True,BATTERY_SWAP,BATTERY_SWAP,"['CHARGING', 'BATTERY_SWAP']",True,VALID_REQUEST,1.843,1.32,2.964,1.0,VIPER,EV_MOTORBIKE,1.5,1.38,1.0,True,True,True,train
DE000316,T0012,V0012,2026-09-01T07:18:38.456619428+07:00,DRIVER_REQUEST,True,,ANY,"['CHARGING', 'BATTERY_SWAP']",True,VALID_REQUEST,1.843,1.32,2.964,1.0,VIPER,EV_MOTORBIKE,1.5,1.38,1.0,True,True,True,train
DE000317,T0012,V0012,2026-09-01T07:20:30.744631969+07:00,AUTO_DETECTED,True,,,"['CHARGING', 'BATTERY_SWAP']",,LOW_SOC_AND_INSUFFICIENT_RANGE,0.753,0.54,2.184,1.0,VIPER,EV_MOTORBIKE,1.5,1.38,1.0,True,True,True,train
DE000318,T0012,V0012,2026-09-01T07:20:30.744631969+07:00,DRIVER_REQUEST,True,CHARGING,CHARGING,"['CHARGING', 'BATTERY_SWAP']",True,VALID_REQUEST,0.753,0.54,2.184,1.0,VIPER,EV_MOTORBIKE,1.5,1.38,1.0,True,True,True,train
DE000319,T0012,V0012,2026-09-01T07:20:30.744631969+07:00,DRIVER_REQUEST,True,BATTERY_SWAP,BATTERY_SWAP,"['CHARGING', 'BATTERY_SWAP']",True,VALID_REQUEST,0.753,0.54,2.184,1.0,VIPER,EV_MOTORBIKE,1.5,1.38,1.0,True,True,True,train
DE000320,T0012,V0012,2026-09-01T07:20:30.744631969+07:00,DRIVER_REQUEST,True,,ANY,"['CHARGING', 'BATTERY_SWAP']",True,VALID_REQUEST,0.753,0.54,2.184,1.0,VIPER,EV_MOTORBIKE,1.5,1.38,1.0,True,True,True,train
DE000321,T0012,V0012,2026-09-01T07:22:23.752415999+07:00,AUTO_DETECTED,True,,,"['CHARGING', 'BATTERY_SWAP']",,LOW_SOC_AND_INSUFFICIENT_RANGE,0.0,0.0,1.378,1.0,VIPER,EV_MOTORBIKE,1.5,1.38,1.0,True,True,True,train
DE000322,T0012,V0012,2026-09-01T07:22:23.752415999+07:00,DRIVER_REQUEST,True,CHARGING,CHARGING,"['CHARGING', 'BATTERY_SWAP']",True,VALID_REQUEST,0.0,0.0,1.378,1.0,VIPER,EV_MOTORBIKE,1.5,1.38,1.0,True,True,True,train
DE000323,T0012,V0012,2026-09-01T07:22:23.752415999+07:00,DRIVER_REQUEST,True,BATTERY_SWAP,BATTERY_SWAP,"['CHARGING', 'BATTERY_SWAP']",True,VALID_REQUEST,0.0,0.0,1.378,1.0,VIPER,EV_MOTORBIKE,1.5,1.38,1.0,True,True,True,train
DE000324,T0012,V0012,2026-09-01T07:22:23.752415999+07:00,DRIVER_REQUEST,True,,ANY,"['CHARGING', 'BATTERY_SWAP']",True,VALID_REQUEST,0.0,0.0,1.378,1.0,VIPER,EV_MOTORBIKE,1.5,1.38,1.0,True,True,True,train
DE000325,T0012,V0012,2026-09-01T07:24:10.349460395+07:00,AUTO_DETECTED,True,,,"['CHARGING', 'BATTERY_SWAP']",,LOW_SOC_AND_INSUFFICIENT_RANGE,0.0,0.0,0.545,1.0,VIPER,EV_MOTORBIKE,1.5,1.38,1.0,True,True,True,train
DE000326,T0012,V0012,2026-09-01T07:24:10.349460395+07:00,DRIVER_REQUEST,True,CHARGING,CHARGING,"['CHARGING', 'BATTERY_SWAP']",True,VALID_REQUEST,0.0,0.0,0.545,1.0,VIPER,EV_MOTORBIKE,1.5,1.38,1.0,True,True,True,train
DE000327,T0012,V0012,2026-09-01T07:24:10.349460395+07:00,DRIVER_REQUEST,True,BATTERY_SWAP,BATTERY_SWAP,"['CHARGING', 'BATTERY_SWAP']",True,VALID_REQUEST,0.0,0.0,0.545,1.0,VIPER,EV_MOTORBIKE,1.5,1.38,1.0,True,True,True,train
DE000328,T0012,V0012,2026-09-01T07:24:10.349460395+07:00,DRIVER_REQUEST,True,,ANY,"['CHARGING', 'BATTERY_SWAP']",True,VALID_REQUEST,0.0,0.0,0.545,1.0,VIPER,EV_MOTORBIKE,1.5,1.38,1.0,True,True,True,train
DE000329,T0013,V0013,2026-09-01T07:18:41.514528+07:00,AUTO_DETECTED,False,,,['CHARGING'],,SUFFICIENT_SOC_RANGE,87.316,267.77,3.569,1.0,NERIO_GREEN,EV_CAR,41.9,38.55,,False,True,False,test
DE000330,T0013,V0013,2026-09-01T07:18:41.514528+07:00,DRIVER_REQUEST,True,CHARGING,CHARGING,['CHARGING'],True,VALID_REQUEST,87.316,267.77,3.569,1.0,NERIO_GREEN,EV_CAR,41.9,38.55,,False,True,False,test
DE000331,T0013,V0013,2026-09-01T07:18:41.514528+07:00,DRIVER_REQUEST,True,,BATTERY_SWAP,['CHARGING'],False,UNSUPPORTED_SERVICE,87.316,267.77,3.569,1.0,NERIO_GREEN,EV_CAR,41.9,38.55,,False,True,False,test
DE000332,T0013,V0013,2026-09-01T07:19:50.823648+07:00,AUTO_DETECTED,False,,,['CHARGING'],,SUFFICIENT_SOC_RANGE,87.159,267.29,3.088,1.0,NERIO_GREEN,EV_CAR,41.9,38.55,,False,True,False,test
DE000333,T0013,V0013,2026-09-01T07:19:50.823648+07:00,DRIVER_REQUEST,True,CHARGING,CHARGING,['CHARGING'],True,VALID_REQUEST,87.159,267.29,3.088,1.0,NERIO_GREEN,EV_CAR,41.9,38.55,,False,True,False,test
DE000334,T0013,V0013,2026-09-01T07:19:50.823648+07:00,DRIVER_REQUEST,True,,BATTERY_SWAP,['CHARGING'],False,UNSUPPORTED_SERVICE,87.159,267.29,3.088,1.0,NERIO_GREEN,EV_CAR,41.9,38.55,,False,True,False,test
DE000335,T0013,V0013,2026-09-01T07:20:55.259771999+07:00,AUTO_DETECTED,False,,,['CHARGING'],,SUFFICIENT_SOC_RANGE,87.01,266.83,2.631,1.0,NERIO_GREEN,EV_CAR,41.9,38.55,,False,True,False,test
DE000336,T0013,V0013,2026-09-01T07:20:55.259771999+07:00,DRIVER_REQUEST,True,CHARGING,CHARGING,['CHARGING'],True,VALID_REQUEST,87.01,266.83,2.631,1.0,NERIO_GREEN,EV_CAR,41.9,38.55,,False,True,False,test
DE000337,T0013,V0013,2026-09-01T07:20:55.259771999+07:00,DRIVER_REQUEST,True,,BATTERY_SWAP,['CHARGING'],False,UNSUPPORTED_SERVICE,87.01,266.83,2.631,1.0,NERIO_GREEN,EV_CAR,41.9,38.55,,False,True,False,test
DE000338,T0013,V0013,2026-09-01T07:21:46.338006857+07:00,AUTO_DETECTED,False,,,['CHARGING'],,SUFFICIENT_SOC_RANGE,86.853,266.35,2.151,1.0,NERIO_GREEN,EV_CAR,41.9,38.55,,False,True,False,test
DE000339,T0013,V0013,2026-09-01T07:21:46.338006857+07:00,DRIVER_REQUEST,True,CHARGING,CHARGING,['CHARGING'],True,VALID_REQUEST,86.853,266.35,2.151,1.0,NERIO_GREEN,EV_CAR,41.9,38.55,,False,True,False,test
DE000340,T0013,V0013,2026-09-01T07:21:46.338006857+07:00,DRIVER_REQUEST,True,,BATTERY_SWAP,['CHARGING'],False,UNSUPPORTED_SERVICE,86.853,266.35,2.151,1.0,NERIO_GREEN,EV_CAR,41.9,38.55,,False,True,False,test
DE000341,T0013,V0013,2026-09-01T07:22:49.326147428+07:00,AUTO_DETECTED,False,,,['CHARGING'],,SUFFICIENT_SOC_RANGE,86.698,265.87,1.674,1.0,NERIO_GREEN,EV_CAR,41.9,38.55,,False,True,False,test
DE000342,T0013,V0013,2026-09-01T07:22:49.326147428+07:00,DRIVER_REQUEST,True,CHARGING,CHARGING,['CHARGING'],True,VALID_REQUEST,86.698,265.87,1.674,1.0,NERIO_GREEN,EV_CAR,41.9,38.55,,False,True,False,test
DE000343,T0013,V0013,2026-09-01T07:22:49.326147428+07:00,DRIVER_REQUEST,True,,BATTERY_SWAP,['CHARGING'],False,UNSUPPORTED_SERVICE,86.698,265.87,1.674,1.0,NERIO_GREEN,EV_CAR,41.9,38.55,,False,True,False,test
DE000344,T0013,V0013,2026-09-01T07:23:37.202203700+07:00,AUTO_DETECTED,False,,,['CHARGING'],,SUFFICIENT_SOC_RANGE,86.544,265.4,1.203,1.0,NERIO_GREEN,EV_CAR,41.9,38.55,,False,True,False,test
DE000345,T0013,V0013,2026-09-01T07:23:37.202203700+07:00,DRIVER_REQUEST,True,CHARGING,CHARGING,['CHARGING'],True,VALID_REQUEST,86.544,265.4,1.203,1.0,NERIO_GREEN,EV_CAR,41.9,38.55,,False,True,False,test
DE000346,T0013,V0013,2026-09-01T07:23:37.202203700+07:00,DRIVER_REQUEST,True,,BATTERY_SWAP,['CHARGING'],False,UNSUPPORTED_SERVICE,86.544,265.4,1.203,1.0,NERIO_GREEN,EV_CAR,41.9,38.55,,False,True,False,test
DE000347,T0013,V0013,2026-09-01T07:24:21.127478857+07:00,AUTO_DETECTED,False,,,['CHARGING'],,SUFFICIENT_SOC_RANGE,86.401,264.96,0.763,1.0,NERIO_GREEN,EV_CAR,41.9,38.55,,False,True,False,test
DE000348,T0013,V0013,2026-09-01T07:24:21.127478857+07:00,DRIVER_REQUEST,True,CHARGING,CHARGING,['CHARGING'],True,VALID_REQUEST,86.401,264.96,0.763,1.0,NERIO_GREEN,EV_CAR,41.9,38.55,,False,True,False,test
DE000349,T0013,V0013,2026-09-01T07:24:21.127478857+07:00,DRIVER_REQUEST,True,,BATTERY_SWAP,['CHARGING'],False,UNSUPPORTED_SERVICE,86.401,264.96,0.763,1.0,NERIO_GREEN,EV_CAR,41.9,38.55,,False,True,False,test
DE000350,T0013,V0013,2026-09-01T07:25:01.782915857+07:00,AUTO_DETECTED,False,,,['CHARGING'],,SUFFICIENT_SOC_RANGE,86.253,264.51,0.312,1.0,NERIO_GREEN,EV_CAR,41.9,38.55,,False,True,False,test
DE000351,T0013,V0013,2026-09-01T07:25:01.782915857+07:00,DRIVER_REQUEST,True,CHARGING,CHARGING,['CHARGING'],True,VALID_REQUEST,86.253,264.51,0.312,1.0,NERIO_GREEN,EV_CAR,41.9,38.55,,False,True,False,test
DE000352,T0013,V0013,2026-09-01T07:25:01.782915857+07:00,DRIVER_REQUEST,True,,BATTERY_SWAP,['CHARGING'],False,UNSUPPORTED_SERVICE,86.253,264.51,0.312,1.0,NERIO_GREEN,EV_CAR,41.9,38.55,,False,True,False,test
DE000353,T0014,V0014,2026-09-01T07:25:26.058874285+07:00,AUTO_DETECTED,False,,,['CHARGING'],,SUFFICIENT_SOC_RANGE,64.819,198.78,7.719,1.158,VF_3,EV_CAR,18.64,17.15,,False,True,False,test
DE000354,T0014,V0014,2026-09-01T07:25:26.058874285+07:00,DRIVER_REQUEST,True,CHARGING,CHARGING,['CHARGING'],True,VALID_REQUEST,64.819,198.78,7.719,1.158,VF_3,EV_CAR,18.64,17.15,,False,True,False,test
DE000355,T0014,V0014,2026-09-01T07:25:26.058874285+07:00,DRIVER_REQUEST,True,,BATTERY_SWAP,['CHARGING'],False,UNSUPPORTED_SERVICE,64.819,198.78,7.719,1.158,VF_3,EV_CAR,18.64,17.15,,False,True,False,test
DE000356,T0014,V0014,2026-09-01T07:27:42.865714285+07:00,AUTO_DETECTED,False,,,['CHARGING'],,SUFFICIENT_SOC_RANGE,64.49,197.77,6.708,1.006,VF_3,EV_CAR,18.64,17.15,,False,True,False,test
DE000357,T0014,V0014,2026-09-01T07:27:42.865714285+07:00,DRIVER_REQUEST,True,CHARGING,CHARGING,['CHARGING'],True,VALID_REQUEST,64.49,197.77,6.708,1.006,VF_3,EV_CAR,18.64,17.15,,False,True,False,test
DE000358,T0014,V0014,2026-09-01T07:27:42.865714285+07:00,DRIVER_REQUEST,True,,BATTERY_SWAP,['CHARGING'],False,UNSUPPORTED_SERVICE,64.49,197.77,6.708,1.006,VF_3,EV_CAR,18.64,17.15,,False,True,False,test
DE000359,T0014,V0014,2026-09-01T07:29:44.266292571+07:00,AUTO_DETECTED,False,,,['CHARGING'],,SUFFICIENT_SOC_RANGE,64.209,196.91,5.847,1.0,VF_3,EV_CAR,18.64,17.15,,False,True,False,test
DE000360,T0014,V0014,2026-09-01T07:29:44.266292571+07:00,DRIVER_REQUEST,True,CHARGING,CHARGING,['CHARGING'],True,VALID_REQUEST,64.209,196.91,5.847,1.0,VF_3,EV_CAR,18.64,17.15,,False,True,False,test
DE000361,T0014,V0014,2026-09-01T07:29:44.266292571+07:00,DRIVER_REQUEST,True,,BATTERY_SWAP,['CHARGING'],False,UNSUPPORTED_SERVICE,64.209,196.91,5.847,1.0,VF_3,EV_CAR,18.64,17.15,,False,True,False,test
DE000362,T0014,V0014,2026-09-01T07:32:14.661384+07:00,AUTO_DETECTED,False,,,['CHARGING'],,SUFFICIENT_SOC_RANGE,63.85,195.81,4.746,1.0,VF_3,EV_CAR,18.64,17.15,,False,True,False,test
DE000363,T0014,V0014,2026-09-01T07:32:14.661384+07:00,DRIVER_REQUEST,True,CHARGING,CHARGING,['CHARGING'],True,VALID_REQUEST,63.85,195.81,4.746,1.0,VF_3,EV_CAR,18.64,17.15,,False,True,False,test
DE000364,T0014,V0014,2026-09-01T07:32:14.661384+07:00,DRIVER_REQUEST,True,,BATTERY_SWAP,['CHARGING'],False,UNSUPPORTED_SERVICE,63.85,195.81,4.746,1.0,VF_3,EV_CAR,18.64,17.15,,False,True,False,test
DE000365,T0014,V0014,2026-09-01T07:34:31.011579428+07:00,AUTO_DETECTED,False,,,['CHARGING'],,SUFFICIENT_SOC_RANGE,63.523,194.8,3.743,1.0,VF_3,EV_CAR,18.64,17.15,,False,True,False,test
DE000366,T0014,V0014,2026-09-01T07:34:31.011579428+07:00,DRIVER_REQUEST,True,CHARGING,CHARGING,['CHARGING'],True,VALID_REQUEST,63.523,194.8,3.743,1.0,VF_3,EV_CAR,18.64,17.15,,False,True,False,test
DE000367,T0014,V0014,2026-09-01T07:34:31.011579428+07:00,DRIVER_REQUEST,True,,BATTERY_SWAP,['CHARGING'],False,UNSUPPORTED_SERVICE,63.523,194.8,3.743,1.0,VF_3,EV_CAR,18.64,17.15,,False,True,False,test
DE000368,T0014,V0014,2026-09-01T07:36:45.189925714+07:00,AUTO_DETECTED,False,,,['CHARGING'],,SUFFICIENT_SOC_RANGE,63.202,193.82,2.76,1.0,VF_3,EV_CAR,18.64,17.15,,False,True,False,test
DE000369,T0014,V0014,2026-09-01T07:36:45.189925714+07:00,DRIVER_REQUEST,True,CHARGING,CHARGING,['CHARGING'],True,VALID_REQUEST,63.202,193.82,2.76,1.0,VF_3,EV_CAR,18.64,17.15,,False,True,False,test
DE000370,T0014,V0014,2026-09-01T07:36:45.189925714+07:00,DRIVER_REQUEST,True,,BATTERY_SWAP,['CHARGING'],False,UNSUPPORTED_SERVICE,63.202,193.82,2.76,1.0,VF_3,EV_CAR,18.64,17.15,,False,True,False,test
DE000371,T0014,V0014,2026-09-01T07:39:03.950084571+07:00,AUTO_DETECTED,False,,,['CHARGING'],,SUFFICIENT_SOC_RANGE,62.86,192.77,1.71,1.0,VF_3,EV_CAR,18.64,17.15,,False,True,False,test
DE000372,T0014,V0014,2026-09-01T07:39:03.950084571+07:00,DRIVER_REQUEST,True,CHARGING,CHARGING,['CHARGING'],True,VALID_REQUEST,62.86,192.77,1.71,1.0,VF_3,EV_CAR,18.64,17.15,,False,True,False,test
DE000373,T0014,V0014,2026-09-01T07:39:03.950084571+07:00,DRIVER_REQUEST,True,,BATTERY_SWAP,['CHARGING'],False,UNSUPPORTED_SERVICE,62.86,192.77,1.71,1.0,VF_3,EV_CAR,18.64,17.15,,False,True,False,test
DE000374,T0014,V0014,2026-09-01T07:41:30.324685714+07:00,AUTO_DETECTED,False,,,['CHARGING'],,SUFFICIENT_SOC_RANGE,62.519,191.72,0.663,1.0,VF_3,EV_CAR,18.64,17.15,,False,True,False,test
DE000375,T0014,V0014,2026-09-01T07:41:30.324685714+07:00,DRIVER_REQUEST,True,CHARGING,CHARGING,['CHARGING'],True,VALID_REQUEST,62.519,191.72,0.663,1.0,VF_3,EV_CAR,18.64,17.15,,False,True,False,test
DE000376,T0014,V0014,2026-09-01T07:41:30.324685714+07:00,DRIVER_REQUEST,True,,BATTERY_SWAP,['CHARGING'],False,UNSUPPORTED_SERVICE,62.519,191.72,0.663,1.0,VF_3,EV_CAR,18.64,17.15,,False,True,False,test
DE000377,T0015,V0015,2026-09-01T07:30:25.937856+07:00,AUTO_DETECTED,False,,,"['CHARGING', 'BATTERY_SWAP']",,SUFFICIENT_SOC_RANGE,72.859,52.13,1.866,1.0,EVO,EV_MOTORBIKE,3.0,2.76,2.0,True,True,True,train
DE000378,T0015,V0015,2026-09-01T07:30:25.937856+07:00,DRIVER_REQUEST,True,CHARGING,CHARGING,"['CHARGING', 'BATTERY_SWAP']",True,VALID_REQUEST,72.859,52.13,1.866,1.0,EVO,EV_MOTORBIKE,3.0,2.76,2.0,True,True,True,train
DE000379,T0015,V0015,2026-09-01T07:30:25.937856+07:00,DRIVER_REQUEST,True,BATTERY_SWAP,BATTERY_SWAP,"['CHARGING', 'BATTERY_SWAP']",True,VALID_REQUEST,72.859,52.13,1.866,1.0,EVO,EV_MOTORBIKE,3.0,2.76,2.0,True,True,True,train
DE000380,T0015,V0015,2026-09-01T07:30:25.937856+07:00,DRIVER_REQUEST,True,,ANY,"['CHARGING', 'BATTERY_SWAP']",True,VALID_REQUEST,72.859,52.13,1.866,1.0,EVO,EV_MOTORBIKE,3.0,2.76,2.0,True,True,True,train
DE000381,T0015,V0015,2026-09-01T07:31:02.452799999+07:00,AUTO_DETECTED,False,,,"['CHARGING', 'BATTERY_SWAP']",,SUFFICIENT_SOC_RANGE,72.505,51.88,1.612,1.0,EVO,EV_MOTORBIKE,3.0,2.76,2.0,True,True,True,train
DE000382,T0015,V0015,2026-09-01T07:31:02.452799999+07:00,DRIVER_REQUEST,True,CHARGING,CHARGING,"['CHARGING', 'BATTERY_SWAP']",True,VALID_REQUEST,72.505,51.88,1.612,1.0,EVO,EV_MOTORBIKE,3.0,2.76,2.0,True,True,True,train
DE000383,T0015,V0015,2026-09-01T07:31:02.452799999+07:00,DRIVER_REQUEST,True,BATTERY_SWAP,BATTERY_SWAP,"['CHARGING', 'BATTERY_SWAP']",True,VALID_REQUEST,72.505,51.88,1.612,1.0,EVO,EV_MOTORBIKE,3.0,2.76,2.0,True,True,True,train
DE000384,T0015,V0015,2026-09-01T07:31:02.452799999+07:00,DRIVER_REQUEST,True,,ANY,"['CHARGING', 'BATTERY_SWAP']",True,VALID_REQUEST,72.505,51.88,1.612,1.0,EVO,EV_MOTORBIKE,3.0,2.76,2.0,True,True,True,train
DE000385,T0015,V0015,2026-09-01T07:31:36.902711999+07:00,AUTO_DETECTED,False,,,"['CHARGING', 'BATTERY_SWAP']",,SUFFICIENT_SOC_RANGE,72.17,51.64,1.373,1.0,EVO,EV_MOTORBIKE,3.0,2.76,2.0,True,True,True,train
DE000386,T0015,V0015,2026-09-01T07:31:36.902711999+07:00,DRIVER_REQUEST,True,CHARGING,CHARGING,"['CHARGING', 'BATTERY_SWAP']",True,VALID_REQUEST,72.17,51.64,1.373,1.0,EVO,EV_MOTORBIKE,3.0,2.76,2.0,True,True,True,train
DE000387,T0015,V0015,2026-09-01T07:31:36.902711999+07:00,DRIVER_REQUEST,True,BATTERY_SWAP,BATTERY_SWAP,"['CHARGING', 'BATTERY_SWAP']",True,VALID_REQUEST,72.17,51.64,1.373,1.0,EVO,EV_MOTORBIKE,3.0,2.76,2.0,True,True,True,train
DE000388,T0015,V0015,2026-09-01T07:31:36.902711999+07:00,DRIVER_REQUEST,True,,ANY,"['CHARGING', 'BATTERY_SWAP']",True,VALID_REQUEST,72.17,51.64,1.373,1.0,EVO,EV_MOTORBIKE,3.0,2.76,2.0,True,True,True,train
DE000389,T0015,V0015,2026-09-01T07:32:11.357721599+07:00,AUTO_DETECTED,False,,,"['CHARGING', 'BATTERY_SWAP']",,SUFFICIENT_SOC_RANGE,71.836,51.4,1.134,1.0,EVO,EV_MOTORBIKE,3.0,2.76,2.0,True,True,True,train
DE000390,T0015,V0015,2026-09-01T07:32:11.357721599+07:00,DRIVER_REQUEST,True,CHARGING,CHARGING,"['CHARGING', 'BATTERY_SWAP']",True,VALID_REQUEST,71.836,51.4,1.134,1.0,EVO,EV_MOTORBIKE,3.0,2.76,2.0,True,True,True,train
DE000391,T0015,V0015,2026-09-01T07:32:11.357721599+07:00,DRIVER_REQUEST,True,BATTERY_SWAP,BATTERY_SWAP,"['CHARGING', 'BATTERY_SWAP']",True,VALID_REQUEST,71.836,51.4,1.134,1.0,EVO,EV_MOTORBIKE,3.0,2.76,2.0,True,True,True,train
DE000392,T0015,V0015,2026-09-01T07:32:11.357721599+07:00,DRIVER_REQUEST,True,,ANY,"['CHARGING', 'BATTERY_SWAP']",True,VALID_REQUEST,71.836,51.4,1.134,1.0,EVO,EV_MOTORBIKE,3.0,2.76,2.0,True,True,True,train
DE000393,T0015,V0015,2026-09-01T07:32:56.357439999+07:00,AUTO_DETECTED,False,,,"['CHARGING', 'BATTERY_SWAP']",,SUFFICIENT_SOC_RANGE,71.46,51.13,0.864,1.0,EVO,EV_MOTORBIKE,3.0,2.76,2.0,True,True,True,train
DE000394,T0015,V0015,2026-09-01T07:32:56.357439999+07:00,DRIVER_REQUEST,True,CHARGING,CHARGING,"['CHARGING', 'BATTERY_SWAP']",True,VALID_REQUEST,71.46,51.13,0.864,1.0,EVO,EV_MOTORBIKE,3.0,2.76,2.0,True,True,True,train
DE000395,T0015,V0015,2026-09-01T07:32:56.357439999+07:00,DRIVER_REQUEST,True,BATTERY_SWAP,BATTERY_SWAP,"['CHARGING', 'BATTERY_SWAP']",True,VALID_REQUEST,71.46,51.13,0.864,1.0,EVO,EV_MOTORBIKE,3.0,2.76,2.0,True,True,True,train
DE000396,T0015,V0015,2026-09-01T07:32:56.357439999+07:00,DRIVER_REQUEST,True,,ANY,"['CHARGING', 'BATTERY_SWAP']",True,VALID_REQUEST,71.46,51.13,0.864,1.0,EVO,EV_MOTORBIKE,3.0,2.76,2.0,True,True,True,train
DE000397,T0015,V0015,2026-09-01T07:33:31.053627999+07:00,AUTO_DETECTED,False,,,"['CHARGING', 'BATTERY_SWAP']",,SUFFICIENT_SOC_RANGE,71.123,50.89,0.623,1.0,EVO,EV_MOTORBIKE,3.0,2.76,2.0,True,True,True,train
DE000398,T0015,V0015,2026-09-01T07:33:31.053627999+07:00,DRIVER_REQUEST,True,CHARGING,CHARGING,"['CHARGING', 'BATTERY_SWAP']",True,VALID_REQUEST,71.123,50.89,0.623,1.0,EVO,EV_MOTORBIKE,3.0,2.76,2.0,True,True,True,train
DE000399,T0015,V0015,2026-09-01T07:33:31.053627999+07:00,DRIVER_REQUEST,True,BATTERY_SWAP,BATTERY_SWAP,"['CHARGING', 'BATTERY_SWAP']",True,VALID_REQUEST,71.123,50.89,0.623,1.0,EVO,EV_MOTORBIKE,3.0,2.76,2.0,True,True,True,train
DE000400,T0015,V0015,2026-09-01T07:33:31.053627999+07:00,DRIVER_REQUEST,True,,ANY,"['CHARGING', 'BATTERY_SWAP']",True,VALID_REQUEST,71.123,50.89,0.623,1.0,EVO,EV_MOTORBIKE,3.0,2.76,2.0,True,True,True,train
DE000401,T0015,V0015,2026-09-01T07:34:04.617471999+07:00,AUTO_DETECTED,False,,,"['CHARGING', 'BATTERY_SWAP']",,SUFFICIENT_SOC_RANGE,70.797,50.66,0.39,1.0,EVO,EV_MOTORBIKE,3.0,2.76,2.0,True,True,True,train
DE000402,T0015,V0015,2026-09-01T07:34:04.617471999+07:00,DRIVER_REQUEST,True,CHARGING,CHARGING,"['CHARGING', 'BATTERY_SWAP']",True,VALID_REQUEST,70.797,50.66,0.39,1.0,EVO,EV_MOTORBIKE,3.0,2.76,2.0,True,True,True,train
DE000403,T0015,V0015,2026-09-01T07:34:04.617471999+07:00,DRIVER_REQUEST,True,BATTERY_SWAP,BATTERY_SWAP,"['CHARGING', 'BATTERY_SWAP']",True,VALID_REQUEST,70.797,50.66,0.39,1.0,EVO,EV_MOTORBIKE,3.0,2.76,2.0,True,True,True,train
DE000404,T0015,V0015,2026-09-01T07:34:04.617471999+07:00,DRIVER_REQUEST,True,,ANY,"['CHARGING', 'BATTERY_SWAP']",True,VALID_REQUEST,70.797,50.66,0.39,1.0,EVO,EV_MOTORBIKE,3.0,2.76,2.0,True,True,True,train
DE000405,T0015,V0015,2026-09-01T07:34:39.357314909+07:00,AUTO_DETECTED,False,,,"['CHARGING', 'BATTERY_SWAP']",,SUFFICIENT_SOC_RANGE,70.46,50.42,0.149,1.0,EVO,EV_MOTORBIKE,3.0,2.76,2.0,True,True,True,train
DE000406,T0015,V0015,2026-09-01T07:34:39.357314909+07:00,DRIVER_REQUEST,True,CHARGING,CHARGING,"['CHARGING', 'BATTERY_SWAP']",True,VALID_REQUEST,70.46,50.42,0.149,1.0,EVO,EV_MOTORBIKE,3.0,2.76,2.0,True,True,True,train
DE000407,T0015,V0015,2026-09-01T07:34:39.357314909+07:00,DRIVER_REQUEST,True,BATTERY_SWAP,BATTERY_SWAP,"['CHARGING', 'BATTERY_SWAP']",True,VALID_REQUEST,70.46,50.42,0.149,1.0,EVO,EV_MOTORBIKE,3.0,2.76,2.0,True,True,True,train
DE000408,T0015,V0015,2026-09-01T07:34:39.357314909+07:00,DRIVER_REQUEST,True,,ANY,"['CHARGING', 'BATTERY_SWAP']",True,VALID_REQUEST,70.46,50.42,0.149,1.0,EVO,EV_MOTORBIKE,3.0,2.76,2.0,True,True,True,train
DE000409,T0016,V0016,2026-09-01T07:37:51.533498666+07:00,AUTO_DETECTED,False,,,['CHARGING'],,SUFFICIENT_SOC_RANGE,47.353,145.22,6.856,1.028,VF_5,EV_CAR,37.23,34.25,,False,True,False,train
DE000410,T0016,V0016,2026-09-01T07:37:51.533498666+07:00,DRIVER_REQUEST,True,CHARGING,CHARGING,['CHARGING'],True,VALID_REQUEST,47.353,145.22,6.856,1.028,VF_5,EV_CAR,37.23,34.25,,False,True,False,train
DE000411,T0016,V0016,2026-09-01T07:37:51.533498666+07:00,DRIVER_REQUEST,True,,BATTERY_SWAP,['CHARGING'],False,UNSUPPORTED_SERVICE,47.353,145.22,6.856,1.028,VF_5,EV_CAR,37.23,34.25,,False,True,False,train
DE000412,T0016,V0016,2026-09-01T07:40:47.586869999+07:00,AUTO_DETECTED,False,,,['CHARGING'],,SUFFICIENT_SOC_RANGE,47.047,144.28,5.917,1.0,VF_5,EV_CAR,37.23,34.25,,False,True,False,train
DE000413,T0016,V0016,2026-09-01T07:40:47.586869999+07:00,DRIVER_REQUEST,True,CHARGING,CHARGING,['CHARGING'],True,VALID_REQUEST,47.047,144.28,5.917,1.0,VF_5,EV_CAR,37.23,34.25,,False,True,False,train
DE000414,T0016,V0016,2026-09-01T07:40:47.586869999+07:00,DRIVER_REQUEST,True,,BATTERY_SWAP,['CHARGING'],False,UNSUPPORTED_SERVICE,47.047,144.28,5.917,1.0,VF_5,EV_CAR,37.23,34.25,,False,True,False,train
DE000415,T0016,V0016,2026-09-01T07:43:24.018967999+07:00,AUTO_DETECTED,False,,,['CHARGING'],,SUFFICIENT_SOC_RANGE,46.752,143.37,5.013,1.0,VF_5,EV_CAR,37.23,34.25,,False,True,False,train
DE000416,T0016,V0016,2026-09-01T07:43:24.018967999+07:00,DRIVER_REQUEST,True,CHARGING,CHARGING,['CHARGING'],True,VALID_REQUEST,46.752,143.37,5.013,1.0,VF_5,EV_CAR,37.23,34.25,,False,True,False,train
DE000417,T0016,V0016,2026-09-01T07:43:24.018967999+07:00,DRIVER_REQUEST,True,,BATTERY_SWAP,['CHARGING'],False,UNSUPPORTED_SERVICE,46.752,143.37,5.013,1.0,VF_5,EV_CAR,37.23,34.25,,False,True,False,train
DE000418,T0016,V0016,2026-09-01T07:45:49.022805333+07:00,AUTO_DETECTED,False,,,['CHARGING'],,SUFFICIENT_SOC_RANGE,46.474,142.52,4.162,1.0,VF_5,EV_CAR,37.23,34.25,,False,True,False,train
DE000419,T0016,V0016,2026-09-01T07:45:49.022805333+07:00,DRIVER_REQUEST,True,CHARGING,CHARGING,['CHARGING'],True,VALID_REQUEST,46.474,142.52,4.162,1.0,VF_5,EV_CAR,37.23,34.25,,False,True,False,train
DE000420,T0016,V0016,2026-09-01T07:45:49.022805333+07:00,DRIVER_REQUEST,True,,BATTERY_SWAP,['CHARGING'],False,UNSUPPORTED_SERVICE,46.474,142.52,4.162,1.0,VF_5,EV_CAR,37.23,34.25,,False,True,False,train
DE000421,T0016,V0016,2026-09-01T07:48:51.022772+07:00,AUTO_DETECTED,False,,,['CHARGING'],,SUFFICIENT_SOC_RANGE,46.178,141.61,3.252,1.0,VF_5,EV_CAR,37.23,34.25,,False,True,False,train
DE000422,T0016,V0016,2026-09-01T07:48:51.022772+07:00,DRIVER_REQUEST,True,CHARGING,CHARGING,['CHARGING'],True,VALID_REQUEST,46.178,141.61,3.252,1.0,VF_5,EV_CAR,37.23,34.25,,False,True,False,train
DE000423,T0016,V0016,2026-09-01T07:48:51.022772+07:00,DRIVER_REQUEST,True,,BATTERY_SWAP,['CHARGING'],False,UNSUPPORTED_SERVICE,46.178,141.61,3.252,1.0,VF_5,EV_CAR,37.23,34.25,,False,True,False,train
DE000424,T0016,V0016,2026-09-01T07:51:46.038631999+07:00,AUTO_DETECTED,False,,,['CHARGING'],,SUFFICIENT_SOC_RANGE,45.889,140.73,2.365,1.0,VF_5,EV_CAR,37.23,34.25,,False,True,False,train
DE000425,T0016,V0016,2026-09-01T07:51:46.038631999+07:00,DRIVER_REQUEST,True,CHARGING,CHARGING,['CHARGING'],True,VALID_REQUEST,45.889,140.73,2.365,1.0,VF_5,EV_CAR,37.23,34.25,,False,True,False,train
DE000426,T0016,V0016,2026-09-01T07:51:46.038631999+07:00,DRIVER_REQUEST,True,,BATTERY_SWAP,['CHARGING'],False,UNSUPPORTED_SERVICE,45.889,140.73,2.365,1.0,VF_5,EV_CAR,37.23,34.25,,False,True,False,train
DE000427,T0016,V0016,2026-09-01T07:54:53.814831999+07:00,AUTO_DETECTED,False,,,['CHARGING'],,SUFFICIENT_SOC_RANGE,45.582,139.79,1.426,1.0,VF_5,EV_CAR,37.23,34.25,,False,True,False,train
DE000428,T0016,V0016,2026-09-01T07:54:53.814831999+07:00,DRIVER_REQUEST,True,CHARGING,CHARGING,['CHARGING'],True,VALID_REQUEST,45.582,139.79,1.426,1.0,VF_5,EV_CAR,37.23,34.25,,False,True,False,train
DE000429,T0016,V0016,2026-09-01T07:54:53.814831999+07:00,DRIVER_REQUEST,True,,BATTERY_SWAP,['CHARGING'],False,UNSUPPORTED_SERVICE,45.582,139.79,1.426,1.0,VF_5,EV_CAR,37.23,34.25,,False,True,False,train
DE000430,T0016,V0016,2026-09-01T07:57:38.266897142+07:00,AUTO_DETECTED,False,,,['CHARGING'],,SUFFICIENT_SOC_RANGE,45.288,138.88,0.523,1.0,VF_5,EV_CAR,37.23,34.25,,False,True,False,train
DE000431,T0016,V0016,2026-09-01T07:57:38.266897142+07:00,DRIVER_REQUEST,True,CHARGING,CHARGING,['CHARGING'],True,VALID_REQUEST,45.288,138.88,0.523,1.0,VF_5,EV_CAR,37.23,34.25,,False,True,False,train
DE000432,T0016,V0016,2026-09-01T07:57:38.266897142+07:00,DRIVER_REQUEST,True,,BATTERY_SWAP,['CHARGING'],False,UNSUPPORTED_SERVICE,45.288,138.88,0.523,1.0,VF_5,EV_CAR,37.23,34.25,,False,True,False,train
DE000433,T0017,V0017,2026-09-01T07:43:15.775776+07:00,AUTO_DETECTED,True,CHARGING,,['CHARGING'],,LOW_SOC,17.828,54.67,6.597,1.0,VF_6,EV_CAR,59.6,54.83,,False,True,False,train
DE000434,T0017,V0017,2026-09-01T07:43:15.775776+07:00,DRIVER_REQUEST,True,CHARGING,CHARGING,['CHARGING'],True,VALID_REQUEST,17.828,54.67,6.597,1.0,VF_6,EV_CAR,59.6,54.83,,False,True,False,train
DE000435,T0017,V0017,2026-09-01T07:43:15.775776+07:00,DRIVER_REQUEST,True,,BATTERY_SWAP,['CHARGING'],False,UNSUPPORTED_SERVICE,17.828,54.67,6.597,1.0,VF_6,EV_CAR,59.6,54.83,,False,True,False,train
DE000436,T0017,V0017,2026-09-01T07:45:19.863360+07:00,AUTO_DETECTED,True,CHARGING,,['CHARGING'],,LOW_SOC,17.547,53.81,5.735,1.0,VF_6,EV_CAR,59.6,54.83,,False,True,False,train
DE000437,T0017,V0017,2026-09-01T07:45:19.863360+07:00,DRIVER_REQUEST,True,CHARGING,CHARGING,['CHARGING'],True,VALID_REQUEST,17.547,53.81,5.735,1.0,VF_6,EV_CAR,59.6,54.83,,False,True,False,train
DE000438,T0017,V0017,2026-09-01T07:45:19.863360+07:00,DRIVER_REQUEST,True,,BATTERY_SWAP,['CHARGING'],False,UNSUPPORTED_SERVICE,17.547,53.81,5.735,1.0,VF_6,EV_CAR,59.6,54.83,,False,True,False,train
DE000439,T0017,V0017,2026-09-01T07:47:22.045632+07:00,AUTO_DETECTED,True,CHARGING,,['CHARGING'],,LOW_SOC,17.271,52.96,4.886,1.0,VF_6,EV_CAR,59.6,54.83,,False,True,False,train
DE000440,T0017,V0017,2026-09-01T07:47:22.045632+07:00,DRIVER_REQUEST,True,CHARGING,CHARGING,['CHARGING'],True,VALID_REQUEST,17.271,52.96,4.886,1.0,VF_6,EV_CAR,59.6,54.83,,False,True,False,train
DE000441,T0017,V0017,2026-09-01T07:47:22.045632+07:00,DRIVER_REQUEST,True,,BATTERY_SWAP,['CHARGING'],False,UNSUPPORTED_SERVICE,17.271,52.96,4.886,1.0,VF_6,EV_CAR,59.6,54.83,,False,True,False,train
DE000442,T0017,V0017,2026-09-01T07:49:20.885808+07:00,AUTO_DETECTED,True,CHARGING,,['CHARGING'],,LOW_SOC,17.002,52.14,4.061,1.0,VF_6,EV_CAR,59.6,54.83,,False,True,False,train
DE000443,T0017,V0017,2026-09-01T07:49:20.885808+07:00,DRIVER_REQUEST,True,CHARGING,CHARGING,['CHARGING'],True,VALID_REQUEST,17.002,52.14,4.061,1.0,VF_6,EV_CAR,59.6,54.83,,False,True,False,train
DE000444,T0017,V0017,2026-09-01T07:49:20.885808+07:00,DRIVER_REQUEST,True,,BATTERY_SWAP,['CHARGING'],False,UNSUPPORTED_SERVICE,17.002,52.14,4.061,1.0,VF_6,EV_CAR,59.6,54.83,,False,True,False,train
DE000445,T0017,V0017,2026-09-01T07:51:31.780800+07:00,AUTO_DETECTED,True,CHARGING,,['CHARGING'],,LOW_SOC,16.705,51.23,3.152,1.0,VF_6,EV_CAR,59.6,54.83,,False,True,False,train
DE000446,T0017,V0017,2026-09-01T07:51:31.780800+07:00,DRIVER_REQUEST,True,CHARGING,CHARGING,['CHARGING'],True,VALID_REQUEST,16.705,51.23,3.152,1.0,VF_6,EV_CAR,59.6,54.83,,False,True,False,train
DE000447,T0017,V0017,2026-09-01T07:51:31.780800+07:00,DRIVER_REQUEST,True,,BATTERY_SWAP,['CHARGING'],False,UNSUPPORTED_SERVICE,16.705,51.23,3.152,1.0,VF_6,EV_CAR,59.6,54.83,,False,True,False,train
DE000448,T0017,V0017,2026-09-01T07:53:38.972400+07:00,AUTO_DETECTED,True,CHARGING,,['CHARGING'],,LOW_SOC,16.417,50.35,2.269,1.0,VF_6,EV_CAR,59.6,54.83,,False,True,False,train
DE000449,T0017,V0017,2026-09-01T07:53:38.972400+07:00,DRIVER_REQUEST,True,CHARGING,CHARGING,['CHARGING'],True,VALID_REQUEST,16.417,50.35,2.269,1.0,VF_6,EV_CAR,59.6,54.83,,False,True,False,train
DE000450,T0017,V0017,2026-09-01T07:53:38.972400+07:00,DRIVER_REQUEST,True,,BATTERY_SWAP,['CHARGING'],False,UNSUPPORTED_SERVICE,16.417,50.35,2.269,1.0,VF_6,EV_CAR,59.6,54.83,,False,True,False,train
DE000451,T0017,V0017,2026-09-01T07:55:38.814960+07:00,AUTO_DETECTED,True,CHARGING,,['CHARGING'],,LOW_SOC,16.146,49.51,1.437,1.0,VF_6,EV_CAR,59.6,54.83,,False,True,False,train
DE000452,T0017,V0017,2026-09-01T07:55:38.814960+07:00,DRIVER_REQUEST,True,CHARGING,CHARGING,['CHARGING'],True,VALID_REQUEST,16.146,49.51,1.437,1.0,VF_6,EV_CAR,59.6,54.83,,False,True,False,train
DE000453,T0017,V0017,2026-09-01T07:55:38.814960+07:00,DRIVER_REQUEST,True,,BATTERY_SWAP,['CHARGING'],False,UNSUPPORTED_SERVICE,16.146,49.51,1.437,1.0,VF_6,EV_CAR,59.6,54.83,,False,True,False,train
DE000454,T0017,V0017,2026-09-01T07:57:44.059536+07:00,AUTO_DETECTED,True,CHARGING,,['CHARGING'],,LOW_SOC,15.862,48.64,0.567,1.0,VF_6,EV_CAR,59.6,54.83,,False,True,False,train
DE000455,T0017,V0017,2026-09-01T07:57:44.059536+07:00,DRIVER_REQUEST,True,CHARGING,CHARGING,['CHARGING'],True,VALID_REQUEST,15.862,48.64,0.567,1.0,VF_6,EV_CAR,59.6,54.83,,False,True,False,train
DE000456,T0017,V0017,2026-09-01T07:57:44.059536+07:00,DRIVER_REQUEST,True,,BATTERY_SWAP,['CHARGING'],False,UNSUPPORTED_SERVICE,15.862,48.64,0.567,1.0,VF_6,EV_CAR,59.6,54.83,,False,True,False,train
DE000457,T0018,V0018,2026-09-01T07:49:35.892799999+07:00,AUTO_DETECTED,True,,,"['CHARGING', 'BATTERY_SWAP']",,LOW_SOC,17.33,12.4,5.068,1.0,EVO_LITE,EV_MOTORBIKE,1.5,1.38,1.0,True,True,True,train
DE000458,T0018,V0018,2026-09-01T07:49:35.892799999+07:00,DRIVER_REQUEST,True,CHARGING,CHARGING,"['CHARGING', 'BATTERY_SWAP']",True,VALID_REQUEST,17.33,12.4,5.068,1.0,EVO_LITE,EV_MOTORBIKE,1.5,1.38,1.0,True,True,True,train
DE000459,T0018,V0018,2026-09-01T07:49:35.892799999+07:00,DRIVER_REQUEST,True,BATTERY_SWAP,BATTERY_SWAP,"['CHARGING', 'BATTERY_SWAP']",True,VALID_REQUEST,17.33,12.4,5.068,1.0,EVO_LITE,EV_MOTORBIKE,1.5,1.38,1.0,True,True,True,train
DE000460,T0018,V0018,2026-09-01T07:49:35.892799999+07:00,DRIVER_REQUEST,True,,ANY,"['CHARGING', 'BATTERY_SWAP']",True,VALID_REQUEST,17.33,12.4,5.068,1.0,EVO_LITE,EV_MOTORBIKE,1.5,1.38,1.0,True,True,True,train
DE000461,T0018,V0018,2026-09-01T07:51:39.786456+07:00,AUTO_DETECTED,True,,,"['CHARGING', 'BATTERY_SWAP']",,LOW_SOC,16.422,11.75,4.418,1.0,EVO_LITE,EV_MOTORBIKE,1.5,1.38,1.0,True,True,True,train
DE000462,T0018,V0018,2026-09-01T07:51:39.786456+07:00,DRIVER_REQUEST,True,CHARGING,CHARGING,"['CHARGING', 'BATTERY_SWAP']",True,VALID_REQUEST,16.422,11.75,4.418,1.0,EVO_LITE,EV_MOTORBIKE,1.5,1.38,1.0,True,True,True,train
DE000463,T0018,V0018,2026-09-01T07:51:39.786456+07:00,DRIVER_REQUEST,True,BATTERY_SWAP,BATTERY_SWAP,"['CHARGING', 'BATTERY_SWAP']",True,VALID_REQUEST,16.422,11.75,4.418,1.0,EVO_LITE,EV_MOTORBIKE,1.5,1.38,1.0,True,True,True,train
DE000464,T0018,V0018,2026-09-01T07:51:39.786456+07:00,DRIVER_REQUEST,True,,ANY,"['CHARGING', 'BATTERY_SWAP']",True,VALID_REQUEST,16.422,11.75,4.418,1.0,EVO_LITE,EV_MOTORBIKE,1.5,1.38,1.0,True,True,True,train
DE000465,T0018,V0018,2026-09-01T07:53:45.606758857+07:00,AUTO_DETECTED,True,,,"['CHARGING', 'BATTERY_SWAP']",,LOW_SOC,15.492,11.09,3.753,1.0,EVO_LITE,EV_MOTORBIKE,1.5,1.38,1.0,True,True,True,train
DE000466,T0018,V0018,2026-09-01T07:53:45.606758857+07:00,DRIVER_REQUEST,True,CHARGING,CHARGING,"['CHARGING', 'BATTERY_SWAP']",True,VALID_REQUEST,15.492,11.09,3.753,1.0,EVO_LITE,EV_MOTORBIKE,1.5,1.38,1.0,True,True,True,train
DE000467,T0018,V0018,2026-09-01T07:53:45.606758857+07:00,DRIVER_REQUEST,True,BATTERY_SWAP,BATTERY_SWAP,"['CHARGING', 'BATTERY_SWAP']",True,VALID_REQUEST,15.492,11.09,3.753,1.0,EVO_LITE,EV_MOTORBIKE,1.5,1.38,1.0,True,True,True,train
DE000468,T0018,V0018,2026-09-01T07:53:45.606758857+07:00,DRIVER_REQUEST,True,,ANY,"['CHARGING', 'BATTERY_SWAP']",True,VALID_REQUEST,15.492,11.09,3.753,1.0,EVO_LITE,EV_MOTORBIKE,1.5,1.38,1.0,True,True,True,train
DE000469,T0018,V0018,2026-09-01T07:55:39.135358857+07:00,AUTO_DETECTED,True,,,"['CHARGING', 'BATTERY_SWAP']",,LOW_SOC,14.698,10.52,3.185,1.0,EVO_LITE,EV_MOTORBIKE,1.5,1.38,1.0,True,True,True,train
DE000470,T0018,V0018,2026-09-01T07:55:39.135358857+07:00,DRIVER_REQUEST,True,CHARGING,CHARGING,"['CHARGING', 'BATTERY_SWAP']",True,VALID_REQUEST,14.698,10.52,3.185,1.0,EVO_LITE,EV_MOTORBIKE,1.5,1.38,1.0,True,True,True,train
DE000471,T0018,V0018,2026-09-01T07:55:39.135358857+07:00,DRIVER_REQUEST,True,BATTERY_SWAP,BATTERY_SWAP,"['CHARGING', 'BATTERY_SWAP']",True,VALID_REQUEST,14.698,10.52,3.185,1.0,EVO_LITE,EV_MOTORBIKE,1.5,1.38,1.0,True,True,True,train
DE000472,T0018,V0018,2026-09-01T07:55:39.135358857+07:00,DRIVER_REQUEST,True,,ANY,"['CHARGING', 'BATTERY_SWAP']",True,VALID_REQUEST,14.698,10.52,3.185,1.0,EVO_LITE,EV_MOTORBIKE,1.5,1.38,1.0,True,True,True,train
DE000473,T0018,V0018,2026-09-01T07:57:35.464478545+07:00,AUTO_DETECTED,True,,,"['CHARGING', 'BATTERY_SWAP']",,LOW_SOC,13.714,9.81,2.481,1.0,EVO_LITE,EV_MOTORBIKE,1.5,1.38,1.0,True,True,True,train
DE000474,T0018,V0018,2026-09-01T07:57:35.464478545+07:00,DRIVER_REQUEST,True,CHARGING,CHARGING,"['CHARGING', 'BATTERY_SWAP']",True,VALID_REQUEST,13.714,9.81,2.481,1.0,EVO_LITE,EV_MOTORBIKE,1.5,1.38,1.0,True,True,True,train
DE000475,T0018,V0018,2026-09-01T07:57:35.464478545+07:00,DRIVER_REQUEST,True,BATTERY_SWAP,BATTERY_SWAP,"['CHARGING', 'BATTERY_SWAP']",True,VALID_REQUEST,13.714,9.81,2.481,1.0,EVO_LITE,EV_MOTORBIKE,1.5,1.38,1.0,True,True,True,train
DE000476,T0018,V0018,2026-09-01T07:57:35.464478545+07:00,DRIVER_REQUEST,True,,ANY,"['CHARGING', 'BATTERY_SWAP']",True,VALID_REQUEST,13.714,9.81,2.481,1.0,EVO_LITE,EV_MOTORBIKE,1.5,1.38,1.0,True,True,True,train
DE000477,T0018,V0018,2026-09-01T07:59:15.683071999+07:00,AUTO_DETECTED,True,,,"['CHARGING', 'BATTERY_SWAP']",,LOW_SOC,12.741,9.12,1.785,1.0,EVO_LITE,EV_MOTORBIKE,1.5,1.38,1.0,True,True,True,train
DE000478,T0018,V0018,2026-09-01T07:59:15.683071999+07:00,DRIVER_REQUEST,True,CHARGING,CHARGING,"['CHARGING', 'BATTERY_SWAP']",True,VALID_REQUEST,12.741,9.12,1.785,1.0,EVO_LITE,EV_MOTORBIKE,1.5,1.38,1.0,True,True,True,train
DE000479,T0018,V0018,2026-09-01T07:59:15.683071999+07:00,DRIVER_REQUEST,True,BATTERY_SWAP,BATTERY_SWAP,"['CHARGING', 'BATTERY_SWAP']",True,VALID_REQUEST,12.741,9.12,1.785,1.0,EVO_LITE,EV_MOTORBIKE,1.5,1.38,1.0,True,True,True,train
DE000480,T0018,V0018,2026-09-01T07:59:15.683071999+07:00,DRIVER_REQUEST,True,,ANY,"['CHARGING', 'BATTERY_SWAP']",True,VALID_REQUEST,12.741,9.12,1.785,1.0,EVO_LITE,EV_MOTORBIKE,1.5,1.38,1.0,True,True,True,train
DE000481,T0018,V0018,2026-09-01T08:00:58.240551999+07:00,AUTO_DETECTED,True,,,"['CHARGING', 'BATTERY_SWAP']",,LOW_SOC,11.79,8.44,1.104,1.0,EVO_LITE,EV_MOTORBIKE,1.5,1.38,1.0,True,True,True,train
DE000482,T0018,V0018,2026-09-01T08:00:58.240551999+07:00,DRIVER_REQUEST,True,CHARGING,CHARGING,"['CHARGING', 'BATTERY_SWAP']",True,VALID_REQUEST,11.79,8.44,1.104,1.0,EVO_LITE,EV_MOTORBIKE,1.5,1.38,1.0,True,True,True,train
DE000483,T0018,V0018,2026-09-01T08:00:58.240551999+07:00,DRIVER_REQUEST,True,BATTERY_SWAP,BATTERY_SWAP,"['CHARGING', 'BATTERY_SWAP']",True,VALID_REQUEST,11.79,8.44,1.104,1.0,EVO_LITE,EV_MOTORBIKE,1.5,1.38,1.0,True,True,True,train
DE000484,T0018,V0018,2026-09-01T08:00:58.240551999+07:00,DRIVER_REQUEST,True,,ANY,"['CHARGING', 'BATTERY_SWAP']",True,VALID_REQUEST,11.79,8.44,1.104,1.0,EVO_LITE,EV_MOTORBIKE,1.5,1.38,1.0,True,True,True,train
DE000485,T0018,V0018,2026-09-01T08:02:41.149130909+07:00,AUTO_DETECTED,True,,,"['CHARGING', 'BATTERY_SWAP']",,LOW_SOC,10.791,7.72,0.389,1.0,EVO_LITE,EV_MOTORBIKE,1.5,1.38,1.0,True,True,True,train
DE000486,T0018,V0018,2026-09-01T08:02:41.149130909+07:00,DRIVER_REQUEST,True,CHARGING,CHARGING,"['CHARGING', 'BATTERY_SWAP']",True,VALID_REQUEST,10.791,7.72,0.389,1.0,EVO_LITE,EV_MOTORBIKE,1.5,1.38,1.0,True,True,True,train
DE000487,T0018,V0018,2026-09-01T08:02:41.149130909+07:00,DRIVER_REQUEST,True,BATTERY_SWAP,BATTERY_SWAP,"['CHARGING', 'BATTERY_SWAP']",True,VALID_REQUEST,10.791,7.72,0.389,1.0,EVO_LITE,EV_MOTORBIKE,1.5,1.38,1.0,True,True,True,train
DE000488,T0018,V0018,2026-09-01T08:02:41.149130909+07:00,DRIVER_REQUEST,True,,ANY,"['CHARGING', 'BATTERY_SWAP']",True,VALID_REQUEST,10.791,7.72,0.389,1.0,EVO_LITE,EV_MOTORBIKE,1.5,1.38,1.0,True,True,True,train
DE000489,T0019,V0019,2026-09-01T07:55:43.063137500+07:00,AUTO_DETECTED,True,CHARGING,,['CHARGING'],,LOW_SOC,17.822,54.65,6.644,1.0,VF_7_ECO,EV_CAR,59.6,54.83,,False,True,False,train
DE000490,T0019,V0019,2026-09-01T07:55:43.063137500+07:00,DRIVER_REQUEST,True,CHARGING,CHARGING,['CHARGING'],True,VALID_REQUEST,17.822,54.65,6.644,1.0,VF_7_ECO,EV_CAR,59.6,54.83,,False,True,False,train
DE000491,T0019,V0019,2026-09-01T07:55:43.063137500+07:00,DRIVER_REQUEST,True,,BATTERY_SWAP,['CHARGING'],False,UNSUPPORTED_SERVICE,17.822,54.65,6.644,1.0,VF_7_ECO,EV_CAR,59.6,54.83,,False,True,False,train
DE000492,T0019,V0019,2026-09-01T07:58:03.102111+07:00,AUTO_DETECTED,True,CHARGING,,['CHARGING'],,LOW_SOC,17.529,53.76,5.744,1.0,VF_7_ECO,EV_CAR,59.6,54.83,,False,True,False,train
DE000493,T0019,V0019,2026-09-01T07:58:03.102111+07:00,DRIVER_REQUEST,True,CHARGING,CHARGING,['CHARGING'],True,VALID_REQUEST,17.529,53.76,5.744,1.0,VF_7_ECO,EV_CAR,59.6,54.83,,False,True,False,train
DE000494,T0019,V0019,2026-09-01T07:58:03.102111+07:00,DRIVER_REQUEST,True,,BATTERY_SWAP,['CHARGING'],False,UNSUPPORTED_SERVICE,17.529,53.76,5.744,1.0,VF_7_ECO,EV_CAR,59.6,54.83,,False,True,False,train
DE000495,T0019,V0019,2026-09-01T08:00:19.624822499+07:00,AUTO_DETECTED,True,CHARGING,,['CHARGING'],,LOW_SOC,17.235,52.85,4.842,1.0,VF_7_ECO,EV_CAR,59.6,54.83,,False,True,False,train
DE000496,T0019,V0019,2026-09-01T08:00:19.624822499+07:00,DRIVER_REQUEST,True,CHARGING,CHARGING,['CHARGING'],True,VALID_REQUEST,17.235,52.85,4.842,1.0,VF_7_ECO,EV_CAR,59.6,54.83,,False,True,False,train
DE000497,T0019,V0019,2026-09-01T08:00:19.624822499+07:00,DRIVER_REQUEST,True,,BATTERY_SWAP,['CHARGING'],False,UNSUPPORTED_SERVICE,17.235,52.85,4.842,1.0,VF_7_ECO,EV_CAR,59.6,54.83,,False,True,False,train
DE000498,T0019,V0019,2026-09-01T08:02:57.393522500+07:00,AUTO_DETECTED,True,CHARGING,,['CHARGING'],,LOW_SOC,16.977,52.06,4.053,1.0,VF_7_ECO,EV_CAR,59.6,54.83,,False,True,False,train
DE000499,T0019,V0019,2026-09-01T08:02:57.393522500+07:00,DRIVER_REQUEST,True,CHARGING,CHARGING,['CHARGING'],True,VALID_REQUEST,16.977,52.06,4.053,1.0,VF_7_ECO,EV_CAR,59.6,54.83,,False,True,False,train
DE000500,T0019,V0019,2026-09-01T08:02:57.393522500+07:00,DRIVER_REQUEST,True,,BATTERY_SWAP,['CHARGING'],False,UNSUPPORTED_SERVICE,16.977,52.06,4.053,1.0,VF_7_ECO,EV_CAR,59.6,54.83,,False,True,False,train
DE000501,T0019,V0019,2026-09-01T08:05:43.282122500+07:00,AUTO_DETECTED,True,CHARGING,,['CHARGING'],,LOW_SOC,16.707,51.23,3.223,1.0,VF_7_ECO,EV_CAR,59.6,54.83,,False,True,False,train
DE000502,T0019,V0019,2026-09-01T08:05:43.282122500+07:00,DRIVER_REQUEST,True,CHARGING,CHARGING,['CHARGING'],True,VALID_REQUEST,16.707,51.23,3.223,1.0,VF_7_ECO,EV_CAR,59.6,54.83,,False,True,False,train
DE000503,T0019,V0019,2026-09-01T08:05:43.282122500+07:00,DRIVER_REQUEST,True,,BATTERY_SWAP,['CHARGING'],False,UNSUPPORTED_SERVICE,16.707,51.23,3.223,1.0,VF_7_ECO,EV_CAR,59.6,54.83,,False,True,False,train
DE000504,T0019,V0019,2026-09-01T08:08:03.443231875+07:00,AUTO_DETECTED,True,CHARGING,,['CHARGING'],,LOW_SOC,16.407,50.31,2.303,1.0,VF_7_ECO,EV_CAR,59.6,54.83,,False,True,False,train
DE000505,T0019,V0019,2026-09-01T08:08:03.443231875+07:00,DRIVER_REQUEST,True,CHARGING,CHARGING,['CHARGING'],True,VALID_REQUEST,16.407,50.31,2.303,1.0,VF_7_ECO,EV_CAR,59.6,54.83,,False,True,False,train
DE000506,T0019,V0019,2026-09-01T08:08:03.443231875+07:00,DRIVER_REQUEST,True,,BATTERY_SWAP,['CHARGING'],False,UNSUPPORTED_SERVICE,16.407,50.31,2.303,1.0,VF_7_ECO,EV_CAR,59.6,54.83,,False,True,False,train
DE000507,T0019,V0019,2026-09-01T08:10:28.759012500+07:00,AUTO_DETECTED,True,CHARGING,,['CHARGING'],,LOW_SOC,16.142,49.5,1.49,1.0,VF_7_ECO,EV_CAR,59.6,54.83,,False,True,False,train
DE000508,T0019,V0019,2026-09-01T08:10:28.759012500+07:00,DRIVER_REQUEST,True,CHARGING,CHARGING,['CHARGING'],True,VALID_REQUEST,16.142,49.5,1.49,1.0,VF_7_ECO,EV_CAR,59.6,54.83,,False,True,False,train
DE000509,T0019,V0019,2026-09-01T08:10:28.759012500+07:00,DRIVER_REQUEST,True,,BATTERY_SWAP,['CHARGING'],False,UNSUPPORTED_SERVICE,16.142,49.5,1.49,1.0,VF_7_ECO,EV_CAR,59.6,54.83,,False,True,False,train
DE000510,T0019,V0019,2026-09-01T08:13:07.651109166+07:00,AUTO_DETECTED,True,CHARGING,,['CHARGING'],,LOW_SOC,15.864,48.65,0.638,1.0,VF_7_ECO,EV_CAR,59.6,54.83,,False,True,False,train
DE000511,T0019,V0019,2026-09-01T08:13:07.651109166+07:00,DRIVER_REQUEST,True,CHARGING,CHARGING,['CHARGING'],True,VALID_REQUEST,15.864,48.65,0.638,1.0,VF_7_ECO,EV_CAR,59.6,54.83,,False,True,False,train
DE000512,T0019,V0019,2026-09-01T08:13:07.651109166+07:00,DRIVER_REQUEST,True,,BATTERY_SWAP,['CHARGING'],False,UNSUPPORTED_SERVICE,15.864,48.65,0.638,1.0,VF_7_ECO,EV_CAR,59.6,54.83,,False,True,False,train
DE000513,T0020,V0020,2026-09-01T08:00:51.962785071+07:00,AUTO_DETECTED,True,CHARGING,,['CHARGING'],,LOW_SOC,17.864,54.78,4.809,1.0,VF_7_PLUS,EV_CAR,75.3,69.28,,False,True,False,train
DE000514,T0020,V0020,2026-09-01T08:00:51.962785071+07:00,DRIVER_REQUEST,True,CHARGING,CHARGING,['CHARGING'],True,VALID_REQUEST,17.864,54.78,4.809,1.0,VF_7_PLUS,EV_CAR,75.3,69.28,,False,True,False,train
DE000515,T0020,V0020,2026-09-01T08:00:51.962785071+07:00,DRIVER_REQUEST,True,,BATTERY_SWAP,['CHARGING'],False,UNSUPPORTED_SERVICE,17.864,54.78,4.809,1.0,VF_7_PLUS,EV_CAR,75.3,69.28,,False,True,False,train
DE000516,T0020,V0020,2026-09-01T08:02:03.747060499+07:00,AUTO_DETECTED,True,CHARGING,,['CHARGING'],,LOW_SOC,17.68,54.22,4.244,1.0,VF_7_PLUS,EV_CAR,75.3,69.28,,False,True,False,train
DE000517,T0020,V0020,2026-09-01T08:02:03.747060499+07:00,DRIVER_REQUEST,True,CHARGING,CHARGING,['CHARGING'],True,VALID_REQUEST,17.68,54.22,4.244,1.0,VF_7_PLUS,EV_CAR,75.3,69.28,,False,True,False,train
DE000518,T0020,V0020,2026-09-01T08:02:03.747060499+07:00,DRIVER_REQUEST,True,,BATTERY_SWAP,['CHARGING'],False,UNSUPPORTED_SERVICE,17.68,54.22,4.244,1.0,VF_7_PLUS,EV_CAR,75.3,69.28,,False,True,False,train
DE000519,T0020,V0020,2026-09-01T08:03:41.674326500+07:00,AUTO_DETECTED,True,CHARGING,,['CHARGING'],,LOW_SOC,17.483,53.61,3.641,1.0,VF_7_PLUS,EV_CAR,75.3,69.28,,False,True,False,train
DE000520,T0020,V0020,2026-09-01T08:03:41.674326500+07:00,DRIVER_REQUEST,True,CHARGING,CHARGING,['CHARGING'],True,VALID_REQUEST,17.483,53.61,3.641,1.0,VF_7_PLUS,EV_CAR,75.3,69.28,,False,True,False,train
DE000521,T0020,V0020,2026-09-01T08:03:41.674326500+07:00,DRIVER_REQUEST,True,,BATTERY_SWAP,['CHARGING'],False,UNSUPPORTED_SERVICE,17.483,53.61,3.641,1.0,VF_7_PLUS,EV_CAR,75.3,69.28,,False,True,False,train
DE000522,T0020,V0020,2026-09-01T08:05:01.179308+07:00,AUTO_DETECTED,True,CHARGING,,['CHARGING'],,LOW_SOC,17.276,52.98,3.007,1.0,VF_7_PLUS,EV_CAR,75.3,69.28,,False,True,False,train
DE000523,T0020,V0020,2026-09-01T08:05:01.179308+07:00,DRIVER_REQUEST,True,CHARGING,CHARGING,['CHARGING'],True,VALID_REQUEST,17.276,52.98,3.007,1.0,VF_7_PLUS,EV_CAR,75.3,69.28,,False,True,False,train
DE000524,T0020,V0020,2026-09-01T08:05:01.179308+07:00,DRIVER_REQUEST,True,,BATTERY_SWAP,['CHARGING'],False,UNSUPPORTED_SERVICE,17.276,52.98,3.007,1.0,VF_7_PLUS,EV_CAR,75.3,69.28,,False,True,False,train
DE000525,T0020,V0020,2026-09-01T08:06:26.232203+07:00,AUTO_DETECTED,True,CHARGING,,['CHARGING'],,LOW_SOC,17.064,52.33,2.354,1.0,VF_7_PLUS,EV_CAR,75.3,69.28,,False,True,False,train
DE000526,T0020,V0020,2026-09-01T08:06:26.232203+07:00,DRIVER_REQUEST,True,CHARGING,CHARGING,['CHARGING'],True,VALID_REQUEST,17.064,52.33,2.354,1.0,VF_7_PLUS,EV_CAR,75.3,69.28,,False,True,False,train
DE000527,T0020,V0020,2026-09-01T08:06:26.232203+07:00,DRIVER_REQUEST,True,,BATTERY_SWAP,['CHARGING'],False,UNSUPPORTED_SERVICE,17.064,52.33,2.354,1.0,VF_7_PLUS,EV_CAR,75.3,69.28,,False,True,False,train
DE000528,T0020,V0020,2026-09-01T08:07:52.461531500+07:00,AUTO_DETECTED,True,CHARGING,,['CHARGING'],,LOW_SOC,16.854,51.69,1.712,1.0,VF_7_PLUS,EV_CAR,75.3,69.28,,False,True,False,train
DE000529,T0020,V0020,2026-09-01T08:07:52.461531500+07:00,DRIVER_REQUEST,True,CHARGING,CHARGING,['CHARGING'],True,VALID_REQUEST,16.854,51.69,1.712,1.0,VF_7_PLUS,EV_CAR,75.3,69.28,,False,True,False,train
DE000530,T0020,V0020,2026-09-01T08:07:52.461531500+07:00,DRIVER_REQUEST,True,,BATTERY_SWAP,['CHARGING'],False,UNSUPPORTED_SERVICE,16.854,51.69,1.712,1.0,VF_7_PLUS,EV_CAR,75.3,69.28,,False,True,False,train
DE000531,T0020,V0020,2026-09-01T08:09:21.695652071+07:00,AUTO_DETECTED,True,CHARGING,,['CHARGING'],,LOW_SOC,16.644,51.04,1.068,1.0,VF_7_PLUS,EV_CAR,75.3,69.28,,False,True,False,train
DE000532,T0020,V0020,2026-09-01T08:09:21.695652071+07:00,DRIVER_REQUEST,True,CHARGING,CHARGING,['CHARGING'],True,VALID_REQUEST,16.644,51.04,1.068,1.0,VF_7_PLUS,EV_CAR,75.3,69.28,,False,True,False,train
DE000533,T0020,V0020,2026-09-01T08:09:21.695652071+07:00,DRIVER_REQUEST,True,,BATTERY_SWAP,['CHARGING'],False,UNSUPPORTED_SERVICE,16.644,51.04,1.068,1.0,VF_7_PLUS,EV_CAR,75.3,69.28,,False,True,False,train
DE000534,T0020,V0020,2026-09-01T08:10:43.968720071+07:00,AUTO_DETECTED,True,CHARGING,,['CHARGING'],,LOW_SOC,16.449,50.44,0.469,1.0,VF_7_PLUS,EV_CAR,75.3,69.28,,False,True,False,train
DE000535,T0020,V0020,2026-09-01T08:10:43.968720071+07:00,DRIVER_REQUEST,True,CHARGING,CHARGING,['CHARGING'],True,VALID_REQUEST,16.449,50.44,0.469,1.0,VF_7_PLUS,EV_CAR,75.3,69.28,,False,True,False,train
DE000536,T0020,V0020,2026-09-01T08:10:43.968720071+07:00,DRIVER_REQUEST,True,,BATTERY_SWAP,['CHARGING'],False,UNSUPPORTED_SERVICE,16.449,50.44,0.469,1.0,VF_7_PLUS,EV_CAR,75.3,69.28,,False,True,False,train
DE000537,T0021,V0021,2026-09-01T08:06:40.807871999+07:00,AUTO_DETECTED,True,,,"['CHARGING', 'BATTERY_SWAP']",,LOW_SOC,17.604,12.6,2.962,1.0,FELIZ_II,EV_MOTORBIKE,3.0,2.76,2.0,True,True,True,train
DE000538,T0021,V0021,2026-09-01T08:06:40.807871999+07:00,DRIVER_REQUEST,True,CHARGING,CHARGING,"['CHARGING', 'BATTERY_SWAP']",True,VALID_REQUEST,17.604,12.6,2.962,1.0,FELIZ_II,EV_MOTORBIKE,3.0,2.76,2.0,True,True,True,train
DE000539,T0021,V0021,2026-09-01T08:06:40.807871999+07:00,DRIVER_REQUEST,True,BATTERY_SWAP,BATTERY_SWAP,"['CHARGING', 'BATTERY_SWAP']",True,VALID_REQUEST,17.604,12.6,2.962,1.0,FELIZ_II,EV_MOTORBIKE,3.0,2.76,2.0,True,True,True,train
DE000540,T0021,V0021,2026-09-01T08:06:40.807871999+07:00,DRIVER_REQUEST,True,,ANY,"['CHARGING', 'BATTERY_SWAP']",True,VALID_REQUEST,17.604,12.6,2.962,1.0,FELIZ_II,EV_MOTORBIKE,3.0,2.76,2.0,True,True,True,train
DE000541,T0021,V0021,2026-09-01T08:07:35.337351+07:00,AUTO_DETECTED,True,,,"['CHARGING', 'BATTERY_SWAP']",,LOW_SOC,17.022,12.18,2.545,1.0,FELIZ_II,EV_MOTORBIKE,3.0,2.76,2.0,True,True,True,train
DE000542,T0021,V0021,2026-09-01T08:07:35.337351+07:00,DRIVER_REQUEST,True,CHARGING,CHARGING,"['CHARGING', 'BATTERY_SWAP']",True,VALID_REQUEST,17.022,12.18,2.545,1.0,FELIZ_II,EV_MOTORBIKE,3.0,2.76,2.0,True,True,True,train
DE000543,T0021,V0021,2026-09-01T08:07:35.337351+07:00,DRIVER_REQUEST,True,BATTERY_SWAP,BATTERY_SWAP,"['CHARGING', 'BATTERY_SWAP']",True,VALID_REQUEST,17.022,12.18,2.545,1.0,FELIZ_II,EV_MOTORBIKE,3.0,2.76,2.0,True,True,True,train
DE000544,T0021,V0021,2026-09-01T08:07:35.337351+07:00,DRIVER_REQUEST,True,,ANY,"['CHARGING', 'BATTERY_SWAP']",True,VALID_REQUEST,17.022,12.18,2.545,1.0,FELIZ_II,EV_MOTORBIKE,3.0,2.76,2.0,True,True,True,train
DE000545,T0021,V0021,2026-09-01T08:08:27.993731714+07:00,AUTO_DETECTED,True,,,"['CHARGING', 'BATTERY_SWAP']",,LOW_SOC,16.472,11.79,2.152,1.0,FELIZ_II,EV_MOTORBIKE,3.0,2.76,2.0,True,True,True,train
DE000546,T0021,V0021,2026-09-01T08:08:27.993731714+07:00,DRIVER_REQUEST,True,CHARGING,CHARGING,"['CHARGING', 'BATTERY_SWAP']",True,VALID_REQUEST,16.472,11.79,2.152,1.0,FELIZ_II,EV_MOTORBIKE,3.0,2.76,2.0,True,True,True,train
DE000547,T0021,V0021,2026-09-01T08:08:27.993731714+07:00,DRIVER_REQUEST,True,BATTERY_SWAP,BATTERY_SWAP,"['CHARGING', 'BATTERY_SWAP']",True,VALID_REQUEST,16.472,11.79,2.152,1.0,FELIZ_II,EV_MOTORBIKE,3.0,2.76,2.0,True,True,True,train
DE000548,T0021,V0021,2026-09-01T08:08:27.993731714+07:00,DRIVER_REQUEST,True,,ANY,"['CHARGING', 'BATTERY_SWAP']",True,VALID_REQUEST,16.472,11.79,2.152,1.0,FELIZ_II,EV_MOTORBIKE,3.0,2.76,2.0,True,True,True,train
DE000549,T0021,V0021,2026-09-01T08:09:38.125538500+07:00,AUTO_DETECTED,True,,,"['CHARGING', 'BATTERY_SWAP']",,LOW_SOC,15.92,11.39,1.757,1.0,FELIZ_II,EV_MOTORBIKE,3.0,2.76,2.0,True,True,True,train
DE000550,T0021,V0021,2026-09-01T08:09:38.125538500+07:00,DRIVER_REQUEST,True,CHARGING,CHARGING,"['CHARGING', 'BATTERY_SWAP']",True,VALID_REQUEST,15.92,11.39,1.757,1.0,FELIZ_II,EV_MOTORBIKE,3.0,2.76,2.0,True,True,True,train
DE000551,T0021,V0021,2026-09-01T08:09:38.125538500+07:00,DRIVER_REQUEST,True,BATTERY_SWAP,BATTERY_SWAP,"['CHARGING', 'BATTERY_SWAP']",True,VALID_REQUEST,15.92,11.39,1.757,1.0,FELIZ_II,EV_MOTORBIKE,3.0,2.76,2.0,True,True,True,train
DE000552,T0021,V0021,2026-09-01T08:09:38.125538500+07:00,DRIVER_REQUEST,True,,ANY,"['CHARGING', 'BATTERY_SWAP']",True,VALID_REQUEST,15.92,11.39,1.757,1.0,FELIZ_II,EV_MOTORBIKE,3.0,2.76,2.0,True,True,True,train
DE000553,T0021,V0021,2026-09-01T08:10:56.761058499+07:00,AUTO_DETECTED,True,,,"['CHARGING', 'BATTERY_SWAP']",,LOW_SOC,15.37,11.0,1.363,1.0,FELIZ_II,EV_MOTORBIKE,3.0,2.76,2.0,True,True,True,train
DE000554,T0021,V0021,2026-09-01T08:10:56.761058499+07:00,DRIVER_REQUEST,True,CHARGING,CHARGING,"['CHARGING', 'BATTERY_SWAP']",True,VALID_REQUEST,15.37,11.0,1.363,1.0,FELIZ_II,EV_MOTORBIKE,3.0,2.76,2.0,True,True,True,train
DE000555,T0021,V0021,2026-09-01T08:10:56.761058499+07:00,DRIVER_REQUEST,True,BATTERY_SWAP,BATTERY_SWAP,"['CHARGING', 'BATTERY_SWAP']",True,VALID_REQUEST,15.37,11.0,1.363,1.0,FELIZ_II,EV_MOTORBIKE,3.0,2.76,2.0,True,True,True,train
DE000556,T0021,V0021,2026-09-01T08:10:56.761058499+07:00,DRIVER_REQUEST,True,,ANY,"['CHARGING', 'BATTERY_SWAP']",True,VALID_REQUEST,15.37,11.0,1.363,1.0,FELIZ_II,EV_MOTORBIKE,3.0,2.76,2.0,True,True,True,train
DE000557,T0021,V0021,2026-09-01T08:11:39.837983499+07:00,AUTO_DETECTED,True,,,"['CHARGING', 'BATTERY_SWAP']",,LOW_SOC,14.835,10.62,0.981,1.0,FELIZ_II,EV_MOTORBIKE,3.0,2.76,2.0,True,True,True,train
DE000558,T0021,V0021,2026-09-01T08:11:39.837983499+07:00,DRIVER_REQUEST,True,CHARGING,CHARGING,"['CHARGING', 'BATTERY_SWAP']",True,VALID_REQUEST,14.835,10.62,0.981,1.0,FELIZ_II,EV_MOTORBIKE,3.0,2.76,2.0,True,True,True,train
DE000559,T0021,V0021,2026-09-01T08:11:39.837983499+07:00,DRIVER_REQUEST,True,BATTERY_SWAP,BATTERY_SWAP,"['CHARGING', 'BATTERY_SWAP']",True,VALID_REQUEST,14.835,10.62,0.981,1.0,FELIZ_II,EV_MOTORBIKE,3.0,2.76,2.0,True,True,True,train
DE000560,T0021,V0021,2026-09-01T08:11:39.837983499+07:00,DRIVER_REQUEST,True,,ANY,"['CHARGING', 'BATTERY_SWAP']",True,VALID_REQUEST,14.835,10.62,0.981,1.0,FELIZ_II,EV_MOTORBIKE,3.0,2.76,2.0,True,True,True,train
DE000561,T0021,V0021,2026-09-01T08:12:25.586615499+07:00,AUTO_DETECTED,True,,,"['CHARGING', 'BATTERY_SWAP']",,LOW_SOC,14.334,10.26,0.622,1.0,FELIZ_II,EV_MOTORBIKE,3.0,2.76,2.0,True,True,True,train
DE000562,T0021,V0021,2026-09-01T08:12:25.586615499+07:00,DRIVER_REQUEST,True,CHARGING,CHARGING,"['CHARGING', 'BATTERY_SWAP']",True,VALID_REQUEST,14.334,10.26,0.622,1.0,FELIZ_II,EV_MOTORBIKE,3.0,2.76,2.0,True,True,True,train
DE000563,T0021,V0021,2026-09-01T08:12:25.586615499+07:00,DRIVER_REQUEST,True,BATTERY_SWAP,BATTERY_SWAP,"['CHARGING', 'BATTERY_SWAP']",True,VALID_REQUEST,14.334,10.26,0.622,1.0,FELIZ_II,EV_MOTORBIKE,3.0,2.76,2.0,True,True,True,train
DE000564,T0021,V0021,2026-09-01T08:12:25.586615499+07:00,DRIVER_REQUEST,True,,ANY,"['CHARGING', 'BATTERY_SWAP']",True,VALID_REQUEST,14.334,10.26,0.622,1.0,FELIZ_II,EV_MOTORBIKE,3.0,2.76,2.0,True,True,True,train
DE000565,T0021,V0021,2026-09-01T08:12:52.811471499+07:00,AUTO_DETECTED,True,,,"['CHARGING', 'BATTERY_SWAP']",,LOW_SOC,13.806,9.88,0.244,1.0,FELIZ_II,EV_MOTORBIKE,3.0,2.76,2.0,True,True,True,train
DE000566,T0021,V0021,2026-09-01T08:12:52.811471499+07:00,DRIVER_REQUEST,True,CHARGING,CHARGING,"['CHARGING', 'BATTERY_SWAP']",True,VALID_REQUEST,13.806,9.88,0.244,1.0,FELIZ_II,EV_MOTORBIKE,3.0,2.76,2.0,True,True,True,train
DE000567,T0021,V0021,2026-09-01T08:12:52.811471499+07:00,DRIVER_REQUEST,True,BATTERY_SWAP,BATTERY_SWAP,"['CHARGING', 'BATTERY_SWAP']",True,VALID_REQUEST,13.806,9.88,0.244,1.0,FELIZ_II,EV_MOTORBIKE,3.0,2.76,2.0,True,True,True,train
DE000568,T0021,V0021,2026-09-01T08:12:52.811471499+07:00,DRIVER_REQUEST,True,,ANY,"['CHARGING', 'BATTERY_SWAP']",True,VALID_REQUEST,13.806,9.88,0.244,1.0,FELIZ_II,EV_MOTORBIKE,3.0,2.76,2.0,True,True,True,train
DE000569,T0022,V0022,2026-09-01T08:13:15.704160+07:00,AUTO_DETECTED,False,,,['CHARGING'],,SUFFICIENT_SOC_RANGE,56.93,174.58,6.131,1.0,VF_8,EV_CAR,87.7,80.68,,False,True,False,train
DE000570,T0022,V0022,2026-09-01T08:13:15.704160+07:00,DRIVER_REQUEST,True,CHARGING,CHARGING,['CHARGING'],True,VALID_REQUEST,56.93,174.58,6.131,1.0,VF_8,EV_CAR,87.7,80.68,,False,True,False,train
DE000571,T0022,V0022,2026-09-01T08:13:15.704160+07:00,DRIVER_REQUEST,True,,BATTERY_SWAP,['CHARGING'],False,UNSUPPORTED_SERVICE,56.93,174.58,6.131,1.0,VF_8,EV_CAR,87.7,80.68,,False,True,False,train
DE000572,T0022,V0022,2026-09-01T08:15:10.788263999+07:00,AUTO_DETECTED,False,,,['CHARGING'],,SUFFICIENT_SOC_RANGE,56.669,173.78,5.332,1.0,VF_8,EV_CAR,87.7,80.68,,False,True,False,train
DE000573,T0022,V0022,2026-09-01T08:15:10.788263999+07:00,DRIVER_REQUEST,True,CHARGING,CHARGING,['CHARGING'],True,VALID_REQUEST,56.669,173.78,5.332,1.0,VF_8,EV_CAR,87.7,80.68,,False,True,False,train
DE000574,T0022,V0022,2026-09-01T08:15:10.788263999+07:00,DRIVER_REQUEST,True,,BATTERY_SWAP,['CHARGING'],False,UNSUPPORTED_SERVICE,56.669,173.78,5.332,1.0,VF_8,EV_CAR,87.7,80.68,,False,True,False,train
DE000575,T0022,V0022,2026-09-01T08:17:03.061694399+07:00,AUTO_DETECTED,False,,,['CHARGING'],,SUFFICIENT_SOC_RANGE,56.415,173.01,4.552,1.0,VF_8,EV_CAR,87.7,80.68,,False,True,False,train
DE000576,T0022,V0022,2026-09-01T08:17:03.061694399+07:00,DRIVER_REQUEST,True,CHARGING,CHARGING,['CHARGING'],True,VALID_REQUEST,56.415,173.01,4.552,1.0,VF_8,EV_CAR,87.7,80.68,,False,True,False,train
DE000577,T0022,V0022,2026-09-01T08:17:03.061694399+07:00,DRIVER_REQUEST,True,,BATTERY_SWAP,['CHARGING'],False,UNSUPPORTED_SERVICE,56.415,173.01,4.552,1.0,VF_8,EV_CAR,87.7,80.68,,False,True,False,train
DE000578,T0022,V0022,2026-09-01T08:19:03.174829499+07:00,AUTO_DETECTED,False,,,['CHARGING'],,SUFFICIENT_SOC_RANGE,56.14,172.16,3.71,1.0,VF_8,EV_CAR,87.7,80.68,,False,True,False,train
DE000579,T0022,V0022,2026-09-01T08:19:03.174829499+07:00,DRIVER_REQUEST,True,CHARGING,CHARGING,['CHARGING'],True,VALID_REQUEST,56.14,172.16,3.71,1.0,VF_8,EV_CAR,87.7,80.68,,False,True,False,train
DE000580,T0022,V0022,2026-09-01T08:19:03.174829499+07:00,DRIVER_REQUEST,True,,BATTERY_SWAP,['CHARGING'],False,UNSUPPORTED_SERVICE,56.14,172.16,3.71,1.0,VF_8,EV_CAR,87.7,80.68,,False,True,False,train
DE000581,T0022,V0022,2026-09-01T08:20:53.695837500+07:00,AUTO_DETECTED,False,,,['CHARGING'],,SUFFICIENT_SOC_RANGE,55.89,171.4,2.943,1.0,VF_8,EV_CAR,87.7,80.68,,False,True,False,train
DE000582,T0022,V0022,2026-09-01T08:20:53.695837500+07:00,DRIVER_REQUEST,True,CHARGING,CHARGING,['CHARGING'],True,VALID_REQUEST,55.89,171.4,2.943,1.0,VF_8,EV_CAR,87.7,80.68,,False,True,False,train
DE000583,T0022,V0022,2026-09-01T08:20:53.695837500+07:00,DRIVER_REQUEST,True,,BATTERY_SWAP,['CHARGING'],False,UNSUPPORTED_SERVICE,55.89,171.4,2.943,1.0,VF_8,EV_CAR,87.7,80.68,,False,True,False,train
DE000584,T0022,V0022,2026-09-01T08:22:46.427821499+07:00,AUTO_DETECTED,False,,,['CHARGING'],,SUFFICIENT_SOC_RANGE,55.635,170.61,2.16,1.0,VF_8,EV_CAR,87.7,80.68,,False,True,False,train
DE000585,T0022,V0022,2026-09-01T08:22:46.427821499+07:00,DRIVER_REQUEST,True,CHARGING,CHARGING,['CHARGING'],True,VALID_REQUEST,55.635,170.61,2.16,1.0,VF_8,EV_CAR,87.7,80.68,,False,True,False,train
DE000586,T0022,V0022,2026-09-01T08:22:46.427821499+07:00,DRIVER_REQUEST,True,,BATTERY_SWAP,['CHARGING'],False,UNSUPPORTED_SERVICE,55.635,170.61,2.16,1.0,VF_8,EV_CAR,87.7,80.68,,False,True,False,train
DE000587,T0022,V0022,2026-09-01T08:24:45.016861499+07:00,AUTO_DETECTED,False,,,['CHARGING'],,SUFFICIENT_SOC_RANGE,55.366,169.79,1.336,1.0,VF_8,EV_CAR,87.7,80.68,,False,True,False,train
DE000588,T0022,V0022,2026-09-01T08:24:45.016861499+07:00,DRIVER_REQUEST,True,CHARGING,CHARGING,['CHARGING'],True,VALID_REQUEST,55.366,169.79,1.336,1.0,VF_8,EV_CAR,87.7,80.68,,False,True,False,train
DE000589,T0022,V0022,2026-09-01T08:24:45.016861499+07:00,DRIVER_REQUEST,True,,BATTERY_SWAP,['CHARGING'],False,UNSUPPORTED_SERVICE,55.366,169.79,1.336,1.0,VF_8,EV_CAR,87.7,80.68,,False,True,False,train
DE000590,T0022,V0022,2026-09-01T08:26:35.307354299+07:00,AUTO_DETECTED,False,,,['CHARGING'],,SUFFICIENT_SOC_RANGE,55.116,169.02,0.57,1.0,VF_8,EV_CAR,87.7,80.68,,False,True,False,train
DE000591,T0022,V0022,2026-09-01T08:26:35.307354299+07:00,DRIVER_REQUEST,True,CHARGING,CHARGING,['CHARGING'],True,VALID_REQUEST,55.116,169.02,0.57,1.0,VF_8,EV_CAR,87.7,80.68,,False,True,False,train
DE000592,T0022,V0022,2026-09-01T08:26:35.307354299+07:00,DRIVER_REQUEST,True,,BATTERY_SWAP,['CHARGING'],False,UNSUPPORTED_SERVICE,55.116,169.02,0.57,1.0,VF_8,EV_CAR,87.7,80.68,,False,True,False,train
DE000593,T0023,V0023,2026-09-01T08:20:28.945875+07:00,AUTO_DETECTED,False,,,['CHARGING'],,SUFFICIENT_SOC_RANGE,67.138,205.89,7.898,1.185,VF_9,EV_CAR,123.0,113.16,,False,True,False,train
DE000594,T0023,V0023,2026-09-01T08:20:28.945875+07:00,DRIVER_REQUEST,True,CHARGING,CHARGING,['CHARGING'],True,VALID_REQUEST,67.138,205.89,7.898,1.185,VF_9,EV_CAR,123.0,113.16,,False,True,False,train
DE000595,T0023,V0023,2026-09-01T08:20:28.945875+07:00,DRIVER_REQUEST,True,,BATTERY_SWAP,['CHARGING'],False,UNSUPPORTED_SERVICE,67.138,205.89,7.898,1.185,VF_9,EV_CAR,123.0,113.16,,False,True,False,train
DE000596,T0023,V0023,2026-09-01T08:23:48.130210576+07:00,AUTO_DETECTED,False,,,['CHARGING'],,SUFFICIENT_SOC_RANGE,66.761,204.73,6.743,1.011,VF_9,EV_CAR,123.0,113.16,,False,True,False,train
DE000597,T0023,V0023,2026-09-01T08:23:48.130210576+07:00,DRIVER_REQUEST,True,CHARGING,CHARGING,['CHARGING'],True,VALID_REQUEST,66.761,204.73,6.743,1.011,VF_9,EV_CAR,123.0,113.16,,False,True,False,train
DE000598,T0023,V0023,2026-09-01T08:23:48.130210576+07:00,DRIVER_REQUEST,True,,BATTERY_SWAP,['CHARGING'],False,UNSUPPORTED_SERVICE,66.761,204.73,6.743,1.011,VF_9,EV_CAR,123.0,113.16,,False,True,False,train
DE000599,T0023,V0023,2026-09-01T08:26:50.859190363+07:00,AUTO_DETECTED,False,,,['CHARGING'],,SUFFICIENT_SOC_RANGE,66.377,203.56,5.566,1.0,VF_9,EV_CAR,123.0,113.16,,False,True,False,train
DE000600,T0023,V0023,2026-09-01T08:26:50.859190363+07:00,DRIVER_REQUEST,True,CHARGING,CHARGING,['CHARGING'],True,VALID_REQUEST,66.377,203.56,5.566,1.0,VF_9,EV_CAR,123.0,113.16,,False,True,False,train
DE000601,T0023,V0023,2026-09-01T08:26:50.859190363+07:00,DRIVER_REQUEST,True,,BATTERY_SWAP,['CHARGING'],False,UNSUPPORTED_SERVICE,66.377,203.56,5.566,1.0,VF_9,EV_CAR,123.0,113.16,,False,True,False,train
DE000602,T0023,V0023,2026-09-01T08:29:09.173147061+07:00,AUTO_DETECTED,False,,,['CHARGING'],,SUFFICIENT_SOC_RANGE,66.029,202.49,4.499,1.0,VF_9,EV_CAR,123.0,113.16,,False,True,False,train
DE000603,T0023,V0023,2026-09-01T08:29:09.173147061+07:00,DRIVER_REQUEST,True,CHARGING,CHARGING,['CHARGING'],True,VALID_REQUEST,66.029,202.49,4.499,1.0,VF_9,EV_CAR,123.0,113.16,,False,True,False,train
DE000604,T0023,V0023,2026-09-01T08:29:09.173147061+07:00,DRIVER_REQUEST,True,,BATTERY_SWAP,['CHARGING'],False,UNSUPPORTED_SERVICE,66.029,202.49,4.499,1.0,VF_9,EV_CAR,123.0,113.16,,False,True,False,train
DE000605,T0023,V0023,2026-09-01T08:31:34.352574164+07:00,AUTO_DETECTED,False,,,['CHARGING'],,SUFFICIENT_SOC_RANGE,65.68,201.42,3.43,1.0,VF_9,EV_CAR,123.0,113.16,,False,True,False,train
DE000606,T0023,V0023,2026-09-01T08:31:34.352574164+07:00,DRIVER_REQUEST,True,CHARGING,CHARGING,['CHARGING'],True,VALID_REQUEST,65.68,201.42,3.43,1.0,VF_9,EV_CAR,123.0,113.16,,False,True,False,train
DE000607,T0023,V0023,2026-09-01T08:31:34.352574164+07:00,DRIVER_REQUEST,True,,BATTERY_SWAP,['CHARGING'],False,UNSUPPORTED_SERVICE,65.68,201.42,3.43,1.0,VF_9,EV_CAR,123.0,113.16,,False,True,False,train
DE000608,T0023,V0023,2026-09-01T08:34:34.307931857+07:00,AUTO_DETECTED,False,,,['CHARGING'],,SUFFICIENT_SOC_RANGE,65.299,200.25,2.261,1.0,VF_9,EV_CAR,123.0,113.16,,False,True,False,train
DE000609,T0023,V0023,2026-09-01T08:34:34.307931857+07:00,DRIVER_REQUEST,True,CHARGING,CHARGING,['CHARGING'],True,VALID_REQUEST,65.299,200.25,2.261,1.0,VF_9,EV_CAR,123.0,113.16,,False,True,False,train
DE000610,T0023,V0023,2026-09-01T08:34:34.307931857+07:00,DRIVER_REQUEST,True,,BATTERY_SWAP,['CHARGING'],False,UNSUPPORTED_SERVICE,65.299,200.25,2.261,1.0,VF_9,EV_CAR,123.0,113.16,,False,True,False,train
DE000611,T0023,V0023,2026-09-01T08:37:12.864281857+07:00,AUTO_DETECTED,False,,,['CHARGING'],,SUFFICIENT_SOC_RANGE,64.956,199.2,1.208,1.0,VF_9,EV_CAR,123.0,113.16,,False,True,False,train
DE000612,T0023,V0023,2026-09-01T08:37:12.864281857+07:00,DRIVER_REQUEST,True,CHARGING,CHARGING,['CHARGING'],True,VALID_REQUEST,64.956,199.2,1.208,1.0,VF_9,EV_CAR,123.0,113.16,,False,True,False,train
DE000613,T0023,V0023,2026-09-01T08:37:12.864281857+07:00,DRIVER_REQUEST,True,,BATTERY_SWAP,['CHARGING'],False,UNSUPPORTED_SERVICE,64.956,199.2,1.208,1.0,VF_9,EV_CAR,123.0,113.16,,False,True,False,train
DE000614,T0023,V0023,2026-09-01T08:39:32.860431857+07:00,AUTO_DETECTED,False,,,['CHARGING'],,SUFFICIENT_SOC_RANGE,64.656,198.28,0.289,1.0,VF_9,EV_CAR,123.0,113.16,,False,True,False,train
DE000615,T0023,V0023,2026-09-01T08:39:32.860431857+07:00,DRIVER_REQUEST,True,CHARGING,CHARGING,['CHARGING'],True,VALID_REQUEST,64.656,198.28,0.289,1.0,VF_9,EV_CAR,123.0,113.16,,False,True,False,train
DE000616,T0023,V0023,2026-09-01T08:39:32.860431857+07:00,DRIVER_REQUEST,True,,BATTERY_SWAP,['CHARGING'],False,UNSUPPORTED_SERVICE,64.656,198.28,0.289,1.0,VF_9,EV_CAR,123.0,113.16,,False,True,False,train
DE000617,T0024,V0024,2026-09-01T08:24:51.395377142+07:00,AUTO_DETECTED,True,CHARGING,,['CHARGING'],,LOW_SOC,11.623,8.32,2.824,1.0,EVO200,EV_MOTORBIKE,3.5,3.22,,False,True,False,train
DE000618,T0024,V0024,2026-09-01T08:24:51.395377142+07:00,DRIVER_REQUEST,True,CHARGING,CHARGING,['CHARGING'],True,VALID_REQUEST,11.623,8.32,2.824,1.0,EVO200,EV_MOTORBIKE,3.5,3.22,,False,True,False,train
DE000619,T0024,V0024,2026-09-01T08:24:51.395377142+07:00,DRIVER_REQUEST,True,,BATTERY_SWAP,['CHARGING'],False,UNSUPPORTED_SERVICE,11.623,8.32,2.824,1.0,EVO200,EV_MOTORBIKE,3.5,3.22,,False,True,False,train
DE000620,T0024,V0024,2026-09-01T08:25:49.741000+07:00,AUTO_DETECTED,True,CHARGING,,['CHARGING'],,LOW_SOC,11.119,7.96,2.464,1.0,EVO200,EV_MOTORBIKE,3.5,3.22,,False,True,False,train
DE000621,T0024,V0024,2026-09-01T08:25:49.741000+07:00,DRIVER_REQUEST,True,CHARGING,CHARGING,['CHARGING'],True,VALID_REQUEST,11.119,7.96,2.464,1.0,EVO200,EV_MOTORBIKE,3.5,3.22,,False,True,False,train
DE000622,T0024,V0024,2026-09-01T08:25:49.741000+07:00,DRIVER_REQUEST,True,,BATTERY_SWAP,['CHARGING'],False,UNSUPPORTED_SERVICE,11.119,7.96,2.464,1.0,EVO200,EV_MOTORBIKE,3.5,3.22,,False,True,False,train
DE000623,T0024,V0024,2026-09-01T08:26:41.028028571+07:00,AUTO_DETECTED,True,CHARGING,,['CHARGING'],,LOW_SOC,10.537,7.54,2.047,1.0,EVO200,EV_MOTORBIKE,3.5,3.22,,False,True,False,train
DE000624,T0024,V0024,2026-09-01T08:26:41.028028571+07:00,DRIVER_REQUEST,True,CHARGING,CHARGING,['CHARGING'],True,VALID_REQUEST,10.537,7.54,2.047,1.0,EVO200,EV_MOTORBIKE,3.5,3.22,,False,True,False,train
DE000625,T0024,V0024,2026-09-01T08:26:41.028028571+07:00,DRIVER_REQUEST,True,,BATTERY_SWAP,['CHARGING'],False,UNSUPPORTED_SERVICE,10.537,7.54,2.047,1.0,EVO200,EV_MOTORBIKE,3.5,3.22,,False,True,False,train
DE000626,T0024,V0024,2026-09-01T08:27:21.618131428+07:00,AUTO_DETECTED,True,CHARGING,,['CHARGING'],,LOW_SOC,10.021,7.17,1.678,1.0,EVO200,EV_MOTORBIKE,3.5,3.22,,False,True,False,train
DE000627,T0024,V0024,2026-09-01T08:27:21.618131428+07:00,DRIVER_REQUEST,True,CHARGING,CHARGING,['CHARGING'],True,VALID_REQUEST,10.021,7.17,1.678,1.0,EVO200,EV_MOTORBIKE,3.5,3.22,,False,True,False,train
DE000628,T0024,V0024,2026-09-01T08:27:21.618131428+07:00,DRIVER_REQUEST,True,,BATTERY_SWAP,['CHARGING'],False,UNSUPPORTED_SERVICE,10.021,7.17,1.678,1.0,EVO200,EV_MOTORBIKE,3.5,3.22,,False,True,False,train
DE000629,T0024,V0024,2026-09-01T08:28:13.099642285+07:00,AUTO_DETECTED,True,CHARGING,,['CHARGING'],,LOW_SOC,9.53,6.82,1.327,1.0,EVO200,EV_MOTORBIKE,3.5,3.22,,False,True,False,train
DE000630,T0024,V0024,2026-09-01T08:28:13.099642285+07:00,DRIVER_REQUEST,True,CHARGING,CHARGING,['CHARGING'],True,VALID_REQUEST,9.53,6.82,1.327,1.0,EVO200,EV_MOTORBIKE,3.5,3.22,,False,True,False,train
DE000631,T0024,V0024,2026-09-01T08:28:13.099642285+07:00,DRIVER_REQUEST,True,,BATTERY_SWAP,['CHARGING'],False,UNSUPPORTED_SERVICE,9.53,6.82,1.327,1.0,EVO200,EV_MOTORBIKE,3.5,3.22,,False,True,False,train
DE000632,T0024,V0024,2026-09-01T08:29:07.490129142+07:00,AUTO_DETECTED,True,CHARGING,,['CHARGING'],,LOW_SOC,9.002,6.44,0.949,1.0,EVO200,EV_MOTORBIKE,3.5,3.22,,False,True,False,train
DE000633,T0024,V0024,2026-09-01T08:29:07.490129142+07:00,DRIVER_REQUEST,True,CHARGING,CHARGING,['CHARGING'],True,VALID_REQUEST,9.002,6.44,0.949,1.0,EVO200,EV_MOTORBIKE,3.5,3.22,,False,True,False,train
DE000634,T0024,V0024,2026-09-01T08:29:07.490129142+07:00,DRIVER_REQUEST,True,,BATTERY_SWAP,['CHARGING'],False,UNSUPPORTED_SERVICE,9.002,6.44,0.949,1.0,EVO200,EV_MOTORBIKE,3.5,3.22,,False,True,False,train
DE000635,T0024,V0024,2026-09-01T08:30:00.491441142+07:00,AUTO_DETECTED,True,CHARGING,,['CHARGING'],,LOW_SOC,8.515,6.09,0.6,1.0,EVO200,EV_MOTORBIKE,3.5,3.22,,False,True,False,train
DE000636,T0024,V0024,2026-09-01T08:30:00.491441142+07:00,DRIVER_REQUEST,True,CHARGING,CHARGING,['CHARGING'],True,VALID_REQUEST,8.515,6.09,0.6,1.0,EVO200,EV_MOTORBIKE,3.5,3.22,,False,True,False,train
DE000637,T0024,V0024,2026-09-01T08:30:00.491441142+07:00,DRIVER_REQUEST,True,,BATTERY_SWAP,['CHARGING'],False,UNSUPPORTED_SERVICE,8.515,6.09,0.6,1.0,EVO200,EV_MOTORBIKE,3.5,3.22,,False,True,False,train
DE000638,T0024,V0024,2026-09-01T08:30:53.619857142+07:00,AUTO_DETECTED,True,CHARGING,,['CHARGING'],,LOW_SOC,7.999,5.72,0.231,1.0,EVO200,EV_MOTORBIKE,3.5,3.22,,False,True,False,train
DE000639,T0024,V0024,2026-09-01T08:30:53.619857142+07:00,DRIVER_REQUEST,True,CHARGING,CHARGING,['CHARGING'],True,VALID_REQUEST,7.999,5.72,0.231,1.0,EVO200,EV_MOTORBIKE,3.5,3.22,,False,True,False,train
DE000640,T0024,V0024,2026-09-01T08:30:53.619857142+07:00,DRIVER_REQUEST,True,,BATTERY_SWAP,['CHARGING'],False,UNSUPPORTED_SERVICE,7.999,5.72,0.231,1.0,EVO200,EV_MOTORBIKE,3.5,3.22,,False,True,False,train
DE000641,T0025,V0025,2026-09-01T08:31:33.360200+07:00,AUTO_DETECTED,True,CHARGING,,['CHARGING'],,LOW_SOC,17.848,54.73,5.274,1.0,VF_E34,EV_CAR,41.9,38.55,,False,True,False,train
DE000642,T0025,V0025,2026-09-01T08:31:33.360200+07:00,DRIVER_REQUEST,True,CHARGING,CHARGING,['CHARGING'],True,VALID_REQUEST,17.848,54.73,5.274,1.0,VF_E34,EV_CAR,41.9,38.55,,False,True,False,train
DE000643,T0025,V0025,2026-09-01T08:31:33.360200+07:00,DRIVER_REQUEST,True,,BATTERY_SWAP,['CHARGING'],False,UNSUPPORTED_SERVICE,17.848,54.73,5.274,1.0,VF_E34,EV_CAR,41.9,38.55,,False,True,False,train
DE000644,T0025,V0025,2026-09-01T08:33:43.737600+07:00,AUTO_DETECTED,True,CHARGING,,['CHARGING'],,LOW_SOC,17.635,54.08,4.622,1.0,VF_E34,EV_CAR,41.9,38.55,,False,True,False,train
DE000645,T0025,V0025,2026-09-01T08:33:43.737600+07:00,DRIVER_REQUEST,True,CHARGING,CHARGING,['CHARGING'],True,VALID_REQUEST,17.635,54.08,4.622,1.0,VF_E34,EV_CAR,41.9,38.55,,False,True,False,train
DE000646,T0025,V0025,2026-09-01T08:33:43.737600+07:00,DRIVER_REQUEST,True,,BATTERY_SWAP,['CHARGING'],False,UNSUPPORTED_SERVICE,17.635,54.08,4.622,1.0,VF_E34,EV_CAR,41.9,38.55,,False,True,False,train
DE000647,T0025,V0025,2026-09-01T08:35:48.386600+07:00,AUTO_DETECTED,True,CHARGING,,['CHARGING'],,LOW_SOC,17.432,53.46,3.999,1.0,VF_E34,EV_CAR,41.9,38.55,,False,True,False,train
DE000648,T0025,V0025,2026-09-01T08:35:48.386600+07:00,DRIVER_REQUEST,True,CHARGING,CHARGING,['CHARGING'],True,VALID_REQUEST,17.432,53.46,3.999,1.0,VF_E34,EV_CAR,41.9,38.55,,False,True,False,train
DE000649,T0025,V0025,2026-09-01T08:35:48.386600+07:00,DRIVER_REQUEST,True,,BATTERY_SWAP,['CHARGING'],False,UNSUPPORTED_SERVICE,17.432,53.46,3.999,1.0,VF_E34,EV_CAR,41.9,38.55,,False,True,False,train
DE000650,T0025,V0025,2026-09-01T08:38:06.027345454+07:00,AUTO_DETECTED,True,CHARGING,,['CHARGING'],,LOW_SOC,17.208,52.77,3.31,1.0,VF_E34,EV_CAR,41.9,38.55,,False,True,False,train
DE000651,T0025,V0025,2026-09-01T08:38:06.027345454+07:00,DRIVER_REQUEST,True,CHARGING,CHARGING,['CHARGING'],True,VALID_REQUEST,17.208,52.77,3.31,1.0,VF_E34,EV_CAR,41.9,38.55,,False,True,False,train
DE000652,T0025,V0025,2026-09-01T08:38:06.027345454+07:00,DRIVER_REQUEST,True,,BATTERY_SWAP,['CHARGING'],False,UNSUPPORTED_SERVICE,17.208,52.77,3.31,1.0,VF_E34,EV_CAR,41.9,38.55,,False,True,False,train
DE000653,T0025,V0025,2026-09-01T08:40:26.843992+07:00,AUTO_DETECTED,True,CHARGING,,['CHARGING'],,LOW_SOC,16.959,52.01,2.548,1.0,VF_E34,EV_CAR,41.9,38.55,,False,True,False,train
DE000654,T0025,V0025,2026-09-01T08:40:26.843992+07:00,DRIVER_REQUEST,True,CHARGING,CHARGING,['CHARGING'],True,VALID_REQUEST,16.959,52.01,2.548,1.0,VF_E34,EV_CAR,41.9,38.55,,False,True,False,train
DE000655,T0025,V0025,2026-09-01T08:40:26.843992+07:00,DRIVER_REQUEST,True,,BATTERY_SWAP,['CHARGING'],False,UNSUPPORTED_SERVICE,16.959,52.01,2.548,1.0,VF_E34,EV_CAR,41.9,38.55,,False,True,False,train
DE000656,T0025,V0025,2026-09-01T08:42:57.562925333+07:00,AUTO_DETECTED,True,CHARGING,,['CHARGING'],,LOW_SOC,16.713,51.25,1.794,1.0,VF_E34,EV_CAR,41.9,38.55,,False,True,False,train
DE000657,T0025,V0025,2026-09-01T08:42:57.562925333+07:00,DRIVER_REQUEST,True,CHARGING,CHARGING,['CHARGING'],True,VALID_REQUEST,16.713,51.25,1.794,1.0,VF_E34,EV_CAR,41.9,38.55,,False,True,False,train
DE000658,T0025,V0025,2026-09-01T08:42:57.562925333+07:00,DRIVER_REQUEST,True,,BATTERY_SWAP,['CHARGING'],False,UNSUPPORTED_SERVICE,16.713,51.25,1.794,1.0,VF_E34,EV_CAR,41.9,38.55,,False,True,False,train
DE000659,T0025,V0025,2026-09-01T08:45:24.525975999+07:00,AUTO_DETECTED,True,CHARGING,,['CHARGING'],,LOW_SOC,16.467,50.5,1.04,1.0,VF_E34,EV_CAR,41.9,38.55,,False,True,False,train
DE000660,T0025,V0025,2026-09-01T08:45:24.525975999+07:00,DRIVER_REQUEST,True,CHARGING,CHARGING,['CHARGING'],True,VALID_REQUEST,16.467,50.5,1.04,1.0,VF_E34,EV_CAR,41.9,38.55,,False,True,False,train
DE000661,T0025,V0025,2026-09-01T08:45:24.525975999+07:00,DRIVER_REQUEST,True,,BATTERY_SWAP,['CHARGING'],False,UNSUPPORTED_SERVICE,16.467,50.5,1.04,1.0,VF_E34,EV_CAR,41.9,38.55,,False,True,False,train
DE000662,T0025,V0025,2026-09-01T08:46:55.065831999+07:00,AUTO_DETECTED,True,CHARGING,,['CHARGING'],,LOW_SOC,16.262,49.87,0.412,1.0,VF_E34,EV_CAR,41.9,38.55,,False,True,False,train
DE000663,T0025,V0025,2026-09-01T08:46:55.065831999+07:00,DRIVER_REQUEST,True,CHARGING,CHARGING,['CHARGING'],True,VALID_REQUEST,16.262,49.87,0.412,1.0,VF_E34,EV_CAR,41.9,38.55,,False,True,False,train
DE000664,T0025,V0025,2026-09-01T08:46:55.065831999+07:00,DRIVER_REQUEST,True,,BATTERY_SWAP,['CHARGING'],False,UNSUPPORTED_SERVICE,16.262,49.87,0.412,1.0,VF_E34,EV_CAR,41.9,38.55,,False,True,False,train
DE000665,T0026,V0006,2026-09-01T08:37:20.336447999+07:00,AUTO_DETECTED,True,,,"['CHARGING', 'BATTERY_SWAP']",,LOW_SOC,15.199,10.88,6.119,1.0,EVO_LITE,EV_MOTORBIKE,1.5,1.38,1.0,True,True,True,train
DE000666,T0026,V0006,2026-09-01T08:37:20.336447999+07:00,DRIVER_REQUEST,True,CHARGING,CHARGING,"['CHARGING', 'BATTERY_SWAP']",True,VALID_REQUEST,15.199,10.88,6.119,1.0,EVO_LITE,EV_MOTORBIKE,1.5,1.38,1.0,True,True,True,train
DE000667,T0026,V0006,2026-09-01T08:37:20.336447999+07:00,DRIVER_REQUEST,True,BATTERY_SWAP,BATTERY_SWAP,"['CHARGING', 'BATTERY_SWAP']",True,VALID_REQUEST,15.199,10.88,6.119,1.0,EVO_LITE,EV_MOTORBIKE,1.5,1.38,1.0,True,True,True,train
DE000668,T0026,V0006,2026-09-01T08:37:20.336447999+07:00,DRIVER_REQUEST,True,,ANY,"['CHARGING', 'BATTERY_SWAP']",True,VALID_REQUEST,15.199,10.88,6.119,1.0,EVO_LITE,EV_MOTORBIKE,1.5,1.38,1.0,True,True,True,train
DE000669,T0026,V0006,2026-09-01T08:38:57.103075199+07:00,AUTO_DETECTED,True,,,"['CHARGING', 'BATTERY_SWAP']",,LOW_SOC,14.211,10.17,5.413,1.0,EVO_LITE,EV_MOTORBIKE,1.5,1.38,1.0,True,True,True,train
DE000670,T0026,V0006,2026-09-01T08:38:57.103075199+07:00,DRIVER_REQUEST,True,CHARGING,CHARGING,"['CHARGING', 'BATTERY_SWAP']",True,VALID_REQUEST,14.211,10.17,5.413,1.0,EVO_LITE,EV_MOTORBIKE,1.5,1.38,1.0,True,True,True,train
DE000671,T0026,V0006,2026-09-01T08:38:57.103075199+07:00,DRIVER_REQUEST,True,BATTERY_SWAP,BATTERY_SWAP,"['CHARGING', 'BATTERY_SWAP']",True,VALID_REQUEST,14.211,10.17,5.413,1.0,EVO_LITE,EV_MOTORBIKE,1.5,1.38,1.0,True,True,True,train
DE000672,T0026,V0006,2026-09-01T08:38:57.103075199+07:00,DRIVER_REQUEST,True,,ANY,"['CHARGING', 'BATTERY_SWAP']",True,VALID_REQUEST,14.211,10.17,5.413,1.0,EVO_LITE,EV_MOTORBIKE,1.5,1.38,1.0,True,True,True,train
DE000673,T0026,V0006,2026-09-01T08:40:48.363495999+07:00,AUTO_DETECTED,True,,,"['CHARGING', 'BATTERY_SWAP']",,LOW_SOC,13.142,9.4,4.648,1.0,EVO_LITE,EV_MOTORBIKE,1.5,1.38,1.0,True,True,True,train
DE000674,T0026,V0006,2026-09-01T08:40:48.363495999+07:00,DRIVER_REQUEST,True,CHARGING,CHARGING,"['CHARGING', 'BATTERY_SWAP']",True,VALID_REQUEST,13.142,9.4,4.648,1.0,EVO_LITE,EV_MOTORBIKE,1.5,1.38,1.0,True,True,True,train
DE000675,T0026,V0006,2026-09-01T08:40:48.363495999+07:00,DRIVER_REQUEST,True,BATTERY_SWAP,BATTERY_SWAP,"['CHARGING', 'BATTERY_SWAP']",True,VALID_REQUEST,13.142,9.4,4.648,1.0,EVO_LITE,EV_MOTORBIKE,1.5,1.38,1.0,True,True,True,train
DE000676,T0026,V0006,2026-09-01T08:40:48.363495999+07:00,DRIVER_REQUEST,True,,ANY,"['CHARGING', 'BATTERY_SWAP']",True,VALID_REQUEST,13.142,9.4,4.648,1.0,EVO_LITE,EV_MOTORBIKE,1.5,1.38,1.0,True,True,True,train
DE000677,T0026,V0006,2026-09-01T08:42:17.053456+07:00,AUTO_DETECTED,True,,,"['CHARGING', 'BATTERY_SWAP']",,LOW_SOC,11.964,8.56,3.805,1.0,EVO_LITE,EV_MOTORBIKE,1.5,1.38,1.0,True,True,True,train
DE000678,T0026,V0006,2026-09-01T08:42:17.053456+07:00,DRIVER_REQUEST,True,CHARGING,CHARGING,"['CHARGING', 'BATTERY_SWAP']",True,VALID_REQUEST,11.964,8.56,3.805,1.0,EVO_LITE,EV_MOTORBIKE,1.5,1.38,1.0,True,True,True,train
DE000679,T0026,V0006,2026-09-01T08:42:17.053456+07:00,DRIVER_REQUEST,True,BATTERY_SWAP,BATTERY_SWAP,"['CHARGING', 'BATTERY_SWAP']",True,VALID_REQUEST,11.964,8.56,3.805,1.0,EVO_LITE,EV_MOTORBIKE,1.5,1.38,1.0,True,True,True,train
DE000680,T0026,V0006,2026-09-01T08:42:17.053456+07:00,DRIVER_REQUEST,True,,ANY,"['CHARGING', 'BATTERY_SWAP']",True,VALID_REQUEST,11.964,8.56,3.805,1.0,EVO_LITE,EV_MOTORBIKE,1.5,1.38,1.0,True,True,True,train
DE000681,T0026,V0006,2026-09-01T08:44:08.856568+07:00,AUTO_DETECTED,True,,,"['CHARGING', 'BATTERY_SWAP']",,LOW_SOC,10.737,7.68,2.926,1.0,EVO_LITE,EV_MOTORBIKE,1.5,1.38,1.0,True,True,True,train
DE000682,T0026,V0006,2026-09-01T08:44:08.856568+07:00,DRIVER_REQUEST,True,CHARGING,CHARGING,"['CHARGING', 'BATTERY_SWAP']",True,VALID_REQUEST,10.737,7.68,2.926,1.0,EVO_LITE,EV_MOTORBIKE,1.5,1.38,1.0,True,True,True,train
DE000683,T0026,V0006,2026-09-01T08:44:08.856568+07:00,DRIVER_REQUEST,True,BATTERY_SWAP,BATTERY_SWAP,"['CHARGING', 'BATTERY_SWAP']",True,VALID_REQUEST,10.737,7.68,2.926,1.0,EVO_LITE,EV_MOTORBIKE,1.5,1.38,1.0,True,True,True,train
DE000684,T0026,V0006,2026-09-01T08:44:08.856568+07:00,DRIVER_REQUEST,True,,ANY,"['CHARGING', 'BATTERY_SWAP']",True,VALID_REQUEST,10.737,7.68,2.926,1.0,EVO_LITE,EV_MOTORBIKE,1.5,1.38,1.0,True,True,True,train
DE000685,T0026,V0006,2026-09-01T08:45:09.695398+07:00,AUTO_DETECTED,True,,,"['CHARGING', 'BATTERY_SWAP']",,LOW_SOC,9.671,6.92,2.164,1.0,EVO_LITE,EV_MOTORBIKE,1.5,1.38,1.0,True,True,True,train
DE000686,T0026,V0006,2026-09-01T08:45:09.695398+07:00,DRIVER_REQUEST,True,CHARGING,CHARGING,"['CHARGING', 'BATTERY_SWAP']",True,VALID_REQUEST,9.671,6.92,2.164,1.0,EVO_LITE,EV_MOTORBIKE,1.5,1.38,1.0,True,True,True,train
DE000687,T0026,V0006,2026-09-01T08:45:09.695398+07:00,DRIVER_REQUEST,True,BATTERY_SWAP,BATTERY_SWAP,"['CHARGING', 'BATTERY_SWAP']",True,VALID_REQUEST,9.671,6.92,2.164,1.0,EVO_LITE,EV_MOTORBIKE,1.5,1.38,1.0,True,True,True,train
DE000688,T0026,V0006,2026-09-01T08:45:09.695398+07:00,DRIVER_REQUEST,True,,ANY,"['CHARGING', 'BATTERY_SWAP']",True,VALID_REQUEST,9.671,6.92,2.164,1.0,EVO_LITE,EV_MOTORBIKE,1.5,1.38,1.0,True,True,True,train
DE000689,T0026,V0006,2026-09-01T08:46:20.641667714+07:00,AUTO_DETECTED,True,,,"['CHARGING', 'BATTERY_SWAP']",,LOW_SOC,8.621,6.17,1.413,1.0,EVO_LITE,EV_MOTORBIKE,1.5,1.38,1.0,True,True,True,train
DE000690,T0026,V0006,2026-09-01T08:46:20.641667714+07:00,DRIVER_REQUEST,True,CHARGING,CHARGING,"['CHARGING', 'BATTERY_SWAP']",True,VALID_REQUEST,8.621,6.17,1.413,1.0,EVO_LITE,EV_MOTORBIKE,1.5,1.38,1.0,True,True,True,train
DE000691,T0026,V0006,2026-09-01T08:46:20.641667714+07:00,DRIVER_REQUEST,True,BATTERY_SWAP,BATTERY_SWAP,"['CHARGING', 'BATTERY_SWAP']",True,VALID_REQUEST,8.621,6.17,1.413,1.0,EVO_LITE,EV_MOTORBIKE,1.5,1.38,1.0,True,True,True,train
DE000692,T0026,V0006,2026-09-01T08:46:20.641667714+07:00,DRIVER_REQUEST,True,,ANY,"['CHARGING', 'BATTERY_SWAP']",True,VALID_REQUEST,8.621,6.17,1.413,1.0,EVO_LITE,EV_MOTORBIKE,1.5,1.38,1.0,True,True,True,train
DE000693,T0026,V0006,2026-09-01T08:47:47.440426857+07:00,AUTO_DETECTED,True,,,"['CHARGING', 'BATTERY_SWAP']",,LOW_SOC,7.428,5.31,0.559,1.0,EVO_LITE,EV_MOTORBIKE,1.5,1.38,1.0,True,True,True,train
DE000694,T0026,V0006,2026-09-01T08:47:47.440426857+07:00,DRIVER_REQUEST,True,CHARGING,CHARGING,"['CHARGING', 'BATTERY_SWAP']",True,VALID_REQUEST,7.428,5.31,0.559,1.0,EVO_LITE,EV_MOTORBIKE,1.5,1.38,1.0,True,True,True,train
DE000695,T0026,V0006,2026-09-01T08:47:47.440426857+07:00,DRIVER_REQUEST,True,BATTERY_SWAP,BATTERY_SWAP,"['CHARGING', 'BATTERY_SWAP']",True,VALID_REQUEST,7.428,5.31,0.559,1.0,EVO_LITE,EV_MOTORBIKE,1.5,1.38,1.0,True,True,True,train
DE000696,T0026,V0006,2026-09-01T08:47:47.440426857+07:00,DRIVER_REQUEST,True,,ANY,"['CHARGING', 'BATTERY_SWAP']",True,VALID_REQUEST,7.428,5.31,0.559,1.0,EVO_LITE,EV_MOTORBIKE,1.5,1.38,1.0,True,True,True,train
DE000697,T0027,V0027,2026-09-01T08:42:32.519903999+07:00,AUTO_DETECTED,True,CHARGING,,['CHARGING'],,LOW_SOC,17.684,12.65,2.751,1.0,EVO200_LITE,EV_MOTORBIKE,3.5,3.22,,False,True,False,train
DE000698,T0027,V0027,2026-09-01T08:42:32.519903999+07:00,DRIVER_REQUEST,True,CHARGING,CHARGING,['CHARGING'],True,VALID_REQUEST,17.684,12.65,2.751,1.0,EVO200_LITE,EV_MOTORBIKE,3.5,3.22,,False,True,False,train
DE000699,T0027,V0027,2026-09-01T08:42:32.519903999+07:00,DRIVER_REQUEST,True,,BATTERY_SWAP,['CHARGING'],False,UNSUPPORTED_SERVICE,17.684,12.65,2.751,1.0,EVO200_LITE,EV_MOTORBIKE,3.5,3.22,,False,True,False,train
DE000700,T0027,V0027,2026-09-01T08:43:26.888617714+07:00,AUTO_DETECTED,True,CHARGING,,['CHARGING'],,LOW_SOC,17.153,12.27,2.37,1.0,EVO200_LITE,EV_MOTORBIKE,3.5,3.22,,False,True,False,train
DE000701,T0027,V0027,2026-09-01T08:43:26.888617714+07:00,DRIVER_REQUEST,True,CHARGING,CHARGING,['CHARGING'],True,VALID_REQUEST,17.153,12.27,2.37,1.0,EVO200_LITE,EV_MOTORBIKE,3.5,3.22,,False,True,False,train
DE000702,T0027,V0027,2026-09-01T08:43:26.888617714+07:00,DRIVER_REQUEST,True,,BATTERY_SWAP,['CHARGING'],False,UNSUPPORTED_SERVICE,17.153,12.27,2.37,1.0,EVO200_LITE,EV_MOTORBIKE,3.5,3.22,,False,True,False,train
DE000703,T0027,V0027,2026-09-01T08:44:18.780421714+07:00,AUTO_DETECTED,True,CHARGING,,['CHARGING'],,LOW_SOC,16.626,11.9,1.993,1.0,EVO200_LITE,EV_MOTORBIKE,3.5,3.22,,False,True,False,train
DE000704,T0027,V0027,2026-09-01T08:44:18.780421714+07:00,DRIVER_REQUEST,True,CHARGING,CHARGING,['CHARGING'],True,VALID_REQUEST,16.626,11.9,1.993,1.0,EVO200_LITE,EV_MOTORBIKE,3.5,3.22,,False,True,False,train
DE000705,T0027,V0027,2026-09-01T08:44:18.780421714+07:00,DRIVER_REQUEST,True,,BATTERY_SWAP,['CHARGING'],False,UNSUPPORTED_SERVICE,16.626,11.9,1.993,1.0,EVO200_LITE,EV_MOTORBIKE,3.5,3.22,,False,True,False,train
DE000706,T0027,V0027,2026-09-01T08:45:04.085056879+07:00,AUTO_DETECTED,True,CHARGING,,['CHARGING'],,LOW_SOC,16.113,11.53,1.626,1.0,EVO200_LITE,EV_MOTORBIKE,3.5,3.22,,False,True,False,train
DE000707,T0027,V0027,2026-09-01T08:45:04.085056879+07:00,DRIVER_REQUEST,True,CHARGING,CHARGING,['CHARGING'],True,VALID_REQUEST,16.113,11.53,1.626,1.0,EVO200_LITE,EV_MOTORBIKE,3.5,3.22,,False,True,False,train
DE000708,T0027,V0027,2026-09-01T08:45:04.085056879+07:00,DRIVER_REQUEST,True,,BATTERY_SWAP,['CHARGING'],False,UNSUPPORTED_SERVICE,16.113,11.53,1.626,1.0,EVO200_LITE,EV_MOTORBIKE,3.5,3.22,,False,True,False,train
DE000709,T0027,V0027,2026-09-01T08:45:42.602358857+07:00,AUTO_DETECTED,True,CHARGING,,['CHARGING'],,LOW_SOC,15.629,11.18,1.28,1.0,EVO200_LITE,EV_MOTORBIKE,3.5,3.22,,False,True,False,train
DE000710,T0027,V0027,2026-09-01T08:45:42.602358857+07:00,DRIVER_REQUEST,True,CHARGING,CHARGING,['CHARGING'],True,VALID_REQUEST,15.629,11.18,1.28,1.0,EVO200_LITE,EV_MOTORBIKE,3.5,3.22,,False,True,False,train
DE000711,T0027,V0027,2026-09-01T08:45:42.602358857+07:00,DRIVER_REQUEST,True,,BATTERY_SWAP,['CHARGING'],False,UNSUPPORTED_SERVICE,15.629,11.18,1.28,1.0,EVO200_LITE,EV_MOTORBIKE,3.5,3.22,,False,True,False,train
DE000712,T0027,V0027,2026-09-01T08:46:31.920693857+07:00,AUTO_DETECTED,True,CHARGING,,['CHARGING'],,LOW_SOC,15.117,10.82,0.914,1.0,EVO200_LITE,EV_MOTORBIKE,3.5,3.22,,False,True,False,train
DE000713,T0027,V0027,2026-09-01T08:46:31.920693857+07:00,DRIVER_REQUEST,True,CHARGING,CHARGING,['CHARGING'],True,VALID_REQUEST,15.117,10.82,0.914,1.0,EVO200_LITE,EV_MOTORBIKE,3.5,3.22,,False,True,False,train
DE000714,T0027,V0027,2026-09-01T08:46:31.920693857+07:00,DRIVER_REQUEST,True,,BATTERY_SWAP,['CHARGING'],False,UNSUPPORTED_SERVICE,15.117,10.82,0.914,1.0,EVO200_LITE,EV_MOTORBIKE,3.5,3.22,,False,True,False,train
DE000715,T0027,V0027,2026-09-01T08:47:21.469892357+07:00,AUTO_DETECTED,True,CHARGING,,['CHARGING'],,LOW_SOC,14.632,10.47,0.567,1.0,EVO200_LITE,EV_MOTORBIKE,3.5,3.22,,False,True,False,train
DE000716,T0027,V0027,2026-09-01T08:47:21.469892357+07:00,DRIVER_REQUEST,True,CHARGING,CHARGING,['CHARGING'],True,VALID_REQUEST,14.632,10.47,0.567,1.0,EVO200_LITE,EV_MOTORBIKE,3.5,3.22,,False,True,False,train
DE000717,T0027,V0027,2026-09-01T08:47:21.469892357+07:00,DRIVER_REQUEST,True,,BATTERY_SWAP,['CHARGING'],False,UNSUPPORTED_SERVICE,14.632,10.47,0.567,1.0,EVO200_LITE,EV_MOTORBIKE,3.5,3.22,,False,True,False,train
DE000718,T0027,V0027,2026-09-01T08:48:11.597390357+07:00,AUTO_DETECTED,True,CHARGING,,['CHARGING'],,LOW_SOC,14.129,10.11,0.206,1.0,EVO200_LITE,EV_MOTORBIKE,3.5,3.22,,False,True,False,train
DE000719,T0027,V0027,2026-09-01T08:48:11.597390357+07:00,DRIVER_REQUEST,True,CHARGING,CHARGING,['CHARGING'],True,VALID_REQUEST,14.129,10.11,0.206,1.0,EVO200_LITE,EV_MOTORBIKE,3.5,3.22,,False,True,False,train
DE000720,T0027,V0027,2026-09-01T08:48:11.597390357+07:00,DRIVER_REQUEST,True,,BATTERY_SWAP,['CHARGING'],False,UNSUPPORTED_SERVICE,14.129,10.11,0.206,1.0,EVO200_LITE,EV_MOTORBIKE,3.5,3.22,,False,True,False,train
DE000721,T0028,V0028,2026-09-01T08:49:19.534159999+07:00,AUTO_DETECTED,True,CHARGING,,['CHARGING'],,LOW_SOC,17.836,54.7,5.753,1.0,VF_3,EV_CAR,18.64,17.15,,False,True,False,validation
DE000722,T0028,V0028,2026-09-01T08:49:19.534159999+07:00,DRIVER_REQUEST,True,CHARGING,CHARGING,['CHARGING'],True,VALID_REQUEST,17.836,54.7,5.753,1.0,VF_3,EV_CAR,18.64,17.15,,False,True,False,validation
DE000723,T0028,V0028,2026-09-01T08:49:19.534159999+07:00,DRIVER_REQUEST,True,,BATTERY_SWAP,['CHARGING'],False,UNSUPPORTED_SERVICE,17.836,54.7,5.753,1.0,VF_3,EV_CAR,18.64,17.15,,False,True,False,validation
DE000724,T0028,V0028,2026-09-01T08:51:07.403216+07:00,AUTO_DETECTED,True,CHARGING,,['CHARGING'],,LOW_SOC,17.592,53.95,5.003,1.0,VF_3,EV_CAR,18.64,17.15,,False,True,False,validation
DE000725,T0028,V0028,2026-09-01T08:51:07.403216+07:00,DRIVER_REQUEST,True,CHARGING,CHARGING,['CHARGING'],True,VALID_REQUEST,17.592,53.95,5.003,1.0,VF_3,EV_CAR,18.64,17.15,,False,True,False,validation
DE000726,T0028,V0028,2026-09-01T08:51:07.403216+07:00,DRIVER_REQUEST,True,,BATTERY_SWAP,['CHARGING'],False,UNSUPPORTED_SERVICE,17.592,53.95,5.003,1.0,VF_3,EV_CAR,18.64,17.15,,False,True,False,validation
DE000727,T0028,V0028,2026-09-01T08:52:53.692063999+07:00,AUTO_DETECTED,True,CHARGING,,['CHARGING'],,LOW_SOC,17.352,53.21,4.265,1.0,VF_3,EV_CAR,18.64,17.15,,False,True,False,validation
DE000728,T0028,V0028,2026-09-01T08:52:53.692063999+07:00,DRIVER_REQUEST,True,CHARGING,CHARGING,['CHARGING'],True,VALID_REQUEST,17.352,53.21,4.265,1.0,VF_3,EV_CAR,18.64,17.15,,False,True,False,validation
DE000729,T0028,V0028,2026-09-01T08:52:53.692063999+07:00,DRIVER_REQUEST,True,,BATTERY_SWAP,['CHARGING'],False,UNSUPPORTED_SERVICE,17.352,53.21,4.265,1.0,VF_3,EV_CAR,18.64,17.15,,False,True,False,validation
DE000730,T0028,V0028,2026-09-01T08:54:44.295357714+07:00,AUTO_DETECTED,True,CHARGING,,['CHARGING'],,LOW_SOC,17.101,52.44,3.497,1.0,VF_3,EV_CAR,18.64,17.15,,False,True,False,validation
DE000731,T0028,V0028,2026-09-01T08:54:44.295357714+07:00,DRIVER_REQUEST,True,CHARGING,CHARGING,['CHARGING'],True,VALID_REQUEST,17.101,52.44,3.497,1.0,VF_3,EV_CAR,18.64,17.15,,False,True,False,validation
DE000732,T0028,V0028,2026-09-01T08:54:44.295357714+07:00,DRIVER_REQUEST,True,,BATTERY_SWAP,['CHARGING'],False,UNSUPPORTED_SERVICE,17.101,52.44,3.497,1.0,VF_3,EV_CAR,18.64,17.15,,False,True,False,validation
DE000733,T0028,V0028,2026-09-01T08:56:45.188255999+07:00,AUTO_DETECTED,True,CHARGING,,['CHARGING'],,LOW_SOC,16.856,51.69,2.746,1.0,VF_3,EV_CAR,18.64,17.15,,False,True,False,validation
DE000734,T0028,V0028,2026-09-01T08:56:45.188255999+07:00,DRIVER_REQUEST,True,CHARGING,CHARGING,['CHARGING'],True,VALID_REQUEST,16.856,51.69,2.746,1.0,VF_3,EV_CAR,18.64,17.15,,False,True,False,validation
DE000735,T0028,V0028,2026-09-01T08:56:45.188255999+07:00,DRIVER_REQUEST,True,,BATTERY_SWAP,['CHARGING'],False,UNSUPPORTED_SERVICE,16.856,51.69,2.746,1.0,VF_3,EV_CAR,18.64,17.15,,False,True,False,validation
DE000736,T0028,V0028,2026-09-01T08:58:44.835119999+07:00,AUTO_DETECTED,True,CHARGING,,['CHARGING'],,LOW_SOC,16.6,50.91,1.959,1.0,VF_3,EV_CAR,18.64,17.15,,False,True,False,validation
DE000737,T0028,V0028,2026-09-01T08:58:44.835119999+07:00,DRIVER_REQUEST,True,CHARGING,CHARGING,['CHARGING'],True,VALID_REQUEST,16.6,50.91,1.959,1.0,VF_3,EV_CAR,18.64,17.15,,False,True,False,validation
DE000738,T0028,V0028,2026-09-01T08:58:44.835119999+07:00,DRIVER_REQUEST,True,,BATTERY_SWAP,['CHARGING'],False,UNSUPPORTED_SERVICE,16.6,50.91,1.959,1.0,VF_3,EV_CAR,18.64,17.15,,False,True,False,validation
DE000739,T0028,V0028,2026-09-01T09:00:56.852603999+07:00,AUTO_DETECTED,True,CHARGING,,['CHARGING'],,LOW_SOC,16.363,50.18,1.233,1.0,VF_3,EV_CAR,18.64,17.15,,False,True,False,validation
DE000740,T0028,V0028,2026-09-01T09:00:56.852603999+07:00,DRIVER_REQUEST,True,CHARGING,CHARGING,['CHARGING'],True,VALID_REQUEST,16.363,50.18,1.233,1.0,VF_3,EV_CAR,18.64,17.15,,False,True,False,validation
DE000741,T0028,V0028,2026-09-01T09:00:56.852603999+07:00,DRIVER_REQUEST,True,,BATTERY_SWAP,['CHARGING'],False,UNSUPPORTED_SERVICE,16.363,50.18,1.233,1.0,VF_3,EV_CAR,18.64,17.15,,False,True,False,validation
DE000742,T0028,V0028,2026-09-01T09:02:44.471903999+07:00,AUTO_DETECTED,True,CHARGING,,['CHARGING'],,LOW_SOC,16.119,49.43,0.485,1.0,VF_3,EV_CAR,18.64,17.15,,False,True,False,validation
DE000743,T0028,V0028,2026-09-01T09:02:44.471903999+07:00,DRIVER_REQUEST,True,CHARGING,CHARGING,['CHARGING'],True,VALID_REQUEST,16.119,49.43,0.485,1.0,VF_3,EV_CAR,18.64,17.15,,False,True,False,validation
DE000744,T0028,V0028,2026-09-01T09:02:44.471903999+07:00,DRIVER_REQUEST,True,,BATTERY_SWAP,['CHARGING'],False,UNSUPPORTED_SERVICE,16.119,49.43,0.485,1.0,VF_3,EV_CAR,18.64,17.15,,False,True,False,validation
DE000745,T0029,V0029,2026-09-01T08:54:36.399663999+07:00,AUTO_DETECTED,True,CHARGING,,['CHARGING'],,LOW_SOC,17.918,54.95,2.869,1.0,VF_5,EV_CAR,37.23,34.25,,False,True,False,train
DE000746,T0029,V0029,2026-09-01T08:54:36.399663999+07:00,DRIVER_REQUEST,True,CHARGING,CHARGING,['CHARGING'],True,VALID_REQUEST,17.918,54.95,2.869,1.0,VF_5,EV_CAR,37.23,34.25,,False,True,False,train
DE000747,T0029,V0029,2026-09-01T08:54:36.399663999+07:00,DRIVER_REQUEST,True,,BATTERY_SWAP,['CHARGING'],False,UNSUPPORTED_SERVICE,17.918,54.95,2.869,1.0,VF_5,EV_CAR,37.23,34.25,,False,True,False,train
DE000748,T0029,V0029,2026-09-01T08:55:31.471638857+07:00,AUTO_DETECTED,True,CHARGING,,['CHARGING'],,LOW_SOC,17.793,54.56,2.487,1.0,VF_5,EV_CAR,37.23,34.25,,False,True,False,train
DE000749,T0029,V0029,2026-09-01T08:55:31.471638857+07:00,DRIVER_REQUEST,True,CHARGING,CHARGING,['CHARGING'],True,VALID_REQUEST,17.793,54.56,2.487,1.0,VF_5,EV_CAR,37.23,34.25,,False,True,False,train
DE000750,T0029,V0029,2026-09-01T08:55:31.471638857+07:00,DRIVER_REQUEST,True,,BATTERY_SWAP,['CHARGING'],False,UNSUPPORTED_SERVICE,17.793,54.56,2.487,1.0,VF_5,EV_CAR,37.23,34.25,,False,True,False,train
DE000751,T0029,V0029,2026-09-01T08:56:17.356539428+07:00,AUTO_DETECTED,True,CHARGING,,['CHARGING'],,LOW_SOC,17.689,54.25,2.168,1.0,VF_5,EV_CAR,37.23,34.25,,False,True,False,train
DE000752,T0029,V0029,2026-09-01T08:56:17.356539428+07:00,DRIVER_REQUEST,True,CHARGING,CHARGING,['CHARGING'],True,VALID_REQUEST,17.689,54.25,2.168,1.0,VF_5,EV_CAR,37.23,34.25,,False,True,False,train
DE000753,T0029,V0029,2026-09-01T08:56:17.356539428+07:00,DRIVER_REQUEST,True,,BATTERY_SWAP,['CHARGING'],False,UNSUPPORTED_SERVICE,17.689,54.25,2.168,1.0,VF_5,EV_CAR,37.23,34.25,,False,True,False,train
DE000754,T0029,V0029,2026-09-01T08:57:10.913327999+07:00,AUTO_DETECTED,True,CHARGING,,['CHARGING'],,LOW_SOC,17.568,53.87,1.796,1.0,VF_5,EV_CAR,37.23,34.25,,False,True,False,train
DE000755,T0029,V0029,2026-09-01T08:57:10.913327999+07:00,DRIVER_REQUEST,True,CHARGING,CHARGING,['CHARGING'],True,VALID_REQUEST,17.568,53.87,1.796,1.0,VF_5,EV_CAR,37.23,34.25,,False,True,False,train
DE000756,T0029,V0029,2026-09-01T08:57:10.913327999+07:00,DRIVER_REQUEST,True,,BATTERY_SWAP,['CHARGING'],False,UNSUPPORTED_SERVICE,17.568,53.87,1.796,1.0,VF_5,EV_CAR,37.23,34.25,,False,True,False,train
DE000757,T0029,V0029,2026-09-01T08:58:02.471807999+07:00,AUTO_DETECTED,True,CHARGING,,['CHARGING'],,LOW_SOC,17.451,53.52,1.438,1.0,VF_5,EV_CAR,37.23,34.25,,False,True,False,train
DE000758,T0029,V0029,2026-09-01T08:58:02.471807999+07:00,DRIVER_REQUEST,True,CHARGING,CHARGING,['CHARGING'],True,VALID_REQUEST,17.451,53.52,1.438,1.0,VF_5,EV_CAR,37.23,34.25,,False,True,False,train
DE000759,T0029,V0029,2026-09-01T08:58:02.471807999+07:00,DRIVER_REQUEST,True,,BATTERY_SWAP,['CHARGING'],False,UNSUPPORTED_SERVICE,17.451,53.52,1.438,1.0,VF_5,EV_CAR,37.23,34.25,,False,True,False,train
DE000760,T0029,V0029,2026-09-01T08:59:01.618656+07:00,AUTO_DETECTED,True,CHARGING,,['CHARGING'],,LOW_SOC,17.317,53.11,1.028,1.0,VF_5,EV_CAR,37.23,34.25,,False,True,False,train
DE000761,T0029,V0029,2026-09-01T08:59:01.618656+07:00,DRIVER_REQUEST,True,CHARGING,CHARGING,['CHARGING'],True,VALID_REQUEST,17.317,53.11,1.028,1.0,VF_5,EV_CAR,37.23,34.25,,False,True,False,train
DE000762,T0029,V0029,2026-09-01T08:59:01.618656+07:00,DRIVER_REQUEST,True,,BATTERY_SWAP,['CHARGING'],False,UNSUPPORTED_SERVICE,17.317,53.11,1.028,1.0,VF_5,EV_CAR,37.23,34.25,,False,True,False,train
DE000763,T0029,V0029,2026-09-01T09:00:00.999120+07:00,AUTO_DETECTED,True,CHARGING,,['CHARGING'],,LOW_SOC,17.183,52.69,0.615,1.0,VF_5,EV_CAR,37.23,34.25,,False,True,False,train
DE000764,T0029,V0029,2026-09-01T09:00:00.999120+07:00,DRIVER_REQUEST,True,CHARGING,CHARGING,['CHARGING'],True,VALID_REQUEST,17.183,52.69,0.615,1.0,VF_5,EV_CAR,37.23,34.25,,False,True,False,train
DE000765,T0029,V0029,2026-09-01T09:00:00.999120+07:00,DRIVER_REQUEST,True,,BATTERY_SWAP,['CHARGING'],False,UNSUPPORTED_SERVICE,17.183,52.69,0.615,1.0,VF_5,EV_CAR,37.23,34.25,,False,True,False,train
DE000766,T0029,V0029,2026-09-01T09:00:56.728656+07:00,AUTO_DETECTED,True,CHARGING,,['CHARGING'],,LOW_SOC,17.056,52.31,0.228,1.0,VF_5,EV_CAR,37.23,34.25,,False,True,False,train
DE000767,T0029,V0029,2026-09-01T09:00:56.728656+07:00,DRIVER_REQUEST,True,CHARGING,CHARGING,['CHARGING'],True,VALID_REQUEST,17.056,52.31,0.228,1.0,VF_5,EV_CAR,37.23,34.25,,False,True,False,train
DE000768,T0029,V0029,2026-09-01T09:00:56.728656+07:00,DRIVER_REQUEST,True,,BATTERY_SWAP,['CHARGING'],False,UNSUPPORTED_SERVICE,17.056,52.31,0.228,1.0,VF_5,EV_CAR,37.23,34.25,,False,True,False,train
DE000769,T0030,V0030,2026-09-01T09:01:15.547767999+07:00,AUTO_DETECTED,True,CHARGING,,['CHARGING'],,LOW_SOC,17.442,12.48,4.4,1.0,FELIZ_S,EV_MOTORBIKE,3.5,3.22,,False,True,False,train
DE000770,T0030,V0030,2026-09-01T09:01:15.547767999+07:00,DRIVER_REQUEST,True,CHARGING,CHARGING,['CHARGING'],True,VALID_REQUEST,17.442,12.48,4.4,1.0,FELIZ_S,EV_MOTORBIKE,3.5,3.22,,False,True,False,train
DE000771,T0030,V0030,2026-09-01T09:01:15.547767999+07:00,DRIVER_REQUEST,True,,BATTERY_SWAP,['CHARGING'],False,UNSUPPORTED_SERVICE,17.442,12.48,4.4,1.0,FELIZ_S,EV_MOTORBIKE,3.5,3.22,,False,True,False,train
DE000772,T0030,V0030,2026-09-01T09:02:47.832923999+07:00,AUTO_DETECTED,True,CHARGING,,['CHARGING'],,LOW_SOC,16.678,11.93,3.854,1.0,FELIZ_S,EV_MOTORBIKE,3.5,3.22,,False,True,False,train
DE000773,T0030,V0030,2026-09-01T09:02:47.832923999+07:00,DRIVER_REQUEST,True,CHARGING,CHARGING,['CHARGING'],True,VALID_REQUEST,16.678,11.93,3.854,1.0,FELIZ_S,EV_MOTORBIKE,3.5,3.22,,False,True,False,train
DE000774,T0030,V0030,2026-09-01T09:02:47.832923999+07:00,DRIVER_REQUEST,True,,BATTERY_SWAP,['CHARGING'],False,UNSUPPORTED_SERVICE,16.678,11.93,3.854,1.0,FELIZ_S,EV_MOTORBIKE,3.5,3.22,,False,True,False,train
DE000775,T0030,V0030,2026-09-01T09:04:28.295932+07:00,AUTO_DETECTED,True,CHARGING,,['CHARGING'],,LOW_SOC,15.805,11.31,3.229,1.0,FELIZ_S,EV_MOTORBIKE,3.5,3.22,,False,True,False,train
DE000776,T0030,V0030,2026-09-01T09:04:28.295932+07:00,DRIVER_REQUEST,True,CHARGING,CHARGING,['CHARGING'],True,VALID_REQUEST,15.805,11.31,3.229,1.0,FELIZ_S,EV_MOTORBIKE,3.5,3.22,,False,True,False,train
DE000777,T0030,V0030,2026-09-01T09:04:28.295932+07:00,DRIVER_REQUEST,True,,BATTERY_SWAP,['CHARGING'],False,UNSUPPORTED_SERVICE,15.805,11.31,3.229,1.0,FELIZ_S,EV_MOTORBIKE,3.5,3.22,,False,True,False,train
DE000778,T0030,V0030,2026-09-01T09:06:11.114498+07:00,AUTO_DETECTED,True,CHARGING,,['CHARGING'],,LOW_SOC,15.007,10.74,2.658,1.0,FELIZ_S,EV_MOTORBIKE,3.5,3.22,,False,True,False,train
DE000779,T0030,V0030,2026-09-01T09:06:11.114498+07:00,DRIVER_REQUEST,True,CHARGING,CHARGING,['CHARGING'],True,VALID_REQUEST,15.007,10.74,2.658,1.0,FELIZ_S,EV_MOTORBIKE,3.5,3.22,,False,True,False,train
DE000780,T0030,V0030,2026-09-01T09:06:11.114498+07:00,DRIVER_REQUEST,True,,BATTERY_SWAP,['CHARGING'],False,UNSUPPORTED_SERVICE,15.007,10.74,2.658,1.0,FELIZ_S,EV_MOTORBIKE,3.5,3.22,,False,True,False,train
DE000781,T0030,V0030,2026-09-01T09:08:11.247698+07:00,AUTO_DETECTED,True,CHARGING,,['CHARGING'],,LOW_SOC,14.167,10.14,2.057,1.0,FELIZ_S,EV_MOTORBIKE,3.5,3.22,,False,True,False,train
DE000782,T0030,V0030,2026-09-01T09:08:11.247698+07:00,DRIVER_REQUEST,True,CHARGING,CHARGING,['CHARGING'],True,VALID_REQUEST,14.167,10.14,2.057,1.0,FELIZ_S,EV_MOTORBIKE,3.5,3.22,,False,True,False,train
DE000783,T0030,V0030,2026-09-01T09:08:11.247698+07:00,DRIVER_REQUEST,True,,BATTERY_SWAP,['CHARGING'],False,UNSUPPORTED_SERVICE,14.167,10.14,2.057,1.0,FELIZ_S,EV_MOTORBIKE,3.5,3.22,,False,True,False,train
DE000784,T0030,V0030,2026-09-01T09:09:52.338898+07:00,AUTO_DETECTED,True,CHARGING,,['CHARGING'],,LOW_SOC,13.461,9.63,1.552,1.0,FELIZ_S,EV_MOTORBIKE,3.5,3.22,,False,True,False,train
DE000785,T0030,V0030,2026-09-01T09:09:52.338898+07:00,DRIVER_REQUEST,True,CHARGING,CHARGING,['CHARGING'],True,VALID_REQUEST,13.461,9.63,1.552,1.0,FELIZ_S,EV_MOTORBIKE,3.5,3.22,,False,True,False,train
DE000786,T0030,V0030,2026-09-01T09:09:52.338898+07:00,DRIVER_REQUEST,True,,BATTERY_SWAP,['CHARGING'],False,UNSUPPORTED_SERVICE,13.461,9.63,1.552,1.0,FELIZ_S,EV_MOTORBIKE,3.5,3.22,,False,True,False,train
DE000787,T0030,V0030,2026-09-01T09:11:38.026964666+07:00,AUTO_DETECTED,True,CHARGING,,['CHARGING'],,LOW_SOC,12.722,9.1,1.023,1.0,FELIZ_S,EV_MOTORBIKE,3.5,3.22,,False,True,False,train
DE000788,T0030,V0030,2026-09-01T09:11:38.026964666+07:00,DRIVER_REQUEST,True,CHARGING,CHARGING,['CHARGING'],True,VALID_REQUEST,12.722,9.1,1.023,1.0,FELIZ_S,EV_MOTORBIKE,3.5,3.22,,False,True,False,train
DE000789,T0030,V0030,2026-09-01T09:11:38.026964666+07:00,DRIVER_REQUEST,True,,BATTERY_SWAP,['CHARGING'],False,UNSUPPORTED_SERVICE,12.722,9.1,1.023,1.0,FELIZ_S,EV_MOTORBIKE,3.5,3.22,,False,True,False,train
DE000790,T0030,V0030,2026-09-01T09:13:42.319498+07:00,AUTO_DETECTED,True,CHARGING,,['CHARGING'],,LOW_SOC,11.854,8.48,0.402,1.0,FELIZ_S,EV_MOTORBIKE,3.5,3.22,,False,True,False,train
DE000791,T0030,V0030,2026-09-01T09:13:42.319498+07:00,DRIVER_REQUEST,True,CHARGING,CHARGING,['CHARGING'],True,VALID_REQUEST,11.854,8.48,0.402,1.0,FELIZ_S,EV_MOTORBIKE,3.5,3.22,,False,True,False,train
DE000792,T0030,V0030,2026-09-01T09:13:42.319498+07:00,DRIVER_REQUEST,True,,BATTERY_SWAP,['CHARGING'],False,UNSUPPORTED_SERVICE,11.854,8.48,0.402,1.0,FELIZ_S,EV_MOTORBIKE,3.5,3.22,,False,True,False,train
DE000793,T0031,V0031,2026-09-01T09:06:51.764559999+07:00,AUTO_DETECTED,True,CHARGING,,['CHARGING'],,LOW_SOC,17.916,54.94,3.032,1.0,VF_6,EV_CAR,59.6,54.83,,False,True,False,train
DE000794,T0031,V0031,2026-09-01T09:06:51.764559999+07:00,DRIVER_REQUEST,True,CHARGING,CHARGING,['CHARGING'],True,VALID_REQUEST,17.916,54.94,3.032,1.0,VF_6,EV_CAR,59.6,54.83,,False,True,False,train
DE000795,T0031,V0031,2026-09-01T09:06:51.764559999+07:00,DRIVER_REQUEST,True,,BATTERY_SWAP,['CHARGING'],False,UNSUPPORTED_SERVICE,17.916,54.94,3.032,1.0,VF_6,EV_CAR,59.6,54.83,,False,True,False,train
DE000796,T0031,V0031,2026-09-01T09:08:10.471400+07:00,AUTO_DETECTED,True,CHARGING,,['CHARGING'],,LOW_SOC,17.787,54.55,2.639,1.0,VF_6,EV_CAR,59.6,54.83,,False,True,False,train
DE000797,T0031,V0031,2026-09-01T09:08:10.471400+07:00,DRIVER_REQUEST,True,CHARGING,CHARGING,['CHARGING'],True,VALID_REQUEST,17.787,54.55,2.639,1.0,VF_6,EV_CAR,59.6,54.83,,False,True,False,train
DE000798,T0031,V0031,2026-09-01T09:08:10.471400+07:00,DRIVER_REQUEST,True,,BATTERY_SWAP,['CHARGING'],False,UNSUPPORTED_SERVICE,17.787,54.55,2.639,1.0,VF_6,EV_CAR,59.6,54.83,,False,True,False,train
DE000799,T0031,V0031,2026-09-01T09:09:10.366733333+07:00,AUTO_DETECTED,True,CHARGING,,['CHARGING'],,LOW_SOC,17.69,54.25,2.339,1.0,VF_6,EV_CAR,59.6,54.83,,False,True,False,train
DE000800,T0031,V0031,2026-09-01T09:09:10.366733333+07:00,DRIVER_REQUEST,True,CHARGING,CHARGING,['CHARGING'],True,VALID_REQUEST,17.69,54.25,2.339,1.0,VF_6,EV_CAR,59.6,54.83,,False,True,False,train
DE000801,T0031,V0031,2026-09-01T09:09:10.366733333+07:00,DRIVER_REQUEST,True,,BATTERY_SWAP,['CHARGING'],False,UNSUPPORTED_SERVICE,17.69,54.25,2.339,1.0,VF_6,EV_CAR,59.6,54.83,,False,True,False,train
DE000802,T0031,V0031,2026-09-01T09:10:15.478848+07:00,AUTO_DETECTED,True,CHARGING,,['CHARGING'],,LOW_SOC,17.548,53.81,1.904,1.0,VF_6,EV_CAR,59.6,54.83,,False,True,False,train
DE000803,T0031,V0031,2026-09-01T09:10:15.478848+07:00,DRIVER_REQUEST,True,CHARGING,CHARGING,['CHARGING'],True,VALID_REQUEST,17.548,53.81,1.904,1.0,VF_6,EV_CAR,59.6,54.83,,False,True,False,train
DE000804,T0031,V0031,2026-09-01T09:10:15.478848+07:00,DRIVER_REQUEST,True,,BATTERY_SWAP,['CHARGING'],False,UNSUPPORTED_SERVICE,17.548,53.81,1.904,1.0,VF_6,EV_CAR,59.6,54.83,,False,True,False,train
DE000805,T0031,V0031,2026-09-01T09:11:13.439040+07:00,AUTO_DETECTED,True,CHARGING,,['CHARGING'],,LOW_SOC,17.416,53.41,1.501,1.0,VF_6,EV_CAR,59.6,54.83,,False,True,False,train
DE000806,T0031,V0031,2026-09-01T09:11:13.439040+07:00,DRIVER_REQUEST,True,CHARGING,CHARGING,['CHARGING'],True,VALID_REQUEST,17.416,53.41,1.501,1.0,VF_6,EV_CAR,59.6,54.83,,False,True,False,train
DE000807,T0031,V0031,2026-09-01T09:11:13.439040+07:00,DRIVER_REQUEST,True,,BATTERY_SWAP,['CHARGING'],False,UNSUPPORTED_SERVICE,17.416,53.41,1.501,1.0,VF_6,EV_CAR,59.6,54.83,,False,True,False,train
DE000808,T0031,V0031,2026-09-01T09:12:17.432498938+07:00,AUTO_DETECTED,True,CHARGING,,['CHARGING'],,LOW_SOC,17.268,52.96,1.046,1.0,VF_6,EV_CAR,59.6,54.83,,False,True,False,train
DE000809,T0031,V0031,2026-09-01T09:12:17.432498938+07:00,DRIVER_REQUEST,True,CHARGING,CHARGING,['CHARGING'],True,VALID_REQUEST,17.268,52.96,1.046,1.0,VF_6,EV_CAR,59.6,54.83,,False,True,False,train
DE000810,T0031,V0031,2026-09-01T09:12:17.432498938+07:00,DRIVER_REQUEST,True,,BATTERY_SWAP,['CHARGING'],False,UNSUPPORTED_SERVICE,17.268,52.96,1.046,1.0,VF_6,EV_CAR,59.6,54.83,,False,True,False,train
DE000811,T0031,V0031,2026-09-01T09:12:56.684537766+07:00,AUTO_DETECTED,True,CHARGING,,['CHARGING'],,LOW_SOC,17.145,52.58,0.67,1.0,VF_6,EV_CAR,59.6,54.83,,False,True,False,train
DE000812,T0031,V0031,2026-09-01T09:12:56.684537766+07:00,DRIVER_REQUEST,True,CHARGING,CHARGING,['CHARGING'],True,VALID_REQUEST,17.145,52.58,0.67,1.0,VF_6,EV_CAR,59.6,54.83,,False,True,False,train
DE000813,T0031,V0031,2026-09-01T09:12:56.684537766+07:00,DRIVER_REQUEST,True,,BATTERY_SWAP,['CHARGING'],False,UNSUPPORTED_SERVICE,17.145,52.58,0.67,1.0,VF_6,EV_CAR,59.6,54.83,,False,True,False,train
DE000814,T0031,V0031,2026-09-01T09:13:39.710578285+07:00,AUTO_DETECTED,True,CHARGING,,['CHARGING'],,LOW_SOC,17.009,52.16,0.252,1.0,VF_6,EV_CAR,59.6,54.83,,False,True,False,train
DE000815,T0031,V0031,2026-09-01T09:13:39.710578285+07:00,DRIVER_REQUEST,True,CHARGING,CHARGING,['CHARGING'],True,VALID_REQUEST,17.009,52.16,0.252,1.0,VF_6,EV_CAR,59.6,54.83,,False,True,False,train
DE000816,T0031,V0031,2026-09-01T09:13:39.710578285+07:00,DRIVER_REQUEST,True,,BATTERY_SWAP,['CHARGING'],False,UNSUPPORTED_SERVICE,17.009,52.16,0.252,1.0,VF_6,EV_CAR,59.6,54.83,,False,True,False,train
DE000817,T0032,V0032,2026-09-01T09:13:58.700435999+07:00,AUTO_DETECTED,True,CHARGING,,['CHARGING'],,LOW_SOC,17.767,54.49,6.359,1.0,VF_7_ECO,EV_CAR,59.6,54.83,,False,True,False,train
DE000818,T0032,V0032,2026-09-01T09:13:58.700435999+07:00,DRIVER_REQUEST,True,CHARGING,CHARGING,['CHARGING'],True,VALID_REQUEST,17.767,54.49,6.359,1.0,VF_7_ECO,EV_CAR,59.6,54.83,,False,True,False,train
DE000819,T0032,V0032,2026-09-01T09:13:58.700435999+07:00,DRIVER_REQUEST,True,,BATTERY_SWAP,['CHARGING'],False,UNSUPPORTED_SERVICE,17.767,54.49,6.359,1.0,VF_7_ECO,EV_CAR,59.6,54.83,,False,True,False,train
DE000820,T0032,V0032,2026-09-01T09:17:01.868640+07:00,AUTO_DETECTED,True,CHARGING,,['CHARGING'],,LOW_SOC,17.415,53.41,5.396,1.0,VF_7_ECO,EV_CAR,59.6,54.83,,False,True,False,train
DE000821,T0032,V0032,2026-09-01T09:17:01.868640+07:00,DRIVER_REQUEST,True,CHARGING,CHARGING,['CHARGING'],True,VALID_REQUEST,17.415,53.41,5.396,1.0,VF_7_ECO,EV_CAR,59.6,54.83,,False,True,False,train
DE000822,T0032,V0032,2026-09-01T09:17:01.868640+07:00,DRIVER_REQUEST,True,,BATTERY_SWAP,['CHARGING'],False,UNSUPPORTED_SERVICE,17.415,53.41,5.396,1.0,VF_7_ECO,EV_CAR,59.6,54.83,,False,True,False,train
DE000823,T0032,V0032,2026-09-01T09:19:43.115340800+07:00,AUTO_DETECTED,True,CHARGING,,['CHARGING'],,LOW_SOC,17.084,52.39,4.49,1.0,VF_7_ECO,EV_CAR,59.6,54.83,,False,True,False,train
DE000824,T0032,V0032,2026-09-01T09:19:43.115340800+07:00,DRIVER_REQUEST,True,CHARGING,CHARGING,['CHARGING'],True,VALID_REQUEST,17.084,52.39,4.49,1.0,VF_7_ECO,EV_CAR,59.6,54.83,,False,True,False,train
DE000825,T0032,V0032,2026-09-01T09:19:43.115340800+07:00,DRIVER_REQUEST,True,,BATTERY_SWAP,['CHARGING'],False,UNSUPPORTED_SERVICE,17.084,52.39,4.49,1.0,VF_7_ECO,EV_CAR,59.6,54.83,,False,True,False,train
DE000826,T0032,V0032,2026-09-01T09:22:19.151920+07:00,AUTO_DETECTED,True,CHARGING,,['CHARGING'],,LOW_SOC,16.752,51.37,3.579,1.0,VF_7_ECO,EV_CAR,59.6,54.83,,False,True,False,train
DE000827,T0032,V0032,2026-09-01T09:22:19.151920+07:00,DRIVER_REQUEST,True,CHARGING,CHARGING,['CHARGING'],True,VALID_REQUEST,16.752,51.37,3.579,1.0,VF_7_ECO,EV_CAR,59.6,54.83,,False,True,False,train
DE000828,T0032,V0032,2026-09-01T09:22:19.151920+07:00,DRIVER_REQUEST,True,,BATTERY_SWAP,['CHARGING'],False,UNSUPPORTED_SERVICE,16.752,51.37,3.579,1.0,VF_7_ECO,EV_CAR,59.6,54.83,,False,True,False,train
DE000829,T0032,V0032,2026-09-01T09:24:27.265151999+07:00,AUTO_DETECTED,True,CHARGING,,['CHARGING'],,LOW_SOC,16.505,50.62,2.904,1.0,VF_7_ECO,EV_CAR,59.6,54.83,,False,True,False,train
DE000830,T0032,V0032,2026-09-01T09:24:27.265151999+07:00,DRIVER_REQUEST,True,CHARGING,CHARGING,['CHARGING'],True,VALID_REQUEST,16.505,50.62,2.904,1.0,VF_7_ECO,EV_CAR,59.6,54.83,,False,True,False,train
DE000831,T0032,V0032,2026-09-01T09:24:27.265151999+07:00,DRIVER_REQUEST,True,,BATTERY_SWAP,['CHARGING'],False,UNSUPPORTED_SERVICE,16.505,50.62,2.904,1.0,VF_7_ECO,EV_CAR,59.6,54.83,,False,True,False,train
DE000832,T0032,V0032,2026-09-01T09:26:40.160383999+07:00,AUTO_DETECTED,True,CHARGING,,['CHARGING'],,LOW_SOC,16.25,49.83,2.205,1.0,VF_7_ECO,EV_CAR,59.6,54.83,,False,True,False,train
DE000833,T0032,V0032,2026-09-01T09:26:40.160383999+07:00,DRIVER_REQUEST,True,CHARGING,CHARGING,['CHARGING'],True,VALID_REQUEST,16.25,49.83,2.205,1.0,VF_7_ECO,EV_CAR,59.6,54.83,,False,True,False,train
DE000834,T0032,V0032,2026-09-01T09:26:40.160383999+07:00,DRIVER_REQUEST,True,,BATTERY_SWAP,['CHARGING'],False,UNSUPPORTED_SERVICE,16.25,49.83,2.205,1.0,VF_7_ECO,EV_CAR,59.6,54.83,,False,True,False,train
DE000835,T0032,V0032,2026-09-01T09:29:02.226329999+07:00,AUTO_DETECTED,True,CHARGING,,['CHARGING'],,LOW_SOC,15.974,48.99,1.451,1.0,VF_7_ECO,EV_CAR,59.6,54.83,,False,True,False,train
DE000836,T0032,V0032,2026-09-01T09:29:02.226329999+07:00,DRIVER_REQUEST,True,CHARGING,CHARGING,['CHARGING'],True,VALID_REQUEST,15.974,48.99,1.451,1.0,VF_7_ECO,EV_CAR,59.6,54.83,,False,True,False,train
DE000837,T0032,V0032,2026-09-01T09:29:02.226329999+07:00,DRIVER_REQUEST,True,,BATTERY_SWAP,['CHARGING'],False,UNSUPPORTED_SERVICE,15.974,48.99,1.451,1.0,VF_7_ECO,EV_CAR,59.6,54.83,,False,True,False,train
DE000838,T0032,V0032,2026-09-01T09:31:44.403611999+07:00,AUTO_DETECTED,True,CHARGING,,['CHARGING'],,LOW_SOC,15.666,48.04,0.605,1.0,VF_7_ECO,EV_CAR,59.6,54.83,,False,True,False,train
DE000839,T0032,V0032,2026-09-01T09:31:44.403611999+07:00,DRIVER_REQUEST,True,CHARGING,CHARGING,['CHARGING'],True,VALID_REQUEST,15.666,48.04,0.605,1.0,VF_7_ECO,EV_CAR,59.6,54.83,,False,True,False,train
DE000840,T0032,V0032,2026-09-01T09:31:44.403611999+07:00,DRIVER_REQUEST,True,,BATTERY_SWAP,['CHARGING'],False,UNSUPPORTED_SERVICE,15.666,48.04,0.605,1.0,VF_7_ECO,EV_CAR,59.6,54.83,,False,True,False,train
DE000841,T0033,V0033,2026-09-01T09:19:56.880200+07:00,AUTO_DETECTED,True,CHARGING,,['CHARGING'],,LOW_SOC_AND_INSUFFICIENT_RANGE,6.183,4.42,6.069,1.0,KLARA_S_2022,EV_MOTORBIKE,3.5,3.22,,False,True,False,train
DE000842,T0033,V0033,2026-09-01T09:19:56.880200+07:00,DRIVER_REQUEST,True,CHARGING,CHARGING,['CHARGING'],True,VALID_REQUEST,6.183,4.42,6.069,1.0,KLARA_S_2022,EV_MOTORBIKE,3.5,3.22,,False,True,False,train
DE000843,T0033,V0033,2026-09-01T09:19:56.880200+07:00,DRIVER_REQUEST,True,,BATTERY_SWAP,['CHARGING'],False,UNSUPPORTED_SERVICE,6.183,4.42,6.069,1.0,KLARA_S_2022,EV_MOTORBIKE,3.5,3.22,,False,True,False,train
DE000844,T0033,V0033,2026-09-01T09:22:20.208400+07:00,AUTO_DETECTED,True,CHARGING,,['CHARGING'],,LOW_SOC_AND_INSUFFICIENT_RANGE,5.182,3.71,5.353,1.0,KLARA_S_2022,EV_MOTORBIKE,3.5,3.22,,False,True,False,train
DE000845,T0033,V0033,2026-09-01T09:22:20.208400+07:00,DRIVER_REQUEST,True,CHARGING,CHARGING,['CHARGING'],True,VALID_REQUEST,5.182,3.71,5.353,1.0,KLARA_S_2022,EV_MOTORBIKE,3.5,3.22,,False,True,False,train
DE000846,T0033,V0033,2026-09-01T09:22:20.208400+07:00,DRIVER_REQUEST,True,,BATTERY_SWAP,['CHARGING'],False,UNSUPPORTED_SERVICE,5.182,3.71,5.353,1.0,KLARA_S_2022,EV_MOTORBIKE,3.5,3.22,,False,True,False,train
DE000847,T0033,V0033,2026-09-01T09:23:41.416852500+07:00,AUTO_DETECTED,True,CHARGING,,['CHARGING'],,LOW_SOC_AND_INSUFFICIENT_RANGE,4.201,3.01,4.651,1.0,KLARA_S_2022,EV_MOTORBIKE,3.5,3.22,,False,True,False,train
DE000848,T0033,V0033,2026-09-01T09:23:41.416852500+07:00,DRIVER_REQUEST,True,CHARGING,CHARGING,['CHARGING'],True,VALID_REQUEST,4.201,3.01,4.651,1.0,KLARA_S_2022,EV_MOTORBIKE,3.5,3.22,,False,True,False,train
DE000849,T0033,V0033,2026-09-01T09:23:41.416852500+07:00,DRIVER_REQUEST,True,,BATTERY_SWAP,['CHARGING'],False,UNSUPPORTED_SERVICE,4.201,3.01,4.651,1.0,KLARA_S_2022,EV_MOTORBIKE,3.5,3.22,,False,True,False,train
DE000850,T0033,V0033,2026-09-01T09:25:38.261217500+07:00,AUTO_DETECTED,True,CHARGING,,['CHARGING'],,LOW_SOC_AND_INSUFFICIENT_RANGE,3.02,2.16,3.806,1.0,KLARA_S_2022,EV_MOTORBIKE,3.5,3.22,,False,True,False,train
DE000851,T0033,V0033,2026-09-01T09:25:38.261217500+07:00,DRIVER_REQUEST,True,CHARGING,CHARGING,['CHARGING'],True,VALID_REQUEST,3.02,2.16,3.806,1.0,KLARA_S_2022,EV_MOTORBIKE,3.5,3.22,,False,True,False,train
DE000852,T0033,V0033,2026-09-01T09:25:38.261217500+07:00,DRIVER_REQUEST,True,,BATTERY_SWAP,['CHARGING'],False,UNSUPPORTED_SERVICE,3.02,2.16,3.806,1.0,KLARA_S_2022,EV_MOTORBIKE,3.5,3.22,,False,True,False,train
DE000853,T0033,V0033,2026-09-01T09:28:23.839497500+07:00,AUTO_DETECTED,True,CHARGING,,['CHARGING'],,LOW_SOC_AND_INSUFFICIENT_RANGE,1.787,1.28,2.924,1.0,KLARA_S_2022,EV_MOTORBIKE,3.5,3.22,,False,True,False,train
DE000854,T0033,V0033,2026-09-01T09:28:23.839497500+07:00,DRIVER_REQUEST,True,CHARGING,CHARGING,['CHARGING'],True,VALID_REQUEST,1.787,1.28,2.924,1.0,KLARA_S_2022,EV_MOTORBIKE,3.5,3.22,,False,True,False,train
DE000855,T0033,V0033,2026-09-01T09:28:23.839497500+07:00,DRIVER_REQUEST,True,,BATTERY_SWAP,['CHARGING'],False,UNSUPPORTED_SERVICE,1.787,1.28,2.924,1.0,KLARA_S_2022,EV_MOTORBIKE,3.5,3.22,,False,True,False,train
DE000856,T0033,V0033,2026-09-01T09:31:01.065745500+07:00,AUTO_DETECTED,True,CHARGING,,['CHARGING'],,LOW_SOC_AND_INSUFFICIENT_RANGE,0.628,0.45,2.094,1.0,KLARA_S_2022,EV_MOTORBIKE,3.5,3.22,,False,True,False,train
DE000857,T0033,V0033,2026-09-01T09:31:01.065745500+07:00,DRIVER_REQUEST,True,CHARGING,CHARGING,['CHARGING'],True,VALID_REQUEST,0.628,0.45,2.094,1.0,KLARA_S_2022,EV_MOTORBIKE,3.5,3.22,,False,True,False,train
DE000858,T0033,V0033,2026-09-01T09:31:01.065745500+07:00,DRIVER_REQUEST,True,,BATTERY_SWAP,['CHARGING'],False,UNSUPPORTED_SERVICE,0.628,0.45,2.094,1.0,KLARA_S_2022,EV_MOTORBIKE,3.5,3.22,,False,True,False,train
DE000859,T0033,V0033,2026-09-01T09:33:07.002473500+07:00,AUTO_DETECTED,True,CHARGING,,['CHARGING'],,LOW_SOC_AND_INSUFFICIENT_RANGE,0.0,0.0,1.36,1.0,KLARA_S_2022,EV_MOTORBIKE,3.5,3.22,,False,True,False,train
DE000860,T0033,V0033,2026-09-01T09:33:07.002473500+07:00,DRIVER_REQUEST,True,CHARGING,CHARGING,['CHARGING'],True,VALID_REQUEST,0.0,0.0,1.36,1.0,KLARA_S_2022,EV_MOTORBIKE,3.5,3.22,,False,True,False,train
DE000861,T0033,V0033,2026-09-01T09:33:07.002473500+07:00,DRIVER_REQUEST,True,,BATTERY_SWAP,['CHARGING'],False,UNSUPPORTED_SERVICE,0.0,0.0,1.36,1.0,KLARA_S_2022,EV_MOTORBIKE,3.5,3.22,,False,True,False,train
DE000862,T0033,V0033,2026-09-01T09:35:24.344284666+07:00,AUTO_DETECTED,True,CHARGING,,['CHARGING'],,LOW_SOC_AND_INSUFFICIENT_RANGE,0.0,0.0,0.546,1.0,KLARA_S_2022,EV_MOTORBIKE,3.5,3.22,,False,True,False,train
DE000863,T0033,V0033,2026-09-01T09:35:24.344284666+07:00,DRIVER_REQUEST,True,CHARGING,CHARGING,['CHARGING'],True,VALID_REQUEST,0.0,0.0,0.546,1.0,KLARA_S_2022,EV_MOTORBIKE,3.5,3.22,,False,True,False,train
DE000864,T0033,V0033,2026-09-01T09:35:24.344284666+07:00,DRIVER_REQUEST,True,,BATTERY_SWAP,['CHARGING'],False,UNSUPPORTED_SERVICE,0.0,0.0,0.546,1.0,KLARA_S_2022,EV_MOTORBIKE,3.5,3.22,,False,True,False,train
DE000865,T0034,V0034,2026-09-01T09:25:18.048613714+07:00,AUTO_DETECTED,False,,,['CHARGING'],,SUFFICIENT_SOC_RANGE,78.248,239.96,6.284,1.0,VF_7_PLUS,EV_CAR,75.3,69.28,,False,True,False,train
DE000866,T0034,V0034,2026-09-01T09:25:18.048613714+07:00,DRIVER_REQUEST,True,CHARGING,CHARGING,['CHARGING'],True,VALID_REQUEST,78.248,239.96,6.284,1.0,VF_7_PLUS,EV_CAR,75.3,69.28,,False,True,False,train
DE000867,T0034,V0034,2026-09-01T09:25:18.048613714+07:00,DRIVER_REQUEST,True,,BATTERY_SWAP,['CHARGING'],False,UNSUPPORTED_SERVICE,78.248,239.96,6.284,1.0,VF_7_PLUS,EV_CAR,75.3,69.28,,False,True,False,train
DE000868,T0034,V0034,2026-09-01T09:27:21.560626285+07:00,AUTO_DETECTED,False,,,['CHARGING'],,SUFFICIENT_SOC_RANGE,77.974,239.12,5.444,1.0,VF_7_PLUS,EV_CAR,75.3,69.28,,False,True,False,train
DE000869,T0034,V0034,2026-09-01T09:27:21.560626285+07:00,DRIVER_REQUEST,True,CHARGING,CHARGING,['CHARGING'],True,VALID_REQUEST,77.974,239.12,5.444,1.0,VF_7_PLUS,EV_CAR,75.3,69.28,,False,True,False,train
DE000870,T0034,V0034,2026-09-01T09:27:21.560626285+07:00,DRIVER_REQUEST,True,,BATTERY_SWAP,['CHARGING'],False,UNSUPPORTED_SERVICE,77.974,239.12,5.444,1.0,VF_7_PLUS,EV_CAR,75.3,69.28,,False,True,False,train
DE000871,T0034,V0034,2026-09-01T09:29:27.744468571+07:00,AUTO_DETECTED,False,,,['CHARGING'],,SUFFICIENT_SOC_RANGE,77.704,238.29,4.616,1.0,VF_7_PLUS,EV_CAR,75.3,69.28,,False,True,False,train
DE000872,T0034,V0034,2026-09-01T09:29:27.744468571+07:00,DRIVER_REQUEST,True,CHARGING,CHARGING,['CHARGING'],True,VALID_REQUEST,77.704,238.29,4.616,1.0,VF_7_PLUS,EV_CAR,75.3,69.28,,False,True,False,train
DE000873,T0034,V0034,2026-09-01T09:29:27.744468571+07:00,DRIVER_REQUEST,True,,BATTERY_SWAP,['CHARGING'],False,UNSUPPORTED_SERVICE,77.704,238.29,4.616,1.0,VF_7_PLUS,EV_CAR,75.3,69.28,,False,True,False,train
DE000874,T0034,V0034,2026-09-01T09:31:10.708850285+07:00,AUTO_DETECTED,False,,,['CHARGING'],,SUFFICIENT_SOC_RANGE,77.47,237.58,3.898,1.0,VF_7_PLUS,EV_CAR,75.3,69.28,,False,True,False,train
DE000875,T0034,V0034,2026-09-01T09:31:10.708850285+07:00,DRIVER_REQUEST,True,CHARGING,CHARGING,['CHARGING'],True,VALID_REQUEST,77.47,237.58,3.898,1.0,VF_7_PLUS,EV_CAR,75.3,69.28,,False,True,False,train
DE000876,T0034,V0034,2026-09-01T09:31:10.708850285+07:00,DRIVER_REQUEST,True,,BATTERY_SWAP,['CHARGING'],False,UNSUPPORTED_SERVICE,77.47,237.58,3.898,1.0,VF_7_PLUS,EV_CAR,75.3,69.28,,False,True,False,train
DE000877,T0034,V0034,2026-09-01T09:33:07.547707428+07:00,AUTO_DETECTED,False,,,['CHARGING'],,SUFFICIENT_SOC_RANGE,77.215,236.79,3.116,1.0,VF_7_PLUS,EV_CAR,75.3,69.28,,False,True,False,train
DE000878,T0034,V0034,2026-09-01T09:33:07.547707428+07:00,DRIVER_REQUEST,True,CHARGING,CHARGING,['CHARGING'],True,VALID_REQUEST,77.215,236.79,3.116,1.0,VF_7_PLUS,EV_CAR,75.3,69.28,,False,True,False,train
DE000879,T0034,V0034,2026-09-01T09:33:07.547707428+07:00,DRIVER_REQUEST,True,,BATTERY_SWAP,['CHARGING'],False,UNSUPPORTED_SERVICE,77.215,236.79,3.116,1.0,VF_7_PLUS,EV_CAR,75.3,69.28,,False,True,False,train
DE000880,T0034,V0034,2026-09-01T09:35:34.713219428+07:00,AUTO_DETECTED,False,,,['CHARGING'],,SUFFICIENT_SOC_RANGE,76.935,235.93,2.257,1.0,VF_7_PLUS,EV_CAR,75.3,69.28,,False,True,False,train
DE000881,T0034,V0034,2026-09-01T09:35:34.713219428+07:00,DRIVER_REQUEST,True,CHARGING,CHARGING,['CHARGING'],True,VALID_REQUEST,76.935,235.93,2.257,1.0,VF_7_PLUS,EV_CAR,75.3,69.28,,False,True,False,train
DE000882,T0034,V0034,2026-09-01T09:35:34.713219428+07:00,DRIVER_REQUEST,True,,BATTERY_SWAP,['CHARGING'],False,UNSUPPORTED_SERVICE,76.935,235.93,2.257,1.0,VF_7_PLUS,EV_CAR,75.3,69.28,,False,True,False,train
DE000883,T0034,V0034,2026-09-01T09:38:27.874027428+07:00,AUTO_DETECTED,False,,,['CHARGING'],,SUFFICIENT_SOC_RANGE,76.652,235.07,1.388,1.0,VF_7_PLUS,EV_CAR,75.3,69.28,,False,True,False,train
DE000884,T0034,V0034,2026-09-01T09:38:27.874027428+07:00,DRIVER_REQUEST,True,CHARGING,CHARGING,['CHARGING'],True,VALID_REQUEST,76.652,235.07,1.388,1.0,VF_7_PLUS,EV_CAR,75.3,69.28,,False,True,False,train
DE000885,T0034,V0034,2026-09-01T09:38:27.874027428+07:00,DRIVER_REQUEST,True,,BATTERY_SWAP,['CHARGING'],False,UNSUPPORTED_SERVICE,76.652,235.07,1.388,1.0,VF_7_PLUS,EV_CAR,75.3,69.28,,False,True,False,train
DE000886,T0034,V0034,2026-09-01T09:40:41.818947428+07:00,AUTO_DETECTED,False,,,['CHARGING'],,SUFFICIENT_SOC_RANGE,76.384,234.24,0.566,1.0,VF_7_PLUS,EV_CAR,75.3,69.28,,False,True,False,train
DE000887,T0034,V0034,2026-09-01T09:40:41.818947428+07:00,DRIVER_REQUEST,True,CHARGING,CHARGING,['CHARGING'],True,VALID_REQUEST,76.384,234.24,0.566,1.0,VF_7_PLUS,EV_CAR,75.3,69.28,,False,True,False,train
DE000888,T0034,V0034,2026-09-01T09:40:41.818947428+07:00,DRIVER_REQUEST,True,,BATTERY_SWAP,['CHARGING'],False,UNSUPPORTED_SERVICE,76.384,234.24,0.566,1.0,VF_7_PLUS,EV_CAR,75.3,69.28,,False,True,False,train
DE000889,T0035,V0035,2026-09-01T09:31:05.355264+07:00,AUTO_DETECTED,False,,,['CHARGING'],,SUFFICIENT_SOC_RANGE,94.056,288.44,5.398,1.0,VF_8,EV_CAR,87.7,80.68,,False,True,False,train
DE000890,T0035,V0035,2026-09-01T09:31:05.355264+07:00,DRIVER_REQUEST,True,CHARGING,CHARGING,['CHARGING'],True,VALID_REQUEST,94.056,288.44,5.398,1.0,VF_8,EV_CAR,87.7,80.68,,False,True,False,train
DE000891,T0035,V0035,2026-09-01T09:31:05.355264+07:00,DRIVER_REQUEST,True,,BATTERY_SWAP,['CHARGING'],False,UNSUPPORTED_SERVICE,94.056,288.44,5.398,1.0,VF_8,EV_CAR,87.7,80.68,,False,True,False,train
DE000892,T0035,V0035,2026-09-01T09:33:02.905248+07:00,AUTO_DETECTED,False,,,['CHARGING'],,SUFFICIENT_SOC_RANGE,93.821,287.72,4.678,1.0,VF_8,EV_CAR,87.7,80.68,,False,True,False,train
DE000893,T0035,V0035,2026-09-01T09:33:02.905248+07:00,DRIVER_REQUEST,True,CHARGING,CHARGING,['CHARGING'],True,VALID_REQUEST,93.821,287.72,4.678,1.0,VF_8,EV_CAR,87.7,80.68,,False,True,False,train
DE000894,T0035,V0035,2026-09-01T09:33:02.905248+07:00,DRIVER_REQUEST,True,,BATTERY_SWAP,['CHARGING'],False,UNSUPPORTED_SERVICE,93.821,287.72,4.678,1.0,VF_8,EV_CAR,87.7,80.68,,False,True,False,train
DE000895,T0035,V0035,2026-09-01T09:34:51.641248+07:00,AUTO_DETECTED,False,,,['CHARGING'],,SUFFICIENT_SOC_RANGE,93.588,287.0,3.965,1.0,VF_8,EV_CAR,87.7,80.68,,False,True,False,train
DE000896,T0035,V0035,2026-09-01T09:34:51.641248+07:00,DRIVER_REQUEST,True,CHARGING,CHARGING,['CHARGING'],True,VALID_REQUEST,93.588,287.0,3.965,1.0,VF_8,EV_CAR,87.7,80.68,,False,True,False,train
DE000897,T0035,V0035,2026-09-01T09:34:51.641248+07:00,DRIVER_REQUEST,True,,BATTERY_SWAP,['CHARGING'],False,UNSUPPORTED_SERVICE,93.588,287.0,3.965,1.0,VF_8,EV_CAR,87.7,80.68,,False,True,False,train
DE000898,T0035,V0035,2026-09-01T09:36:37.750440+07:00,AUTO_DETECTED,False,,,['CHARGING'],,SUFFICIENT_SOC_RANGE,93.365,286.32,3.28,1.0,VF_8,EV_CAR,87.7,80.68,,False,True,False,train
DE000899,T0035,V0035,2026-09-01T09:36:37.750440+07:00,DRIVER_REQUEST,True,CHARGING,CHARGING,['CHARGING'],True,VALID_REQUEST,93.365,286.32,3.28,1.0,VF_8,EV_CAR,87.7,80.68,,False,True,False,train
DE000900,T0035,V0035,2026-09-01T09:36:37.750440+07:00,DRIVER_REQUEST,True,,BATTERY_SWAP,['CHARGING'],False,UNSUPPORTED_SERVICE,93.365,286.32,3.28,1.0,VF_8,EV_CAR,87.7,80.68,,False,True,False,train
DE000901,T0035,V0035,2026-09-01T09:38:49.097704+07:00,AUTO_DETECTED,False,,,['CHARGING'],,SUFFICIENT_SOC_RANGE,93.136,285.62,2.577,1.0,VF_8,EV_CAR,87.7,80.68,,False,True,False,train
DE000902,T0035,V0035,2026-09-01T09:38:49.097704+07:00,DRIVER_REQUEST,True,CHARGING,CHARGING,['CHARGING'],True,VALID_REQUEST,93.136,285.62,2.577,1.0,VF_8,EV_CAR,87.7,80.68,,False,True,False,train
DE000903,T0035,V0035,2026-09-01T09:38:49.097704+07:00,DRIVER_REQUEST,True,,BATTERY_SWAP,['CHARGING'],False,UNSUPPORTED_SERVICE,93.136,285.62,2.577,1.0,VF_8,EV_CAR,87.7,80.68,,False,True,False,train
DE000904,T0035,V0035,2026-09-01T09:40:35.387582857+07:00,AUTO_DETECTED,False,,,['CHARGING'],,SUFFICIENT_SOC_RANGE,92.911,284.93,1.888,1.0,VF_8,EV_CAR,87.7,80.68,,False,True,False,train
DE000905,T0035,V0035,2026-09-01T09:40:35.387582857+07:00,DRIVER_REQUEST,True,CHARGING,CHARGING,['CHARGING'],True,VALID_REQUEST,92.911,284.93,1.888,1.0,VF_8,EV_CAR,87.7,80.68,,False,True,False,train
DE000906,T0035,V0035,2026-09-01T09:40:35.387582857+07:00,DRIVER_REQUEST,True,,BATTERY_SWAP,['CHARGING'],False,UNSUPPORTED_SERVICE,92.911,284.93,1.888,1.0,VF_8,EV_CAR,87.7,80.68,,False,True,False,train
DE000907,T0035,V0035,2026-09-01T09:42:14.042293714+07:00,AUTO_DETECTED,False,,,['CHARGING'],,SUFFICIENT_SOC_RANGE,92.689,284.24,1.206,1.0,VF_8,EV_CAR,87.7,80.68,,False,True,False,train
DE000908,T0035,V0035,2026-09-01T09:42:14.042293714+07:00,DRIVER_REQUEST,True,CHARGING,CHARGING,['CHARGING'],True,VALID_REQUEST,92.689,284.24,1.206,1.0,VF_8,EV_CAR,87.7,80.68,,False,True,False,train
DE000909,T0035,V0035,2026-09-01T09:42:14.042293714+07:00,DRIVER_REQUEST,True,,BATTERY_SWAP,['CHARGING'],False,UNSUPPORTED_SERVICE,92.689,284.24,1.206,1.0,VF_8,EV_CAR,87.7,80.68,,False,True,False,train
DE000910,T0035,V0035,2026-09-01T09:43:57.841465904+07:00,AUTO_DETECTED,False,,,['CHARGING'],,SUFFICIENT_SOC_RANGE,92.455,283.53,0.488,1.0,VF_8,EV_CAR,87.7,80.68,,False,True,False,train
DE000911,T0035,V0035,2026-09-01T09:43:57.841465904+07:00,DRIVER_REQUEST,True,CHARGING,CHARGING,['CHARGING'],True,VALID_REQUEST,92.455,283.53,0.488,1.0,VF_8,EV_CAR,87.7,80.68,,False,True,False,train
DE000912,T0035,V0035,2026-09-01T09:43:57.841465904+07:00,DRIVER_REQUEST,True,,BATTERY_SWAP,['CHARGING'],False,UNSUPPORTED_SERVICE,92.455,283.53,0.488,1.0,VF_8,EV_CAR,87.7,80.68,,False,True,False,train
DE000913,T0036,V0036,2026-09-01T09:36:48.641088+07:00,AUTO_DETECTED,False,,,['CHARGING'],,SUFFICIENT_SOC_RANGE,70.281,50.29,5.895,1.0,VENTO_S,EV_MOTORBIKE,3.5,3.22,,False,True,False,train
DE000914,T0036,V0036,2026-09-01T09:36:48.641088+07:00,DRIVER_REQUEST,True,CHARGING,CHARGING,['CHARGING'],True,VALID_REQUEST,70.281,50.29,5.895,1.0,VENTO_S,EV_MOTORBIKE,3.5,3.22,,False,True,False,train
DE000915,T0036,V0036,2026-09-01T09:36:48.641088+07:00,DRIVER_REQUEST,True,,BATTERY_SWAP,['CHARGING'],False,UNSUPPORTED_SERVICE,70.281,50.29,5.895,1.0,VENTO_S,EV_MOTORBIKE,3.5,3.22,,False,True,False,train
DE000916,T0036,V0036,2026-09-01T09:38:34.087343999+07:00,AUTO_DETECTED,False,,,['CHARGING'],,SUFFICIENT_SOC_RANGE,69.189,49.51,5.114,1.0,VENTO_S,EV_MOTORBIKE,3.5,3.22,,False,True,False,train
DE000917,T0036,V0036,2026-09-01T09:38:34.087343999+07:00,DRIVER_REQUEST,True,CHARGING,CHARGING,['CHARGING'],True,VALID_REQUEST,69.189,49.51,5.114,1.0,VENTO_S,EV_MOTORBIKE,3.5,3.22,,False,True,False,train
DE000918,T0036,V0036,2026-09-01T09:38:34.087343999+07:00,DRIVER_REQUEST,True,,BATTERY_SWAP,['CHARGING'],False,UNSUPPORTED_SERVICE,69.189,49.51,5.114,1.0,VENTO_S,EV_MOTORBIKE,3.5,3.22,,False,True,False,train
DE000919,T0036,V0036,2026-09-01T09:40:30.216143999+07:00,AUTO_DETECTED,False,,,['CHARGING'],,SUFFICIENT_SOC_RANGE,68.062,48.7,4.307,1.0,VENTO_S,EV_MOTORBIKE,3.5,3.22,,False,True,False,train
DE000920,T0036,V0036,2026-09-01T09:40:30.216143999+07:00,DRIVER_REQUEST,True,CHARGING,CHARGING,['CHARGING'],True,VALID_REQUEST,68.062,48.7,4.307,1.0,VENTO_S,EV_MOTORBIKE,3.5,3.22,,False,True,False,train
DE000921,T0036,V0036,2026-09-01T09:40:30.216143999+07:00,DRIVER_REQUEST,True,,BATTERY_SWAP,['CHARGING'],False,UNSUPPORTED_SERVICE,68.062,48.7,4.307,1.0,VENTO_S,EV_MOTORBIKE,3.5,3.22,,False,True,False,train
DE000922,T0036,V0036,2026-09-01T09:42:18.181584+07:00,AUTO_DETECTED,False,,,['CHARGING'],,SUFFICIENT_SOC_RANGE,67.014,47.95,3.557,1.0,VENTO_S,EV_MOTORBIKE,3.5,3.22,,False,True,False,train
DE000923,T0036,V0036,2026-09-01T09:42:18.181584+07:00,DRIVER_REQUEST,True,CHARGING,CHARGING,['CHARGING'],True,VALID_REQUEST,67.014,47.95,3.557,1.0,VENTO_S,EV_MOTORBIKE,3.5,3.22,,False,True,False,train
DE000924,T0036,V0036,2026-09-01T09:42:18.181584+07:00,DRIVER_REQUEST,True,,BATTERY_SWAP,['CHARGING'],False,UNSUPPORTED_SERVICE,67.014,47.95,3.557,1.0,VENTO_S,EV_MOTORBIKE,3.5,3.22,,False,True,False,train
DE000925,T0036,V0036,2026-09-01T09:43:50.355408+07:00,AUTO_DETECTED,False,,,['CHARGING'],,SUFFICIENT_SOC_RANGE,66.117,47.31,2.915,1.0,VENTO_S,EV_MOTORBIKE,3.5,3.22,,False,True,False,train
DE000926,T0036,V0036,2026-09-01T09:43:50.355408+07:00,DRIVER_REQUEST,True,CHARGING,CHARGING,['CHARGING'],True,VALID_REQUEST,66.117,47.31,2.915,1.0,VENTO_S,EV_MOTORBIKE,3.5,3.22,,False,True,False,train
DE000927,T0036,V0036,2026-09-01T09:43:50.355408+07:00,DRIVER_REQUEST,True,,BATTERY_SWAP,['CHARGING'],False,UNSUPPORTED_SERVICE,66.117,47.31,2.915,1.0,VENTO_S,EV_MOTORBIKE,3.5,3.22,,False,True,False,train
DE000928,T0036,V0036,2026-09-01T09:46:15.622715428+07:00,AUTO_DETECTED,False,,,['CHARGING'],,SUFFICIENT_SOC_RANGE,65.074,46.56,2.169,1.0,VENTO_S,EV_MOTORBIKE,3.5,3.22,,False,True,False,train
DE000929,T0036,V0036,2026-09-01T09:46:15.622715428+07:00,DRIVER_REQUEST,True,CHARGING,CHARGING,['CHARGING'],True,VALID_REQUEST,65.074,46.56,2.169,1.0,VENTO_S,EV_MOTORBIKE,3.5,3.22,,False,True,False,train
DE000930,T0036,V0036,2026-09-01T09:46:15.622715428+07:00,DRIVER_REQUEST,True,,BATTERY_SWAP,['CHARGING'],False,UNSUPPORTED_SERVICE,65.074,46.56,2.169,1.0,VENTO_S,EV_MOTORBIKE,3.5,3.22,,False,True,False,train
DE000931,T0036,V0036,2026-09-01T09:48:45.158572+07:00,AUTO_DETECTED,False,,,['CHARGING'],,SUFFICIENT_SOC_RANGE,63.938,45.75,1.356,1.0,VENTO_S,EV_MOTORBIKE,3.5,3.22,,False,True,False,train
DE000932,T0036,V0036,2026-09-01T09:48:45.158572+07:00,DRIVER_REQUEST,True,CHARGING,CHARGING,['CHARGING'],True,VALID_REQUEST,63.938,45.75,1.356,1.0,VENTO_S,EV_MOTORBIKE,3.5,3.22,,False,True,False,train
DE000933,T0036,V0036,2026-09-01T09:48:45.158572+07:00,DRIVER_REQUEST,True,,BATTERY_SWAP,['CHARGING'],False,UNSUPPORTED_SERVICE,63.938,45.75,1.356,1.0,VENTO_S,EV_MOTORBIKE,3.5,3.22,,False,True,False,train
DE000934,T0036,V0036,2026-09-01T09:50:08.447848+07:00,AUTO_DETECTED,False,,,['CHARGING'],,SUFFICIENT_SOC_RANGE,62.778,44.92,0.526,1.0,VENTO_S,EV_MOTORBIKE,3.5,3.22,,False,True,False,train
DE000935,T0036,V0036,2026-09-01T09:50:08.447848+07:00,DRIVER_REQUEST,True,CHARGING,CHARGING,['CHARGING'],True,VALID_REQUEST,62.778,44.92,0.526,1.0,VENTO_S,EV_MOTORBIKE,3.5,3.22,,False,True,False,train
DE000936,T0036,V0036,2026-09-01T09:50:08.447848+07:00,DRIVER_REQUEST,True,,BATTERY_SWAP,['CHARGING'],False,UNSUPPORTED_SERVICE,62.778,44.92,0.526,1.0,VENTO_S,EV_MOTORBIKE,3.5,3.22,,False,True,False,train
DE000937,T0037,V0037,2026-09-01T09:43:14.438000+07:00,AUTO_DETECTED,False,,,['CHARGING'],,SUFFICIENT_SOC_RANGE,77.988,239.16,4.584,1.0,VF_9,EV_CAR,123.0,113.16,,False,True,False,train
DE000938,T0037,V0037,2026-09-01T09:43:14.438000+07:00,DRIVER_REQUEST,True,CHARGING,CHARGING,['CHARGING'],True,VALID_REQUEST,77.988,239.16,4.584,1.0,VF_9,EV_CAR,123.0,113.16,,False,True,False,train
DE000939,T0037,V0037,2026-09-01T09:43:14.438000+07:00,DRIVER_REQUEST,True,,BATTERY_SWAP,['CHARGING'],False,UNSUPPORTED_SERVICE,77.988,239.16,4.584,1.0,VF_9,EV_CAR,123.0,113.16,,False,True,False,train
DE000940,T0037,V0037,2026-09-01T09:44:59.062919999+07:00,AUTO_DETECTED,False,,,['CHARGING'],,SUFFICIENT_SOC_RANGE,77.802,238.59,4.014,1.0,VF_9,EV_CAR,123.0,113.16,,False,True,False,train
DE000941,T0037,V0037,2026-09-01T09:44:59.062919999+07:00,DRIVER_REQUEST,True,CHARGING,CHARGING,['CHARGING'],True,VALID_REQUEST,77.802,238.59,4.014,1.0,VF_9,EV_CAR,123.0,113.16,,False,True,False,train
DE000942,T0037,V0037,2026-09-01T09:44:59.062919999+07:00,DRIVER_REQUEST,True,,BATTERY_SWAP,['CHARGING'],False,UNSUPPORTED_SERVICE,77.802,238.59,4.014,1.0,VF_9,EV_CAR,123.0,113.16,,False,True,False,train
DE000943,T0037,V0037,2026-09-01T09:46:51.059799999+07:00,AUTO_DETECTED,False,,,['CHARGING'],,SUFFICIENT_SOC_RANGE,77.606,237.99,3.412,1.0,VF_9,EV_CAR,123.0,113.16,,False,True,False,train
DE000944,T0037,V0037,2026-09-01T09:46:51.059799999+07:00,DRIVER_REQUEST,True,CHARGING,CHARGING,['CHARGING'],True,VALID_REQUEST,77.606,237.99,3.412,1.0,VF_9,EV_CAR,123.0,113.16,,False,True,False,train
DE000945,T0037,V0037,2026-09-01T09:46:51.059799999+07:00,DRIVER_REQUEST,True,,BATTERY_SWAP,['CHARGING'],False,UNSUPPORTED_SERVICE,77.606,237.99,3.412,1.0,VF_9,EV_CAR,123.0,113.16,,False,True,False,train
DE000946,T0037,V0037,2026-09-01T09:48:38.769799999+07:00,AUTO_DETECTED,False,,,['CHARGING'],,SUFFICIENT_SOC_RANGE,77.43,237.45,2.873,1.0,VF_9,EV_CAR,123.0,113.16,,False,True,False,train
DE000947,T0037,V0037,2026-09-01T09:48:38.769799999+07:00,DRIVER_REQUEST,True,CHARGING,CHARGING,['CHARGING'],True,VALID_REQUEST,77.43,237.45,2.873,1.0,VF_9,EV_CAR,123.0,113.16,,False,True,False,train
DE000948,T0037,V0037,2026-09-01T09:48:38.769799999+07:00,DRIVER_REQUEST,True,,BATTERY_SWAP,['CHARGING'],False,UNSUPPORTED_SERVICE,77.43,237.45,2.873,1.0,VF_9,EV_CAR,123.0,113.16,,False,True,False,train
DE000949,T0037,V0037,2026-09-01T09:50:33.194319999+07:00,AUTO_DETECTED,False,,,['CHARGING'],,SUFFICIENT_SOC_RANGE,77.235,236.85,2.274,1.0,VF_9,EV_CAR,123.0,113.16,,False,True,False,train
DE000950,T0037,V0037,2026-09-01T09:50:33.194319999+07:00,DRIVER_REQUEST,True,CHARGING,CHARGING,['CHARGING'],True,VALID_REQUEST,77.235,236.85,2.274,1.0,VF_9,EV_CAR,123.0,113.16,,False,True,False,train
DE000951,T0037,V0037,2026-09-01T09:50:33.194319999+07:00,DRIVER_REQUEST,True,,BATTERY_SWAP,['CHARGING'],False,UNSUPPORTED_SERVICE,77.235,236.85,2.274,1.0,VF_9,EV_CAR,123.0,113.16,,False,True,False,train
DE000952,T0037,V0037,2026-09-01T09:52:23.236271999+07:00,AUTO_DETECTED,False,,,['CHARGING'],,SUFFICIENT_SOC_RANGE,77.039,236.25,1.673,1.0,VF_9,EV_CAR,123.0,113.16,,False,True,False,train
DE000953,T0037,V0037,2026-09-01T09:52:23.236271999+07:00,DRIVER_REQUEST,True,CHARGING,CHARGING,['CHARGING'],True,VALID_REQUEST,77.039,236.25,1.673,1.0,VF_9,EV_CAR,123.0,113.16,,False,True,False,train
DE000954,T0037,V0037,2026-09-01T09:52:23.236271999+07:00,DRIVER_REQUEST,True,,BATTERY_SWAP,['CHARGING'],False,UNSUPPORTED_SERVICE,77.039,236.25,1.673,1.0,VF_9,EV_CAR,123.0,113.16,,False,True,False,train
DE000955,T0037,V0037,2026-09-01T09:53:49.128815999+07:00,AUTO_DETECTED,False,,,['CHARGING'],,SUFFICIENT_SOC_RANGE,76.844,235.65,1.076,1.0,VF_9,EV_CAR,123.0,113.16,,False,True,False,train
DE000956,T0037,V0037,2026-09-01T09:53:49.128815999+07:00,DRIVER_REQUEST,True,CHARGING,CHARGING,['CHARGING'],True,VALID_REQUEST,76.844,235.65,1.076,1.0,VF_9,EV_CAR,123.0,113.16,,False,True,False,train
DE000957,T0037,V0037,2026-09-01T09:53:49.128815999+07:00,DRIVER_REQUEST,True,,BATTERY_SWAP,['CHARGING'],False,UNSUPPORTED_SERVICE,76.844,235.65,1.076,1.0,VF_9,EV_CAR,123.0,113.16,,False,True,False,train
DE000958,T0037,V0037,2026-09-01T09:55:30.106295999+07:00,AUTO_DETECTED,False,,,['CHARGING'],,SUFFICIENT_SOC_RANGE,76.624,234.98,0.401,1.0,VF_9,EV_CAR,123.0,113.16,,False,True,False,train
DE000959,T0037,V0037,2026-09-01T09:55:30.106295999+07:00,DRIVER_REQUEST,True,CHARGING,CHARGING,['CHARGING'],True,VALID_REQUEST,76.624,234.98,0.401,1.0,VF_9,EV_CAR,123.0,113.16,,False,True,False,train
DE000960,T0037,V0037,2026-09-01T09:55:30.106295999+07:00,DRIVER_REQUEST,True,,BATTERY_SWAP,['CHARGING'],False,UNSUPPORTED_SERVICE,76.624,234.98,0.401,1.0,VF_9,EV_CAR,123.0,113.16,,False,True,False,train
DE000961,T0038,V0038,2026-09-01T09:48:39.510336+07:00,AUTO_DETECTED,True,CHARGING,,['CHARGING'],,LOW_SOC,17.911,54.93,3.083,1.0,VF_E34,EV_CAR,41.9,38.55,,False,True,False,train
DE000962,T0038,V0038,2026-09-01T09:48:39.510336+07:00,DRIVER_REQUEST,True,CHARGING,CHARGING,['CHARGING'],True,VALID_REQUEST,17.911,54.93,3.083,1.0,VF_E34,EV_CAR,41.9,38.55,,False,True,False,train
DE000963,T0038,V0038,2026-09-01T09:48:39.510336+07:00,DRIVER_REQUEST,True,,BATTERY_SWAP,['CHARGING'],False,UNSUPPORTED_SERVICE,17.911,54.93,3.083,1.0,VF_E34,EV_CAR,41.9,38.55,,False,True,False,train
DE000964,T0038,V0038,2026-09-01T09:49:41.518128+07:00,AUTO_DETECTED,True,CHARGING,,['CHARGING'],,LOW_SOC,17.77,54.49,2.652,1.0,VF_E34,EV_CAR,41.9,38.55,,False,True,False,train
DE000965,T0038,V0038,2026-09-01T09:49:41.518128+07:00,DRIVER_REQUEST,True,CHARGING,CHARGING,['CHARGING'],True,VALID_REQUEST,17.77,54.49,2.652,1.0,VF_E34,EV_CAR,41.9,38.55,,False,True,False,train
DE000966,T0038,V0038,2026-09-01T09:49:41.518128+07:00,DRIVER_REQUEST,True,,BATTERY_SWAP,['CHARGING'],False,UNSUPPORTED_SERVICE,17.77,54.49,2.652,1.0,VF_E34,EV_CAR,41.9,38.55,,False,True,False,train
DE000967,T0038,V0038,2026-09-01T09:50:45.095136+07:00,AUTO_DETECTED,True,CHARGING,,['CHARGING'],,LOW_SOC,17.626,54.05,2.211,1.0,VF_E34,EV_CAR,41.9,38.55,,False,True,False,train
DE000968,T0038,V0038,2026-09-01T09:50:45.095136+07:00,DRIVER_REQUEST,True,CHARGING,CHARGING,['CHARGING'],True,VALID_REQUEST,17.626,54.05,2.211,1.0,VF_E34,EV_CAR,41.9,38.55,,False,True,False,train
DE000969,T0038,V0038,2026-09-01T09:50:45.095136+07:00,DRIVER_REQUEST,True,,BATTERY_SWAP,['CHARGING'],False,UNSUPPORTED_SERVICE,17.626,54.05,2.211,1.0,VF_E34,EV_CAR,41.9,38.55,,False,True,False,train
DE000970,T0038,V0038,2026-09-01T09:51:45.934272+07:00,AUTO_DETECTED,True,CHARGING,,['CHARGING'],,LOW_SOC,17.488,53.63,1.788,1.0,VF_E34,EV_CAR,41.9,38.55,,False,True,False,train
DE000971,T0038,V0038,2026-09-01T09:51:45.934272+07:00,DRIVER_REQUEST,True,CHARGING,CHARGING,['CHARGING'],True,VALID_REQUEST,17.488,53.63,1.788,1.0,VF_E34,EV_CAR,41.9,38.55,,False,True,False,train
DE000972,T0038,V0038,2026-09-01T09:51:45.934272+07:00,DRIVER_REQUEST,True,,BATTERY_SWAP,['CHARGING'],False,UNSUPPORTED_SERVICE,17.488,53.63,1.788,1.0,VF_E34,EV_CAR,41.9,38.55,,False,True,False,train
DE000973,T0038,V0038,2026-09-01T09:52:41.442816+07:00,AUTO_DETECTED,True,CHARGING,,['CHARGING'],,LOW_SOC,17.363,53.25,1.403,1.0,VF_E34,EV_CAR,41.9,38.55,,False,True,False,train
DE000974,T0038,V0038,2026-09-01T09:52:41.442816+07:00,DRIVER_REQUEST,True,CHARGING,CHARGING,['CHARGING'],True,VALID_REQUEST,17.363,53.25,1.403,1.0,VF_E34,EV_CAR,41.9,38.55,,False,True,False,train
DE000975,T0038,V0038,2026-09-01T09:52:41.442816+07:00,DRIVER_REQUEST,True,,BATTERY_SWAP,['CHARGING'],False,UNSUPPORTED_SERVICE,17.363,53.25,1.403,1.0,VF_E34,EV_CAR,41.9,38.55,,False,True,False,train
DE000976,T0038,V0038,2026-09-01T09:53:34.329948+07:00,AUTO_DETECTED,True,CHARGING,,['CHARGING'],,LOW_SOC,17.243,52.88,1.036,1.0,VF_E34,EV_CAR,41.9,38.55,,False,True,False,train
DE000977,T0038,V0038,2026-09-01T09:53:34.329948+07:00,DRIVER_REQUEST,True,CHARGING,CHARGING,['CHARGING'],True,VALID_REQUEST,17.243,52.88,1.036,1.0,VF_E34,EV_CAR,41.9,38.55,,False,True,False,train
DE000978,T0038,V0038,2026-09-01T09:53:34.329948+07:00,DRIVER_REQUEST,True,,BATTERY_SWAP,['CHARGING'],False,UNSUPPORTED_SERVICE,17.243,52.88,1.036,1.0,VF_E34,EV_CAR,41.9,38.55,,False,True,False,train
DE000979,T0038,V0038,2026-09-01T09:54:39.857616+07:00,AUTO_DETECTED,True,CHARGING,,['CHARGING'],,LOW_SOC,17.107,52.46,0.619,1.0,VF_E34,EV_CAR,41.9,38.55,,False,True,False,train
DE000980,T0038,V0038,2026-09-01T09:54:39.857616+07:00,DRIVER_REQUEST,True,CHARGING,CHARGING,['CHARGING'],True,VALID_REQUEST,17.107,52.46,0.619,1.0,VF_E34,EV_CAR,41.9,38.55,,False,True,False,train
DE000981,T0038,V0038,2026-09-01T09:54:39.857616+07:00,DRIVER_REQUEST,True,,BATTERY_SWAP,['CHARGING'],False,UNSUPPORTED_SERVICE,17.107,52.46,0.619,1.0,VF_E34,EV_CAR,41.9,38.55,,False,True,False,train
DE000982,T0038,V0038,2026-09-01T09:55:33.703248+07:00,AUTO_DETECTED,True,CHARGING,,['CHARGING'],,LOW_SOC,16.985,52.09,0.245,1.0,VF_E34,EV_CAR,41.9,38.55,,False,True,False,train
DE000983,T0038,V0038,2026-09-01T09:55:33.703248+07:00,DRIVER_REQUEST,True,CHARGING,CHARGING,['CHARGING'],True,VALID_REQUEST,16.985,52.09,0.245,1.0,VF_E34,EV_CAR,41.9,38.55,,False,True,False,train
DE000984,T0038,V0038,2026-09-01T09:55:33.703248+07:00,DRIVER_REQUEST,True,,BATTERY_SWAP,['CHARGING'],False,UNSUPPORTED_SERVICE,16.985,52.09,0.245,1.0,VF_E34,EV_CAR,41.9,38.55,,False,True,False,train
DE000985,T0039,V0039,2026-09-01T09:55:03.370040+07:00,AUTO_DETECTED,True,CHARGING,,['CHARGING'],,LOW_SOC,17.477,12.51,4.391,1.0,EVO200,EV_MOTORBIKE,3.5,3.22,,False,True,False,validation
DE000986,T0039,V0039,2026-09-01T09:55:03.370040+07:00,DRIVER_REQUEST,True,CHARGING,CHARGING,['CHARGING'],True,VALID_REQUEST,17.477,12.51,4.391,1.0,EVO200,EV_MOTORBIKE,3.5,3.22,,False,True,False,validation
DE000987,T0039,V0039,2026-09-01T09:55:03.370040+07:00,DRIVER_REQUEST,True,,BATTERY_SWAP,['CHARGING'],False,UNSUPPORTED_SERVICE,17.477,12.51,4.391,1.0,EVO200,EV_MOTORBIKE,3.5,3.22,,False,True,False,validation
DE000988,T0039,V0039,2026-09-01T09:56:46.914592+07:00,AUTO_DETECTED,True,CHARGING,,['CHARGING'],,LOW_SOC,16.647,11.91,3.797,1.0,EVO200,EV_MOTORBIKE,3.5,3.22,,False,True,False,validation
DE000989,T0039,V0039,2026-09-01T09:56:46.914592+07:00,DRIVER_REQUEST,True,CHARGING,CHARGING,['CHARGING'],True,VALID_REQUEST,16.647,11.91,3.797,1.0,EVO200,EV_MOTORBIKE,3.5,3.22,,False,True,False,validation
DE000990,T0039,V0039,2026-09-01T09:56:46.914592+07:00,DRIVER_REQUEST,True,,BATTERY_SWAP,['CHARGING'],False,UNSUPPORTED_SERVICE,16.647,11.91,3.797,1.0,EVO200,EV_MOTORBIKE,3.5,3.22,,False,True,False,validation
DE000991,T0039,V0039,2026-09-01T09:58:06.070816+07:00,AUTO_DETECTED,True,CHARGING,,['CHARGING'],,LOW_SOC,15.879,11.36,3.247,1.0,EVO200,EV_MOTORBIKE,3.5,3.22,,False,True,False,validation
DE000992,T0039,V0039,2026-09-01T09:58:06.070816+07:00,DRIVER_REQUEST,True,CHARGING,CHARGING,['CHARGING'],True,VALID_REQUEST,15.879,11.36,3.247,1.0,EVO200,EV_MOTORBIKE,3.5,3.22,,False,True,False,validation
DE000993,T0039,V0039,2026-09-01T09:58:06.070816+07:00,DRIVER_REQUEST,True,,BATTERY_SWAP,['CHARGING'],False,UNSUPPORTED_SERVICE,15.879,11.36,3.247,1.0,EVO200,EV_MOTORBIKE,3.5,3.22,,False,True,False,validation
DE000994,T0039,V0039,2026-09-01T09:59:36.090632+07:00,AUTO_DETECTED,True,CHARGING,,['CHARGING'],,LOW_SOC,15.052,10.77,2.655,1.0,EVO200,EV_MOTORBIKE,3.5,3.22,,False,True,False,validation
DE000995,T0039,V0039,2026-09-01T09:59:36.090632+07:00,DRIVER_REQUEST,True,CHARGING,CHARGING,['CHARGING'],True,VALID_REQUEST,15.052,10.77,2.655,1.0,EVO200,EV_MOTORBIKE,3.5,3.22,,False,True,False,validation
DE000996,T0039,V0039,2026-09-01T09:59:36.090632+07:00,DRIVER_REQUEST,True,,BATTERY_SWAP,['CHARGING'],False,UNSUPPORTED_SERVICE,15.052,10.77,2.655,1.0,EVO200,EV_MOTORBIKE,3.5,3.22,,False,True,False,validation
DE000997,T0039,V0039,2026-09-01T10:00:52.169792+07:00,AUTO_DETECTED,True,CHARGING,,['CHARGING'],,LOW_SOC,14.313,10.24,2.127,1.0,EVO200,EV_MOTORBIKE,3.5,3.22,,False,True,False,validation
DE000998,T0039,V0039,2026-09-01T10:00:52.169792+07:00,DRIVER_REQUEST,True,CHARGING,CHARGING,['CHARGING'],True,VALID_REQUEST,14.313,10.24,2.127,1.0,EVO200,EV_MOTORBIKE,3.5,3.22,,False,True,False,validation
DE000999,T0039,V0039,2026-09-01T10:00:52.169792+07:00,DRIVER_REQUEST,True,,BATTERY_SWAP,['CHARGING'],False,UNSUPPORTED_SERVICE,14.313,10.24,2.127,1.0,EVO200,EV_MOTORBIKE,3.5,3.22,,False,True,False,validation
DE001000,T0039,V0039,2026-09-01T10:02:22.654064+07:00,AUTO_DETECTED,True,CHARGING,,['CHARGING'],,LOW_SOC,13.435,9.61,1.498,1.0,EVO200,EV_MOTORBIKE,3.5,3.22,,False,True,False,validation
DE001001,T0039,V0039,2026-09-01T10:02:22.654064+07:00,DRIVER_REQUEST,True,CHARGING,CHARGING,['CHARGING'],True,VALID_REQUEST,13.435,9.61,1.498,1.0,EVO200,EV_MOTORBIKE,3.5,3.22,,False,True,False,validation
DE001002,T0039,V0039,2026-09-01T10:02:22.654064+07:00,DRIVER_REQUEST,True,,BATTERY_SWAP,['CHARGING'],False,UNSUPPORTED_SERVICE,13.435,9.61,1.498,1.0,EVO200,EV_MOTORBIKE,3.5,3.22,,False,True,False,validation
DE001003,T0039,V0039,2026-09-01T10:03:53.798672+07:00,AUTO_DETECTED,True,CHARGING,,['CHARGING'],,LOW_SOC,12.679,9.07,0.957,1.0,EVO200,EV_MOTORBIKE,3.5,3.22,,False,True,False,validation
DE001004,T0039,V0039,2026-09-01T10:03:53.798672+07:00,DRIVER_REQUEST,True,CHARGING,CHARGING,['CHARGING'],True,VALID_REQUEST,12.679,9.07,0.957,1.0,EVO200,EV_MOTORBIKE,3.5,3.22,,False,True,False,validation
DE001005,T0039,V0039,2026-09-01T10:03:53.798672+07:00,DRIVER_REQUEST,True,,BATTERY_SWAP,['CHARGING'],False,UNSUPPORTED_SERVICE,12.679,9.07,0.957,1.0,EVO200,EV_MOTORBIKE,3.5,3.22,,False,True,False,validation
DE001006,T0039,V0039,2026-09-01T10:05:16.391168+07:00,AUTO_DETECTED,True,CHARGING,,['CHARGING'],,LOW_SOC,11.877,8.5,0.384,1.0,EVO200,EV_MOTORBIKE,3.5,3.22,,False,True,False,validation
DE001007,T0039,V0039,2026-09-01T10:05:16.391168+07:00,DRIVER_REQUEST,True,CHARGING,CHARGING,['CHARGING'],True,VALID_REQUEST,11.877,8.5,0.384,1.0,EVO200,EV_MOTORBIKE,3.5,3.22,,False,True,False,validation
DE001008,T0039,V0039,2026-09-01T10:05:16.391168+07:00,DRIVER_REQUEST,True,,BATTERY_SWAP,['CHARGING'],False,UNSUPPORTED_SERVICE,11.877,8.5,0.384,1.0,EVO200,EV_MOTORBIKE,3.5,3.22,,False,True,False,validation
DE001009,T0040,V0040,2026-09-01T10:01:12.207599999+07:00,AUTO_DETECTED,True,CHARGING,,['CHARGING'],,LOW_SOC,17.882,54.84,3.751,1.0,NERIO_GREEN,EV_CAR,41.9,38.55,,False,True,False,train
DE001010,T0040,V0040,2026-09-01T10:01:12.207599999+07:00,DRIVER_REQUEST,True,CHARGING,CHARGING,['CHARGING'],True,VALID_REQUEST,17.882,54.84,3.751,1.0,NERIO_GREEN,EV_CAR,41.9,38.55,,False,True,False,train
DE001011,T0040,V0040,2026-09-01T10:01:12.207599999+07:00,DRIVER_REQUEST,True,,BATTERY_SWAP,['CHARGING'],False,UNSUPPORTED_SERVICE,17.882,54.84,3.751,1.0,NERIO_GREEN,EV_CAR,41.9,38.55,,False,True,False,train
DE001012,T0040,V0040,2026-09-01T10:02:40.220449999+07:00,AUTO_DETECTED,True,CHARGING,,['CHARGING'],,LOW_SOC,17.739,54.4,3.31,1.0,NERIO_GREEN,EV_CAR,41.9,38.55,,False,True,False,train
DE001013,T0040,V0040,2026-09-01T10:02:40.220449999+07:00,DRIVER_REQUEST,True,CHARGING,CHARGING,['CHARGING'],True,VALID_REQUEST,17.739,54.4,3.31,1.0,NERIO_GREEN,EV_CAR,41.9,38.55,,False,True,False,train
DE001014,T0040,V0040,2026-09-01T10:02:40.220449999+07:00,DRIVER_REQUEST,True,,BATTERY_SWAP,['CHARGING'],False,UNSUPPORTED_SERVICE,17.739,54.4,3.31,1.0,NERIO_GREEN,EV_CAR,41.9,38.55,,False,True,False,train
DE001015,T0040,V0040,2026-09-01T10:04:26.813319999+07:00,AUTO_DETECTED,True,CHARGING,,['CHARGING'],,LOW_SOC,17.565,53.87,2.777,1.0,NERIO_GREEN,EV_CAR,41.9,38.55,,False,True,False,train
DE001016,T0040,V0040,2026-09-01T10:04:26.813319999+07:00,DRIVER_REQUEST,True,CHARGING,CHARGING,['CHARGING'],True,VALID_REQUEST,17.565,53.87,2.777,1.0,NERIO_GREEN,EV_CAR,41.9,38.55,,False,True,False,train
DE001017,T0040,V0040,2026-09-01T10:04:26.813319999+07:00,DRIVER_REQUEST,True,,BATTERY_SWAP,['CHARGING'],False,UNSUPPORTED_SERVICE,17.565,53.87,2.777,1.0,NERIO_GREEN,EV_CAR,41.9,38.55,,False,True,False,train
DE001018,T0040,V0040,2026-09-01T10:06:04.691499999+07:00,AUTO_DETECTED,True,CHARGING,,['CHARGING'],,LOW_SOC,17.405,53.38,2.288,1.0,NERIO_GREEN,EV_CAR,41.9,38.55,,False,True,False,train
DE001019,T0040,V0040,2026-09-01T10:06:04.691499999+07:00,DRIVER_REQUEST,True,CHARGING,CHARGING,['CHARGING'],True,VALID_REQUEST,17.405,53.38,2.288,1.0,NERIO_GREEN,EV_CAR,41.9,38.55,,False,True,False,train
DE001020,T0040,V0040,2026-09-01T10:06:04.691499999+07:00,DRIVER_REQUEST,True,,BATTERY_SWAP,['CHARGING'],False,UNSUPPORTED_SERVICE,17.405,53.38,2.288,1.0,NERIO_GREEN,EV_CAR,41.9,38.55,,False,True,False,train
DE001021,T0040,V0040,2026-09-01T10:07:38.526039999+07:00,AUTO_DETECTED,True,CHARGING,,['CHARGING'],,LOW_SOC,17.252,52.91,1.819,1.0,NERIO_GREEN,EV_CAR,41.9,38.55,,False,True,False,train
DE001022,T0040,V0040,2026-09-01T10:07:38.526039999+07:00,DRIVER_REQUEST,True,CHARGING,CHARGING,['CHARGING'],True,VALID_REQUEST,17.252,52.91,1.819,1.0,NERIO_GREEN,EV_CAR,41.9,38.55,,False,True,False,train
DE001023,T0040,V0040,2026-09-01T10:07:38.526039999+07:00,DRIVER_REQUEST,True,,BATTERY_SWAP,['CHARGING'],False,UNSUPPORTED_SERVICE,17.252,52.91,1.819,1.0,NERIO_GREEN,EV_CAR,41.9,38.55,,False,True,False,train
DE001024,T0040,V0040,2026-09-01T10:09:12.272047999+07:00,AUTO_DETECTED,True,CHARGING,,['CHARGING'],,LOW_SOC,17.093,52.42,1.329,1.0,NERIO_GREEN,EV_CAR,41.9,38.55,,False,True,False,train
DE001025,T0040,V0040,2026-09-01T10:09:12.272047999+07:00,DRIVER_REQUEST,True,CHARGING,CHARGING,['CHARGING'],True,VALID_REQUEST,17.093,52.42,1.329,1.0,NERIO_GREEN,EV_CAR,41.9,38.55,,False,True,False,train
DE001026,T0040,V0040,2026-09-01T10:09:12.272047999+07:00,DRIVER_REQUEST,True,,BATTERY_SWAP,['CHARGING'],False,UNSUPPORTED_SERVICE,17.093,52.42,1.329,1.0,NERIO_GREEN,EV_CAR,41.9,38.55,,False,True,False,train
DE001027,T0040,V0040,2026-09-01T10:10:43.749522666+07:00,AUTO_DETECTED,True,CHARGING,,['CHARGING'],,LOW_SOC,16.93,51.92,0.83,1.0,NERIO_GREEN,EV_CAR,41.9,38.55,,False,True,False,train
DE001028,T0040,V0040,2026-09-01T10:10:43.749522666+07:00,DRIVER_REQUEST,True,CHARGING,CHARGING,['CHARGING'],True,VALID_REQUEST,16.93,51.92,0.83,1.0,NERIO_GREEN,EV_CAR,41.9,38.55,,False,True,False,train
DE001029,T0040,V0040,2026-09-01T10:10:43.749522666+07:00,DRIVER_REQUEST,True,,BATTERY_SWAP,['CHARGING'],False,UNSUPPORTED_SERVICE,16.93,51.92,0.83,1.0,NERIO_GREEN,EV_CAR,41.9,38.55,,False,True,False,train
DE001030,T0040,V0040,2026-09-01T10:12:23.597389333+07:00,AUTO_DETECTED,True,CHARGING,,['CHARGING'],,LOW_SOC,16.767,51.42,0.331,1.0,NERIO_GREEN,EV_CAR,41.9,38.55,,False,True,False,train
DE001031,T0040,V0040,2026-09-01T10:12:23.597389333+07:00,DRIVER_REQUEST,True,CHARGING,CHARGING,['CHARGING'],True,VALID_REQUEST,16.767,51.42,0.331,1.0,NERIO_GREEN,EV_CAR,41.9,38.55,,False,True,False,train
DE001032,T0040,V0040,2026-09-01T10:12:23.597389333+07:00,DRIVER_REQUEST,True,,BATTERY_SWAP,['CHARGING'],False,UNSUPPORTED_SERVICE,16.767,51.42,0.331,1.0,NERIO_GREEN,EV_CAR,41.9,38.55,,False,True,False,train
DE001033,T0041,V0041,2026-09-01T10:06:29.826462857+07:00,AUTO_DETECTED,True,CHARGING,,['CHARGING'],,LOW_SOC,17.934,55.0,2.499,1.0,VF_3,EV_CAR,18.64,17.15,,False,True,False,train
DE001034,T0041,V0041,2026-09-01T10:06:29.826462857+07:00,DRIVER_REQUEST,True,CHARGING,CHARGING,['CHARGING'],True,VALID_REQUEST,17.934,55.0,2.499,1.0,VF_3,EV_CAR,18.64,17.15,,False,True,False,train
DE001035,T0041,V0041,2026-09-01T10:06:29.826462857+07:00,DRIVER_REQUEST,True,,BATTERY_SWAP,['CHARGING'],False,UNSUPPORTED_SERVICE,17.934,55.0,2.499,1.0,VF_3,EV_CAR,18.64,17.15,,False,True,False,train
DE001036,T0041,V0041,2026-09-01T10:07:13.435237714+07:00,AUTO_DETECTED,True,CHARGING,,['CHARGING'],,LOW_SOC,17.83,54.68,2.181,1.0,VF_3,EV_CAR,18.64,17.15,,False,True,False,train
DE001037,T0041,V0041,2026-09-01T10:07:13.435237714+07:00,DRIVER_REQUEST,True,CHARGING,CHARGING,['CHARGING'],True,VALID_REQUEST,17.83,54.68,2.181,1.0,VF_3,EV_CAR,18.64,17.15,,False,True,False,train
DE001038,T0041,V0041,2026-09-01T10:07:13.435237714+07:00,DRIVER_REQUEST,True,,BATTERY_SWAP,['CHARGING'],False,UNSUPPORTED_SERVICE,17.83,54.68,2.181,1.0,VF_3,EV_CAR,18.64,17.15,,False,True,False,train
DE001039,T0041,V0041,2026-09-01T10:08:14.416677714+07:00,AUTO_DETECTED,True,CHARGING,,['CHARGING'],,LOW_SOC,17.719,54.34,1.842,1.0,VF_3,EV_CAR,18.64,17.15,,False,True,False,train
DE001040,T0041,V0041,2026-09-01T10:08:14.416677714+07:00,DRIVER_REQUEST,True,CHARGING,CHARGING,['CHARGING'],True,VALID_REQUEST,17.719,54.34,1.842,1.0,VF_3,EV_CAR,18.64,17.15,,False,True,False,train
DE001041,T0041,V0041,2026-09-01T10:08:14.416677714+07:00,DRIVER_REQUEST,True,,BATTERY_SWAP,['CHARGING'],False,UNSUPPORTED_SERVICE,17.719,54.34,1.842,1.0,VF_3,EV_CAR,18.64,17.15,,False,True,False,train
DE001042,T0041,V0041,2026-09-01T10:09:18.005685714+07:00,AUTO_DETECTED,True,CHARGING,,['CHARGING'],,LOW_SOC,17.611,54.01,1.51,1.0,VF_3,EV_CAR,18.64,17.15,,False,True,False,train
DE001043,T0041,V0041,2026-09-01T10:09:18.005685714+07:00,DRIVER_REQUEST,True,CHARGING,CHARGING,['CHARGING'],True,VALID_REQUEST,17.611,54.01,1.51,1.0,VF_3,EV_CAR,18.64,17.15,,False,True,False,train
DE001044,T0041,V0041,2026-09-01T10:09:18.005685714+07:00,DRIVER_REQUEST,True,,BATTERY_SWAP,['CHARGING'],False,UNSUPPORTED_SERVICE,17.611,54.01,1.51,1.0,VF_3,EV_CAR,18.64,17.15,,False,True,False,train
DE001045,T0041,V0041,2026-09-01T10:10:15.048786285+07:00,AUTO_DETECTED,True,CHARGING,,['CHARGING'],,LOW_SOC,17.496,53.65,1.156,1.0,VF_3,EV_CAR,18.64,17.15,,False,True,False,train
DE001046,T0041,V0041,2026-09-01T10:10:15.048786285+07:00,DRIVER_REQUEST,True,CHARGING,CHARGING,['CHARGING'],True,VALID_REQUEST,17.496,53.65,1.156,1.0,VF_3,EV_CAR,18.64,17.15,,False,True,False,train
DE001047,T0041,V0041,2026-09-01T10:10:15.048786285+07:00,DRIVER_REQUEST,True,,BATTERY_SWAP,['CHARGING'],False,UNSUPPORTED_SERVICE,17.496,53.65,1.156,1.0,VF_3,EV_CAR,18.64,17.15,,False,True,False,train
DE001048,T0041,V0041,2026-09-01T10:11:07.533169142+07:00,AUTO_DETECTED,True,CHARGING,,['CHARGING'],,LOW_SOC,17.388,53.32,0.826,1.0,VF_3,EV_CAR,18.64,17.15,,False,True,False,train
DE001049,T0041,V0041,2026-09-01T10:11:07.533169142+07:00,DRIVER_REQUEST,True,CHARGING,CHARGING,['CHARGING'],True,VALID_REQUEST,17.388,53.32,0.826,1.0,VF_3,EV_CAR,18.64,17.15,,False,True,False,train
DE001050,T0041,V0041,2026-09-01T10:11:07.533169142+07:00,DRIVER_REQUEST,True,,BATTERY_SWAP,['CHARGING'],False,UNSUPPORTED_SERVICE,17.388,53.32,0.826,1.0,VF_3,EV_CAR,18.64,17.15,,False,True,False,train
DE001051,T0041,V0041,2026-09-01T10:11:53.476081142+07:00,AUTO_DETECTED,True,CHARGING,,['CHARGING'],,LOW_SOC,17.289,53.02,0.522,1.0,VF_3,EV_CAR,18.64,17.15,,False,True,False,train
DE001052,T0041,V0041,2026-09-01T10:11:53.476081142+07:00,DRIVER_REQUEST,True,CHARGING,CHARGING,['CHARGING'],True,VALID_REQUEST,17.289,53.02,0.522,1.0,VF_3,EV_CAR,18.64,17.15,,False,True,False,train
DE001053,T0041,V0041,2026-09-01T10:11:53.476081142+07:00,DRIVER_REQUEST,True,,BATTERY_SWAP,['CHARGING'],False,UNSUPPORTED_SERVICE,17.289,53.02,0.522,1.0,VF_3,EV_CAR,18.64,17.15,,False,True,False,train
DE001054,T0041,V0041,2026-09-01T10:12:39.324032+07:00,AUTO_DETECTED,True,CHARGING,,['CHARGING'],,LOW_SOC,17.183,52.7,0.198,1.0,VF_3,EV_CAR,18.64,17.15,,False,True,False,train
DE001055,T0041,V0041,2026-09-01T10:12:39.324032+07:00,DRIVER_REQUEST,True,CHARGING,CHARGING,['CHARGING'],True,VALID_REQUEST,17.183,52.7,0.198,1.0,VF_3,EV_CAR,18.64,17.15,,False,True,False,train
DE001056,T0041,V0041,2026-09-01T10:12:39.324032+07:00,DRIVER_REQUEST,True,,BATTERY_SWAP,['CHARGING'],False,UNSUPPORTED_SERVICE,17.183,52.7,0.198,1.0,VF_3,EV_CAR,18.64,17.15,,False,True,False,train
DE001057,T0042,V0042,2026-09-01T10:13:42.791912500+07:00,AUTO_DETECTED,True,CHARGING,,['CHARGING'],,LOW_SOC,17.204,12.31,7.225,1.084,EVO200_LITE,EV_MOTORBIKE,3.5,3.22,,False,True,False,train
DE001058,T0042,V0042,2026-09-01T10:13:42.791912500+07:00,DRIVER_REQUEST,True,CHARGING,CHARGING,['CHARGING'],True,VALID_REQUEST,17.204,12.31,7.225,1.084,EVO200_LITE,EV_MOTORBIKE,3.5,3.22,,False,True,False,train
DE001059,T0042,V0042,2026-09-01T10:13:42.791912500+07:00,DRIVER_REQUEST,True,,BATTERY_SWAP,['CHARGING'],False,UNSUPPORTED_SERVICE,17.204,12.31,7.225,1.084,EVO200_LITE,EV_MOTORBIKE,3.5,3.22,,False,True,False,train
DE001060,T0042,V0042,2026-09-01T10:16:10.080375+07:00,AUTO_DETECTED,True,CHARGING,,['CHARGING'],,LOW_SOC,15.921,11.39,6.308,1.0,EVO200_LITE,EV_MOTORBIKE,3.5,3.22,,False,True,False,train
DE001061,T0042,V0042,2026-09-01T10:16:10.080375+07:00,DRIVER_REQUEST,True,CHARGING,CHARGING,['CHARGING'],True,VALID_REQUEST,15.921,11.39,6.308,1.0,EVO200_LITE,EV_MOTORBIKE,3.5,3.22,,False,True,False,train
DE001062,T0042,V0042,2026-09-01T10:16:10.080375+07:00,DRIVER_REQUEST,True,,BATTERY_SWAP,['CHARGING'],False,UNSUPPORTED_SERVICE,15.921,11.39,6.308,1.0,EVO200_LITE,EV_MOTORBIKE,3.5,3.22,,False,True,False,train
DE001063,T0042,V0042,2026-09-01T10:19:00.732126785+07:00,AUTO_DETECTED,True,CHARGING,,['CHARGING'],,LOW_SOC,14.646,10.48,5.395,1.0,EVO200_LITE,EV_MOTORBIKE,3.5,3.22,,False,True,False,train
DE001064,T0042,V0042,2026-09-01T10:19:00.732126785+07:00,DRIVER_REQUEST,True,CHARGING,CHARGING,['CHARGING'],True,VALID_REQUEST,14.646,10.48,5.395,1.0,EVO200_LITE,EV_MOTORBIKE,3.5,3.22,,False,True,False,train
DE001065,T0042,V0042,2026-09-01T10:19:00.732126785+07:00,DRIVER_REQUEST,True,,BATTERY_SWAP,['CHARGING'],False,UNSUPPORTED_SERVICE,14.646,10.48,5.395,1.0,EVO200_LITE,EV_MOTORBIKE,3.5,3.22,,False,True,False,train
DE001066,T0042,V0042,2026-09-01T10:22:01.560148500+07:00,AUTO_DETECTED,True,CHARGING,,['CHARGING'],,LOW_SOC,13.322,9.53,4.447,1.0,EVO200_LITE,EV_MOTORBIKE,3.5,3.22,,False,True,False,train
DE001067,T0042,V0042,2026-09-01T10:22:01.560148500+07:00,DRIVER_REQUEST,True,CHARGING,CHARGING,['CHARGING'],True,VALID_REQUEST,13.322,9.53,4.447,1.0,EVO200_LITE,EV_MOTORBIKE,3.5,3.22,,False,True,False,train
DE001068,T0042,V0042,2026-09-01T10:22:01.560148500+07:00,DRIVER_REQUEST,True,,BATTERY_SWAP,['CHARGING'],False,UNSUPPORTED_SERVICE,13.322,9.53,4.447,1.0,EVO200_LITE,EV_MOTORBIKE,3.5,3.22,,False,True,False,train
DE001069,T0042,V0042,2026-09-01T10:25:03.182281833+07:00,AUTO_DETECTED,True,CHARGING,,['CHARGING'],,LOW_SOC,12.052,8.62,3.539,1.0,EVO200_LITE,EV_MOTORBIKE,3.5,3.22,,False,True,False,train
DE001070,T0042,V0042,2026-09-01T10:25:03.182281833+07:00,DRIVER_REQUEST,True,CHARGING,CHARGING,['CHARGING'],True,VALID_REQUEST,12.052,8.62,3.539,1.0,EVO200_LITE,EV_MOTORBIKE,3.5,3.22,,False,True,False,train
DE001071,T0042,V0042,2026-09-01T10:25:03.182281833+07:00,DRIVER_REQUEST,True,,BATTERY_SWAP,['CHARGING'],False,UNSUPPORTED_SERVICE,12.052,8.62,3.539,1.0,EVO200_LITE,EV_MOTORBIKE,3.5,3.22,,False,True,False,train
DE001072,T0042,V0042,2026-09-01T10:27:54.817148499+07:00,AUTO_DETECTED,True,CHARGING,,['CHARGING'],,LOW_SOC,10.853,7.77,2.681,1.0,EVO200_LITE,EV_MOTORBIKE,3.5,3.22,,False,True,False,train
DE001073,T0042,V0042,2026-09-01T10:27:54.817148499+07:00,DRIVER_REQUEST,True,CHARGING,CHARGING,['CHARGING'],True,VALID_REQUEST,10.853,7.77,2.681,1.0,EVO200_LITE,EV_MOTORBIKE,3.5,3.22,,False,True,False,train
DE001074,T0042,V0042,2026-09-01T10:27:54.817148499+07:00,DRIVER_REQUEST,True,,BATTERY_SWAP,['CHARGING'],False,UNSUPPORTED_SERVICE,10.853,7.77,2.681,1.0,EVO200_LITE,EV_MOTORBIKE,3.5,3.22,,False,True,False,train
DE001075,T0042,V0042,2026-09-01T10:31:24.886548499+07:00,AUTO_DETECTED,True,CHARGING,,['CHARGING'],,LOW_SOC,9.385,6.72,1.631,1.0,EVO200_LITE,EV_MOTORBIKE,3.5,3.22,,False,True,False,train
DE001076,T0042,V0042,2026-09-01T10:31:24.886548499+07:00,DRIVER_REQUEST,True,CHARGING,CHARGING,['CHARGING'],True,VALID_REQUEST,9.385,6.72,1.631,1.0,EVO200_LITE,EV_MOTORBIKE,3.5,3.22,,False,True,False,train
DE001077,T0042,V0042,2026-09-01T10:31:24.886548499+07:00,DRIVER_REQUEST,True,,BATTERY_SWAP,['CHARGING'],False,UNSUPPORTED_SERVICE,9.385,6.72,1.631,1.0,EVO200_LITE,EV_MOTORBIKE,3.5,3.22,,False,True,False,train
DE001078,T0042,V0042,2026-09-01T10:33:53.965684999+07:00,AUTO_DETECTED,True,CHARGING,,['CHARGING'],,LOW_SOC,8.018,5.74,0.652,1.0,EVO200_LITE,EV_MOTORBIKE,3.5,3.22,,False,True,False,train
DE001079,T0042,V0042,2026-09-01T10:33:53.965684999+07:00,DRIVER_REQUEST,True,CHARGING,CHARGING,['CHARGING'],True,VALID_REQUEST,8.018,5.74,0.652,1.0,EVO200_LITE,EV_MOTORBIKE,3.5,3.22,,False,True,False,train
DE001080,T0042,V0042,2026-09-01T10:33:53.965684999+07:00,DRIVER_REQUEST,True,,BATTERY_SWAP,['CHARGING'],False,UNSUPPORTED_SERVICE,8.018,5.74,0.652,1.0,EVO200_LITE,EV_MOTORBIKE,3.5,3.22,,False,True,False,train
DE001081,T0043,V0043,2026-09-01T10:19:38.033396571+07:00,AUTO_DETECTED,False,,,['CHARGING'],,SUFFICIENT_SOC_RANGE,73.699,226.01,7.504,1.126,VF_5,EV_CAR,37.23,34.25,,False,True,False,train
DE001082,T0043,V0043,2026-09-01T10:19:38.033396571+07:00,DRIVER_REQUEST,True,CHARGING,CHARGING,['CHARGING'],True,VALID_REQUEST,73.699,226.01,7.504,1.126,VF_5,EV_CAR,37.23,34.25,,False,True,False,train
DE001083,T0043,V0043,2026-09-01T10:19:38.033396571+07:00,DRIVER_REQUEST,True,,BATTERY_SWAP,['CHARGING'],False,UNSUPPORTED_SERVICE,73.699,226.01,7.504,1.126,VF_5,EV_CAR,37.23,34.25,,False,True,False,train
DE001084,T0043,V0043,2026-09-01T10:21:14.778061714+07:00,AUTO_DETECTED,False,,,['CHARGING'],,SUFFICIENT_SOC_RANGE,73.392,225.07,6.564,1.0,VF_5,EV_CAR,37.23,34.25,,False,True,False,train
DE001085,T0043,V0043,2026-09-01T10:21:14.778061714+07:00,DRIVER_REQUEST,True,CHARGING,CHARGING,['CHARGING'],True,VALID_REQUEST,73.392,225.07,6.564,1.0,VF_5,EV_CAR,37.23,34.25,,False,True,False,train
DE001086,T0043,V0043,2026-09-01T10:21:14.778061714+07:00,DRIVER_REQUEST,True,,BATTERY_SWAP,['CHARGING'],False,UNSUPPORTED_SERVICE,73.392,225.07,6.564,1.0,VF_5,EV_CAR,37.23,34.25,,False,True,False,train
DE001087,T0043,V0043,2026-09-01T10:22:57.674777142+07:00,AUTO_DETECTED,False,,,['CHARGING'],,SUFFICIENT_SOC_RANGE,73.083,224.12,5.615,1.0,VF_5,EV_CAR,37.23,34.25,,False,True,False,train
DE001088,T0043,V0043,2026-09-01T10:22:57.674777142+07:00,DRIVER_REQUEST,True,CHARGING,CHARGING,['CHARGING'],True,VALID_REQUEST,73.083,224.12,5.615,1.0,VF_5,EV_CAR,37.23,34.25,,False,True,False,train
DE001089,T0043,V0043,2026-09-01T10:22:57.674777142+07:00,DRIVER_REQUEST,True,,BATTERY_SWAP,['CHARGING'],False,UNSUPPORTED_SERVICE,73.083,224.12,5.615,1.0,VF_5,EV_CAR,37.23,34.25,,False,True,False,train
DE001090,T0043,V0043,2026-09-01T10:25:18.624617142+07:00,AUTO_DETECTED,False,,,['CHARGING'],,SUFFICIENT_SOC_RANGE,72.764,223.14,4.636,1.0,VF_5,EV_CAR,37.23,34.25,,False,True,False,train
DE001091,T0043,V0043,2026-09-01T10:25:18.624617142+07:00,DRIVER_REQUEST,True,CHARGING,CHARGING,['CHARGING'],True,VALID_REQUEST,72.764,223.14,4.636,1.0,VF_5,EV_CAR,37.23,34.25,,False,True,False,train
DE001092,T0043,V0043,2026-09-01T10:25:18.624617142+07:00,DRIVER_REQUEST,True,,BATTERY_SWAP,['CHARGING'],False,UNSUPPORTED_SERVICE,72.764,223.14,4.636,1.0,VF_5,EV_CAR,37.23,34.25,,False,True,False,train
DE001093,T0043,V0043,2026-09-01T10:27:43.956210554+07:00,AUTO_DETECTED,False,,,['CHARGING'],,SUFFICIENT_SOC_RANGE,72.442,222.16,3.65,1.0,VF_5,EV_CAR,37.23,34.25,,False,True,False,train
DE001094,T0043,V0043,2026-09-01T10:27:43.956210554+07:00,DRIVER_REQUEST,True,CHARGING,CHARGING,['CHARGING'],True,VALID_REQUEST,72.442,222.16,3.65,1.0,VF_5,EV_CAR,37.23,34.25,,False,True,False,train
DE001095,T0043,V0043,2026-09-01T10:27:43.956210554+07:00,DRIVER_REQUEST,True,,BATTERY_SWAP,['CHARGING'],False,UNSUPPORTED_SERVICE,72.442,222.16,3.65,1.0,VF_5,EV_CAR,37.23,34.25,,False,True,False,train
DE001096,T0043,V0043,2026-09-01T10:30:08.742569142+07:00,AUTO_DETECTED,False,,,['CHARGING'],,SUFFICIENT_SOC_RANGE,72.114,221.15,2.644,1.0,VF_5,EV_CAR,37.23,34.25,,False,True,False,train
DE001097,T0043,V0043,2026-09-01T10:30:08.742569142+07:00,DRIVER_REQUEST,True,CHARGING,CHARGING,['CHARGING'],True,VALID_REQUEST,72.114,221.15,2.644,1.0,VF_5,EV_CAR,37.23,34.25,,False,True,False,train
DE001098,T0043,V0043,2026-09-01T10:30:08.742569142+07:00,DRIVER_REQUEST,True,,BATTERY_SWAP,['CHARGING'],False,UNSUPPORTED_SERVICE,72.114,221.15,2.644,1.0,VF_5,EV_CAR,37.23,34.25,,False,True,False,train
DE001099,T0043,V0043,2026-09-01T10:32:33.108329142+07:00,AUTO_DETECTED,False,,,['CHARGING'],,SUFFICIENT_SOC_RANGE,71.787,220.15,1.642,1.0,VF_5,EV_CAR,37.23,34.25,,False,True,False,train
DE001100,T0043,V0043,2026-09-01T10:32:33.108329142+07:00,DRIVER_REQUEST,True,CHARGING,CHARGING,['CHARGING'],True,VALID_REQUEST,71.787,220.15,1.642,1.0,VF_5,EV_CAR,37.23,34.25,,False,True,False,train
DE001101,T0043,V0043,2026-09-01T10:32:33.108329142+07:00,DRIVER_REQUEST,True,,BATTERY_SWAP,['CHARGING'],False,UNSUPPORTED_SERVICE,71.787,220.15,1.642,1.0,VF_5,EV_CAR,37.23,34.25,,False,True,False,train
DE001102,T0043,V0043,2026-09-01T10:35:02.555010554+07:00,AUTO_DETECTED,False,,,['CHARGING'],,SUFFICIENT_SOC_RANGE,71.449,219.11,0.604,1.0,VF_5,EV_CAR,37.23,34.25,,False,True,False,train
DE001103,T0043,V0043,2026-09-01T10:35:02.555010554+07:00,DRIVER_REQUEST,True,CHARGING,CHARGING,['CHARGING'],True,VALID_REQUEST,71.449,219.11,0.604,1.0,VF_5,EV_CAR,37.23,34.25,,False,True,False,train
DE001104,T0043,V0043,2026-09-01T10:35:02.555010554+07:00,DRIVER_REQUEST,True,,BATTERY_SWAP,['CHARGING'],False,UNSUPPORTED_SERVICE,71.449,219.11,0.604,1.0,VF_5,EV_CAR,37.23,34.25,,False,True,False,train
DE001105,T0044,V0044,2026-09-01T10:24:44.091675200+07:00,AUTO_DETECTED,False,,,['CHARGING'],,SUFFICIENT_SOC_RANGE,89.997,275.99,2.397,1.0,VF_6,EV_CAR,59.6,54.83,,False,True,False,train
DE001106,T0044,V0044,2026-09-01T10:24:44.091675200+07:00,DRIVER_REQUEST,True,CHARGING,CHARGING,['CHARGING'],True,VALID_REQUEST,89.997,275.99,2.397,1.0,VF_6,EV_CAR,59.6,54.83,,False,True,False,train
DE001107,T0044,V0044,2026-09-01T10:24:44.091675200+07:00,DRIVER_REQUEST,True,,BATTERY_SWAP,['CHARGING'],False,UNSUPPORTED_SERVICE,89.997,275.99,2.397,1.0,VF_6,EV_CAR,59.6,54.83,,False,True,False,train
DE001108,T0044,V0044,2026-09-01T10:25:36.296856+07:00,AUTO_DETECTED,False,,,['CHARGING'],,SUFFICIENT_SOC_RANGE,89.894,275.68,2.08,1.0,VF_6,EV_CAR,59.6,54.83,,False,True,False,train
DE001109,T0044,V0044,2026-09-01T10:25:36.296856+07:00,DRIVER_REQUEST,True,CHARGING,CHARGING,['CHARGING'],True,VALID_REQUEST,89.894,275.68,2.08,1.0,VF_6,EV_CAR,59.6,54.83,,False,True,False,train
DE001110,T0044,V0044,2026-09-01T10:25:36.296856+07:00,DRIVER_REQUEST,True,,BATTERY_SWAP,['CHARGING'],False,UNSUPPORTED_SERVICE,89.894,275.68,2.08,1.0,VF_6,EV_CAR,59.6,54.83,,False,True,False,train
DE001111,T0044,V0044,2026-09-01T10:26:42.520855999+07:00,AUTO_DETECTED,False,,,['CHARGING'],,SUFFICIENT_SOC_RANGE,89.786,275.34,1.749,1.0,VF_6,EV_CAR,59.6,54.83,,False,True,False,train
DE001112,T0044,V0044,2026-09-01T10:26:42.520855999+07:00,DRIVER_REQUEST,True,CHARGING,CHARGING,['CHARGING'],True,VALID_REQUEST,89.786,275.34,1.749,1.0,VF_6,EV_CAR,59.6,54.83,,False,True,False,train
DE001113,T0044,V0044,2026-09-01T10:26:42.520855999+07:00,DRIVER_REQUEST,True,,BATTERY_SWAP,['CHARGING'],False,UNSUPPORTED_SERVICE,89.786,275.34,1.749,1.0,VF_6,EV_CAR,59.6,54.83,,False,True,False,train
DE001114,T0044,V0044,2026-09-01T10:27:46.711084571+07:00,AUTO_DETECTED,False,,,['CHARGING'],,SUFFICIENT_SOC_RANGE,89.682,275.02,1.428,1.0,VF_6,EV_CAR,59.6,54.83,,False,True,False,train
DE001115,T0044,V0044,2026-09-01T10:27:46.711084571+07:00,DRIVER_REQUEST,True,CHARGING,CHARGING,['CHARGING'],True,VALID_REQUEST,89.682,275.02,1.428,1.0,VF_6,EV_CAR,59.6,54.83,,False,True,False,train
DE001116,T0044,V0044,2026-09-01T10:27:46.711084571+07:00,DRIVER_REQUEST,True,,BATTERY_SWAP,['CHARGING'],False,UNSUPPORTED_SERVICE,89.682,275.02,1.428,1.0,VF_6,EV_CAR,59.6,54.83,,False,True,False,train
DE001117,T0044,V0044,2026-09-01T10:28:47.219256+07:00,AUTO_DETECTED,False,,,['CHARGING'],,SUFFICIENT_SOC_RANGE,89.583,274.72,1.126,1.0,VF_6,EV_CAR,59.6,54.83,,False,True,False,train
DE001118,T0044,V0044,2026-09-01T10:28:47.219256+07:00,DRIVER_REQUEST,True,CHARGING,CHARGING,['CHARGING'],True,VALID_REQUEST,89.583,274.72,1.126,1.0,VF_6,EV_CAR,59.6,54.83,,False,True,False,train
DE001119,T0044,V0044,2026-09-01T10:28:47.219256+07:00,DRIVER_REQUEST,True,,BATTERY_SWAP,['CHARGING'],False,UNSUPPORTED_SERVICE,89.583,274.72,1.126,1.0,VF_6,EV_CAR,59.6,54.83,,False,True,False,train
DE001120,T0044,V0044,2026-09-01T10:29:51.159884+07:00,AUTO_DETECTED,False,,,['CHARGING'],,SUFFICIENT_SOC_RANGE,89.475,274.39,0.795,1.0,VF_6,EV_CAR,59.6,54.83,,False,True,False,train
DE001121,T0044,V0044,2026-09-01T10:29:51.159884+07:00,DRIVER_REQUEST,True,CHARGING,CHARGING,['CHARGING'],True,VALID_REQUEST,89.475,274.39,0.795,1.0,VF_6,EV_CAR,59.6,54.83,,False,True,False,train
DE001122,T0044,V0044,2026-09-01T10:29:51.159884+07:00,DRIVER_REQUEST,True,,BATTERY_SWAP,['CHARGING'],False,UNSUPPORTED_SERVICE,89.475,274.39,0.795,1.0,VF_6,EV_CAR,59.6,54.83,,False,True,False,train
DE001123,T0044,V0044,2026-09-01T10:30:35.698072+07:00,AUTO_DETECTED,False,,,['CHARGING'],,SUFFICIENT_SOC_RANGE,89.383,274.11,0.514,1.0,VF_6,EV_CAR,59.6,54.83,,False,True,False,train
DE001124,T0044,V0044,2026-09-01T10:30:35.698072+07:00,DRIVER_REQUEST,True,CHARGING,CHARGING,['CHARGING'],True,VALID_REQUEST,89.383,274.11,0.514,1.0,VF_6,EV_CAR,59.6,54.83,,False,True,False,train
DE001125,T0044,V0044,2026-09-01T10:30:35.698072+07:00,DRIVER_REQUEST,True,,BATTERY_SWAP,['CHARGING'],False,UNSUPPORTED_SERVICE,89.383,274.11,0.514,1.0,VF_6,EV_CAR,59.6,54.83,,False,True,False,train
DE001126,T0044,V0044,2026-09-01T10:31:39.073032+07:00,AUTO_DETECTED,False,,,['CHARGING'],,SUFFICIENT_SOC_RANGE,89.278,273.78,0.19,1.0,VF_6,EV_CAR,59.6,54.83,,False,True,False,train
DE001127,T0044,V0044,2026-09-01T10:31:39.073032+07:00,DRIVER_REQUEST,True,CHARGING,CHARGING,['CHARGING'],True,VALID_REQUEST,89.278,273.78,0.19,1.0,VF_6,EV_CAR,59.6,54.83,,False,True,False,train
DE001128,T0044,V0044,2026-09-01T10:31:39.073032+07:00,DRIVER_REQUEST,True,,BATTERY_SWAP,['CHARGING'],False,UNSUPPORTED_SERVICE,89.278,273.78,0.19,1.0,VF_6,EV_CAR,59.6,54.83,,False,True,False,train
DE001129,T0045,V0045,2026-09-01T10:31:06.528499500+07:00,AUTO_DETECTED,True,CHARGING,,['CHARGING'],,LOW_SOC,11.337,8.11,5.332,1.0,FELIZ_S,EV_MOTORBIKE,3.5,3.22,,False,True,False,train
DE001130,T0045,V0045,2026-09-01T10:31:06.528499500+07:00,DRIVER_REQUEST,True,CHARGING,CHARGING,['CHARGING'],True,VALID_REQUEST,11.337,8.11,5.332,1.0,FELIZ_S,EV_MOTORBIKE,3.5,3.22,,False,True,False,train
DE001131,T0045,V0045,2026-09-01T10:31:06.528499500+07:00,DRIVER_REQUEST,True,,BATTERY_SWAP,['CHARGING'],False,UNSUPPORTED_SERVICE,11.337,8.11,5.332,1.0,FELIZ_S,EV_MOTORBIKE,3.5,3.22,,False,True,False,train
DE001132,T0045,V0045,2026-09-01T10:32:58.331043499+07:00,AUTO_DETECTED,True,CHARGING,,['CHARGING'],,LOW_SOC,10.283,7.36,4.577,1.0,FELIZ_S,EV_MOTORBIKE,3.5,3.22,,False,True,False,train
DE001133,T0045,V0045,2026-09-01T10:32:58.331043499+07:00,DRIVER_REQUEST,True,CHARGING,CHARGING,['CHARGING'],True,VALID_REQUEST,10.283,7.36,4.577,1.0,FELIZ_S,EV_MOTORBIKE,3.5,3.22,,False,True,False,train
DE001134,T0045,V0045,2026-09-01T10:32:58.331043499+07:00,DRIVER_REQUEST,True,,BATTERY_SWAP,['CHARGING'],False,UNSUPPORTED_SERVICE,10.283,7.36,4.577,1.0,FELIZ_S,EV_MOTORBIKE,3.5,3.22,,False,True,False,train
DE001135,T0045,V0045,2026-09-01T10:34:51.731296299+07:00,AUTO_DETECTED,True,CHARGING,,['CHARGING'],,LOW_SOC,9.213,6.59,3.812,1.0,FELIZ_S,EV_MOTORBIKE,3.5,3.22,,False,True,False,train
DE001136,T0045,V0045,2026-09-01T10:34:51.731296299+07:00,DRIVER_REQUEST,True,CHARGING,CHARGING,['CHARGING'],True,VALID_REQUEST,9.213,6.59,3.812,1.0,FELIZ_S,EV_MOTORBIKE,3.5,3.22,,False,True,False,train
DE001137,T0045,V0045,2026-09-01T10:34:51.731296299+07:00,DRIVER_REQUEST,True,,BATTERY_SWAP,['CHARGING'],False,UNSUPPORTED_SERVICE,9.213,6.59,3.812,1.0,FELIZ_S,EV_MOTORBIKE,3.5,3.22,,False,True,False,train
DE001138,T0045,V0045,2026-09-01T10:36:43.521750700+07:00,AUTO_DETECTED,True,CHARGING,,['CHARGING'],,LOW_SOC,8.128,5.82,3.035,1.0,FELIZ_S,EV_MOTORBIKE,3.5,3.22,,False,True,False,train
DE001139,T0045,V0045,2026-09-01T10:36:43.521750700+07:00,DRIVER_REQUEST,True,CHARGING,CHARGING,['CHARGING'],True,VALID_REQUEST,8.128,5.82,3.035,1.0,FELIZ_S,EV_MOTORBIKE,3.5,3.22,,False,True,False,train
DE001140,T0045,V0045,2026-09-01T10:36:43.521750700+07:00,DRIVER_REQUEST,True,,BATTERY_SWAP,['CHARGING'],False,UNSUPPORTED_SERVICE,8.128,5.82,3.035,1.0,FELIZ_S,EV_MOTORBIKE,3.5,3.22,,False,True,False,train
DE001141,T0045,V0045,2026-09-01T10:38:33.158375500+07:00,AUTO_DETECTED,True,CHARGING,,['CHARGING'],,LOW_SOC,7.064,5.05,2.274,1.0,FELIZ_S,EV_MOTORBIKE,3.5,3.22,,False,True,False,train
DE001142,T0045,V0045,2026-09-01T10:38:33.158375500+07:00,DRIVER_REQUEST,True,CHARGING,CHARGING,['CHARGING'],True,VALID_REQUEST,7.064,5.05,2.274,1.0,FELIZ_S,EV_MOTORBIKE,3.5,3.22,,False,True,False,train
DE001143,T0045,V0045,2026-09-01T10:38:33.158375500+07:00,DRIVER_REQUEST,True,,BATTERY_SWAP,['CHARGING'],False,UNSUPPORTED_SERVICE,7.064,5.05,2.274,1.0,FELIZ_S,EV_MOTORBIKE,3.5,3.22,,False,True,False,train
DE001144,T0045,V0045,2026-09-01T10:40:09.562474+07:00,AUTO_DETECTED,True,CHARGING,,['CHARGING'],,LOW_SOC,6.059,4.34,1.555,1.0,FELIZ_S,EV_MOTORBIKE,3.5,3.22,,False,True,False,train
DE001145,T0045,V0045,2026-09-01T10:40:09.562474+07:00,DRIVER_REQUEST,True,CHARGING,CHARGING,['CHARGING'],True,VALID_REQUEST,6.059,4.34,1.555,1.0,FELIZ_S,EV_MOTORBIKE,3.5,3.22,,False,True,False,train
DE001146,T0045,V0045,2026-09-01T10:40:09.562474+07:00,DRIVER_REQUEST,True,,BATTERY_SWAP,['CHARGING'],False,UNSUPPORTED_SERVICE,6.059,4.34,1.555,1.0,FELIZ_S,EV_MOTORBIKE,3.5,3.22,,False,True,False,train
DE001147,T0045,V0045,2026-09-01T10:41:07.087521999+07:00,AUTO_DETECTED,True,CHARGING,,['CHARGING'],,LOW_SOC,5.359,3.83,1.054,1.0,FELIZ_S,EV_MOTORBIKE,3.5,3.22,,False,True,False,train
DE001148,T0045,V0045,2026-09-01T10:41:07.087521999+07:00,DRIVER_REQUEST,True,CHARGING,CHARGING,['CHARGING'],True,VALID_REQUEST,5.359,3.83,1.054,1.0,FELIZ_S,EV_MOTORBIKE,3.5,3.22,,False,True,False,train
DE001149,T0045,V0045,2026-09-01T10:41:07.087521999+07:00,DRIVER_REQUEST,True,,BATTERY_SWAP,['CHARGING'],False,UNSUPPORTED_SERVICE,5.359,3.83,1.054,1.0,FELIZ_S,EV_MOTORBIKE,3.5,3.22,,False,True,False,train
DE001150,T0045,V0045,2026-09-01T10:42:10.430403999+07:00,AUTO_DETECTED,True,CHARGING,,['CHARGING'],,LOW_SOC,4.609,3.3,0.517,1.0,FELIZ_S,EV_MOTORBIKE,3.5,3.22,,False,True,False,train
DE001151,T0045,V0045,2026-09-01T10:42:10.430403999+07:00,DRIVER_REQUEST,True,CHARGING,CHARGING,['CHARGING'],True,VALID_REQUEST,4.609,3.3,0.517,1.0,FELIZ_S,EV_MOTORBIKE,3.5,3.22,,False,True,False,train
DE001152,T0045,V0045,2026-09-01T10:42:10.430403999+07:00,DRIVER_REQUEST,True,,BATTERY_SWAP,['CHARGING'],False,UNSUPPORTED_SERVICE,4.609,3.3,0.517,1.0,FELIZ_S,EV_MOTORBIKE,3.5,3.22,,False,True,False,train
DE001153,T0046,V0046,2026-09-01T10:37:26.112999999+07:00,AUTO_DETECTED,True,CHARGING,,['CHARGING'],,LOW_SOC,17.86,54.77,4.572,1.0,VF_7_ECO,EV_CAR,59.6,54.83,,False,True,False,train
DE001154,T0046,V0046,2026-09-01T10:37:26.112999999+07:00,DRIVER_REQUEST,True,CHARGING,CHARGING,['CHARGING'],True,VALID_REQUEST,17.86,54.77,4.572,1.0,VF_7_ECO,EV_CAR,59.6,54.83,,False,True,False,train
DE001155,T0046,V0046,2026-09-01T10:37:26.112999999+07:00,DRIVER_REQUEST,True,,BATTERY_SWAP,['CHARGING'],False,UNSUPPORTED_SERVICE,17.86,54.77,4.572,1.0,VF_7_ECO,EV_CAR,59.6,54.83,,False,True,False,train
DE001156,T0046,V0046,2026-09-01T10:39:08.033096+07:00,AUTO_DETECTED,True,CHARGING,,['CHARGING'],,LOW_SOC,17.644,54.11,3.91,1.0,VF_7_ECO,EV_CAR,59.6,54.83,,False,True,False,train
DE001157,T0046,V0046,2026-09-01T10:39:08.033096+07:00,DRIVER_REQUEST,True,CHARGING,CHARGING,['CHARGING'],True,VALID_REQUEST,17.644,54.11,3.91,1.0,VF_7_ECO,EV_CAR,59.6,54.83,,False,True,False,train
DE001158,T0046,V0046,2026-09-01T10:39:08.033096+07:00,DRIVER_REQUEST,True,,BATTERY_SWAP,['CHARGING'],False,UNSUPPORTED_SERVICE,17.644,54.11,3.91,1.0,VF_7_ECO,EV_CAR,59.6,54.83,,False,True,False,train
DE001159,T0046,V0046,2026-09-01T10:40:54.592688+07:00,AUTO_DETECTED,True,CHARGING,,['CHARGING'],,LOW_SOC,17.441,53.49,3.288,1.0,VF_7_ECO,EV_CAR,59.6,54.83,,False,True,False,train
DE001160,T0046,V0046,2026-09-01T10:40:54.592688+07:00,DRIVER_REQUEST,True,CHARGING,CHARGING,['CHARGING'],True,VALID_REQUEST,17.441,53.49,3.288,1.0,VF_7_ECO,EV_CAR,59.6,54.83,,False,True,False,train
DE001161,T0046,V0046,2026-09-01T10:40:54.592688+07:00,DRIVER_REQUEST,True,,BATTERY_SWAP,['CHARGING'],False,UNSUPPORTED_SERVICE,17.441,53.49,3.288,1.0,VF_7_ECO,EV_CAR,59.6,54.83,,False,True,False,train
DE001162,T0046,V0046,2026-09-01T10:42:01.223144+07:00,AUTO_DETECTED,True,CHARGING,,['CHARGING'],,LOW_SOC,17.29,53.02,2.826,1.0,VF_7_ECO,EV_CAR,59.6,54.83,,False,True,False,train
DE001163,T0046,V0046,2026-09-01T10:42:01.223144+07:00,DRIVER_REQUEST,True,CHARGING,CHARGING,['CHARGING'],True,VALID_REQUEST,17.29,53.02,2.826,1.0,VF_7_ECO,EV_CAR,59.6,54.83,,False,True,False,train
DE001164,T0046,V0046,2026-09-01T10:42:01.223144+07:00,DRIVER_REQUEST,True,,BATTERY_SWAP,['CHARGING'],False,UNSUPPORTED_SERVICE,17.29,53.02,2.826,1.0,VF_7_ECO,EV_CAR,59.6,54.83,,False,True,False,train
DE001165,T0046,V0046,2026-09-01T10:44:04.550976+07:00,AUTO_DETECTED,True,CHARGING,,['CHARGING'],,LOW_SOC,17.071,52.35,2.154,1.0,VF_7_ECO,EV_CAR,59.6,54.83,,False,True,False,train
DE001166,T0046,V0046,2026-09-01T10:44:04.550976+07:00,DRIVER_REQUEST,True,CHARGING,CHARGING,['CHARGING'],True,VALID_REQUEST,17.071,52.35,2.154,1.0,VF_7_ECO,EV_CAR,59.6,54.83,,False,True,False,train
DE001167,T0046,V0046,2026-09-01T10:44:04.550976+07:00,DRIVER_REQUEST,True,,BATTERY_SWAP,['CHARGING'],False,UNSUPPORTED_SERVICE,17.071,52.35,2.154,1.0,VF_7_ECO,EV_CAR,59.6,54.83,,False,True,False,train
DE001168,T0046,V0046,2026-09-01T10:46:26.960420444+07:00,AUTO_DETECTED,True,CHARGING,,['CHARGING'],,LOW_SOC,16.839,51.64,1.442,1.0,VF_7_ECO,EV_CAR,59.6,54.83,,False,True,False,train
DE001169,T0046,V0046,2026-09-01T10:46:26.960420444+07:00,DRIVER_REQUEST,True,CHARGING,CHARGING,['CHARGING'],True,VALID_REQUEST,16.839,51.64,1.442,1.0,VF_7_ECO,EV_CAR,59.6,54.83,,False,True,False,train
DE001170,T0046,V0046,2026-09-01T10:46:26.960420444+07:00,DRIVER_REQUEST,True,,BATTERY_SWAP,['CHARGING'],False,UNSUPPORTED_SERVICE,16.839,51.64,1.442,1.0,VF_7_ECO,EV_CAR,59.6,54.83,,False,True,False,train
DE001171,T0046,V0046,2026-09-01T10:48:21.864776+07:00,AUTO_DETECTED,True,CHARGING,,['CHARGING'],,LOW_SOC,16.652,51.07,0.868,1.0,VF_7_ECO,EV_CAR,59.6,54.83,,False,True,False,train
DE001172,T0046,V0046,2026-09-01T10:48:21.864776+07:00,DRIVER_REQUEST,True,CHARGING,CHARGING,['CHARGING'],True,VALID_REQUEST,16.652,51.07,0.868,1.0,VF_7_ECO,EV_CAR,59.6,54.83,,False,True,False,train
DE001173,T0046,V0046,2026-09-01T10:48:21.864776+07:00,DRIVER_REQUEST,True,,BATTERY_SWAP,['CHARGING'],False,UNSUPPORTED_SERVICE,16.652,51.07,0.868,1.0,VF_7_ECO,EV_CAR,59.6,54.83,,False,True,False,train
DE001174,T0046,V0046,2026-09-01T10:49:51.979633142+07:00,AUTO_DETECTED,True,CHARGING,,['CHARGING'],,LOW_SOC,16.505,50.61,0.417,1.0,VF_7_ECO,EV_CAR,59.6,54.83,,False,True,False,train
DE001175,T0046,V0046,2026-09-01T10:49:51.979633142+07:00,DRIVER_REQUEST,True,CHARGING,CHARGING,['CHARGING'],True,VALID_REQUEST,16.505,50.61,0.417,1.0,VF_7_ECO,EV_CAR,59.6,54.83,,False,True,False,train
DE001176,T0046,V0046,2026-09-01T10:49:51.979633142+07:00,DRIVER_REQUEST,True,,BATTERY_SWAP,['CHARGING'],False,UNSUPPORTED_SERVICE,16.505,50.61,0.417,1.0,VF_7_ECO,EV_CAR,59.6,54.83,,False,True,False,train
DE001177,T0047,V0009,2026-09-01T10:42:57.987400+07:00,AUTO_DETECTED,True,,,"['CHARGING', 'BATTERY_SWAP']",,LOW_SOC,15.595,11.16,6.701,1.005,FELIZ_II,EV_MOTORBIKE,3.0,2.76,2.0,True,True,True,validation
DE001178,T0047,V0009,2026-09-01T10:42:57.987400+07:00,DRIVER_REQUEST,True,CHARGING,CHARGING,"['CHARGING', 'BATTERY_SWAP']",True,VALID_REQUEST,15.595,11.16,6.701,1.005,FELIZ_II,EV_MOTORBIKE,3.0,2.76,2.0,True,True,True,validation
DE001179,T0047,V0009,2026-09-01T10:42:57.987400+07:00,DRIVER_REQUEST,True,BATTERY_SWAP,BATTERY_SWAP,"['CHARGING', 'BATTERY_SWAP']",True,VALID_REQUEST,15.595,11.16,6.701,1.005,FELIZ_II,EV_MOTORBIKE,3.0,2.76,2.0,True,True,True,validation
DE001180,T0047,V0009,2026-09-01T10:42:57.987400+07:00,DRIVER_REQUEST,True,,ANY,"['CHARGING', 'BATTERY_SWAP']",True,VALID_REQUEST,15.595,11.16,6.701,1.005,FELIZ_II,EV_MOTORBIKE,3.0,2.76,2.0,True,True,True,validation
DE001181,T0047,V0009,2026-09-01T10:45:20.894679999+07:00,AUTO_DETECTED,True,,,"['CHARGING', 'BATTERY_SWAP']",,LOW_SOC,14.523,10.39,5.934,1.0,FELIZ_II,EV_MOTORBIKE,3.0,2.76,2.0,True,True,True,validation
DE001182,T0047,V0009,2026-09-01T10:45:20.894679999+07:00,DRIVER_REQUEST,True,CHARGING,CHARGING,"['CHARGING', 'BATTERY_SWAP']",True,VALID_REQUEST,14.523,10.39,5.934,1.0,FELIZ_II,EV_MOTORBIKE,3.0,2.76,2.0,True,True,True,validation
DE001183,T0047,V0009,2026-09-01T10:45:20.894679999+07:00,DRIVER_REQUEST,True,BATTERY_SWAP,BATTERY_SWAP,"['CHARGING', 'BATTERY_SWAP']",True,VALID_REQUEST,14.523,10.39,5.934,1.0,FELIZ_II,EV_MOTORBIKE,3.0,2.76,2.0,True,True,True,validation
DE001184,T0047,V0009,2026-09-01T10:45:20.894679999+07:00,DRIVER_REQUEST,True,,ANY,"['CHARGING', 'BATTERY_SWAP']",True,VALID_REQUEST,14.523,10.39,5.934,1.0,FELIZ_II,EV_MOTORBIKE,3.0,2.76,2.0,True,True,True,validation
DE001185,T0047,V0009,2026-09-01T10:47:35.591559999+07:00,AUTO_DETECTED,True,,,"['CHARGING', 'BATTERY_SWAP']",,LOW_SOC,13.508,9.67,5.207,1.0,FELIZ_II,EV_MOTORBIKE,3.0,2.76,2.0,True,True,True,validation
DE001186,T0047,V0009,2026-09-01T10:47:35.591559999+07:00,DRIVER_REQUEST,True,CHARGING,CHARGING,"['CHARGING', 'BATTERY_SWAP']",True,VALID_REQUEST,13.508,9.67,5.207,1.0,FELIZ_II,EV_MOTORBIKE,3.0,2.76,2.0,True,True,True,validation
DE001187,T0047,V0009,2026-09-01T10:47:35.591559999+07:00,DRIVER_REQUEST,True,BATTERY_SWAP,BATTERY_SWAP,"['CHARGING', 'BATTERY_SWAP']",True,VALID_REQUEST,13.508,9.67,5.207,1.0,FELIZ_II,EV_MOTORBIKE,3.0,2.76,2.0,True,True,True,validation
DE001188,T0047,V0009,2026-09-01T10:47:35.591559999+07:00,DRIVER_REQUEST,True,,ANY,"['CHARGING', 'BATTERY_SWAP']",True,VALID_REQUEST,13.508,9.67,5.207,1.0,FELIZ_II,EV_MOTORBIKE,3.0,2.76,2.0,True,True,True,validation
DE001189,T0047,V0009,2026-09-01T10:49:55.431215999+07:00,AUTO_DETECTED,True,,,"['CHARGING', 'BATTERY_SWAP']",,LOW_SOC,12.475,8.93,4.469,1.0,FELIZ_II,EV_MOTORBIKE,3.0,2.76,2.0,True,True,True,validation
DE001190,T0047,V0009,2026-09-01T10:49:55.431215999+07:00,DRIVER_REQUEST,True,CHARGING,CHARGING,"['CHARGING', 'BATTERY_SWAP']",True,VALID_REQUEST,12.475,8.93,4.469,1.0,FELIZ_II,EV_MOTORBIKE,3.0,2.76,2.0,True,True,True,validation
DE001191,T0047,V0009,2026-09-01T10:49:55.431215999+07:00,DRIVER_REQUEST,True,BATTERY_SWAP,BATTERY_SWAP,"['CHARGING', 'BATTERY_SWAP']",True,VALID_REQUEST,12.475,8.93,4.469,1.0,FELIZ_II,EV_MOTORBIKE,3.0,2.76,2.0,True,True,True,validation
DE001192,T0047,V0009,2026-09-01T10:49:55.431215999+07:00,DRIVER_REQUEST,True,,ANY,"['CHARGING', 'BATTERY_SWAP']",True,VALID_REQUEST,12.475,8.93,4.469,1.0,FELIZ_II,EV_MOTORBIKE,3.0,2.76,2.0,True,True,True,validation
DE001193,T0047,V0009,2026-09-01T10:52:03.272192+07:00,AUTO_DETECTED,True,,,"['CHARGING', 'BATTERY_SWAP']",,LOW_SOC,11.404,8.16,3.702,1.0,FELIZ_II,EV_MOTORBIKE,3.0,2.76,2.0,True,True,True,validation
DE001194,T0047,V0009,2026-09-01T10:52:03.272192+07:00,DRIVER_REQUEST,True,CHARGING,CHARGING,"['CHARGING', 'BATTERY_SWAP']",True,VALID_REQUEST,11.404,8.16,3.702,1.0,FELIZ_II,EV_MOTORBIKE,3.0,2.76,2.0,True,True,True,validation
DE001195,T0047,V0009,2026-09-01T10:52:03.272192+07:00,DRIVER_REQUEST,True,BATTERY_SWAP,BATTERY_SWAP,"['CHARGING', 'BATTERY_SWAP']",True,VALID_REQUEST,11.404,8.16,3.702,1.0,FELIZ_II,EV_MOTORBIKE,3.0,2.76,2.0,True,True,True,validation
DE001196,T0047,V0009,2026-09-01T10:52:03.272192+07:00,DRIVER_REQUEST,True,,ANY,"['CHARGING', 'BATTERY_SWAP']",True,VALID_REQUEST,11.404,8.16,3.702,1.0,FELIZ_II,EV_MOTORBIKE,3.0,2.76,2.0,True,True,True,validation
DE001197,T0047,V0009,2026-09-01T10:54:53.760240+07:00,AUTO_DETECTED,True,,,"['CHARGING', 'BATTERY_SWAP']",,LOW_SOC,9.949,7.12,2.661,1.0,FELIZ_II,EV_MOTORBIKE,3.0,2.76,2.0,True,True,True,validation
DE001198,T0047,V0009,2026-09-01T10:54:53.760240+07:00,DRIVER_REQUEST,True,CHARGING,CHARGING,"['CHARGING', 'BATTERY_SWAP']",True,VALID_REQUEST,9.949,7.12,2.661,1.0,FELIZ_II,EV_MOTORBIKE,3.0,2.76,2.0,True,True,True,validation
DE001199,T0047,V0009,2026-09-01T10:54:53.760240+07:00,DRIVER_REQUEST,True,BATTERY_SWAP,BATTERY_SWAP,"['CHARGING', 'BATTERY_SWAP']",True,VALID_REQUEST,9.949,7.12,2.661,1.0,FELIZ_II,EV_MOTORBIKE,3.0,2.76,2.0,True,True,True,validation
DE001200,T0047,V0009,2026-09-01T10:54:53.760240+07:00,DRIVER_REQUEST,True,,ANY,"['CHARGING', 'BATTERY_SWAP']",True,VALID_REQUEST,9.949,7.12,2.661,1.0,FELIZ_II,EV_MOTORBIKE,3.0,2.76,2.0,True,True,True,validation
DE001201,T0047,V0009,2026-09-01T10:58:10.596120+07:00,AUTO_DETECTED,True,,,"['CHARGING', 'BATTERY_SWAP']",,LOW_SOC,8.511,6.09,1.632,1.0,FELIZ_II,EV_MOTORBIKE,3.0,2.76,2.0,True,True,True,validation
DE001202,T0047,V0009,2026-09-01T10:58:10.596120+07:00,DRIVER_REQUEST,True,CHARGING,CHARGING,"['CHARGING', 'BATTERY_SWAP']",True,VALID_REQUEST,8.511,6.09,1.632,1.0,FELIZ_II,EV_MOTORBIKE,3.0,2.76,2.0,True,True,True,validation
DE001203,T0047,V0009,2026-09-01T10:58:10.596120+07:00,DRIVER_REQUEST,True,BATTERY_SWAP,BATTERY_SWAP,"['CHARGING', 'BATTERY_SWAP']",True,VALID_REQUEST,8.511,6.09,1.632,1.0,FELIZ_II,EV_MOTORBIKE,3.0,2.76,2.0,True,True,True,validation
DE001204,T0047,V0009,2026-09-01T10:58:10.596120+07:00,DRIVER_REQUEST,True,,ANY,"['CHARGING', 'BATTERY_SWAP']",True,VALID_REQUEST,8.511,6.09,1.632,1.0,FELIZ_II,EV_MOTORBIKE,3.0,2.76,2.0,True,True,True,validation
DE001205,T0047,V0009,2026-09-01T11:00:33.010872+07:00,AUTO_DETECTED,True,,,"['CHARGING', 'BATTERY_SWAP']",,LOW_SOC,7.129,5.1,0.643,1.0,FELIZ_II,EV_MOTORBIKE,3.0,2.76,2.0,True,True,True,validation
DE001206,T0047,V0009,2026-09-01T11:00:33.010872+07:00,DRIVER_REQUEST,True,CHARGING,CHARGING,"['CHARGING', 'BATTERY_SWAP']",True,VALID_REQUEST,7.129,5.1,0.643,1.0,FELIZ_II,EV_MOTORBIKE,3.0,2.76,2.0,True,True,True,validation
DE001207,T0047,V0009,2026-09-01T11:00:33.010872+07:00,DRIVER_REQUEST,True,BATTERY_SWAP,BATTERY_SWAP,"['CHARGING', 'BATTERY_SWAP']",True,VALID_REQUEST,7.129,5.1,0.643,1.0,FELIZ_II,EV_MOTORBIKE,3.0,2.76,2.0,True,True,True,validation
DE001208,T0047,V0009,2026-09-01T11:00:33.010872+07:00,DRIVER_REQUEST,True,,ANY,"['CHARGING', 'BATTERY_SWAP']",True,VALID_REQUEST,7.129,5.1,0.643,1.0,FELIZ_II,EV_MOTORBIKE,3.0,2.76,2.0,True,True,True,validation
DE001209,T0048,V0048,2026-09-01T10:49:14.941279875+07:00,AUTO_DETECTED,True,CHARGING,,['CHARGING'],,LOW_SOC,17.317,12.39,5.279,1.0,KLARA_S_2022,EV_MOTORBIKE,3.5,3.22,,False,True,False,train
DE001210,T0048,V0048,2026-09-01T10:49:14.941279875+07:00,DRIVER_REQUEST,True,CHARGING,CHARGING,['CHARGING'],True,VALID_REQUEST,17.317,12.39,5.279,1.0,KLARA_S_2022,EV_MOTORBIKE,3.5,3.22,,False,True,False,train
DE001211,T0048,V0048,2026-09-01T10:49:14.941279875+07:00,DRIVER_REQUEST,True,,BATTERY_SWAP,['CHARGING'],False,UNSUPPORTED_SERVICE,17.317,12.39,5.279,1.0,KLARA_S_2022,EV_MOTORBIKE,3.5,3.22,,False,True,False,train
DE001212,T0048,V0048,2026-09-01T10:51:03.488003333+07:00,AUTO_DETECTED,True,CHARGING,,['CHARGING'],,LOW_SOC,16.305,11.67,4.555,1.0,KLARA_S_2022,EV_MOTORBIKE,3.5,3.22,,False,True,False,train
DE001213,T0048,V0048,2026-09-01T10:51:03.488003333+07:00,DRIVER_REQUEST,True,CHARGING,CHARGING,['CHARGING'],True,VALID_REQUEST,16.305,11.67,4.555,1.0,KLARA_S_2022,EV_MOTORBIKE,3.5,3.22,,False,True,False,train
DE001214,T0048,V0048,2026-09-01T10:51:03.488003333+07:00,DRIVER_REQUEST,True,,BATTERY_SWAP,['CHARGING'],False,UNSUPPORTED_SERVICE,16.305,11.67,4.555,1.0,KLARA_S_2022,EV_MOTORBIKE,3.5,3.22,,False,True,False,train
DE001215,T0048,V0048,2026-09-01T10:52:51.186355333+07:00,AUTO_DETECTED,True,CHARGING,,['CHARGING'],,LOW_SOC,15.399,11.02,3.906,1.0,KLARA_S_2022,EV_MOTORBIKE,3.5,3.22,,False,True,False,train
DE001216,T0048,V0048,2026-09-01T10:52:51.186355333+07:00,DRIVER_REQUEST,True,CHARGING,CHARGING,['CHARGING'],True,VALID_REQUEST,15.399,11.02,3.906,1.0,KLARA_S_2022,EV_MOTORBIKE,3.5,3.22,,False,True,False,train
DE001217,T0048,V0048,2026-09-01T10:52:51.186355333+07:00,DRIVER_REQUEST,True,,BATTERY_SWAP,['CHARGING'],False,UNSUPPORTED_SERVICE,15.399,11.02,3.906,1.0,KLARA_S_2022,EV_MOTORBIKE,3.5,3.22,,False,True,False,train
DE001218,T0048,V0048,2026-09-01T10:54:31.883565999+07:00,AUTO_DETECTED,True,CHARGING,,['CHARGING'],,LOW_SOC,14.533,10.4,3.287,1.0,KLARA_S_2022,EV_MOTORBIKE,3.5,3.22,,False,True,False,train
DE001219,T0048,V0048,2026-09-01T10:54:31.883565999+07:00,DRIVER_REQUEST,True,CHARGING,CHARGING,['CHARGING'],True,VALID_REQUEST,14.533,10.4,3.287,1.0,KLARA_S_2022,EV_MOTORBIKE,3.5,3.22,,False,True,False,train
DE001220,T0048,V0048,2026-09-01T10:54:31.883565999+07:00,DRIVER_REQUEST,True,,BATTERY_SWAP,['CHARGING'],False,UNSUPPORTED_SERVICE,14.533,10.4,3.287,1.0,KLARA_S_2022,EV_MOTORBIKE,3.5,3.22,,False,True,False,train
DE001221,T0048,V0048,2026-09-01T10:56:10.989989999+07:00,AUTO_DETECTED,True,CHARGING,,['CHARGING'],,LOW_SOC,13.682,9.79,2.678,1.0,KLARA_S_2022,EV_MOTORBIKE,3.5,3.22,,False,True,False,train
DE001222,T0048,V0048,2026-09-01T10:56:10.989989999+07:00,DRIVER_REQUEST,True,CHARGING,CHARGING,['CHARGING'],True,VALID_REQUEST,13.682,9.79,2.678,1.0,KLARA_S_2022,EV_MOTORBIKE,3.5,3.22,,False,True,False,train
DE001223,T0048,V0048,2026-09-01T10:56:10.989989999+07:00,DRIVER_REQUEST,True,,BATTERY_SWAP,['CHARGING'],False,UNSUPPORTED_SERVICE,13.682,9.79,2.678,1.0,KLARA_S_2022,EV_MOTORBIKE,3.5,3.22,,False,True,False,train
DE001224,T0048,V0048,2026-09-01T10:58:12.975525999+07:00,AUTO_DETECTED,True,CHARGING,,['CHARGING'],,LOW_SOC,12.661,9.06,1.947,1.0,KLARA_S_2022,EV_MOTORBIKE,3.5,3.22,,False,True,False,train
DE001225,T0048,V0048,2026-09-01T10:58:12.975525999+07:00,DRIVER_REQUEST,True,CHARGING,CHARGING,['CHARGING'],True,VALID_REQUEST,12.661,9.06,1.947,1.0,KLARA_S_2022,EV_MOTORBIKE,3.5,3.22,,False,True,False,train
DE001226,T0048,V0048,2026-09-01T10:58:12.975525999+07:00,DRIVER_REQUEST,True,,BATTERY_SWAP,['CHARGING'],False,UNSUPPORTED_SERVICE,12.661,9.06,1.947,1.0,KLARA_S_2022,EV_MOTORBIKE,3.5,3.22,,False,True,False,train
DE001227,T0048,V0048,2026-09-01T11:00:07.532687500+07:00,AUTO_DETECTED,True,CHARGING,,['CHARGING'],,LOW_SOC,11.61,8.31,1.195,1.0,KLARA_S_2022,EV_MOTORBIKE,3.5,3.22,,False,True,False,train
DE001228,T0048,V0048,2026-09-01T11:00:07.532687500+07:00,DRIVER_REQUEST,True,CHARGING,CHARGING,['CHARGING'],True,VALID_REQUEST,11.61,8.31,1.195,1.0,KLARA_S_2022,EV_MOTORBIKE,3.5,3.22,,False,True,False,train
DE001229,T0048,V0048,2026-09-01T11:00:07.532687500+07:00,DRIVER_REQUEST,True,,BATTERY_SWAP,['CHARGING'],False,UNSUPPORTED_SERVICE,11.61,8.31,1.195,1.0,KLARA_S_2022,EV_MOTORBIKE,3.5,3.22,,False,True,False,train
DE001230,T0048,V0048,2026-09-01T11:01:55.851961+07:00,AUTO_DETECTED,True,CHARGING,,['CHARGING'],,LOW_SOC,10.56,7.56,0.444,1.0,KLARA_S_2022,EV_MOTORBIKE,3.5,3.22,,False,True,False,train
DE001231,T0048,V0048,2026-09-01T11:01:55.851961+07:00,DRIVER_REQUEST,True,CHARGING,CHARGING,['CHARGING'],True,VALID_REQUEST,10.56,7.56,0.444,1.0,KLARA_S_2022,EV_MOTORBIKE,3.5,3.22,,False,True,False,train
DE001232,T0048,V0048,2026-09-01T11:01:55.851961+07:00,DRIVER_REQUEST,True,,BATTERY_SWAP,['CHARGING'],False,UNSUPPORTED_SERVICE,10.56,7.56,0.444,1.0,KLARA_S_2022,EV_MOTORBIKE,3.5,3.22,,False,True,False,train
DE001233,T0049,V0049,2026-09-01T10:54:49.492369999+07:00,AUTO_DETECTED,True,CHARGING,,['CHARGING'],,LOW_SOC,17.907,54.92,3.99,1.0,VF_8,EV_CAR,87.7,80.68,,False,True,False,train
DE001234,T0049,V0049,2026-09-01T10:54:49.492369999+07:00,DRIVER_REQUEST,True,CHARGING,CHARGING,['CHARGING'],True,VALID_REQUEST,17.907,54.92,3.99,1.0,VF_8,EV_CAR,87.7,80.68,,False,True,False,train
DE001235,T0049,V0049,2026-09-01T10:54:49.492369999+07:00,DRIVER_REQUEST,True,,BATTERY_SWAP,['CHARGING'],False,UNSUPPORTED_SERVICE,17.907,54.92,3.99,1.0,VF_8,EV_CAR,87.7,80.68,,False,True,False,train
DE001236,T0049,V0049,2026-09-01T10:55:49.396415428+07:00,AUTO_DETECTED,True,CHARGING,,['CHARGING'],,LOW_SOC,17.774,54.51,3.582,1.0,VF_8,EV_CAR,87.7,80.68,,False,True,False,train
DE001237,T0049,V0049,2026-09-01T10:55:49.396415428+07:00,DRIVER_REQUEST,True,CHARGING,CHARGING,['CHARGING'],True,VALID_REQUEST,17.774,54.51,3.582,1.0,VF_8,EV_CAR,87.7,80.68,,False,True,False,train
DE001238,T0049,V0049,2026-09-01T10:55:49.396415428+07:00,DRIVER_REQUEST,True,,BATTERY_SWAP,['CHARGING'],False,UNSUPPORTED_SERVICE,17.774,54.51,3.582,1.0,VF_8,EV_CAR,87.7,80.68,,False,True,False,train
DE001239,T0049,V0049,2026-09-01T10:56:49.644187084+07:00,AUTO_DETECTED,True,CHARGING,,['CHARGING'],,LOW_SOC,17.614,54.02,3.091,1.0,VF_8,EV_CAR,87.7,80.68,,False,True,False,train
DE001240,T0049,V0049,2026-09-01T10:56:49.644187084+07:00,DRIVER_REQUEST,True,CHARGING,CHARGING,['CHARGING'],True,VALID_REQUEST,17.614,54.02,3.091,1.0,VF_8,EV_CAR,87.7,80.68,,False,True,False,train
DE001241,T0049,V0049,2026-09-01T10:56:49.644187084+07:00,DRIVER_REQUEST,True,,BATTERY_SWAP,['CHARGING'],False,UNSUPPORTED_SERVICE,17.614,54.02,3.091,1.0,VF_8,EV_CAR,87.7,80.68,,False,True,False,train
DE001242,T0049,V0049,2026-09-01T10:58:07.213714357+07:00,AUTO_DETECTED,True,CHARGING,,['CHARGING'],,LOW_SOC,17.458,53.54,2.613,1.0,VF_8,EV_CAR,87.7,80.68,,False,True,False,train
DE001243,T0049,V0049,2026-09-01T10:58:07.213714357+07:00,DRIVER_REQUEST,True,CHARGING,CHARGING,['CHARGING'],True,VALID_REQUEST,17.458,53.54,2.613,1.0,VF_8,EV_CAR,87.7,80.68,,False,True,False,train
DE001244,T0049,V0049,2026-09-01T10:58:07.213714357+07:00,DRIVER_REQUEST,True,,BATTERY_SWAP,['CHARGING'],False,UNSUPPORTED_SERVICE,17.458,53.54,2.613,1.0,VF_8,EV_CAR,87.7,80.68,,False,True,False,train
DE001245,T0049,V0049,2026-09-01T10:59:45.333950357+07:00,AUTO_DETECTED,True,CHARGING,,['CHARGING'],,LOW_SOC,17.277,52.98,2.057,1.0,VF_8,EV_CAR,87.7,80.68,,False,True,False,train
DE001246,T0049,V0049,2026-09-01T10:59:45.333950357+07:00,DRIVER_REQUEST,True,CHARGING,CHARGING,['CHARGING'],True,VALID_REQUEST,17.277,52.98,2.057,1.0,VF_8,EV_CAR,87.7,80.68,,False,True,False,train
DE001247,T0049,V0049,2026-09-01T10:59:45.333950357+07:00,DRIVER_REQUEST,True,,BATTERY_SWAP,['CHARGING'],False,UNSUPPORTED_SERVICE,17.277,52.98,2.057,1.0,VF_8,EV_CAR,87.7,80.68,,False,True,False,train
DE001248,T0049,V0049,2026-09-01T11:01:25.618642357+07:00,AUTO_DETECTED,True,CHARGING,,['CHARGING'],,LOW_SOC,17.092,52.41,1.489,1.0,VF_8,EV_CAR,87.7,80.68,,False,True,False,train
DE001249,T0049,V0049,2026-09-01T11:01:25.618642357+07:00,DRIVER_REQUEST,True,CHARGING,CHARGING,['CHARGING'],True,VALID_REQUEST,17.092,52.41,1.489,1.0,VF_8,EV_CAR,87.7,80.68,,False,True,False,train
DE001250,T0049,V0049,2026-09-01T11:01:25.618642357+07:00,DRIVER_REQUEST,True,,BATTERY_SWAP,['CHARGING'],False,UNSUPPORTED_SERVICE,17.092,52.41,1.489,1.0,VF_8,EV_CAR,87.7,80.68,,False,True,False,train
DE001251,T0049,V0049,2026-09-01T11:02:45.607988642+07:00,AUTO_DETECTED,True,CHARGING,,['CHARGING'],,LOW_SOC,16.91,51.86,0.933,1.0,VF_8,EV_CAR,87.7,80.68,,False,True,False,train
DE001252,T0049,V0049,2026-09-01T11:02:45.607988642+07:00,DRIVER_REQUEST,True,CHARGING,CHARGING,['CHARGING'],True,VALID_REQUEST,16.91,51.86,0.933,1.0,VF_8,EV_CAR,87.7,80.68,,False,True,False,train
DE001253,T0049,V0049,2026-09-01T11:02:45.607988642+07:00,DRIVER_REQUEST,True,,BATTERY_SWAP,['CHARGING'],False,UNSUPPORTED_SERVICE,16.91,51.86,0.933,1.0,VF_8,EV_CAR,87.7,80.68,,False,True,False,train
DE001254,T0049,V0049,2026-09-01T11:04:09.909974357+07:00,AUTO_DETECTED,True,CHARGING,,['CHARGING'],,LOW_SOC,16.732,51.31,0.387,1.0,VF_8,EV_CAR,87.7,80.68,,False,True,False,train
DE001255,T0049,V0049,2026-09-01T11:04:09.909974357+07:00,DRIVER_REQUEST,True,CHARGING,CHARGING,['CHARGING'],True,VALID_REQUEST,16.732,51.31,0.387,1.0,VF_8,EV_CAR,87.7,80.68,,False,True,False,train
DE001256,T0049,V0049,2026-09-01T11:04:09.909974357+07:00,DRIVER_REQUEST,True,,BATTERY_SWAP,['CHARGING'],False,UNSUPPORTED_SERVICE,16.732,51.31,0.387,1.0,VF_8,EV_CAR,87.7,80.68,,False,True,False,train
DE001257,T0050,V0050,2026-09-01T11:01:56.470399999+07:00,AUTO_DETECTED,True,CHARGING,,['CHARGING'],,LOW_SOC,17.81,54.62,6.708,1.006,VF_9,EV_CAR,123.0,113.16,,False,True,False,train
DE001258,T0050,V0050,2026-09-01T11:01:56.470399999+07:00,DRIVER_REQUEST,True,CHARGING,CHARGING,['CHARGING'],True,VALID_REQUEST,17.81,54.62,6.708,1.006,VF_9,EV_CAR,123.0,113.16,,False,True,False,train
DE001259,T0050,V0050,2026-09-01T11:01:56.470399999+07:00,DRIVER_REQUEST,True,,BATTERY_SWAP,['CHARGING'],False,UNSUPPORTED_SERVICE,17.81,54.62,6.708,1.006,VF_9,EV_CAR,123.0,113.16,,False,True,False,train
DE001260,T0050,V0050,2026-09-01T11:04:51.042599999+07:00,AUTO_DETECTED,True,CHARGING,,['CHARGING'],,LOW_SOC,17.525,53.74,5.835,1.0,VF_9,EV_CAR,123.0,113.16,,False,True,False,train
DE001261,T0050,V0050,2026-09-01T11:04:51.042599999+07:00,DRIVER_REQUEST,True,CHARGING,CHARGING,['CHARGING'],True,VALID_REQUEST,17.525,53.74,5.835,1.0,VF_9,EV_CAR,123.0,113.16,,False,True,False,train
DE001262,T0050,V0050,2026-09-01T11:04:51.042599999+07:00,DRIVER_REQUEST,True,,BATTERY_SWAP,['CHARGING'],False,UNSUPPORTED_SERVICE,17.525,53.74,5.835,1.0,VF_9,EV_CAR,123.0,113.16,,False,True,False,train
DE001263,T0050,V0050,2026-09-01T11:07:43.807399999+07:00,AUTO_DETECTED,True,CHARGING,,['CHARGING'],,LOW_SOC,17.244,52.88,4.971,1.0,VF_9,EV_CAR,123.0,113.16,,False,True,False,train
DE001264,T0050,V0050,2026-09-01T11:07:43.807399999+07:00,DRIVER_REQUEST,True,CHARGING,CHARGING,['CHARGING'],True,VALID_REQUEST,17.244,52.88,4.971,1.0,VF_9,EV_CAR,123.0,113.16,,False,True,False,train
DE001265,T0050,V0050,2026-09-01T11:07:43.807399999+07:00,DRIVER_REQUEST,True,,BATTERY_SWAP,['CHARGING'],False,UNSUPPORTED_SERVICE,17.244,52.88,4.971,1.0,VF_9,EV_CAR,123.0,113.16,,False,True,False,train
DE001266,T0050,V0050,2026-09-01T11:10:42.495999999+07:00,AUTO_DETECTED,True,CHARGING,,['CHARGING'],,LOW_SOC,16.952,51.99,4.078,1.0,VF_9,EV_CAR,123.0,113.16,,False,True,False,train
DE001267,T0050,V0050,2026-09-01T11:10:42.495999999+07:00,DRIVER_REQUEST,True,CHARGING,CHARGING,['CHARGING'],True,VALID_REQUEST,16.952,51.99,4.078,1.0,VF_9,EV_CAR,123.0,113.16,,False,True,False,train
DE001268,T0050,V0050,2026-09-01T11:10:42.495999999+07:00,DRIVER_REQUEST,True,,BATTERY_SWAP,['CHARGING'],False,UNSUPPORTED_SERVICE,16.952,51.99,4.078,1.0,VF_9,EV_CAR,123.0,113.16,,False,True,False,train
DE001269,T0050,V0050,2026-09-01T11:13:36.371600+07:00,AUTO_DETECTED,True,CHARGING,,['CHARGING'],,LOW_SOC,16.669,51.12,3.208,1.0,VF_9,EV_CAR,123.0,113.16,,False,True,False,train
DE001270,T0050,V0050,2026-09-01T11:13:36.371600+07:00,DRIVER_REQUEST,True,CHARGING,CHARGING,['CHARGING'],True,VALID_REQUEST,16.669,51.12,3.208,1.0,VF_9,EV_CAR,123.0,113.16,,False,True,False,train
DE001271,T0050,V0050,2026-09-01T11:13:36.371600+07:00,DRIVER_REQUEST,True,,BATTERY_SWAP,['CHARGING'],False,UNSUPPORTED_SERVICE,16.669,51.12,3.208,1.0,VF_9,EV_CAR,123.0,113.16,,False,True,False,train
DE001272,T0050,V0050,2026-09-01T11:16:33.058000+07:00,AUTO_DETECTED,True,CHARGING,,['CHARGING'],,LOW_SOC,16.381,50.23,2.325,1.0,VF_9,EV_CAR,123.0,113.16,,False,True,False,train
DE001273,T0050,V0050,2026-09-01T11:16:33.058000+07:00,DRIVER_REQUEST,True,CHARGING,CHARGING,['CHARGING'],True,VALID_REQUEST,16.381,50.23,2.325,1.0,VF_9,EV_CAR,123.0,113.16,,False,True,False,train
DE001274,T0050,V0050,2026-09-01T11:16:33.058000+07:00,DRIVER_REQUEST,True,,BATTERY_SWAP,['CHARGING'],False,UNSUPPORTED_SERVICE,16.381,50.23,2.325,1.0,VF_9,EV_CAR,123.0,113.16,,False,True,False,train
DE001275,T0050,V0050,2026-09-01T11:19:28.935800+07:00,AUTO_DETECTED,True,CHARGING,,['CHARGING'],,LOW_SOC,16.094,49.36,1.446,1.0,VF_9,EV_CAR,123.0,113.16,,False,True,False,train
DE001276,T0050,V0050,2026-09-01T11:19:28.935800+07:00,DRIVER_REQUEST,True,CHARGING,CHARGING,['CHARGING'],True,VALID_REQUEST,16.094,49.36,1.446,1.0,VF_9,EV_CAR,123.0,113.16,,False,True,False,train
DE001277,T0050,V0050,2026-09-01T11:19:28.935800+07:00,DRIVER_REQUEST,True,,BATTERY_SWAP,['CHARGING'],False,UNSUPPORTED_SERVICE,16.094,49.36,1.446,1.0,VF_9,EV_CAR,123.0,113.16,,False,True,False,train
DE001278,T0050,V0050,2026-09-01T11:22:21.700600+07:00,AUTO_DETECTED,True,CHARGING,,['CHARGING'],,LOW_SOC,15.812,48.49,0.582,1.0,VF_9,EV_CAR,123.0,113.16,,False,True,False,train
DE001279,T0050,V0050,2026-09-01T11:22:21.700600+07:00,DRIVER_REQUEST,True,CHARGING,CHARGING,['CHARGING'],True,VALID_REQUEST,15.812,48.49,0.582,1.0,VF_9,EV_CAR,123.0,113.16,,False,True,False,train
DE001280,T0050,V0050,2026-09-01T11:22:21.700600+07:00,DRIVER_REQUEST,True,,BATTERY_SWAP,['CHARGING'],False,UNSUPPORTED_SERVICE,15.812,48.49,0.582,1.0,VF_9,EV_CAR,123.0,113.16,,False,True,False,train
DE001281,T0051,V0051,2026-09-01T11:06:52.405703214+07:00,AUTO_DETECTED,True,CHARGING,,['CHARGING'],,LOW_SOC,17.562,12.57,3.539,1.0,VENTO_S,EV_MOTORBIKE,3.5,3.22,,False,True,False,train
DE001282,T0051,V0051,2026-09-01T11:06:52.405703214+07:00,DRIVER_REQUEST,True,CHARGING,CHARGING,['CHARGING'],True,VALID_REQUEST,17.562,12.57,3.539,1.0,VENTO_S,EV_MOTORBIKE,3.5,3.22,,False,True,False,train
DE001283,T0051,V0051,2026-09-01T11:06:52.405703214+07:00,DRIVER_REQUEST,True,,BATTERY_SWAP,['CHARGING'],False,UNSUPPORTED_SERVICE,17.562,12.57,3.539,1.0,VENTO_S,EV_MOTORBIKE,3.5,3.22,,False,True,False,train
DE001284,T0051,V0051,2026-09-01T11:08:21.678868414+07:00,AUTO_DETECTED,True,CHARGING,,['CHARGING'],,LOW_SOC,16.887,12.08,3.056,1.0,VENTO_S,EV_MOTORBIKE,3.5,3.22,,False,True,False,train
DE001285,T0051,V0051,2026-09-01T11:08:21.678868414+07:00,DRIVER_REQUEST,True,CHARGING,CHARGING,['CHARGING'],True,VALID_REQUEST,16.887,12.08,3.056,1.0,VENTO_S,EV_MOTORBIKE,3.5,3.22,,False,True,False,train
DE001286,T0051,V0051,2026-09-01T11:08:21.678868414+07:00,DRIVER_REQUEST,True,,BATTERY_SWAP,['CHARGING'],False,UNSUPPORTED_SERVICE,16.887,12.08,3.056,1.0,VENTO_S,EV_MOTORBIKE,3.5,3.22,,False,True,False,train
DE001287,T0051,V0051,2026-09-01T11:09:21.860995309+07:00,AUTO_DETECTED,True,CHARGING,,['CHARGING'],,LOW_SOC,16.351,11.7,2.673,1.0,VENTO_S,EV_MOTORBIKE,3.5,3.22,,False,True,False,train
DE001288,T0051,V0051,2026-09-01T11:09:21.860995309+07:00,DRIVER_REQUEST,True,CHARGING,CHARGING,['CHARGING'],True,VALID_REQUEST,16.351,11.7,2.673,1.0,VENTO_S,EV_MOTORBIKE,3.5,3.22,,False,True,False,train
DE001289,T0051,V0051,2026-09-01T11:09:21.860995309+07:00,DRIVER_REQUEST,True,,BATTERY_SWAP,['CHARGING'],False,UNSUPPORTED_SERVICE,16.351,11.7,2.673,1.0,VENTO_S,EV_MOTORBIKE,3.5,3.22,,False,True,False,train
DE001290,T0051,V0051,2026-09-01T11:10:37.018103642+07:00,AUTO_DETECTED,True,CHARGING,,['CHARGING'],,LOW_SOC,15.682,11.22,2.194,1.0,VENTO_S,EV_MOTORBIKE,3.5,3.22,,False,True,False,train
DE001291,T0051,V0051,2026-09-01T11:10:37.018103642+07:00,DRIVER_REQUEST,True,CHARGING,CHARGING,['CHARGING'],True,VALID_REQUEST,15.682,11.22,2.194,1.0,VENTO_S,EV_MOTORBIKE,3.5,3.22,,False,True,False,train
DE001292,T0051,V0051,2026-09-01T11:10:37.018103642+07:00,DRIVER_REQUEST,True,,BATTERY_SWAP,['CHARGING'],False,UNSUPPORTED_SERVICE,15.682,11.22,2.194,1.0,VENTO_S,EV_MOTORBIKE,3.5,3.22,,False,True,False,train
DE001293,T0051,V0051,2026-09-01T11:11:57.435520309+07:00,AUTO_DETECTED,True,CHARGING,,['CHARGING'],,LOW_SOC,14.998,10.73,1.705,1.0,VENTO_S,EV_MOTORBIKE,3.5,3.22,,False,True,False,train
DE001294,T0051,V0051,2026-09-01T11:11:57.435520309+07:00,DRIVER_REQUEST,True,CHARGING,CHARGING,['CHARGING'],True,VALID_REQUEST,14.998,10.73,1.705,1.0,VENTO_S,EV_MOTORBIKE,3.5,3.22,,False,True,False,train
DE001295,T0051,V0051,2026-09-01T11:11:57.435520309+07:00,DRIVER_REQUEST,True,,BATTERY_SWAP,['CHARGING'],False,UNSUPPORTED_SERVICE,14.998,10.73,1.705,1.0,VENTO_S,EV_MOTORBIKE,3.5,3.22,,False,True,False,train
DE001296,T0051,V0051,2026-09-01T11:13:06.949691142+07:00,AUTO_DETECTED,True,CHARGING,,['CHARGING'],,LOW_SOC,14.364,10.28,1.251,1.0,VENTO_S,EV_MOTORBIKE,3.5,3.22,,False,True,False,train
DE001297,T0051,V0051,2026-09-01T11:13:06.949691142+07:00,DRIVER_REQUEST,True,CHARGING,CHARGING,['CHARGING'],True,VALID_REQUEST,14.364,10.28,1.251,1.0,VENTO_S,EV_MOTORBIKE,3.5,3.22,,False,True,False,train
DE001298,T0051,V0051,2026-09-01T11:13:06.949691142+07:00,DRIVER_REQUEST,True,,BATTERY_SWAP,['CHARGING'],False,UNSUPPORTED_SERVICE,14.364,10.28,1.251,1.0,VENTO_S,EV_MOTORBIKE,3.5,3.22,,False,True,False,train
DE001299,T0051,V0051,2026-09-01T11:14:42.736657809+07:00,AUTO_DETECTED,True,CHARGING,,['CHARGING'],,LOW_SOC,13.678,9.79,0.76,1.0,VENTO_S,EV_MOTORBIKE,3.5,3.22,,False,True,False,train
DE001300,T0051,V0051,2026-09-01T11:14:42.736657809+07:00,DRIVER_REQUEST,True,CHARGING,CHARGING,['CHARGING'],True,VALID_REQUEST,13.678,9.79,0.76,1.0,VENTO_S,EV_MOTORBIKE,3.5,3.22,,False,True,False,train
DE001301,T0051,V0051,2026-09-01T11:14:42.736657809+07:00,DRIVER_REQUEST,True,,BATTERY_SWAP,['CHARGING'],False,UNSUPPORTED_SERVICE,13.678,9.79,0.76,1.0,VENTO_S,EV_MOTORBIKE,3.5,3.22,,False,True,False,train
DE001302,T0051,V0051,2026-09-01T11:16:16.362991142+07:00,AUTO_DETECTED,True,CHARGING,,['CHARGING'],,LOW_SOC,13.024,9.32,0.292,1.0,VENTO_S,EV_MOTORBIKE,3.5,3.22,,False,True,False,train
DE001303,T0051,V0051,2026-09-01T11:16:16.362991142+07:00,DRIVER_REQUEST,True,CHARGING,CHARGING,['CHARGING'],True,VALID_REQUEST,13.024,9.32,0.292,1.0,VENTO_S,EV_MOTORBIKE,3.5,3.22,,False,True,False,train
DE001304,T0051,V0051,2026-09-01T11:16:16.362991142+07:00,DRIVER_REQUEST,True,,BATTERY_SWAP,['CHARGING'],False,UNSUPPORTED_SERVICE,13.024,9.32,0.292,1.0,VENTO_S,EV_MOTORBIKE,3.5,3.22,,False,True,False,train
DE001305,T0052,V0052,2026-09-01T11:13:02.549937+07:00,AUTO_DETECTED,True,CHARGING,,['CHARGING'],,LOW_SOC,17.848,54.74,5.244,1.0,VF_E34,EV_CAR,41.9,38.55,,False,True,False,validation
DE001306,T0052,V0052,2026-09-01T11:13:02.549937+07:00,DRIVER_REQUEST,True,CHARGING,CHARGING,['CHARGING'],True,VALID_REQUEST,17.848,54.74,5.244,1.0,VF_E34,EV_CAR,41.9,38.55,,False,True,False,validation
DE001307,T0052,V0052,2026-09-01T11:13:02.549937+07:00,DRIVER_REQUEST,True,,BATTERY_SWAP,['CHARGING'],False,UNSUPPORTED_SERVICE,17.848,54.74,5.244,1.0,VF_E34,EV_CAR,41.9,38.55,,False,True,False,validation
DE001308,T0052,V0052,2026-09-01T11:15:07.150969999+07:00,AUTO_DETECTED,True,CHARGING,,['CHARGING'],,LOW_SOC,17.615,54.02,4.527,1.0,VF_E34,EV_CAR,41.9,38.55,,False,True,False,validation
DE001309,T0052,V0052,2026-09-01T11:15:07.150969999+07:00,DRIVER_REQUEST,True,CHARGING,CHARGING,['CHARGING'],True,VALID_REQUEST,17.615,54.02,4.527,1.0,VF_E34,EV_CAR,41.9,38.55,,False,True,False,validation
DE001310,T0052,V0052,2026-09-01T11:15:07.150969999+07:00,DRIVER_REQUEST,True,,BATTERY_SWAP,['CHARGING'],False,UNSUPPORTED_SERVICE,17.615,54.02,4.527,1.0,VF_E34,EV_CAR,41.9,38.55,,False,True,False,validation
DE001311,T0052,V0052,2026-09-01T11:17:04.324056999+07:00,AUTO_DETECTED,True,CHARGING,,['CHARGING'],,LOW_SOC,17.395,53.34,3.852,1.0,VF_E34,EV_CAR,41.9,38.55,,False,True,False,validation
DE001312,T0052,V0052,2026-09-01T11:17:04.324056999+07:00,DRIVER_REQUEST,True,CHARGING,CHARGING,['CHARGING'],True,VALID_REQUEST,17.395,53.34,3.852,1.0,VF_E34,EV_CAR,41.9,38.55,,False,True,False,validation
DE001313,T0052,V0052,2026-09-01T11:17:04.324056999+07:00,DRIVER_REQUEST,True,,BATTERY_SWAP,['CHARGING'],False,UNSUPPORTED_SERVICE,17.395,53.34,3.852,1.0,VF_E34,EV_CAR,41.9,38.55,,False,True,False,validation
DE001314,T0052,V0052,2026-09-01T11:19:19.467990333+07:00,AUTO_DETECTED,True,CHARGING,,['CHARGING'],,LOW_SOC,17.174,52.67,3.176,1.0,VF_E34,EV_CAR,41.9,38.55,,False,True,False,validation
DE001315,T0052,V0052,2026-09-01T11:19:19.467990333+07:00,DRIVER_REQUEST,True,CHARGING,CHARGING,['CHARGING'],True,VALID_REQUEST,17.174,52.67,3.176,1.0,VF_E34,EV_CAR,41.9,38.55,,False,True,False,validation
DE001316,T0052,V0052,2026-09-01T11:19:19.467990333+07:00,DRIVER_REQUEST,True,,BATTERY_SWAP,['CHARGING'],False,UNSUPPORTED_SERVICE,17.174,52.67,3.176,1.0,VF_E34,EV_CAR,41.9,38.55,,False,True,False,validation
DE001317,T0052,V0052,2026-09-01T11:21:37.985008999+07:00,AUTO_DETECTED,True,CHARGING,,['CHARGING'],,LOW_SOC,16.94,51.95,2.459,1.0,VF_E34,EV_CAR,41.9,38.55,,False,True,False,validation
DE001318,T0052,V0052,2026-09-01T11:21:37.985008999+07:00,DRIVER_REQUEST,True,CHARGING,CHARGING,['CHARGING'],True,VALID_REQUEST,16.94,51.95,2.459,1.0,VF_E34,EV_CAR,41.9,38.55,,False,True,False,validation
DE001319,T0052,V0052,2026-09-01T11:21:37.985008999+07:00,DRIVER_REQUEST,True,,BATTERY_SWAP,['CHARGING'],False,UNSUPPORTED_SERVICE,16.94,51.95,2.459,1.0,VF_E34,EV_CAR,41.9,38.55,,False,True,False,validation
DE001320,T0052,V0052,2026-09-01T11:23:43.817742333+07:00,AUTO_DETECTED,True,CHARGING,,['CHARGING'],,LOW_SOC,16.735,51.32,1.83,1.0,VF_E34,EV_CAR,41.9,38.55,,False,True,False,validation
DE001321,T0052,V0052,2026-09-01T11:23:43.817742333+07:00,DRIVER_REQUEST,True,CHARGING,CHARGING,['CHARGING'],True,VALID_REQUEST,16.735,51.32,1.83,1.0,VF_E34,EV_CAR,41.9,38.55,,False,True,False,validation
DE001322,T0052,V0052,2026-09-01T11:23:43.817742333+07:00,DRIVER_REQUEST,True,,BATTERY_SWAP,['CHARGING'],False,UNSUPPORTED_SERVICE,16.735,51.32,1.83,1.0,VF_E34,EV_CAR,41.9,38.55,,False,True,False,validation
DE001323,T0052,V0052,2026-09-01T11:25:43.486218142+07:00,AUTO_DETECTED,True,CHARGING,,['CHARGING'],,LOW_SOC,16.509,50.63,1.135,1.0,VF_E34,EV_CAR,41.9,38.55,,False,True,False,validation
DE001324,T0052,V0052,2026-09-01T11:25:43.486218142+07:00,DRIVER_REQUEST,True,CHARGING,CHARGING,['CHARGING'],True,VALID_REQUEST,16.509,50.63,1.135,1.0,VF_E34,EV_CAR,41.9,38.55,,False,True,False,validation
DE001325,T0052,V0052,2026-09-01T11:25:43.486218142+07:00,DRIVER_REQUEST,True,,BATTERY_SWAP,['CHARGING'],False,UNSUPPORTED_SERVICE,16.509,50.63,1.135,1.0,VF_E34,EV_CAR,41.9,38.55,,False,True,False,validation
DE001326,T0052,V0052,2026-09-01T11:27:52.033092999+07:00,AUTO_DETECTED,True,CHARGING,,['CHARGING'],,LOW_SOC,16.295,49.97,0.478,1.0,VF_E34,EV_CAR,41.9,38.55,,False,True,False,validation
DE001327,T0052,V0052,2026-09-01T11:27:52.033092999+07:00,DRIVER_REQUEST,True,CHARGING,CHARGING,['CHARGING'],True,VALID_REQUEST,16.295,49.97,0.478,1.0,VF_E34,EV_CAR,41.9,38.55,,False,True,False,validation
DE001328,T0052,V0052,2026-09-01T11:27:52.033092999+07:00,DRIVER_REQUEST,True,,BATTERY_SWAP,['CHARGING'],False,UNSUPPORTED_SERVICE,16.295,49.97,0.478,1.0,VF_E34,EV_CAR,41.9,38.55,,False,True,False,validation
DE001329,T0053,V0053,2026-09-01T11:19:39.372240+07:00,AUTO_DETECTED,True,CHARGING,,['CHARGING'],,LOW_SOC,17.748,54.43,7.36,1.104,NERIO_GREEN,EV_CAR,41.9,38.55,,False,True,False,test
DE001330,T0053,V0053,2026-09-01T11:19:39.372240+07:00,DRIVER_REQUEST,True,CHARGING,CHARGING,['CHARGING'],True,VALID_REQUEST,17.748,54.43,7.36,1.104,NERIO_GREEN,EV_CAR,41.9,38.55,,False,True,False,test
DE001331,T0053,V0053,2026-09-01T11:19:39.372240+07:00,DRIVER_REQUEST,True,,BATTERY_SWAP,['CHARGING'],False,UNSUPPORTED_SERVICE,17.748,54.43,7.36,1.104,NERIO_GREEN,EV_CAR,41.9,38.55,,False,True,False,test
DE001332,T0053,V0053,2026-09-01T11:22:03.576287999+07:00,AUTO_DETECTED,True,CHARGING,,['CHARGING'],,LOW_SOC,17.382,53.31,6.359,1.0,NERIO_GREEN,EV_CAR,41.9,38.55,,False,True,False,test
DE001333,T0053,V0053,2026-09-01T11:22:03.576287999+07:00,DRIVER_REQUEST,True,CHARGING,CHARGING,['CHARGING'],True,VALID_REQUEST,17.382,53.31,6.359,1.0,NERIO_GREEN,EV_CAR,41.9,38.55,,False,True,False,test
DE001334,T0053,V0053,2026-09-01T11:22:03.576287999+07:00,DRIVER_REQUEST,True,,BATTERY_SWAP,['CHARGING'],False,UNSUPPORTED_SERVICE,17.382,53.31,6.359,1.0,NERIO_GREEN,EV_CAR,41.9,38.55,,False,True,False,test
DE001335,T0053,V0053,2026-09-01T11:24:27.890495999+07:00,AUTO_DETECTED,True,CHARGING,,['CHARGING'],,LOW_SOC,17.016,52.18,5.357,1.0,NERIO_GREEN,EV_CAR,41.9,38.55,,False,True,False,test
DE001336,T0053,V0053,2026-09-01T11:24:27.890495999+07:00,DRIVER_REQUEST,True,CHARGING,CHARGING,['CHARGING'],True,VALID_REQUEST,17.016,52.18,5.357,1.0,NERIO_GREEN,EV_CAR,41.9,38.55,,False,True,False,test
DE001337,T0053,V0053,2026-09-01T11:24:27.890495999+07:00,DRIVER_REQUEST,True,,BATTERY_SWAP,['CHARGING'],False,UNSUPPORTED_SERVICE,17.016,52.18,5.357,1.0,NERIO_GREEN,EV_CAR,41.9,38.55,,False,True,False,test
DE001338,T0053,V0053,2026-09-01T11:26:44.619247999+07:00,AUTO_DETECTED,True,CHARGING,,['CHARGING'],,LOW_SOC,16.669,51.12,4.407,1.0,NERIO_GREEN,EV_CAR,41.9,38.55,,False,True,False,test
DE001339,T0053,V0053,2026-09-01T11:26:44.619247999+07:00,DRIVER_REQUEST,True,CHARGING,CHARGING,['CHARGING'],True,VALID_REQUEST,16.669,51.12,4.407,1.0,NERIO_GREEN,EV_CAR,41.9,38.55,,False,True,False,test
DE001340,T0053,V0053,2026-09-01T11:26:44.619247999+07:00,DRIVER_REQUEST,True,,BATTERY_SWAP,['CHARGING'],False,UNSUPPORTED_SERVICE,16.669,51.12,4.407,1.0,NERIO_GREEN,EV_CAR,41.9,38.55,,False,True,False,test
DE001341,T0053,V0053,2026-09-01T11:29:00.931988571+07:00,AUTO_DETECTED,True,CHARGING,,['CHARGING'],,LOW_SOC,16.324,50.06,3.46,1.0,NERIO_GREEN,EV_CAR,41.9,38.55,,False,True,False,test
DE001342,T0053,V0053,2026-09-01T11:29:00.931988571+07:00,DRIVER_REQUEST,True,CHARGING,CHARGING,['CHARGING'],True,VALID_REQUEST,16.324,50.06,3.46,1.0,NERIO_GREEN,EV_CAR,41.9,38.55,,False,True,False,test
DE001343,T0053,V0053,2026-09-01T11:29:00.931988571+07:00,DRIVER_REQUEST,True,,BATTERY_SWAP,['CHARGING'],False,UNSUPPORTED_SERVICE,16.324,50.06,3.46,1.0,NERIO_GREEN,EV_CAR,41.9,38.55,,False,True,False,test
DE001344,T0053,V0053,2026-09-01T11:31:19.983756+07:00,AUTO_DETECTED,True,CHARGING,,['CHARGING'],,LOW_SOC,15.968,48.97,2.487,1.0,NERIO_GREEN,EV_CAR,41.9,38.55,,False,True,False,test
DE001345,T0053,V0053,2026-09-01T11:31:19.983756+07:00,DRIVER_REQUEST,True,CHARGING,CHARGING,['CHARGING'],True,VALID_REQUEST,15.968,48.97,2.487,1.0,NERIO_GREEN,EV_CAR,41.9,38.55,,False,True,False,test
DE001346,T0053,V0053,2026-09-01T11:31:19.983756+07:00,DRIVER_REQUEST,True,,BATTERY_SWAP,['CHARGING'],False,UNSUPPORTED_SERVICE,15.968,48.97,2.487,1.0,NERIO_GREEN,EV_CAR,41.9,38.55,,False,True,False,test
DE001347,T0053,V0053,2026-09-01T11:33:33.317397600+07:00,AUTO_DETECTED,True,CHARGING,,['CHARGING'],,LOW_SOC,15.63,47.93,1.561,1.0,NERIO_GREEN,EV_CAR,41.9,38.55,,False,True,False,test
DE001348,T0053,V0053,2026-09-01T11:33:33.317397600+07:00,DRIVER_REQUEST,True,CHARGING,CHARGING,['CHARGING'],True,VALID_REQUEST,15.63,47.93,1.561,1.0,NERIO_GREEN,EV_CAR,41.9,38.55,,False,True,False,test
DE001349,T0053,V0053,2026-09-01T11:33:33.317397600+07:00,DRIVER_REQUEST,True,,BATTERY_SWAP,['CHARGING'],False,UNSUPPORTED_SERVICE,15.63,47.93,1.561,1.0,NERIO_GREEN,EV_CAR,41.9,38.55,,False,True,False,test
DE001350,T0053,V0053,2026-09-01T11:35:48.014309142+07:00,AUTO_DETECTED,True,CHARGING,,['CHARGING'],,LOW_SOC,15.288,46.88,0.625,1.0,NERIO_GREEN,EV_CAR,41.9,38.55,,False,True,False,test
DE001351,T0053,V0053,2026-09-01T11:35:48.014309142+07:00,DRIVER_REQUEST,True,CHARGING,CHARGING,['CHARGING'],True,VALID_REQUEST,15.288,46.88,0.625,1.0,NERIO_GREEN,EV_CAR,41.9,38.55,,False,True,False,test
DE001352,T0053,V0053,2026-09-01T11:35:48.014309142+07:00,DRIVER_REQUEST,True,,BATTERY_SWAP,['CHARGING'],False,UNSUPPORTED_SERVICE,15.288,46.88,0.625,1.0,NERIO_GREEN,EV_CAR,41.9,38.55,,False,True,False,test
DE001353,T0054,V0054,2026-09-01T11:25:47.290820+07:00,AUTO_DETECTED,True,CHARGING,,['CHARGING'],,LOW_SOC_AND_INSUFFICIENT_RANGE,6.25,4.47,6.001,1.0,EVO200,EV_MOTORBIKE,3.5,3.22,,False,True,False,train
DE001354,T0054,V0054,2026-09-01T11:25:47.290820+07:00,DRIVER_REQUEST,True,CHARGING,CHARGING,['CHARGING'],True,VALID_REQUEST,6.25,4.47,6.001,1.0,EVO200,EV_MOTORBIKE,3.5,3.22,,False,True,False,train
DE001355,T0054,V0054,2026-09-01T11:25:47.290820+07:00,DRIVER_REQUEST,True,,BATTERY_SWAP,['CHARGING'],False,UNSUPPORTED_SERVICE,6.25,4.47,6.001,1.0,EVO200,EV_MOTORBIKE,3.5,3.22,,False,True,False,train
DE001356,T0054,V0054,2026-09-01T11:28:16.750400+07:00,AUTO_DETECTED,True,CHARGING,,['CHARGING'],,LOW_SOC_AND_INSUFFICIENT_RANGE,5.206,3.73,5.254,1.0,EVO200,EV_MOTORBIKE,3.5,3.22,,False,True,False,train
DE001357,T0054,V0054,2026-09-01T11:28:16.750400+07:00,DRIVER_REQUEST,True,CHARGING,CHARGING,['CHARGING'],True,VALID_REQUEST,5.206,3.73,5.254,1.0,EVO200,EV_MOTORBIKE,3.5,3.22,,False,True,False,train
DE001358,T0054,V0054,2026-09-01T11:28:16.750400+07:00,DRIVER_REQUEST,True,,BATTERY_SWAP,['CHARGING'],False,UNSUPPORTED_SERVICE,5.206,3.73,5.254,1.0,EVO200,EV_MOTORBIKE,3.5,3.22,,False,True,False,train
DE001359,T0054,V0054,2026-09-01T11:30:38.035328+07:00,AUTO_DETECTED,True,CHARGING,,['CHARGING'],,LOW_SOC_AND_INSUFFICIENT_RANGE,4.207,3.01,4.539,1.0,EVO200,EV_MOTORBIKE,3.5,3.22,,False,True,False,train
DE001360,T0054,V0054,2026-09-01T11:30:38.035328+07:00,DRIVER_REQUEST,True,CHARGING,CHARGING,['CHARGING'],True,VALID_REQUEST,4.207,3.01,4.539,1.0,EVO200,EV_MOTORBIKE,3.5,3.22,,False,True,False,train
DE001361,T0054,V0054,2026-09-01T11:30:38.035328+07:00,DRIVER_REQUEST,True,,BATTERY_SWAP,['CHARGING'],False,UNSUPPORTED_SERVICE,4.207,3.01,4.539,1.0,EVO200,EV_MOTORBIKE,3.5,3.22,,False,True,False,train
DE001362,T0054,V0054,2026-09-01T11:33:08.751959999+07:00,AUTO_DETECTED,True,CHARGING,,['CHARGING'],,LOW_SOC_AND_INSUFFICIENT_RANGE,3.017,2.16,3.688,1.0,EVO200,EV_MOTORBIKE,3.5,3.22,,False,True,False,train
DE001363,T0054,V0054,2026-09-01T11:33:08.751959999+07:00,DRIVER_REQUEST,True,CHARGING,CHARGING,['CHARGING'],True,VALID_REQUEST,3.017,2.16,3.688,1.0,EVO200,EV_MOTORBIKE,3.5,3.22,,False,True,False,train
DE001364,T0054,V0054,2026-09-01T11:33:08.751959999+07:00,DRIVER_REQUEST,True,,BATTERY_SWAP,['CHARGING'],False,UNSUPPORTED_SERVICE,3.017,2.16,3.688,1.0,EVO200,EV_MOTORBIKE,3.5,3.22,,False,True,False,train
DE001365,T0054,V0054,2026-09-01T11:34:53.976442285+07:00,AUTO_DETECTED,True,CHARGING,,['CHARGING'],,LOW_SOC_AND_INSUFFICIENT_RANGE,1.885,1.35,2.878,1.0,EVO200,EV_MOTORBIKE,3.5,3.22,,False,True,False,train
DE001366,T0054,V0054,2026-09-01T11:34:53.976442285+07:00,DRIVER_REQUEST,True,CHARGING,CHARGING,['CHARGING'],True,VALID_REQUEST,1.885,1.35,2.878,1.0,EVO200,EV_MOTORBIKE,3.5,3.22,,False,True,False,train
DE001367,T0054,V0054,2026-09-01T11:34:53.976442285+07:00,DRIVER_REQUEST,True,,BATTERY_SWAP,['CHARGING'],False,UNSUPPORTED_SERVICE,1.885,1.35,2.878,1.0,EVO200,EV_MOTORBIKE,3.5,3.22,,False,True,False,train
DE001368,T0054,V0054,2026-09-01T11:36:54.891463999+07:00,AUTO_DETECTED,True,CHARGING,,['CHARGING'],,LOW_SOC_AND_INSUFFICIENT_RANGE,0.721,0.52,2.045,1.0,EVO200,EV_MOTORBIKE,3.5,3.22,,False,True,False,train
DE001369,T0054,V0054,2026-09-01T11:36:54.891463999+07:00,DRIVER_REQUEST,True,CHARGING,CHARGING,['CHARGING'],True,VALID_REQUEST,0.721,0.52,2.045,1.0,EVO200,EV_MOTORBIKE,3.5,3.22,,False,True,False,train
DE001370,T0054,V0054,2026-09-01T11:36:54.891463999+07:00,DRIVER_REQUEST,True,,BATTERY_SWAP,['CHARGING'],False,UNSUPPORTED_SERVICE,0.721,0.52,2.045,1.0,EVO200,EV_MOTORBIKE,3.5,3.22,,False,True,False,train
DE001371,T0054,V0054,2026-09-01T11:38:49.200575999+07:00,AUTO_DETECTED,True,CHARGING,,['CHARGING'],,LOW_SOC_AND_INSUFFICIENT_RANGE,0.0,0.0,1.261,1.0,EVO200,EV_MOTORBIKE,3.5,3.22,,False,True,False,train
DE001372,T0054,V0054,2026-09-01T11:38:49.200575999+07:00,DRIVER_REQUEST,True,CHARGING,CHARGING,['CHARGING'],True,VALID_REQUEST,0.0,0.0,1.261,1.0,EVO200,EV_MOTORBIKE,3.5,3.22,,False,True,False,train
DE001373,T0054,V0054,2026-09-01T11:38:49.200575999+07:00,DRIVER_REQUEST,True,,BATTERY_SWAP,['CHARGING'],False,UNSUPPORTED_SERVICE,0.0,0.0,1.261,1.0,EVO200,EV_MOTORBIKE,3.5,3.22,,False,True,False,train
DE001374,T0054,V0054,2026-09-01T11:41:14.539455999+07:00,AUTO_DETECTED,True,CHARGING,,['CHARGING'],,LOW_SOC_AND_INSUFFICIENT_RANGE,0.0,0.0,0.535,1.0,EVO200,EV_MOTORBIKE,3.5,3.22,,False,True,False,train
DE001375,T0054,V0054,2026-09-01T11:41:14.539455999+07:00,DRIVER_REQUEST,True,CHARGING,CHARGING,['CHARGING'],True,VALID_REQUEST,0.0,0.0,0.535,1.0,EVO200,EV_MOTORBIKE,3.5,3.22,,False,True,False,train
DE001376,T0054,V0054,2026-09-01T11:41:14.539455999+07:00,DRIVER_REQUEST,True,,BATTERY_SWAP,['CHARGING'],False,UNSUPPORTED_SERVICE,0.0,0.0,0.535,1.0,EVO200,EV_MOTORBIKE,3.5,3.22,,False,True,False,train
DE001377,T0055,V0055,2026-09-01T11:31:06.035000+07:00,AUTO_DETECTED,False,,,['CHARGING'],,SUFFICIENT_SOC_RANGE,51.095,156.69,3.826,1.0,VF_3,EV_CAR,18.64,17.15,,False,True,False,train
DE001378,T0055,V0055,2026-09-01T11:31:06.035000+07:00,DRIVER_REQUEST,True,CHARGING,CHARGING,['CHARGING'],True,VALID_REQUEST,51.095,156.69,3.826,1.0,VF_3,EV_CAR,18.64,17.15,,False,True,False,train
DE001379,T0055,V0055,2026-09-01T11:31:06.035000+07:00,DRIVER_REQUEST,True,,BATTERY_SWAP,['CHARGING'],False,UNSUPPORTED_SERVICE,51.095,156.69,3.826,1.0,VF_3,EV_CAR,18.64,17.15,,False,True,False,train
DE001380,T0055,V0055,2026-09-01T11:32:33.381856+07:00,AUTO_DETECTED,False,,,['CHARGING'],,SUFFICIENT_SOC_RANGE,50.938,156.21,3.346,1.0,VF_3,EV_CAR,18.64,17.15,,False,True,False,train
DE001381,T0055,V0055,2026-09-01T11:32:33.381856+07:00,DRIVER_REQUEST,True,CHARGING,CHARGING,['CHARGING'],True,VALID_REQUEST,50.938,156.21,3.346,1.0,VF_3,EV_CAR,18.64,17.15,,False,True,False,train
DE001382,T0055,V0055,2026-09-01T11:32:33.381856+07:00,DRIVER_REQUEST,True,,BATTERY_SWAP,['CHARGING'],False,UNSUPPORTED_SERVICE,50.938,156.21,3.346,1.0,VF_3,EV_CAR,18.64,17.15,,False,True,False,train
DE001383,T0055,V0055,2026-09-01T11:33:51.196144+07:00,AUTO_DETECTED,False,,,['CHARGING'],,SUFFICIENT_SOC_RANGE,50.8,155.79,2.921,1.0,VF_3,EV_CAR,18.64,17.15,,False,True,False,train
DE001384,T0055,V0055,2026-09-01T11:33:51.196144+07:00,DRIVER_REQUEST,True,CHARGING,CHARGING,['CHARGING'],True,VALID_REQUEST,50.8,155.79,2.921,1.0,VF_3,EV_CAR,18.64,17.15,,False,True,False,train
DE001385,T0055,V0055,2026-09-01T11:33:51.196144+07:00,DRIVER_REQUEST,True,,BATTERY_SWAP,['CHARGING'],False,UNSUPPORTED_SERVICE,50.8,155.79,2.921,1.0,VF_3,EV_CAR,18.64,17.15,,False,True,False,train
DE001386,T0055,V0055,2026-09-01T11:35:45.937443999+07:00,AUTO_DETECTED,False,,,['CHARGING'],,SUFFICIENT_SOC_RANGE,50.613,155.21,2.347,1.0,VF_3,EV_CAR,18.64,17.15,,False,True,False,train
DE001387,T0055,V0055,2026-09-01T11:35:45.937443999+07:00,DRIVER_REQUEST,True,CHARGING,CHARGING,['CHARGING'],True,VALID_REQUEST,50.613,155.21,2.347,1.0,VF_3,EV_CAR,18.64,17.15,,False,True,False,train
DE001388,T0055,V0055,2026-09-01T11:35:45.937443999+07:00,DRIVER_REQUEST,True,,BATTERY_SWAP,['CHARGING'],False,UNSUPPORTED_SERVICE,50.613,155.21,2.347,1.0,VF_3,EV_CAR,18.64,17.15,,False,True,False,train
DE001389,T0055,V0055,2026-09-01T11:37:38.152143999+07:00,AUTO_DETECTED,False,,,['CHARGING'],,SUFFICIENT_SOC_RANGE,50.43,154.65,1.786,1.0,VF_3,EV_CAR,18.64,17.15,,False,True,False,train
DE001390,T0055,V0055,2026-09-01T11:37:38.152143999+07:00,DRIVER_REQUEST,True,CHARGING,CHARGING,['CHARGING'],True,VALID_REQUEST,50.43,154.65,1.786,1.0,VF_3,EV_CAR,18.64,17.15,,False,True,False,train
DE001391,T0055,V0055,2026-09-01T11:37:38.152143999+07:00,DRIVER_REQUEST,True,,BATTERY_SWAP,['CHARGING'],False,UNSUPPORTED_SERVICE,50.43,154.65,1.786,1.0,VF_3,EV_CAR,18.64,17.15,,False,True,False,train
DE001392,T0055,V0055,2026-09-01T11:39:27.930343999+07:00,AUTO_DETECTED,False,,,['CHARGING'],,SUFFICIENT_SOC_RANGE,50.251,154.1,1.237,1.0,VF_3,EV_CAR,18.64,17.15,,False,True,False,train
DE001393,T0055,V0055,2026-09-01T11:39:27.930343999+07:00,DRIVER_REQUEST,True,CHARGING,CHARGING,['CHARGING'],True,VALID_REQUEST,50.251,154.1,1.237,1.0,VF_3,EV_CAR,18.64,17.15,,False,True,False,train
DE001394,T0055,V0055,2026-09-01T11:39:27.930343999+07:00,DRIVER_REQUEST,True,,BATTERY_SWAP,['CHARGING'],False,UNSUPPORTED_SERVICE,50.251,154.1,1.237,1.0,VF_3,EV_CAR,18.64,17.15,,False,True,False,train
DE001395,T0055,V0055,2026-09-01T11:40:56.698943999+07:00,AUTO_DETECTED,False,,,['CHARGING'],,SUFFICIENT_SOC_RANGE,50.106,153.66,0.793,1.0,VF_3,EV_CAR,18.64,17.15,,False,True,False,train
DE001396,T0055,V0055,2026-09-01T11:40:56.698943999+07:00,DRIVER_REQUEST,True,CHARGING,CHARGING,['CHARGING'],True,VALID_REQUEST,50.106,153.66,0.793,1.0,VF_3,EV_CAR,18.64,17.15,,False,True,False,train
DE001397,T0055,V0055,2026-09-01T11:40:56.698943999+07:00,DRIVER_REQUEST,True,,BATTERY_SWAP,['CHARGING'],False,UNSUPPORTED_SERVICE,50.106,153.66,0.793,1.0,VF_3,EV_CAR,18.64,17.15,,False,True,False,train
DE001398,T0055,V0055,2026-09-01T11:42:19.982631999+07:00,AUTO_DETECTED,False,,,['CHARGING'],,SUFFICIENT_SOC_RANGE,49.954,153.19,0.327,1.0,VF_3,EV_CAR,18.64,17.15,,False,True,False,train
DE001399,T0055,V0055,2026-09-01T11:42:19.982631999+07:00,DRIVER_REQUEST,True,CHARGING,CHARGING,['CHARGING'],True,VALID_REQUEST,49.954,153.19,0.327,1.0,VF_3,EV_CAR,18.64,17.15,,False,True,False,train
DE001400,T0055,V0055,2026-09-01T11:42:19.982631999+07:00,DRIVER_REQUEST,True,,BATTERY_SWAP,['CHARGING'],False,UNSUPPORTED_SERVICE,49.954,153.19,0.327,1.0,VF_3,EV_CAR,18.64,17.15,,False,True,False,train
DE001401,T0056,V0056,2026-09-01T11:38:00.848411428+07:00,AUTO_DETECTED,False,,,['CHARGING'],,SUFFICIENT_SOC_RANGE,60.591,185.81,7.57,1.135,VF_5,EV_CAR,37.23,34.25,,False,True,False,validation
DE001402,T0056,V0056,2026-09-01T11:38:00.848411428+07:00,DRIVER_REQUEST,True,CHARGING,CHARGING,['CHARGING'],True,VALID_REQUEST,60.591,185.81,7.57,1.135,VF_5,EV_CAR,37.23,34.25,,False,True,False,validation
DE001403,T0056,V0056,2026-09-01T11:38:00.848411428+07:00,DRIVER_REQUEST,True,,BATTERY_SWAP,['CHARGING'],False,UNSUPPORTED_SERVICE,60.591,185.81,7.57,1.135,VF_5,EV_CAR,37.23,34.25,,False,True,False,validation
DE001404,T0056,V0056,2026-09-01T11:40:47.356263428+07:00,AUTO_DETECTED,False,,,['CHARGING'],,SUFFICIENT_SOC_RANGE,60.269,184.82,6.582,1.0,VF_5,EV_CAR,37.23,34.25,,False,True,False,validation
DE001405,T0056,V0056,2026-09-01T11:40:47.356263428+07:00,DRIVER_REQUEST,True,CHARGING,CHARGING,['CHARGING'],True,VALID_REQUEST,60.269,184.82,6.582,1.0,VF_5,EV_CAR,37.23,34.25,,False,True,False,validation
DE001406,T0056,V0056,2026-09-01T11:40:47.356263428+07:00,DRIVER_REQUEST,True,,BATTERY_SWAP,['CHARGING'],False,UNSUPPORTED_SERVICE,60.269,184.82,6.582,1.0,VF_5,EV_CAR,37.23,34.25,,False,True,False,validation
DE001407,T0056,V0056,2026-09-01T11:43:19.932284928+07:00,AUTO_DETECTED,False,,,['CHARGING'],,SUFFICIENT_SOC_RANGE,59.955,183.86,5.619,1.0,VF_5,EV_CAR,37.23,34.25,,False,True,False,validation
DE001408,T0056,V0056,2026-09-01T11:43:19.932284928+07:00,DRIVER_REQUEST,True,CHARGING,CHARGING,['CHARGING'],True,VALID_REQUEST,59.955,183.86,5.619,1.0,VF_5,EV_CAR,37.23,34.25,,False,True,False,validation
DE001409,T0056,V0056,2026-09-01T11:43:19.932284928+07:00,DRIVER_REQUEST,True,,BATTERY_SWAP,['CHARGING'],False,UNSUPPORTED_SERVICE,59.955,183.86,5.619,1.0,VF_5,EV_CAR,37.23,34.25,,False,True,False,validation
DE001410,T0056,V0056,2026-09-01T11:46:30.930072928+07:00,AUTO_DETECTED,False,,,['CHARGING'],,SUFFICIENT_SOC_RANGE,59.572,182.69,4.446,1.0,VF_5,EV_CAR,37.23,34.25,,False,True,False,validation
DE001411,T0056,V0056,2026-09-01T11:46:30.930072928+07:00,DRIVER_REQUEST,True,CHARGING,CHARGING,['CHARGING'],True,VALID_REQUEST,59.572,182.69,4.446,1.0,VF_5,EV_CAR,37.23,34.25,,False,True,False,validation
DE001412,T0056,V0056,2026-09-01T11:46:30.930072928+07:00,DRIVER_REQUEST,True,,BATTERY_SWAP,['CHARGING'],False,UNSUPPORTED_SERVICE,59.572,182.69,4.446,1.0,VF_5,EV_CAR,37.23,34.25,,False,True,False,validation
DE001413,T0056,V0056,2026-09-01T11:49:12.080528928+07:00,AUTO_DETECTED,False,,,['CHARGING'],,SUFFICIENT_SOC_RANGE,59.275,181.78,3.535,1.0,VF_5,EV_CAR,37.23,34.25,,False,True,False,validation
DE001414,T0056,V0056,2026-09-01T11:49:12.080528928+07:00,DRIVER_REQUEST,True,CHARGING,CHARGING,['CHARGING'],True,VALID_REQUEST,59.275,181.78,3.535,1.0,VF_5,EV_CAR,37.23,34.25,,False,True,False,validation
DE001415,T0056,V0056,2026-09-01T11:49:12.080528928+07:00,DRIVER_REQUEST,True,,BATTERY_SWAP,['CHARGING'],False,UNSUPPORTED_SERVICE,59.275,181.78,3.535,1.0,VF_5,EV_CAR,37.23,34.25,,False,True,False,validation
DE001416,T0056,V0056,2026-09-01T11:51:54.388328928+07:00,AUTO_DETECTED,False,,,['CHARGING'],,SUFFICIENT_SOC_RANGE,58.977,180.86,2.62,1.0,VF_5,EV_CAR,37.23,34.25,,False,True,False,validation
DE001417,T0056,V0056,2026-09-01T11:51:54.388328928+07:00,DRIVER_REQUEST,True,CHARGING,CHARGING,['CHARGING'],True,VALID_REQUEST,58.977,180.86,2.62,1.0,VF_5,EV_CAR,37.23,34.25,,False,True,False,validation
DE001418,T0056,V0056,2026-09-01T11:51:54.388328928+07:00,DRIVER_REQUEST,True,,BATTERY_SWAP,['CHARGING'],False,UNSUPPORTED_SERVICE,58.977,180.86,2.62,1.0,VF_5,EV_CAR,37.23,34.25,,False,True,False,validation
DE001419,T0056,V0056,2026-09-01T11:54:34.099216928+07:00,AUTO_DETECTED,False,,,['CHARGING'],,SUFFICIENT_SOC_RANGE,58.707,180.03,1.793,1.0,VF_5,EV_CAR,37.23,34.25,,False,True,False,validation
DE001420,T0056,V0056,2026-09-01T11:54:34.099216928+07:00,DRIVER_REQUEST,True,CHARGING,CHARGING,['CHARGING'],True,VALID_REQUEST,58.707,180.03,1.793,1.0,VF_5,EV_CAR,37.23,34.25,,False,True,False,validation
DE001421,T0056,V0056,2026-09-01T11:54:34.099216928+07:00,DRIVER_REQUEST,True,,BATTERY_SWAP,['CHARGING'],False,UNSUPPORTED_SERVICE,58.707,180.03,1.793,1.0,VF_5,EV_CAR,37.23,34.25,,False,True,False,validation
DE001422,T0056,V0056,2026-09-01T11:57:35.428648928+07:00,AUTO_DETECTED,False,,,['CHARGING'],,SUFFICIENT_SOC_RANGE,58.358,178.96,0.723,1.0,VF_5,EV_CAR,37.23,34.25,,False,True,False,validation
DE001423,T0056,V0056,2026-09-01T11:57:35.428648928+07:00,DRIVER_REQUEST,True,CHARGING,CHARGING,['CHARGING'],True,VALID_REQUEST,58.358,178.96,0.723,1.0,VF_5,EV_CAR,37.23,34.25,,False,True,False,validation
DE001424,T0056,V0056,2026-09-01T11:57:35.428648928+07:00,DRIVER_REQUEST,True,,BATTERY_SWAP,['CHARGING'],False,UNSUPPORTED_SERVICE,58.358,178.96,0.723,1.0,VF_5,EV_CAR,37.23,34.25,,False,True,False,validation
DE001425,T0057,V0057,2026-09-01T11:42:43.022600+07:00,AUTO_DETECTED,False,,,['CHARGING'],,SUFFICIENT_SOC_RANGE,93.047,66.58,2.425,1.0,EVO200_LITE,EV_MOTORBIKE,3.5,3.22,,False,True,False,train
DE001426,T0057,V0057,2026-09-01T11:42:43.022600+07:00,DRIVER_REQUEST,True,CHARGING,CHARGING,['CHARGING'],True,VALID_REQUEST,93.047,66.58,2.425,1.0,EVO200_LITE,EV_MOTORBIKE,3.5,3.22,,False,True,False,train
DE001427,T0057,V0057,2026-09-01T11:42:43.022600+07:00,DRIVER_REQUEST,True,,BATTERY_SWAP,['CHARGING'],False,UNSUPPORTED_SERVICE,93.047,66.58,2.425,1.0,EVO200_LITE,EV_MOTORBIKE,3.5,3.22,,False,True,False,train
DE001428,T0057,V0057,2026-09-01T11:43:45.629733333+07:00,AUTO_DETECTED,False,,,['CHARGING'],,SUFFICIENT_SOC_RANGE,92.61,66.27,2.112,1.0,EVO200_LITE,EV_MOTORBIKE,3.5,3.22,,False,True,False,train
DE001429,T0057,V0057,2026-09-01T11:43:45.629733333+07:00,DRIVER_REQUEST,True,CHARGING,CHARGING,['CHARGING'],True,VALID_REQUEST,92.61,66.27,2.112,1.0,EVO200_LITE,EV_MOTORBIKE,3.5,3.22,,False,True,False,train
DE001430,T0057,V0057,2026-09-01T11:43:45.629733333+07:00,DRIVER_REQUEST,True,,BATTERY_SWAP,['CHARGING'],False,UNSUPPORTED_SERVICE,92.61,66.27,2.112,1.0,EVO200_LITE,EV_MOTORBIKE,3.5,3.22,,False,True,False,train
DE001431,T0057,V0057,2026-09-01T11:44:50.158699999+07:00,AUTO_DETECTED,False,,,['CHARGING'],,SUFFICIENT_SOC_RANGE,92.159,65.94,1.789,1.0,EVO200_LITE,EV_MOTORBIKE,3.5,3.22,,False,True,False,train
DE001432,T0057,V0057,2026-09-01T11:44:50.158699999+07:00,DRIVER_REQUEST,True,CHARGING,CHARGING,['CHARGING'],True,VALID_REQUEST,92.159,65.94,1.789,1.0,EVO200_LITE,EV_MOTORBIKE,3.5,3.22,,False,True,False,train
DE001433,T0057,V0057,2026-09-01T11:44:50.158699999+07:00,DRIVER_REQUEST,True,,BATTERY_SWAP,['CHARGING'],False,UNSUPPORTED_SERVICE,92.159,65.94,1.789,1.0,EVO200_LITE,EV_MOTORBIKE,3.5,3.22,,False,True,False,train
DE001434,T0057,V0057,2026-09-01T11:45:55.134733333+07:00,AUTO_DETECTED,False,,,['CHARGING'],,SUFFICIENT_SOC_RANGE,91.705,65.62,1.464,1.0,EVO200_LITE,EV_MOTORBIKE,3.5,3.22,,False,True,False,train
DE001435,T0057,V0057,2026-09-01T11:45:55.134733333+07:00,DRIVER_REQUEST,True,CHARGING,CHARGING,['CHARGING'],True,VALID_REQUEST,91.705,65.62,1.464,1.0,EVO200_LITE,EV_MOTORBIKE,3.5,3.22,,False,True,False,train
DE001436,T0057,V0057,2026-09-01T11:45:55.134733333+07:00,DRIVER_REQUEST,True,,BATTERY_SWAP,['CHARGING'],False,UNSUPPORTED_SERVICE,91.705,65.62,1.464,1.0,EVO200_LITE,EV_MOTORBIKE,3.5,3.22,,False,True,False,train
DE001437,T0057,V0057,2026-09-01T11:46:58.384066666+07:00,AUTO_DETECTED,False,,,['CHARGING'],,SUFFICIENT_SOC_RANGE,91.263,65.3,1.148,1.0,EVO200_LITE,EV_MOTORBIKE,3.5,3.22,,False,True,False,train
DE001438,T0057,V0057,2026-09-01T11:46:58.384066666+07:00,DRIVER_REQUEST,True,CHARGING,CHARGING,['CHARGING'],True,VALID_REQUEST,91.263,65.3,1.148,1.0,EVO200_LITE,EV_MOTORBIKE,3.5,3.22,,False,True,False,train
DE001439,T0057,V0057,2026-09-01T11:46:58.384066666+07:00,DRIVER_REQUEST,True,,BATTERY_SWAP,['CHARGING'],False,UNSUPPORTED_SERVICE,91.263,65.3,1.148,1.0,EVO200_LITE,EV_MOTORBIKE,3.5,3.22,,False,True,False,train
DE001440,T0057,V0057,2026-09-01T11:48:02.015199999+07:00,AUTO_DETECTED,False,,,['CHARGING'],,SUFFICIENT_SOC_RANGE,90.818,64.99,0.83,1.0,EVO200_LITE,EV_MOTORBIKE,3.5,3.22,,False,True,False,train
DE001441,T0057,V0057,2026-09-01T11:48:02.015199999+07:00,DRIVER_REQUEST,True,CHARGING,CHARGING,['CHARGING'],True,VALID_REQUEST,90.818,64.99,0.83,1.0,EVO200_LITE,EV_MOTORBIKE,3.5,3.22,,False,True,False,train
DE001442,T0057,V0057,2026-09-01T11:48:02.015199999+07:00,DRIVER_REQUEST,True,,BATTERY_SWAP,['CHARGING'],False,UNSUPPORTED_SERVICE,90.818,64.99,0.83,1.0,EVO200_LITE,EV_MOTORBIKE,3.5,3.22,,False,True,False,train
DE001443,T0057,V0057,2026-09-01T11:49:08.211533333+07:00,AUTO_DETECTED,False,,,['CHARGING'],,SUFFICIENT_SOC_RANGE,90.356,64.65,0.499,1.0,EVO200_LITE,EV_MOTORBIKE,3.5,3.22,,False,True,False,train
DE001444,T0057,V0057,2026-09-01T11:49:08.211533333+07:00,DRIVER_REQUEST,True,CHARGING,CHARGING,['CHARGING'],True,VALID_REQUEST,90.356,64.65,0.499,1.0,EVO200_LITE,EV_MOTORBIKE,3.5,3.22,,False,True,False,train
DE001445,T0057,V0057,2026-09-01T11:49:08.211533333+07:00,DRIVER_REQUEST,True,,BATTERY_SWAP,['CHARGING'],False,UNSUPPORTED_SERVICE,90.356,64.65,0.499,1.0,EVO200_LITE,EV_MOTORBIKE,3.5,3.22,,False,True,False,train
DE001446,T0057,V0057,2026-09-01T11:50:09.897599999+07:00,AUTO_DETECTED,False,,,['CHARGING'],,SUFFICIENT_SOC_RANGE,89.925,64.35,0.191,1.0,EVO200_LITE,EV_MOTORBIKE,3.5,3.22,,False,True,False,train
DE001447,T0057,V0057,2026-09-01T11:50:09.897599999+07:00,DRIVER_REQUEST,True,CHARGING,CHARGING,['CHARGING'],True,VALID_REQUEST,89.925,64.35,0.191,1.0,EVO200_LITE,EV_MOTORBIKE,3.5,3.22,,False,True,False,train
DE001448,T0057,V0057,2026-09-01T11:50:09.897599999+07:00,DRIVER_REQUEST,True,,BATTERY_SWAP,['CHARGING'],False,UNSUPPORTED_SERVICE,89.925,64.35,0.191,1.0,EVO200_LITE,EV_MOTORBIKE,3.5,3.22,,False,True,False,train
DE001449,T0058,V0058,2026-09-01T11:49:16.702574999+07:00,AUTO_DETECTED,False,,,['CHARGING'],,SUFFICIENT_SOC_RANGE,83.036,254.65,4.506,1.0,VF_6,EV_CAR,59.6,54.83,,False,True,False,validation
DE001450,T0058,V0058,2026-09-01T11:49:16.702574999+07:00,DRIVER_REQUEST,True,CHARGING,CHARGING,['CHARGING'],True,VALID_REQUEST,83.036,254.65,4.506,1.0,VF_6,EV_CAR,59.6,54.83,,False,True,False,validation
DE001451,T0058,V0058,2026-09-01T11:49:16.702574999+07:00,DRIVER_REQUEST,True,,BATTERY_SWAP,['CHARGING'],False,UNSUPPORTED_SERVICE,83.036,254.65,4.506,1.0,VF_6,EV_CAR,59.6,54.83,,False,True,False,validation
DE001452,T0058,V0058,2026-09-01T11:51:03.689374999+07:00,AUTO_DETECTED,False,,,['CHARGING'],,SUFFICIENT_SOC_RANGE,82.862,254.11,3.971,1.0,VF_6,EV_CAR,59.6,54.83,,False,True,False,validation
DE001453,T0058,V0058,2026-09-01T11:51:03.689374999+07:00,DRIVER_REQUEST,True,CHARGING,CHARGING,['CHARGING'],True,VALID_REQUEST,82.862,254.11,3.971,1.0,VF_6,EV_CAR,59.6,54.83,,False,True,False,validation
DE001454,T0058,V0058,2026-09-01T11:51:03.689374999+07:00,DRIVER_REQUEST,True,,BATTERY_SWAP,['CHARGING'],False,UNSUPPORTED_SERVICE,82.862,254.11,3.971,1.0,VF_6,EV_CAR,59.6,54.83,,False,True,False,validation
DE001455,T0058,V0058,2026-09-01T11:53:05.180975+07:00,AUTO_DETECTED,False,,,['CHARGING'],,SUFFICIENT_SOC_RANGE,82.664,253.5,3.364,1.0,VF_6,EV_CAR,59.6,54.83,,False,True,False,validation
DE001456,T0058,V0058,2026-09-01T11:53:05.180975+07:00,DRIVER_REQUEST,True,CHARGING,CHARGING,['CHARGING'],True,VALID_REQUEST,82.664,253.5,3.364,1.0,VF_6,EV_CAR,59.6,54.83,,False,True,False,validation
DE001457,T0058,V0058,2026-09-01T11:53:05.180975+07:00,DRIVER_REQUEST,True,,BATTERY_SWAP,['CHARGING'],False,UNSUPPORTED_SERVICE,82.664,253.5,3.364,1.0,VF_6,EV_CAR,59.6,54.83,,False,True,False,validation
DE001458,T0058,V0058,2026-09-01T11:55:04.114375+07:00,AUTO_DETECTED,False,,,['CHARGING'],,SUFFICIENT_SOC_RANGE,82.47,252.91,2.769,1.0,VF_6,EV_CAR,59.6,54.83,,False,True,False,validation
DE001459,T0058,V0058,2026-09-01T11:55:04.114375+07:00,DRIVER_REQUEST,True,CHARGING,CHARGING,['CHARGING'],True,VALID_REQUEST,82.47,252.91,2.769,1.0,VF_6,EV_CAR,59.6,54.83,,False,True,False,validation
DE001460,T0058,V0058,2026-09-01T11:55:04.114375+07:00,DRIVER_REQUEST,True,,BATTERY_SWAP,['CHARGING'],False,UNSUPPORTED_SERVICE,82.47,252.91,2.769,1.0,VF_6,EV_CAR,59.6,54.83,,False,True,False,validation
DE001461,T0058,V0058,2026-09-01T11:57:09.566575+07:00,AUTO_DETECTED,False,,,['CHARGING'],,SUFFICIENT_SOC_RANGE,82.265,252.28,2.142,1.0,VF_6,EV_CAR,59.6,54.83,,False,True,False,validation
DE001462,T0058,V0058,2026-09-01T11:57:09.566575+07:00,DRIVER_REQUEST,True,CHARGING,CHARGING,['CHARGING'],True,VALID_REQUEST,82.265,252.28,2.142,1.0,VF_6,EV_CAR,59.6,54.83,,False,True,False,validation
DE001463,T0058,V0058,2026-09-01T11:57:09.566575+07:00,DRIVER_REQUEST,True,,BATTERY_SWAP,['CHARGING'],False,UNSUPPORTED_SERVICE,82.265,252.28,2.142,1.0,VF_6,EV_CAR,59.6,54.83,,False,True,False,validation
DE001464,T0058,V0058,2026-09-01T11:58:59.182175+07:00,AUTO_DETECTED,False,,,['CHARGING'],,SUFFICIENT_SOC_RANGE,82.087,251.73,1.594,1.0,VF_6,EV_CAR,59.6,54.83,,False,True,False,validation
DE001465,T0058,V0058,2026-09-01T11:58:59.182175+07:00,DRIVER_REQUEST,True,CHARGING,CHARGING,['CHARGING'],True,VALID_REQUEST,82.087,251.73,1.594,1.0,VF_6,EV_CAR,59.6,54.83,,False,True,False,validation
DE001466,T0058,V0058,2026-09-01T11:58:59.182175+07:00,DRIVER_REQUEST,True,,BATTERY_SWAP,['CHARGING'],False,UNSUPPORTED_SERVICE,82.087,251.73,1.594,1.0,VF_6,EV_CAR,59.6,54.83,,False,True,False,validation
DE001467,T0058,V0058,2026-09-01T12:00:45.983772500+07:00,AUTO_DETECTED,False,,,['CHARGING'],,SUFFICIENT_SOC_RANGE,81.897,251.15,1.011,1.0,VF_6,EV_CAR,59.6,54.83,,False,True,False,validation
DE001468,T0058,V0058,2026-09-01T12:00:45.983772500+07:00,DRIVER_REQUEST,True,CHARGING,CHARGING,['CHARGING'],True,VALID_REQUEST,81.897,251.15,1.011,1.0,VF_6,EV_CAR,59.6,54.83,,False,True,False,validation
DE001469,T0058,V0058,2026-09-01T12:00:45.983772500+07:00,DRIVER_REQUEST,True,,BATTERY_SWAP,['CHARGING'],False,UNSUPPORTED_SERVICE,81.897,251.15,1.011,1.0,VF_6,EV_CAR,59.6,54.83,,False,True,False,validation
DE001470,T0058,V0058,2026-09-01T12:02:45.271372500+07:00,AUTO_DETECTED,False,,,['CHARGING'],,SUFFICIENT_SOC_RANGE,81.702,250.55,0.415,1.0,VF_6,EV_CAR,59.6,54.83,,False,True,False,validation
DE001471,T0058,V0058,2026-09-01T12:02:45.271372500+07:00,DRIVER_REQUEST,True,CHARGING,CHARGING,['CHARGING'],True,VALID_REQUEST,81.702,250.55,0.415,1.0,VF_6,EV_CAR,59.6,54.83,,False,True,False,validation
DE001472,T0058,V0058,2026-09-01T12:02:45.271372500+07:00,DRIVER_REQUEST,True,,BATTERY_SWAP,['CHARGING'],False,UNSUPPORTED_SERVICE,81.702,250.55,0.415,1.0,VF_6,EV_CAR,59.6,54.83,,False,True,False,validation
DE001473,T0059,V0059,2026-09-01T11:54:58.146911999+07:00,AUTO_DETECTED,True,CHARGING,,['CHARGING'],,LOW_SOC,17.868,54.8,5.007,1.0,VF_7_ECO,EV_CAR,59.6,54.83,,False,True,False,train
DE001474,T0059,V0059,2026-09-01T11:54:58.146911999+07:00,DRIVER_REQUEST,True,CHARGING,CHARGING,['CHARGING'],True,VALID_REQUEST,17.868,54.8,5.007,1.0,VF_7_ECO,EV_CAR,59.6,54.83,,False,True,False,train
DE001475,T0059,V0059,2026-09-01T11:54:58.146911999+07:00,DRIVER_REQUEST,True,,BATTERY_SWAP,['CHARGING'],False,UNSUPPORTED_SERVICE,17.868,54.8,5.007,1.0,VF_7_ECO,EV_CAR,59.6,54.83,,False,True,False,train
DE001476,T0059,V0059,2026-09-01T11:56:35.764944+07:00,AUTO_DETECTED,True,CHARGING,,['CHARGING'],,LOW_SOC,17.647,54.12,4.329,1.0,VF_7_ECO,EV_CAR,59.6,54.83,,False,True,False,train
DE001477,T0059,V0059,2026-09-01T11:56:35.764944+07:00,DRIVER_REQUEST,True,CHARGING,CHARGING,['CHARGING'],True,VALID_REQUEST,17.647,54.12,4.329,1.0,VF_7_ECO,EV_CAR,59.6,54.83,,False,True,False,train
DE001478,T0059,V0059,2026-09-01T11:56:35.764944+07:00,DRIVER_REQUEST,True,,BATTERY_SWAP,['CHARGING'],False,UNSUPPORTED_SERVICE,17.647,54.12,4.329,1.0,VF_7_ECO,EV_CAR,59.6,54.83,,False,True,False,train
DE001479,T0059,V0059,2026-09-01T11:58:13.235663999+07:00,AUTO_DETECTED,True,CHARGING,,['CHARGING'],,LOW_SOC,17.427,53.44,3.652,1.0,VF_7_ECO,EV_CAR,59.6,54.83,,False,True,False,train
DE001480,T0059,V0059,2026-09-01T11:58:13.235663999+07:00,DRIVER_REQUEST,True,CHARGING,CHARGING,['CHARGING'],True,VALID_REQUEST,17.427,53.44,3.652,1.0,VF_7_ECO,EV_CAR,59.6,54.83,,False,True,False,train
DE001481,T0059,V0059,2026-09-01T11:58:13.235663999+07:00,DRIVER_REQUEST,True,,BATTERY_SWAP,['CHARGING'],False,UNSUPPORTED_SERVICE,17.427,53.44,3.652,1.0,VF_7_ECO,EV_CAR,59.6,54.83,,False,True,False,train
DE001482,T0059,V0059,2026-09-01T11:59:54.666240+07:00,AUTO_DETECTED,True,CHARGING,,['CHARGING'],,LOW_SOC,17.197,52.74,2.948,1.0,VF_7_ECO,EV_CAR,59.6,54.83,,False,True,False,train
DE001483,T0059,V0059,2026-09-01T11:59:54.666240+07:00,DRIVER_REQUEST,True,CHARGING,CHARGING,['CHARGING'],True,VALID_REQUEST,17.197,52.74,2.948,1.0,VF_7_ECO,EV_CAR,59.6,54.83,,False,True,False,train
DE001484,T0059,V0059,2026-09-01T11:59:54.666240+07:00,DRIVER_REQUEST,True,,BATTERY_SWAP,['CHARGING'],False,UNSUPPORTED_SERVICE,17.197,52.74,2.948,1.0,VF_7_ECO,EV_CAR,59.6,54.83,,False,True,False,train
DE001485,T0059,V0059,2026-09-01T12:01:38.881457599+07:00,AUTO_DETECTED,True,CHARGING,,['CHARGING'],,LOW_SOC,16.981,52.08,2.287,1.0,VF_7_ECO,EV_CAR,59.6,54.83,,False,True,False,train
DE001486,T0059,V0059,2026-09-01T12:01:38.881457599+07:00,DRIVER_REQUEST,True,CHARGING,CHARGING,['CHARGING'],True,VALID_REQUEST,16.981,52.08,2.287,1.0,VF_7_ECO,EV_CAR,59.6,54.83,,False,True,False,train
DE001487,T0059,V0059,2026-09-01T12:01:38.881457599+07:00,DRIVER_REQUEST,True,,BATTERY_SWAP,['CHARGING'],False,UNSUPPORTED_SERVICE,16.981,52.08,2.287,1.0,VF_7_ECO,EV_CAR,59.6,54.83,,False,True,False,train
DE001488,T0059,V0059,2026-09-01T12:03:11.793908+07:00,AUTO_DETECTED,True,CHARGING,,['CHARGING'],,LOW_SOC,16.771,51.43,1.642,1.0,VF_7_ECO,EV_CAR,59.6,54.83,,False,True,False,train
DE001489,T0059,V0059,2026-09-01T12:03:11.793908+07:00,DRIVER_REQUEST,True,CHARGING,CHARGING,['CHARGING'],True,VALID_REQUEST,16.771,51.43,1.642,1.0,VF_7_ECO,EV_CAR,59.6,54.83,,False,True,False,train
DE001490,T0059,V0059,2026-09-01T12:03:11.793908+07:00,DRIVER_REQUEST,True,,BATTERY_SWAP,['CHARGING'],False,UNSUPPORTED_SERVICE,16.771,51.43,1.642,1.0,VF_7_ECO,EV_CAR,59.6,54.83,,False,True,False,train
DE001491,T0059,V0059,2026-09-01T12:04:50.691240+07:00,AUTO_DETECTED,True,CHARGING,,['CHARGING'],,LOW_SOC,16.562,50.79,1.001,1.0,VF_7_ECO,EV_CAR,59.6,54.83,,False,True,False,train
DE001492,T0059,V0059,2026-09-01T12:04:50.691240+07:00,DRIVER_REQUEST,True,CHARGING,CHARGING,['CHARGING'],True,VALID_REQUEST,16.562,50.79,1.001,1.0,VF_7_ECO,EV_CAR,59.6,54.83,,False,True,False,train
DE001493,T0059,V0059,2026-09-01T12:04:50.691240+07:00,DRIVER_REQUEST,True,,BATTERY_SWAP,['CHARGING'],False,UNSUPPORTED_SERVICE,16.562,50.79,1.001,1.0,VF_7_ECO,EV_CAR,59.6,54.83,,False,True,False,train
DE001494,T0059,V0059,2026-09-01T12:06:17.919536+07:00,AUTO_DETECTED,True,CHARGING,,['CHARGING'],,LOW_SOC,16.357,50.16,0.373,1.0,VF_7_ECO,EV_CAR,59.6,54.83,,False,True,False,train
DE001495,T0059,V0059,2026-09-01T12:06:17.919536+07:00,DRIVER_REQUEST,True,CHARGING,CHARGING,['CHARGING'],True,VALID_REQUEST,16.357,50.16,0.373,1.0,VF_7_ECO,EV_CAR,59.6,54.83,,False,True,False,train
DE001496,T0059,V0059,2026-09-01T12:06:17.919536+07:00,DRIVER_REQUEST,True,,BATTERY_SWAP,['CHARGING'],False,UNSUPPORTED_SERVICE,16.357,50.16,0.373,1.0,VF_7_ECO,EV_CAR,59.6,54.83,,False,True,False,train
DE001497,T0060,V0060,2026-09-01T12:01:35.924178+07:00,AUTO_DETECTED,True,CHARGING,,['CHARGING'],,LOW_SOC,16.968,12.14,8.234,1.235,FELIZ_S,EV_MOTORBIKE,3.5,3.22,,False,True,False,test
DE001498,T0060,V0060,2026-09-01T12:01:35.924178+07:00,DRIVER_REQUEST,True,CHARGING,CHARGING,['CHARGING'],True,VALID_REQUEST,16.968,12.14,8.234,1.235,FELIZ_S,EV_MOTORBIKE,3.5,3.22,,False,True,False,test
DE001499,T0060,V0060,2026-09-01T12:01:35.924178+07:00,DRIVER_REQUEST,True,,BATTERY_SWAP,['CHARGING'],False,UNSUPPORTED_SERVICE,16.968,12.14,8.234,1.235,FELIZ_S,EV_MOTORBIKE,3.5,3.22,,False,True,False,test
DE001500,T0060,V0060,2026-09-01T12:04:01.432384500+07:00,AUTO_DETECTED,True,CHARGING,,['CHARGING'],,LOW_SOC,15.445,11.05,7.144,1.072,FELIZ_S,EV_MOTORBIKE,3.5,3.22,,False,True,False,test
DE001501,T0060,V0060,2026-09-01T12:04:01.432384500+07:00,DRIVER_REQUEST,True,CHARGING,CHARGING,['CHARGING'],True,VALID_REQUEST,15.445,11.05,7.144,1.072,FELIZ_S,EV_MOTORBIKE,3.5,3.22,,False,True,False,test
DE001502,T0060,V0060,2026-09-01T12:04:01.432384500+07:00,DRIVER_REQUEST,True,,BATTERY_SWAP,['CHARGING'],False,UNSUPPORTED_SERVICE,15.445,11.05,7.144,1.072,FELIZ_S,EV_MOTORBIKE,3.5,3.22,,False,True,False,test
DE001503,T0060,V0060,2026-09-01T12:06:26.690116500+07:00,AUTO_DETECTED,True,CHARGING,,['CHARGING'],,LOW_SOC,14.035,10.04,6.135,1.0,FELIZ_S,EV_MOTORBIKE,3.5,3.22,,False,True,False,test
DE001504,T0060,V0060,2026-09-01T12:06:26.690116500+07:00,DRIVER_REQUEST,True,CHARGING,CHARGING,['CHARGING'],True,VALID_REQUEST,14.035,10.04,6.135,1.0,FELIZ_S,EV_MOTORBIKE,3.5,3.22,,False,True,False,test
DE001505,T0060,V0060,2026-09-01T12:06:26.690116500+07:00,DRIVER_REQUEST,True,,BATTERY_SWAP,['CHARGING'],False,UNSUPPORTED_SERVICE,14.035,10.04,6.135,1.0,FELIZ_S,EV_MOTORBIKE,3.5,3.22,,False,True,False,test
DE001506,T0060,V0060,2026-09-01T12:08:56.547712500+07:00,AUTO_DETECTED,True,CHARGING,,['CHARGING'],,LOW_SOC,12.581,9.0,5.094,1.0,FELIZ_S,EV_MOTORBIKE,3.5,3.22,,False,True,False,test
DE001507,T0060,V0060,2026-09-01T12:08:56.547712500+07:00,DRIVER_REQUEST,True,CHARGING,CHARGING,['CHARGING'],True,VALID_REQUEST,12.581,9.0,5.094,1.0,FELIZ_S,EV_MOTORBIKE,3.5,3.22,,False,True,False,test
DE001508,T0060,V0060,2026-09-01T12:08:56.547712500+07:00,DRIVER_REQUEST,True,,BATTERY_SWAP,['CHARGING'],False,UNSUPPORTED_SERVICE,12.581,9.0,5.094,1.0,FELIZ_S,EV_MOTORBIKE,3.5,3.22,,False,True,False,test
DE001509,T0060,V0060,2026-09-01T12:10:36.223372500+07:00,AUTO_DETECTED,True,CHARGING,,['CHARGING'],,LOW_SOC,11.101,7.94,4.035,1.0,FELIZ_S,EV_MOTORBIKE,3.5,3.22,,False,True,False,test
DE001510,T0060,V0060,2026-09-01T12:10:36.223372500+07:00,DRIVER_REQUEST,True,CHARGING,CHARGING,['CHARGING'],True,VALID_REQUEST,11.101,7.94,4.035,1.0,FELIZ_S,EV_MOTORBIKE,3.5,3.22,,False,True,False,test
DE001511,T0060,V0060,2026-09-01T12:10:36.223372500+07:00,DRIVER_REQUEST,True,,BATTERY_SWAP,['CHARGING'],False,UNSUPPORTED_SERVICE,11.101,7.94,4.035,1.0,FELIZ_S,EV_MOTORBIKE,3.5,3.22,,False,True,False,test
DE001512,T0060,V0060,2026-09-01T12:12:44.103460500+07:00,AUTO_DETECTED,True,CHARGING,,['CHARGING'],,LOW_SOC,9.56,6.84,2.933,1.0,FELIZ_S,EV_MOTORBIKE,3.5,3.22,,False,True,False,test
DE001513,T0060,V0060,2026-09-01T12:12:44.103460500+07:00,DRIVER_REQUEST,True,CHARGING,CHARGING,['CHARGING'],True,VALID_REQUEST,9.56,6.84,2.933,1.0,FELIZ_S,EV_MOTORBIKE,3.5,3.22,,False,True,False,test
DE001514,T0060,V0060,2026-09-01T12:12:44.103460500+07:00,DRIVER_REQUEST,True,,BATTERY_SWAP,['CHARGING'],False,UNSUPPORTED_SERVICE,9.56,6.84,2.933,1.0,FELIZ_S,EV_MOTORBIKE,3.5,3.22,,False,True,False,test
DE001515,T0060,V0060,2026-09-01T12:15:22.738252500+07:00,AUTO_DETECTED,True,CHARGING,,['CHARGING'],,LOW_SOC,8.01,5.73,1.824,1.0,FELIZ_S,EV_MOTORBIKE,3.5,3.22,,False,True,False,test
DE001516,T0060,V0060,2026-09-01T12:15:22.738252500+07:00,DRIVER_REQUEST,True,CHARGING,CHARGING,['CHARGING'],True,VALID_REQUEST,8.01,5.73,1.824,1.0,FELIZ_S,EV_MOTORBIKE,3.5,3.22,,False,True,False,test
DE001517,T0060,V0060,2026-09-01T12:15:22.738252500+07:00,DRIVER_REQUEST,True,,BATTERY_SWAP,['CHARGING'],False,UNSUPPORTED_SERVICE,8.01,5.73,1.824,1.0,FELIZ_S,EV_MOTORBIKE,3.5,3.22,,False,True,False,test
DE001518,T0060,V0060,2026-09-01T12:18:05.186380500+07:00,AUTO_DETECTED,True,CHARGING,,['CHARGING'],,LOW_SOC,6.434,4.6,0.696,1.0,FELIZ_S,EV_MOTORBIKE,3.5,3.22,,False,True,False,test
DE001519,T0060,V0060,2026-09-01T12:18:05.186380500+07:00,DRIVER_REQUEST,True,CHARGING,CHARGING,['CHARGING'],True,VALID_REQUEST,6.434,4.6,0.696,1.0,FELIZ_S,EV_MOTORBIKE,3.5,3.22,,False,True,False,test
DE001520,T0060,V0060,2026-09-01T12:18:05.186380500+07:00,DRIVER_REQUEST,True,,BATTERY_SWAP,['CHARGING'],False,UNSUPPORTED_SERVICE,6.434,4.6,0.696,1.0,FELIZ_S,EV_MOTORBIKE,3.5,3.22,,False,True,False,test
DE001521,T0061,V0001,2026-09-01T12:08:04.112097142+07:00,AUTO_DETECTED,True,CHARGING,,['CHARGING'],,LOW_SOC,17.76,54.46,7.961,1.194,VF_3,EV_CAR,18.64,17.15,,False,True,False,train
DE001522,T0061,V0001,2026-09-01T12:08:04.112097142+07:00,DRIVER_REQUEST,True,CHARGING,CHARGING,['CHARGING'],True,VALID_REQUEST,17.76,54.46,7.961,1.194,VF_3,EV_CAR,18.64,17.15,,False,True,False,train
DE001523,T0061,V0001,2026-09-01T12:08:04.112097142+07:00,DRIVER_REQUEST,True,,BATTERY_SWAP,['CHARGING'],False,UNSUPPORTED_SERVICE,17.76,54.46,7.961,1.194,VF_3,EV_CAR,18.64,17.15,,False,True,False,train
DE001524,T0061,V0001,2026-09-01T12:11:29.329578461+07:00,AUTO_DETECTED,True,CHARGING,,['CHARGING'],,LOW_SOC,17.426,53.44,6.935,1.04,VF_3,EV_CAR,18.64,17.15,,False,True,False,train
DE001525,T0061,V0001,2026-09-01T12:11:29.329578461+07:00,DRIVER_REQUEST,True,CHARGING,CHARGING,['CHARGING'],True,VALID_REQUEST,17.426,53.44,6.935,1.04,VF_3,EV_CAR,18.64,17.15,,False,True,False,train
DE001526,T0061,V0001,2026-09-01T12:11:29.329578461+07:00,DRIVER_REQUEST,True,,BATTERY_SWAP,['CHARGING'],False,UNSUPPORTED_SERVICE,17.426,53.44,6.935,1.04,VF_3,EV_CAR,18.64,17.15,,False,True,False,train
DE001527,T0061,V0001,2026-09-01T12:14:12.061992+07:00,AUTO_DETECTED,True,CHARGING,,['CHARGING'],,LOW_SOC,17.088,52.4,5.901,1.0,VF_3,EV_CAR,18.64,17.15,,False,True,False,train
DE001528,T0061,V0001,2026-09-01T12:14:12.061992+07:00,DRIVER_REQUEST,True,CHARGING,CHARGING,['CHARGING'],True,VALID_REQUEST,17.088,52.4,5.901,1.0,VF_3,EV_CAR,18.64,17.15,,False,True,False,train
DE001529,T0061,V0001,2026-09-01T12:14:12.061992+07:00,DRIVER_REQUEST,True,,BATTERY_SWAP,['CHARGING'],False,UNSUPPORTED_SERVICE,17.088,52.4,5.901,1.0,VF_3,EV_CAR,18.64,17.15,,False,True,False,train
DE001530,T0061,V0001,2026-09-01T12:17:25.157141777+07:00,AUTO_DETECTED,True,CHARGING,,['CHARGING'],,LOW_SOC,16.744,51.35,4.844,1.0,VF_3,EV_CAR,18.64,17.15,,False,True,False,train
DE001531,T0061,V0001,2026-09-01T12:17:25.157141777+07:00,DRIVER_REQUEST,True,CHARGING,CHARGING,['CHARGING'],True,VALID_REQUEST,16.744,51.35,4.844,1.0,VF_3,EV_CAR,18.64,17.15,,False,True,False,train
DE001532,T0061,V0001,2026-09-01T12:17:25.157141777+07:00,DRIVER_REQUEST,True,,BATTERY_SWAP,['CHARGING'],False,UNSUPPORTED_SERVICE,16.744,51.35,4.844,1.0,VF_3,EV_CAR,18.64,17.15,,False,True,False,train
DE001533,T0061,V0001,2026-09-01T12:20:35.011192+07:00,AUTO_DETECTED,True,CHARGING,,['CHARGING'],,LOW_SOC,16.402,50.3,3.794,1.0,VF_3,EV_CAR,18.64,17.15,,False,True,False,train
DE001534,T0061,V0001,2026-09-01T12:20:35.011192+07:00,DRIVER_REQUEST,True,CHARGING,CHARGING,['CHARGING'],True,VALID_REQUEST,16.402,50.3,3.794,1.0,VF_3,EV_CAR,18.64,17.15,,False,True,False,train
DE001535,T0061,V0001,2026-09-01T12:20:35.011192+07:00,DRIVER_REQUEST,True,,BATTERY_SWAP,['CHARGING'],False,UNSUPPORTED_SERVICE,16.402,50.3,3.794,1.0,VF_3,EV_CAR,18.64,17.15,,False,True,False,train
DE001536,T0061,V0001,2026-09-01T12:22:49.929595+07:00,AUTO_DETECTED,True,CHARGING,,['CHARGING'],,LOW_SOC,16.056,49.24,2.734,1.0,VF_3,EV_CAR,18.64,17.15,,False,True,False,train
DE001537,T0061,V0001,2026-09-01T12:22:49.929595+07:00,DRIVER_REQUEST,True,CHARGING,CHARGING,['CHARGING'],True,VALID_REQUEST,16.056,49.24,2.734,1.0,VF_3,EV_CAR,18.64,17.15,,False,True,False,train
DE001538,T0061,V0001,2026-09-01T12:22:49.929595+07:00,DRIVER_REQUEST,True,,BATTERY_SWAP,['CHARGING'],False,UNSUPPORTED_SERVICE,16.056,49.24,2.734,1.0,VF_3,EV_CAR,18.64,17.15,,False,True,False,train
DE001539,T0061,V0001,2026-09-01T12:24:56.056238500+07:00,AUTO_DETECTED,True,CHARGING,,['CHARGING'],,LOW_SOC,15.743,48.28,1.776,1.0,VF_3,EV_CAR,18.64,17.15,,False,True,False,train
DE001540,T0061,V0001,2026-09-01T12:24:56.056238500+07:00,DRIVER_REQUEST,True,CHARGING,CHARGING,['CHARGING'],True,VALID_REQUEST,15.743,48.28,1.776,1.0,VF_3,EV_CAR,18.64,17.15,,False,True,False,train
DE001541,T0061,V0001,2026-09-01T12:24:56.056238500+07:00,DRIVER_REQUEST,True,,BATTERY_SWAP,['CHARGING'],False,UNSUPPORTED_SERVICE,15.743,48.28,1.776,1.0,VF_3,EV_CAR,18.64,17.15,,False,True,False,train
DE001542,T0061,V0001,2026-09-01T12:27:25.512440499+07:00,AUTO_DETECTED,True,CHARGING,,['CHARGING'],,LOW_SOC,15.394,47.21,0.705,1.0,VF_3,EV_CAR,18.64,17.15,,False,True,False,train
DE001543,T0061,V0001,2026-09-01T12:27:25.512440499+07:00,DRIVER_REQUEST,True,CHARGING,CHARGING,['CHARGING'],True,VALID_REQUEST,15.394,47.21,0.705,1.0,VF_3,EV_CAR,18.64,17.15,,False,True,False,train
DE001544,T0061,V0001,2026-09-01T12:27:25.512440499+07:00,DRIVER_REQUEST,True,,BATTERY_SWAP,['CHARGING'],False,UNSUPPORTED_SERVICE,15.394,47.21,0.705,1.0,VF_3,EV_CAR,18.64,17.15,,False,True,False,train
DE001545,T0062,V0002,2026-09-01T12:12:42.210699428+07:00,AUTO_DETECTED,True,CHARGING,,['CHARGING'],,LOW_SOC,17.883,54.84,3.917,1.0,VF_5,EV_CAR,37.23,34.25,,False,True,False,test
DE001546,T0062,V0002,2026-09-01T12:12:42.210699428+07:00,DRIVER_REQUEST,True,CHARGING,CHARGING,['CHARGING'],True,VALID_REQUEST,17.883,54.84,3.917,1.0,VF_5,EV_CAR,37.23,34.25,,False,True,False,test
DE001547,T0062,V0002,2026-09-01T12:12:42.210699428+07:00,DRIVER_REQUEST,True,,BATTERY_SWAP,['CHARGING'],False,UNSUPPORTED_SERVICE,17.883,54.84,3.917,1.0,VF_5,EV_CAR,37.23,34.25,,False,True,False,test
DE001548,T0062,V0002,2026-09-01T12:13:49.846491428+07:00,AUTO_DETECTED,True,CHARGING,,['CHARGING'],,LOW_SOC,17.717,54.33,3.409,1.0,VF_5,EV_CAR,37.23,34.25,,False,True,False,test
DE001549,T0062,V0002,2026-09-01T12:13:49.846491428+07:00,DRIVER_REQUEST,True,CHARGING,CHARGING,['CHARGING'],True,VALID_REQUEST,17.717,54.33,3.409,1.0,VF_5,EV_CAR,37.23,34.25,,False,True,False,test
DE001550,T0062,V0002,2026-09-01T12:13:49.846491428+07:00,DRIVER_REQUEST,True,,BATTERY_SWAP,['CHARGING'],False,UNSUPPORTED_SERVICE,17.717,54.33,3.409,1.0,VF_5,EV_CAR,37.23,34.25,,False,True,False,test
DE001551,T0062,V0002,2026-09-01T12:15:00.969823542+07:00,AUTO_DETECTED,True,CHARGING,,['CHARGING'],,LOW_SOC,17.539,53.79,2.863,1.0,VF_5,EV_CAR,37.23,34.25,,False,True,False,test
DE001552,T0062,V0002,2026-09-01T12:15:00.969823542+07:00,DRIVER_REQUEST,True,CHARGING,CHARGING,['CHARGING'],True,VALID_REQUEST,17.539,53.79,2.863,1.0,VF_5,EV_CAR,37.23,34.25,,False,True,False,test
DE001553,T0062,V0002,2026-09-01T12:15:00.969823542+07:00,DRIVER_REQUEST,True,,BATTERY_SWAP,['CHARGING'],False,UNSUPPORTED_SERVICE,17.539,53.79,2.863,1.0,VF_5,EV_CAR,37.23,34.25,,False,True,False,test
DE001554,T0062,V0002,2026-09-01T12:16:04.238893714+07:00,AUTO_DETECTED,True,CHARGING,,['CHARGING'],,LOW_SOC,17.364,53.25,2.326,1.0,VF_5,EV_CAR,37.23,34.25,,False,True,False,test
DE001555,T0062,V0002,2026-09-01T12:16:04.238893714+07:00,DRIVER_REQUEST,True,CHARGING,CHARGING,['CHARGING'],True,VALID_REQUEST,17.364,53.25,2.326,1.0,VF_5,EV_CAR,37.23,34.25,,False,True,False,test
DE001556,T0062,V0002,2026-09-01T12:16:04.238893714+07:00,DRIVER_REQUEST,True,,BATTERY_SWAP,['CHARGING'],False,UNSUPPORTED_SERVICE,17.364,53.25,2.326,1.0,VF_5,EV_CAR,37.23,34.25,,False,True,False,test
DE001557,T0062,V0002,2026-09-01T12:17:23.967508714+07:00,AUTO_DETECTED,True,CHARGING,,['CHARGING'],,LOW_SOC,17.18,52.69,1.763,1.0,VF_5,EV_CAR,37.23,34.25,,False,True,False,test
DE001558,T0062,V0002,2026-09-01T12:17:23.967508714+07:00,DRIVER_REQUEST,True,CHARGING,CHARGING,['CHARGING'],True,VALID_REQUEST,17.18,52.69,1.763,1.0,VF_5,EV_CAR,37.23,34.25,,False,True,False,test
DE001559,T0062,V0002,2026-09-01T12:17:23.967508714+07:00,DRIVER_REQUEST,True,,BATTERY_SWAP,['CHARGING'],False,UNSUPPORTED_SERVICE,17.18,52.69,1.763,1.0,VF_5,EV_CAR,37.23,34.25,,False,True,False,test
DE001560,T0062,V0002,2026-09-01T12:18:27.111225857+07:00,AUTO_DETECTED,True,CHARGING,,['CHARGING'],,LOW_SOC,17.003,52.14,1.22,1.0,VF_5,EV_CAR,37.23,34.25,,False,True,False,test
DE001561,T0062,V0002,2026-09-01T12:18:27.111225857+07:00,DRIVER_REQUEST,True,CHARGING,CHARGING,['CHARGING'],True,VALID_REQUEST,17.003,52.14,1.22,1.0,VF_5,EV_CAR,37.23,34.25,,False,True,False,test
DE001562,T0062,V0002,2026-09-01T12:18:27.111225857+07:00,DRIVER_REQUEST,True,,BATTERY_SWAP,['CHARGING'],False,UNSUPPORTED_SERVICE,17.003,52.14,1.22,1.0,VF_5,EV_CAR,37.23,34.25,,False,True,False,test
DE001563,T0062,V0002,2026-09-01T12:19:18.711753857+07:00,AUTO_DETECTED,True,CHARGING,,['CHARGING'],,LOW_SOC,16.842,51.65,0.724,1.0,VF_5,EV_CAR,37.23,34.25,,False,True,False,test
DE001564,T0062,V0002,2026-09-01T12:19:18.711753857+07:00,DRIVER_REQUEST,True,CHARGING,CHARGING,['CHARGING'],True,VALID_REQUEST,16.842,51.65,0.724,1.0,VF_5,EV_CAR,37.23,34.25,,False,True,False,test
DE001565,T0062,V0002,2026-09-01T12:19:18.711753857+07:00,DRIVER_REQUEST,True,,BATTERY_SWAP,['CHARGING'],False,UNSUPPORTED_SERVICE,16.842,51.65,0.724,1.0,VF_5,EV_CAR,37.23,34.25,,False,True,False,test
DE001566,T0062,V0002,2026-09-01T12:20:07.705182428+07:00,AUTO_DETECTED,True,CHARGING,,['CHARGING'],,LOW_SOC,16.713,51.25,0.331,1.0,VF_5,EV_CAR,37.23,34.25,,False,True,False,test
DE001567,T0062,V0002,2026-09-01T12:20:07.705182428+07:00,DRIVER_REQUEST,True,CHARGING,CHARGING,['CHARGING'],True,VALID_REQUEST,16.713,51.25,0.331,1.0,VF_5,EV_CAR,37.23,34.25,,False,True,False,test
DE001568,T0062,V0002,2026-09-01T12:20:07.705182428+07:00,DRIVER_REQUEST,True,,BATTERY_SWAP,['CHARGING'],False,UNSUPPORTED_SERVICE,16.713,51.25,0.331,1.0,VF_5,EV_CAR,37.23,34.25,,False,True,False,test
DE001569,T0063,V0003,2026-09-01T12:19:00.641256+07:00,AUTO_DETECTED,True,,,"['CHARGING', 'BATTERY_SWAP']",,LOW_SOC,17.548,12.56,3.167,1.0,EVO,EV_MOTORBIKE,3.0,2.76,2.0,True,True,True,validation
DE001570,T0063,V0003,2026-09-01T12:19:00.641256+07:00,DRIVER_REQUEST,True,CHARGING,CHARGING,"['CHARGING', 'BATTERY_SWAP']",True,VALID_REQUEST,17.548,12.56,3.167,1.0,EVO,EV_MOTORBIKE,3.0,2.76,2.0,True,True,True,validation
DE001571,T0063,V0003,2026-09-01T12:19:00.641256+07:00,DRIVER_REQUEST,True,BATTERY_SWAP,BATTERY_SWAP,"['CHARGING', 'BATTERY_SWAP']",True,VALID_REQUEST,17.548,12.56,3.167,1.0,EVO,EV_MOTORBIKE,3.0,2.76,2.0,True,True,True,validation
DE001572,T0063,V0003,2026-09-01T12:19:00.641256+07:00,DRIVER_REQUEST,True,,ANY,"['CHARGING', 'BATTERY_SWAP']",True,VALID_REQUEST,17.548,12.56,3.167,1.0,EVO,EV_MOTORBIKE,3.0,2.76,2.0,True,True,True,validation
DE001573,T0063,V0003,2026-09-01T12:20:42.843448+07:00,AUTO_DETECTED,True,,,"['CHARGING', 'BATTERY_SWAP']",,LOW_SOC,16.825,12.04,2.65,1.0,EVO,EV_MOTORBIKE,3.0,2.76,2.0,True,True,True,validation
DE001574,T0063,V0003,2026-09-01T12:20:42.843448+07:00,DRIVER_REQUEST,True,CHARGING,CHARGING,"['CHARGING', 'BATTERY_SWAP']",True,VALID_REQUEST,16.825,12.04,2.65,1.0,EVO,EV_MOTORBIKE,3.0,2.76,2.0,True,True,True,validation
DE001575,T0063,V0003,2026-09-01T12:20:42.843448+07:00,DRIVER_REQUEST,True,BATTERY_SWAP,BATTERY_SWAP,"['CHARGING', 'BATTERY_SWAP']",True,VALID_REQUEST,16.825,12.04,2.65,1.0,EVO,EV_MOTORBIKE,3.0,2.76,2.0,True,True,True,validation
DE001576,T0063,V0003,2026-09-01T12:20:42.843448+07:00,DRIVER_REQUEST,True,,ANY,"['CHARGING', 'BATTERY_SWAP']",True,VALID_REQUEST,16.825,12.04,2.65,1.0,EVO,EV_MOTORBIKE,3.0,2.76,2.0,True,True,True,validation
DE001577,T0063,V0003,2026-09-01T12:22:02.726048+07:00,AUTO_DETECTED,True,,,"['CHARGING', 'BATTERY_SWAP']",,LOW_SOC,16.198,11.59,2.202,1.0,EVO,EV_MOTORBIKE,3.0,2.76,2.0,True,True,True,validation
DE001578,T0063,V0003,2026-09-01T12:22:02.726048+07:00,DRIVER_REQUEST,True,CHARGING,CHARGING,"['CHARGING', 'BATTERY_SWAP']",True,VALID_REQUEST,16.198,11.59,2.202,1.0,EVO,EV_MOTORBIKE,3.0,2.76,2.0,True,True,True,validation
DE001579,T0063,V0003,2026-09-01T12:22:02.726048+07:00,DRIVER_REQUEST,True,BATTERY_SWAP,BATTERY_SWAP,"['CHARGING', 'BATTERY_SWAP']",True,VALID_REQUEST,16.198,11.59,2.202,1.0,EVO,EV_MOTORBIKE,3.0,2.76,2.0,True,True,True,validation
DE001580,T0063,V0003,2026-09-01T12:22:02.726048+07:00,DRIVER_REQUEST,True,,ANY,"['CHARGING', 'BATTERY_SWAP']",True,VALID_REQUEST,16.198,11.59,2.202,1.0,EVO,EV_MOTORBIKE,3.0,2.76,2.0,True,True,True,validation
DE001581,T0063,V0003,2026-09-01T12:23:08.507648+07:00,AUTO_DETECTED,True,,,"['CHARGING', 'BATTERY_SWAP']",,LOW_SOC,15.739,11.26,1.873,1.0,EVO,EV_MOTORBIKE,3.0,2.76,2.0,True,True,True,validation
DE001582,T0063,V0003,2026-09-01T12:23:08.507648+07:00,DRIVER_REQUEST,True,CHARGING,CHARGING,"['CHARGING', 'BATTERY_SWAP']",True,VALID_REQUEST,15.739,11.26,1.873,1.0,EVO,EV_MOTORBIKE,3.0,2.76,2.0,True,True,True,validation
DE001583,T0063,V0003,2026-09-01T12:23:08.507648+07:00,DRIVER_REQUEST,True,BATTERY_SWAP,BATTERY_SWAP,"['CHARGING', 'BATTERY_SWAP']",True,VALID_REQUEST,15.739,11.26,1.873,1.0,EVO,EV_MOTORBIKE,3.0,2.76,2.0,True,True,True,validation
DE001584,T0063,V0003,2026-09-01T12:23:08.507648+07:00,DRIVER_REQUEST,True,,ANY,"['CHARGING', 'BATTERY_SWAP']",True,VALID_REQUEST,15.739,11.26,1.873,1.0,EVO,EV_MOTORBIKE,3.0,2.76,2.0,True,True,True,validation
DE001585,T0063,V0003,2026-09-01T12:24:26.029840+07:00,AUTO_DETECTED,True,,,"['CHARGING', 'BATTERY_SWAP']",,LOW_SOC,15.161,10.85,1.459,1.0,EVO,EV_MOTORBIKE,3.0,2.76,2.0,True,True,True,validation
DE001586,T0063,V0003,2026-09-01T12:24:26.029840+07:00,DRIVER_REQUEST,True,CHARGING,CHARGING,"['CHARGING', 'BATTERY_SWAP']",True,VALID_REQUEST,15.161,10.85,1.459,1.0,EVO,EV_MOTORBIKE,3.0,2.76,2.0,True,True,True,validation
DE001587,T0063,V0003,2026-09-01T12:24:26.029840+07:00,DRIVER_REQUEST,True,BATTERY_SWAP,BATTERY_SWAP,"['CHARGING', 'BATTERY_SWAP']",True,VALID_REQUEST,15.161,10.85,1.459,1.0,EVO,EV_MOTORBIKE,3.0,2.76,2.0,True,True,True,validation
DE001588,T0063,V0003,2026-09-01T12:24:26.029840+07:00,DRIVER_REQUEST,True,,ANY,"['CHARGING', 'BATTERY_SWAP']",True,VALID_REQUEST,15.161,10.85,1.459,1.0,EVO,EV_MOTORBIKE,3.0,2.76,2.0,True,True,True,validation
DE001589,T0063,V0003,2026-09-01T12:25:53.400056+07:00,AUTO_DETECTED,True,,,"['CHARGING', 'BATTERY_SWAP']",,LOW_SOC,14.536,10.4,1.012,1.0,EVO,EV_MOTORBIKE,3.0,2.76,2.0,True,True,True,validation
DE001590,T0063,V0003,2026-09-01T12:25:53.400056+07:00,DRIVER_REQUEST,True,CHARGING,CHARGING,"['CHARGING', 'BATTERY_SWAP']",True,VALID_REQUEST,14.536,10.4,1.012,1.0,EVO,EV_MOTORBIKE,3.0,2.76,2.0,True,True,True,validation
DE001591,T0063,V0003,2026-09-01T12:25:53.400056+07:00,DRIVER_REQUEST,True,BATTERY_SWAP,BATTERY_SWAP,"['CHARGING', 'BATTERY_SWAP']",True,VALID_REQUEST,14.536,10.4,1.012,1.0,EVO,EV_MOTORBIKE,3.0,2.76,2.0,True,True,True,validation
DE001592,T0063,V0003,2026-09-01T12:25:53.400056+07:00,DRIVER_REQUEST,True,,ANY,"['CHARGING', 'BATTERY_SWAP']",True,VALID_REQUEST,14.536,10.4,1.012,1.0,EVO,EV_MOTORBIKE,3.0,2.76,2.0,True,True,True,validation
DE001593,T0063,V0003,2026-09-01T12:26:51.172856+07:00,AUTO_DETECTED,True,,,"['CHARGING', 'BATTERY_SWAP']",,LOW_SOC,14.132,10.11,0.724,1.0,EVO,EV_MOTORBIKE,3.0,2.76,2.0,True,True,True,validation
DE001594,T0063,V0003,2026-09-01T12:26:51.172856+07:00,DRIVER_REQUEST,True,CHARGING,CHARGING,"['CHARGING', 'BATTERY_SWAP']",True,VALID_REQUEST,14.132,10.11,0.724,1.0,EVO,EV_MOTORBIKE,3.0,2.76,2.0,True,True,True,validation
DE001595,T0063,V0003,2026-09-01T12:26:51.172856+07:00,DRIVER_REQUEST,True,BATTERY_SWAP,BATTERY_SWAP,"['CHARGING', 'BATTERY_SWAP']",True,VALID_REQUEST,14.132,10.11,0.724,1.0,EVO,EV_MOTORBIKE,3.0,2.76,2.0,True,True,True,validation
DE001596,T0063,V0003,2026-09-01T12:26:51.172856+07:00,DRIVER_REQUEST,True,,ANY,"['CHARGING', 'BATTERY_SWAP']",True,VALID_REQUEST,14.132,10.11,0.724,1.0,EVO,EV_MOTORBIKE,3.0,2.76,2.0,True,True,True,validation
DE001597,T0063,V0003,2026-09-01T12:28:14.567656+07:00,AUTO_DETECTED,True,,,"['CHARGING', 'BATTERY_SWAP']",,LOW_SOC,13.55,9.7,0.307,1.0,EVO,EV_MOTORBIKE,3.0,2.76,2.0,True,True,True,validation
DE001598,T0063,V0003,2026-09-01T12:28:14.567656+07:00,DRIVER_REQUEST,True,CHARGING,CHARGING,"['CHARGING', 'BATTERY_SWAP']",True,VALID_REQUEST,13.55,9.7,0.307,1.0,EVO,EV_MOTORBIKE,3.0,2.76,2.0,True,True,True,validation
DE001599,T0063,V0003,2026-09-01T12:28:14.567656+07:00,DRIVER_REQUEST,True,BATTERY_SWAP,BATTERY_SWAP,"['CHARGING', 'BATTERY_SWAP']",True,VALID_REQUEST,13.55,9.7,0.307,1.0,EVO,EV_MOTORBIKE,3.0,2.76,2.0,True,True,True,validation
DE001600,T0063,V0003,2026-09-01T12:28:14.567656+07:00,DRIVER_REQUEST,True,,ANY,"['CHARGING', 'BATTERY_SWAP']",True,VALID_REQUEST,13.55,9.7,0.307,1.0,EVO,EV_MOTORBIKE,3.0,2.76,2.0,True,True,True,validation
DE001601,T0064,V0004,2026-09-01T12:25:39.665567999+07:00,AUTO_DETECTED,False,,,['CHARGING'],,SUFFICIENT_SOC_RANGE,76.512,234.64,7.96,1.194,VF_6,EV_CAR,59.6,54.83,,False,True,False,validation
DE001602,T0064,V0004,2026-09-01T12:25:39.665567999+07:00,DRIVER_REQUEST,True,CHARGING,CHARGING,['CHARGING'],True,VALID_REQUEST,76.512,234.64,7.96,1.194,VF_6,EV_CAR,59.6,54.83,,False,True,False,validation
DE001603,T0064,V0004,2026-09-01T12:25:39.665567999+07:00,DRIVER_REQUEST,True,,BATTERY_SWAP,['CHARGING'],False,UNSUPPORTED_SERVICE,76.512,234.64,7.96,1.194,VF_6,EV_CAR,59.6,54.83,,False,True,False,validation
DE001604,T0064,V0004,2026-09-01T12:28:09.333027999+07:00,AUTO_DETECTED,False,,,['CHARGING'],,SUFFICIENT_SOC_RANGE,76.183,233.63,6.953,1.043,VF_6,EV_CAR,59.6,54.83,,False,True,False,validation
DE001605,T0064,V0004,2026-09-01T12:28:09.333027999+07:00,DRIVER_REQUEST,True,CHARGING,CHARGING,['CHARGING'],True,VALID_REQUEST,76.183,233.63,6.953,1.043,VF_6,EV_CAR,59.6,54.83,,False,True,False,validation
DE001606,T0064,V0004,2026-09-01T12:28:09.333027999+07:00,DRIVER_REQUEST,True,,BATTERY_SWAP,['CHARGING'],False,UNSUPPORTED_SERVICE,76.183,233.63,6.953,1.043,VF_6,EV_CAR,59.6,54.83,,False,True,False,validation
DE001607,T0064,V0004,2026-09-01T12:30:02.887297499+07:00,AUTO_DETECTED,False,,,['CHARGING'],,SUFFICIENT_SOC_RANGE,75.85,232.61,5.931,1.0,VF_6,EV_CAR,59.6,54.83,,False,True,False,validation
DE001608,T0064,V0004,2026-09-01T12:30:02.887297499+07:00,DRIVER_REQUEST,True,CHARGING,CHARGING,['CHARGING'],True,VALID_REQUEST,75.85,232.61,5.931,1.0,VF_6,EV_CAR,59.6,54.83,,False,True,False,validation
DE001609,T0064,V0004,2026-09-01T12:30:02.887297499+07:00,DRIVER_REQUEST,True,,BATTERY_SWAP,['CHARGING'],False,UNSUPPORTED_SERVICE,75.85,232.61,5.931,1.0,VF_6,EV_CAR,59.6,54.83,,False,True,False,validation
DE001610,T0064,V0004,2026-09-01T12:32:08.051801142+07:00,AUTO_DETECTED,False,,,['CHARGING'],,SUFFICIENT_SOC_RANGE,75.493,231.51,4.836,1.0,VF_6,EV_CAR,59.6,54.83,,False,True,False,validation
DE001611,T0064,V0004,2026-09-01T12:32:08.051801142+07:00,DRIVER_REQUEST,True,CHARGING,CHARGING,['CHARGING'],True,VALID_REQUEST,75.493,231.51,4.836,1.0,VF_6,EV_CAR,59.6,54.83,,False,True,False,validation
DE001612,T0064,V0004,2026-09-01T12:32:08.051801142+07:00,DRIVER_REQUEST,True,,BATTERY_SWAP,['CHARGING'],False,UNSUPPORTED_SERVICE,75.493,231.51,4.836,1.0,VF_6,EV_CAR,59.6,54.83,,False,True,False,validation
DE001613,T0064,V0004,2026-09-01T12:34:02.488281499+07:00,AUTO_DETECTED,False,,,['CHARGING'],,SUFFICIENT_SOC_RANGE,75.184,230.57,3.89,1.0,VF_6,EV_CAR,59.6,54.83,,False,True,False,validation
DE001614,T0064,V0004,2026-09-01T12:34:02.488281499+07:00,DRIVER_REQUEST,True,CHARGING,CHARGING,['CHARGING'],True,VALID_REQUEST,75.184,230.57,3.89,1.0,VF_6,EV_CAR,59.6,54.83,,False,True,False,validation
DE001615,T0064,V0004,2026-09-01T12:34:02.488281499+07:00,DRIVER_REQUEST,True,,BATTERY_SWAP,['CHARGING'],False,UNSUPPORTED_SERVICE,75.184,230.57,3.89,1.0,VF_6,EV_CAR,59.6,54.83,,False,True,False,validation
DE001616,T0064,V0004,2026-09-01T12:36:37.381989999+07:00,AUTO_DETECTED,False,,,['CHARGING'],,SUFFICIENT_SOC_RANGE,74.808,229.41,2.735,1.0,VF_6,EV_CAR,59.6,54.83,,False,True,False,validation
DE001617,T0064,V0004,2026-09-01T12:36:37.381989999+07:00,DRIVER_REQUEST,True,CHARGING,CHARGING,['CHARGING'],True,VALID_REQUEST,74.808,229.41,2.735,1.0,VF_6,EV_CAR,59.6,54.83,,False,True,False,validation
DE001618,T0064,V0004,2026-09-01T12:36:37.381989999+07:00,DRIVER_REQUEST,True,,BATTERY_SWAP,['CHARGING'],False,UNSUPPORTED_SERVICE,74.808,229.41,2.735,1.0,VF_6,EV_CAR,59.6,54.83,,False,True,False,validation
DE001619,T0064,V0004,2026-09-01T12:38:36.715212999+07:00,AUTO_DETECTED,False,,,['CHARGING'],,SUFFICIENT_SOC_RANGE,74.475,228.39,1.714,1.0,VF_6,EV_CAR,59.6,54.83,,False,True,False,validation
DE001620,T0064,V0004,2026-09-01T12:38:36.715212999+07:00,DRIVER_REQUEST,True,CHARGING,CHARGING,['CHARGING'],True,VALID_REQUEST,74.475,228.39,1.714,1.0,VF_6,EV_CAR,59.6,54.83,,False,True,False,validation
DE001621,T0064,V0004,2026-09-01T12:38:36.715212999+07:00,DRIVER_REQUEST,True,,BATTERY_SWAP,['CHARGING'],False,UNSUPPORTED_SERVICE,74.475,228.39,1.714,1.0,VF_6,EV_CAR,59.6,54.83,,False,True,False,validation
DE001622,T0064,V0004,2026-09-01T12:40:36.428636499+07:00,AUTO_DETECTED,False,,,['CHARGING'],,SUFFICIENT_SOC_RANGE,74.144,227.38,0.7,1.0,VF_6,EV_CAR,59.6,54.83,,False,True,False,validation
DE001623,T0064,V0004,2026-09-01T12:40:36.428636499+07:00,DRIVER_REQUEST,True,CHARGING,CHARGING,['CHARGING'],True,VALID_REQUEST,74.144,227.38,0.7,1.0,VF_6,EV_CAR,59.6,54.83,,False,True,False,validation
DE001624,T0064,V0004,2026-09-01T12:40:36.428636499+07:00,DRIVER_REQUEST,True,,BATTERY_SWAP,['CHARGING'],False,UNSUPPORTED_SERVICE,74.144,227.38,0.7,1.0,VF_6,EV_CAR,59.6,54.83,,False,True,False,validation
DE001625,T0065,V0005,2026-09-01T12:31:36.960239999+07:00,AUTO_DETECTED,False,,,['CHARGING'],,SUFFICIENT_SOC_RANGE,64.808,198.75,7.872,1.181,VF_7_ECO,EV_CAR,59.6,54.83,,False,True,False,train
DE001626,T0065,V0005,2026-09-01T12:31:36.960239999+07:00,DRIVER_REQUEST,True,CHARGING,CHARGING,['CHARGING'],True,VALID_REQUEST,64.808,198.75,7.872,1.181,VF_7_ECO,EV_CAR,59.6,54.83,,False,True,False,train
DE001627,T0065,V0005,2026-09-01T12:31:36.960239999+07:00,DRIVER_REQUEST,True,,BATTERY_SWAP,['CHARGING'],False,UNSUPPORTED_SERVICE,64.808,198.75,7.872,1.181,VF_7_ECO,EV_CAR,59.6,54.83,,False,True,False,train
DE001628,T0065,V0005,2026-09-01T12:33:56.925422999+07:00,AUTO_DETECTED,False,,,['CHARGING'],,SUFFICIENT_SOC_RANGE,64.482,197.74,6.871,1.031,VF_7_ECO,EV_CAR,59.6,54.83,,False,True,False,train
DE001629,T0065,V0005,2026-09-01T12:33:56.925422999+07:00,DRIVER_REQUEST,True,CHARGING,CHARGING,['CHARGING'],True,VALID_REQUEST,64.482,197.74,6.871,1.031,VF_7_ECO,EV_CAR,59.6,54.83,,False,True,False,train
DE001630,T0065,V0005,2026-09-01T12:33:56.925422999+07:00,DRIVER_REQUEST,True,,BATTERY_SWAP,['CHARGING'],False,UNSUPPORTED_SERVICE,64.482,197.74,6.871,1.031,VF_7_ECO,EV_CAR,59.6,54.83,,False,True,False,train
DE001631,T0065,V0005,2026-09-01T12:36:22.694031+07:00,AUTO_DETECTED,False,,,['CHARGING'],,SUFFICIENT_SOC_RANGE,64.152,196.73,5.859,1.0,VF_7_ECO,EV_CAR,59.6,54.83,,False,True,False,train
DE001632,T0065,V0005,2026-09-01T12:36:22.694031+07:00,DRIVER_REQUEST,True,CHARGING,CHARGING,['CHARGING'],True,VALID_REQUEST,64.152,196.73,5.859,1.0,VF_7_ECO,EV_CAR,59.6,54.83,,False,True,False,train
DE001633,T0065,V0005,2026-09-01T12:36:22.694031+07:00,DRIVER_REQUEST,True,,BATTERY_SWAP,['CHARGING'],False,UNSUPPORTED_SERVICE,64.152,196.73,5.859,1.0,VF_7_ECO,EV_CAR,59.6,54.83,,False,True,False,train
DE001634,T0065,V0005,2026-09-01T12:38:47.411251800+07:00,AUTO_DETECTED,False,,,['CHARGING'],,SUFFICIENT_SOC_RANGE,63.824,195.73,4.854,1.0,VF_7_ECO,EV_CAR,59.6,54.83,,False,True,False,train
DE001635,T0065,V0005,2026-09-01T12:38:47.411251800+07:00,DRIVER_REQUEST,True,CHARGING,CHARGING,['CHARGING'],True,VALID_REQUEST,63.824,195.73,4.854,1.0,VF_7_ECO,EV_CAR,59.6,54.83,,False,True,False,train
DE001636,T0065,V0005,2026-09-01T12:38:47.411251800+07:00,DRIVER_REQUEST,True,,BATTERY_SWAP,['CHARGING'],False,UNSUPPORTED_SERVICE,63.824,195.73,4.854,1.0,VF_7_ECO,EV_CAR,59.6,54.83,,False,True,False,train
DE001637,T0065,V0005,2026-09-01T12:41:12.912495+07:00,AUTO_DETECTED,False,,,['CHARGING'],,SUFFICIENT_SOC_RANGE,63.495,194.72,3.844,1.0,VF_7_ECO,EV_CAR,59.6,54.83,,False,True,False,train
DE001638,T0065,V0005,2026-09-01T12:41:12.912495+07:00,DRIVER_REQUEST,True,CHARGING,CHARGING,['CHARGING'],True,VALID_REQUEST,63.495,194.72,3.844,1.0,VF_7_ECO,EV_CAR,59.6,54.83,,False,True,False,train
DE001639,T0065,V0005,2026-09-01T12:41:12.912495+07:00,DRIVER_REQUEST,True,,BATTERY_SWAP,['CHARGING'],False,UNSUPPORTED_SERVICE,63.495,194.72,3.844,1.0,VF_7_ECO,EV_CAR,59.6,54.83,,False,True,False,train
DE001640,T0065,V0005,2026-09-01T12:43:40.602509400+07:00,AUTO_DETECTED,False,,,['CHARGING'],,SUFFICIENT_SOC_RANGE,63.16,193.69,2.818,1.0,VF_7_ECO,EV_CAR,59.6,54.83,,False,True,False,train
DE001641,T0065,V0005,2026-09-01T12:43:40.602509400+07:00,DRIVER_REQUEST,True,CHARGING,CHARGING,['CHARGING'],True,VALID_REQUEST,63.16,193.69,2.818,1.0,VF_7_ECO,EV_CAR,59.6,54.83,,False,True,False,train
DE001642,T0065,V0005,2026-09-01T12:43:40.602509400+07:00,DRIVER_REQUEST,True,,BATTERY_SWAP,['CHARGING'],False,UNSUPPORTED_SERVICE,63.16,193.69,2.818,1.0,VF_7_ECO,EV_CAR,59.6,54.83,,False,True,False,train
DE001643,T0065,V0005,2026-09-01T12:46:08.858127+07:00,AUTO_DETECTED,False,,,['CHARGING'],,SUFFICIENT_SOC_RANGE,62.824,192.66,1.788,1.0,VF_7_ECO,EV_CAR,59.6,54.83,,False,True,False,train
DE001644,T0065,V0005,2026-09-01T12:46:08.858127+07:00,DRIVER_REQUEST,True,CHARGING,CHARGING,['CHARGING'],True,VALID_REQUEST,62.824,192.66,1.788,1.0,VF_7_ECO,EV_CAR,59.6,54.83,,False,True,False,train
DE001645,T0065,V0005,2026-09-01T12:46:08.858127+07:00,DRIVER_REQUEST,True,,BATTERY_SWAP,['CHARGING'],False,UNSUPPORTED_SERVICE,62.824,192.66,1.788,1.0,VF_7_ECO,EV_CAR,59.6,54.83,,False,True,False,train
DE001646,T0065,V0005,2026-09-01T12:48:42.265862999+07:00,AUTO_DETECTED,False,,,['CHARGING'],,SUFFICIENT_SOC_RANGE,62.471,191.58,0.705,1.0,VF_7_ECO,EV_CAR,59.6,54.83,,False,True,False,train
DE001647,T0065,V0005,2026-09-01T12:48:42.265862999+07:00,DRIVER_REQUEST,True,CHARGING,CHARGING,['CHARGING'],True,VALID_REQUEST,62.471,191.58,0.705,1.0,VF_7_ECO,EV_CAR,59.6,54.83,,False,True,False,train
DE001648,T0065,V0005,2026-09-01T12:48:42.265862999+07:00,DRIVER_REQUEST,True,,BATTERY_SWAP,['CHARGING'],False,UNSUPPORTED_SERVICE,62.471,191.58,0.705,1.0,VF_7_ECO,EV_CAR,59.6,54.83,,False,True,False,train
DE001649,T0066,V0006,2026-09-01T12:36:56.401919999+07:00,AUTO_DETECTED,True,,,"['CHARGING', 'BATTERY_SWAP']",,LOW_SOC,11.453,8.19,4.528,1.0,EVO_LITE,EV_MOTORBIKE,1.5,1.38,1.0,True,True,True,train
DE001650,T0066,V0006,2026-09-01T12:36:56.401919999+07:00,DRIVER_REQUEST,True,CHARGING,CHARGING,"['CHARGING', 'BATTERY_SWAP']",True,VALID_REQUEST,11.453,8.19,4.528,1.0,EVO_LITE,EV_MOTORBIKE,1.5,1.38,1.0,True,True,True,train
DE001651,T0066,V0006,2026-09-01T12:36:56.401919999+07:00,DRIVER_REQUEST,True,BATTERY_SWAP,BATTERY_SWAP,"['CHARGING', 'BATTERY_SWAP']",True,VALID_REQUEST,11.453,8.19,4.528,1.0,EVO_LITE,EV_MOTORBIKE,1.5,1.38,1.0,True,True,True,train
DE001652,T0066,V0006,2026-09-01T12:36:56.401919999+07:00,DRIVER_REQUEST,True,,ANY,"['CHARGING', 'BATTERY_SWAP']",True,VALID_REQUEST,11.453,8.19,4.528,1.0,EVO_LITE,EV_MOTORBIKE,1.5,1.38,1.0,True,True,True,train
DE001653,T0066,V0006,2026-09-01T12:38:20.522687999+07:00,AUTO_DETECTED,True,,,"['CHARGING', 'BATTERY_SWAP']",,LOW_SOC,10.636,7.61,3.944,1.0,EVO_LITE,EV_MOTORBIKE,1.5,1.38,1.0,True,True,True,train
DE001654,T0066,V0006,2026-09-01T12:38:20.522687999+07:00,DRIVER_REQUEST,True,CHARGING,CHARGING,"['CHARGING', 'BATTERY_SWAP']",True,VALID_REQUEST,10.636,7.61,3.944,1.0,EVO_LITE,EV_MOTORBIKE,1.5,1.38,1.0,True,True,True,train
DE001655,T0066,V0006,2026-09-01T12:38:20.522687999+07:00,DRIVER_REQUEST,True,BATTERY_SWAP,BATTERY_SWAP,"['CHARGING', 'BATTERY_SWAP']",True,VALID_REQUEST,10.636,7.61,3.944,1.0,EVO_LITE,EV_MOTORBIKE,1.5,1.38,1.0,True,True,True,train
DE001656,T0066,V0006,2026-09-01T12:38:20.522687999+07:00,DRIVER_REQUEST,True,,ANY,"['CHARGING', 'BATTERY_SWAP']",True,VALID_REQUEST,10.636,7.61,3.944,1.0,EVO_LITE,EV_MOTORBIKE,1.5,1.38,1.0,True,True,True,train
DE001657,T0066,V0006,2026-09-01T12:39:43.458623999+07:00,AUTO_DETECTED,True,,,"['CHARGING', 'BATTERY_SWAP']",,LOW_SOC,9.831,7.03,3.368,1.0,EVO_LITE,EV_MOTORBIKE,1.5,1.38,1.0,True,True,True,train
DE001658,T0066,V0006,2026-09-01T12:39:43.458623999+07:00,DRIVER_REQUEST,True,CHARGING,CHARGING,"['CHARGING', 'BATTERY_SWAP']",True,VALID_REQUEST,9.831,7.03,3.368,1.0,EVO_LITE,EV_MOTORBIKE,1.5,1.38,1.0,True,True,True,train
DE001659,T0066,V0006,2026-09-01T12:39:43.458623999+07:00,DRIVER_REQUEST,True,BATTERY_SWAP,BATTERY_SWAP,"['CHARGING', 'BATTERY_SWAP']",True,VALID_REQUEST,9.831,7.03,3.368,1.0,EVO_LITE,EV_MOTORBIKE,1.5,1.38,1.0,True,True,True,train
DE001660,T0066,V0006,2026-09-01T12:39:43.458623999+07:00,DRIVER_REQUEST,True,,ANY,"['CHARGING', 'BATTERY_SWAP']",True,VALID_REQUEST,9.831,7.03,3.368,1.0,EVO_LITE,EV_MOTORBIKE,1.5,1.38,1.0,True,True,True,train
DE001661,T0066,V0006,2026-09-01T12:41:08.124575999+07:00,AUTO_DETECTED,True,,,"['CHARGING', 'BATTERY_SWAP']",,LOW_SOC,9.01,6.45,2.78,1.0,EVO_LITE,EV_MOTORBIKE,1.5,1.38,1.0,True,True,True,train
DE001662,T0066,V0006,2026-09-01T12:41:08.124575999+07:00,DRIVER_REQUEST,True,CHARGING,CHARGING,"['CHARGING', 'BATTERY_SWAP']",True,VALID_REQUEST,9.01,6.45,2.78,1.0,EVO_LITE,EV_MOTORBIKE,1.5,1.38,1.0,True,True,True,train
DE001663,T0066,V0006,2026-09-01T12:41:08.124575999+07:00,DRIVER_REQUEST,True,BATTERY_SWAP,BATTERY_SWAP,"['CHARGING', 'BATTERY_SWAP']",True,VALID_REQUEST,9.01,6.45,2.78,1.0,EVO_LITE,EV_MOTORBIKE,1.5,1.38,1.0,True,True,True,train
DE001664,T0066,V0006,2026-09-01T12:41:08.124575999+07:00,DRIVER_REQUEST,True,,ANY,"['CHARGING', 'BATTERY_SWAP']",True,VALID_REQUEST,9.01,6.45,2.78,1.0,EVO_LITE,EV_MOTORBIKE,1.5,1.38,1.0,True,True,True,train
DE001665,T0066,V0006,2026-09-01T12:42:35.320175999+07:00,AUTO_DETECTED,True,,,"['CHARGING', 'BATTERY_SWAP']",,LOW_SOC,8.163,5.84,2.175,1.0,EVO_LITE,EV_MOTORBIKE,1.5,1.38,1.0,True,True,True,train
DE001666,T0066,V0006,2026-09-01T12:42:35.320175999+07:00,DRIVER_REQUEST,True,CHARGING,CHARGING,"['CHARGING', 'BATTERY_SWAP']",True,VALID_REQUEST,8.163,5.84,2.175,1.0,EVO_LITE,EV_MOTORBIKE,1.5,1.38,1.0,True,True,True,train
DE001667,T0066,V0006,2026-09-01T12:42:35.320175999+07:00,DRIVER_REQUEST,True,BATTERY_SWAP,BATTERY_SWAP,"['CHARGING', 'BATTERY_SWAP']",True,VALID_REQUEST,8.163,5.84,2.175,1.0,EVO_LITE,EV_MOTORBIKE,1.5,1.38,1.0,True,True,True,train
DE001668,T0066,V0006,2026-09-01T12:42:35.320175999+07:00,DRIVER_REQUEST,True,,ANY,"['CHARGING', 'BATTERY_SWAP']",True,VALID_REQUEST,8.163,5.84,2.175,1.0,EVO_LITE,EV_MOTORBIKE,1.5,1.38,1.0,True,True,True,train
DE001669,T0066,V0006,2026-09-01T12:44:01.919903999+07:00,AUTO_DETECTED,True,,,"['CHARGING', 'BATTERY_SWAP']",,LOW_SOC,7.323,5.24,1.573,1.0,EVO_LITE,EV_MOTORBIKE,1.5,1.38,1.0,True,True,True,train
DE001670,T0066,V0006,2026-09-01T12:44:01.919903999+07:00,DRIVER_REQUEST,True,CHARGING,CHARGING,"['CHARGING', 'BATTERY_SWAP']",True,VALID_REQUEST,7.323,5.24,1.573,1.0,EVO_LITE,EV_MOTORBIKE,1.5,1.38,1.0,True,True,True,train
DE001671,T0066,V0006,2026-09-01T12:44:01.919903999+07:00,DRIVER_REQUEST,True,BATTERY_SWAP,BATTERY_SWAP,"['CHARGING', 'BATTERY_SWAP']",True,VALID_REQUEST,7.323,5.24,1.573,1.0,EVO_LITE,EV_MOTORBIKE,1.5,1.38,1.0,True,True,True,train
DE001672,T0066,V0006,2026-09-01T12:44:01.919903999+07:00,DRIVER_REQUEST,True,,ANY,"['CHARGING', 'BATTERY_SWAP']",True,VALID_REQUEST,7.323,5.24,1.573,1.0,EVO_LITE,EV_MOTORBIKE,1.5,1.38,1.0,True,True,True,train
DE001673,T0066,V0006,2026-09-01T12:45:29.112479999+07:00,AUTO_DETECTED,True,,,"['CHARGING', 'BATTERY_SWAP']",,LOW_SOC,6.477,4.63,0.968,1.0,EVO_LITE,EV_MOTORBIKE,1.5,1.38,1.0,True,True,True,train
DE001674,T0066,V0006,2026-09-01T12:45:29.112479999+07:00,DRIVER_REQUEST,True,CHARGING,CHARGING,"['CHARGING', 'BATTERY_SWAP']",True,VALID_REQUEST,6.477,4.63,0.968,1.0,EVO_LITE,EV_MOTORBIKE,1.5,1.38,1.0,True,True,True,train
DE001675,T0066,V0006,2026-09-01T12:45:29.112479999+07:00,DRIVER_REQUEST,True,BATTERY_SWAP,BATTERY_SWAP,"['CHARGING', 'BATTERY_SWAP']",True,VALID_REQUEST,6.477,4.63,0.968,1.0,EVO_LITE,EV_MOTORBIKE,1.5,1.38,1.0,True,True,True,train
DE001676,T0066,V0006,2026-09-01T12:45:29.112479999+07:00,DRIVER_REQUEST,True,,ANY,"['CHARGING', 'BATTERY_SWAP']",True,VALID_REQUEST,6.477,4.63,0.968,1.0,EVO_LITE,EV_MOTORBIKE,1.5,1.38,1.0,True,True,True,train
DE001677,T0066,V0006,2026-09-01T12:46:53.790815999+07:00,AUTO_DETECTED,True,,,"['CHARGING', 'BATTERY_SWAP']",,LOW_SOC,5.655,4.05,0.38,1.0,EVO_LITE,EV_MOTORBIKE,1.5,1.38,1.0,True,True,True,train
DE001678,T0066,V0006,2026-09-01T12:46:53.790815999+07:00,DRIVER_REQUEST,True,CHARGING,CHARGING,"['CHARGING', 'BATTERY_SWAP']",True,VALID_REQUEST,5.655,4.05,0.38,1.0,EVO_LITE,EV_MOTORBIKE,1.5,1.38,1.0,True,True,True,train
DE001679,T0066,V0006,2026-09-01T12:46:53.790815999+07:00,DRIVER_REQUEST,True,BATTERY_SWAP,BATTERY_SWAP,"['CHARGING', 'BATTERY_SWAP']",True,VALID_REQUEST,5.655,4.05,0.38,1.0,EVO_LITE,EV_MOTORBIKE,1.5,1.38,1.0,True,True,True,train
DE001680,T0066,V0006,2026-09-01T12:46:53.790815999+07:00,DRIVER_REQUEST,True,,ANY,"['CHARGING', 'BATTERY_SWAP']",True,VALID_REQUEST,5.655,4.05,0.38,1.0,EVO_LITE,EV_MOTORBIKE,1.5,1.38,1.0,True,True,True,train
DE001681,T0067,V0007,2026-09-01T12:43:08.728344571+07:00,AUTO_DETECTED,True,CHARGING,,['CHARGING'],,LOW_SOC,17.853,54.75,6.089,1.0,VF_7_PLUS,EV_CAR,75.3,69.28,,False,True,False,test
DE001682,T0067,V0007,2026-09-01T12:43:08.728344571+07:00,DRIVER_REQUEST,True,CHARGING,CHARGING,['CHARGING'],True,VALID_REQUEST,17.853,54.75,6.089,1.0,VF_7_PLUS,EV_CAR,75.3,69.28,,False,True,False,test
DE001683,T0067,V0007,2026-09-01T12:43:08.728344571+07:00,DRIVER_REQUEST,True,,BATTERY_SWAP,['CHARGING'],False,UNSUPPORTED_SERVICE,17.853,54.75,6.089,1.0,VF_7_PLUS,EV_CAR,75.3,69.28,,False,True,False,test
DE001684,T0067,V0007,2026-09-01T12:45:35.001386285+07:00,AUTO_DETECTED,True,CHARGING,,['CHARGING'],,LOW_SOC,17.6,53.97,5.313,1.0,VF_7_PLUS,EV_CAR,75.3,69.28,,False,True,False,test
DE001685,T0067,V0007,2026-09-01T12:45:35.001386285+07:00,DRIVER_REQUEST,True,CHARGING,CHARGING,['CHARGING'],True,VALID_REQUEST,17.6,53.97,5.313,1.0,VF_7_PLUS,EV_CAR,75.3,69.28,,False,True,False,test
DE001686,T0067,V0007,2026-09-01T12:45:35.001386285+07:00,DRIVER_REQUEST,True,,BATTERY_SWAP,['CHARGING'],False,UNSUPPORTED_SERVICE,17.6,53.97,5.313,1.0,VF_7_PLUS,EV_CAR,75.3,69.28,,False,True,False,test
DE001687,T0067,V0007,2026-09-01T12:47:18.525889142+07:00,AUTO_DETECTED,True,CHARGING,,['CHARGING'],,LOW_SOC,17.351,53.21,4.549,1.0,VF_7_PLUS,EV_CAR,75.3,69.28,,False,True,False,test
DE001688,T0067,V0007,2026-09-01T12:47:18.525889142+07:00,DRIVER_REQUEST,True,CHARGING,CHARGING,['CHARGING'],True,VALID_REQUEST,17.351,53.21,4.549,1.0,VF_7_PLUS,EV_CAR,75.3,69.28,,False,True,False,test
DE001689,T0067,V0007,2026-09-01T12:47:18.525889142+07:00,DRIVER_REQUEST,True,,BATTERY_SWAP,['CHARGING'],False,UNSUPPORTED_SERVICE,17.351,53.21,4.549,1.0,VF_7_PLUS,EV_CAR,75.3,69.28,,False,True,False,test
DE001690,T0067,V0007,2026-09-01T12:49:23.021896+07:00,AUTO_DETECTED,True,CHARGING,,['CHARGING'],,LOW_SOC,17.09,52.41,3.749,1.0,VF_7_PLUS,EV_CAR,75.3,69.28,,False,True,False,test
DE001691,T0067,V0007,2026-09-01T12:49:23.021896+07:00,DRIVER_REQUEST,True,CHARGING,CHARGING,['CHARGING'],True,VALID_REQUEST,17.09,52.41,3.749,1.0,VF_7_PLUS,EV_CAR,75.3,69.28,,False,True,False,test
DE001692,T0067,V0007,2026-09-01T12:49:23.021896+07:00,DRIVER_REQUEST,True,,BATTERY_SWAP,['CHARGING'],False,UNSUPPORTED_SERVICE,17.09,52.41,3.749,1.0,VF_7_PLUS,EV_CAR,75.3,69.28,,False,True,False,test
DE001693,T0067,V0007,2026-09-01T12:51:52.901528+07:00,AUTO_DETECTED,True,CHARGING,,['CHARGING'],,LOW_SOC,16.827,51.6,2.942,1.0,VF_7_PLUS,EV_CAR,75.3,69.28,,False,True,False,test
DE001694,T0067,V0007,2026-09-01T12:51:52.901528+07:00,DRIVER_REQUEST,True,CHARGING,CHARGING,['CHARGING'],True,VALID_REQUEST,16.827,51.6,2.942,1.0,VF_7_PLUS,EV_CAR,75.3,69.28,,False,True,False,test
DE001695,T0067,V0007,2026-09-01T12:51:52.901528+07:00,DRIVER_REQUEST,True,,BATTERY_SWAP,['CHARGING'],False,UNSUPPORTED_SERVICE,16.827,51.6,2.942,1.0,VF_7_PLUS,EV_CAR,75.3,69.28,,False,True,False,test
DE001696,T0067,V0007,2026-09-01T12:53:56.053264+07:00,AUTO_DETECTED,True,CHARGING,,['CHARGING'],,LOW_SOC,16.565,50.8,2.139,1.0,VF_7_PLUS,EV_CAR,75.3,69.28,,False,True,False,test
DE001697,T0067,V0007,2026-09-01T12:53:56.053264+07:00,DRIVER_REQUEST,True,CHARGING,CHARGING,['CHARGING'],True,VALID_REQUEST,16.565,50.8,2.139,1.0,VF_7_PLUS,EV_CAR,75.3,69.28,,False,True,False,test
DE001698,T0067,V0007,2026-09-01T12:53:56.053264+07:00,DRIVER_REQUEST,True,,BATTERY_SWAP,['CHARGING'],False,UNSUPPORTED_SERVICE,16.565,50.8,2.139,1.0,VF_7_PLUS,EV_CAR,75.3,69.28,,False,True,False,test
DE001699,T0067,V0007,2026-09-01T12:56:24.166659500+07:00,AUTO_DETECTED,True,CHARGING,,['CHARGING'],,LOW_SOC,16.298,49.98,1.32,1.0,VF_7_PLUS,EV_CAR,75.3,69.28,,False,True,False,test
DE001700,T0067,V0007,2026-09-01T12:56:24.166659500+07:00,DRIVER_REQUEST,True,CHARGING,CHARGING,['CHARGING'],True,VALID_REQUEST,16.298,49.98,1.32,1.0,VF_7_PLUS,EV_CAR,75.3,69.28,,False,True,False,test
DE001701,T0067,V0007,2026-09-01T12:56:24.166659500+07:00,DRIVER_REQUEST,True,,BATTERY_SWAP,['CHARGING'],False,UNSUPPORTED_SERVICE,16.298,49.98,1.32,1.0,VF_7_PLUS,EV_CAR,75.3,69.28,,False,True,False,test
DE001702,T0067,V0007,2026-09-01T12:58:28.923876+07:00,AUTO_DETECTED,True,CHARGING,,['CHARGING'],,LOW_SOC,16.046,49.21,0.548,1.0,VF_7_PLUS,EV_CAR,75.3,69.28,,False,True,False,test
DE001703,T0067,V0007,2026-09-01T12:58:28.923876+07:00,DRIVER_REQUEST,True,CHARGING,CHARGING,['CHARGING'],True,VALID_REQUEST,16.046,49.21,0.548,1.0,VF_7_PLUS,EV_CAR,75.3,69.28,,False,True,False,test
DE001704,T0067,V0007,2026-09-01T12:58:28.923876+07:00,DRIVER_REQUEST,True,,BATTERY_SWAP,['CHARGING'],False,UNSUPPORTED_SERVICE,16.046,49.21,0.548,1.0,VF_7_PLUS,EV_CAR,75.3,69.28,,False,True,False,test
DE001705,T0068,V0012,2026-09-01T12:49:19.962073499+07:00,AUTO_DETECTED,True,,,"['CHARGING', 'BATTERY_SWAP']",,LOW_SOC,15.4,11.02,5.837,1.0,VIPER,EV_MOTORBIKE,1.5,1.38,1.0,True,True,True,train
DE001706,T0068,V0012,2026-09-01T12:49:19.962073499+07:00,DRIVER_REQUEST,True,CHARGING,CHARGING,"['CHARGING', 'BATTERY_SWAP']",True,VALID_REQUEST,15.4,11.02,5.837,1.0,VIPER,EV_MOTORBIKE,1.5,1.38,1.0,True,True,True,train
DE001707,T0068,V0012,2026-09-01T12:49:19.962073499+07:00,DRIVER_REQUEST,True,BATTERY_SWAP,BATTERY_SWAP,"['CHARGING', 'BATTERY_SWAP']",True,VALID_REQUEST,15.4,11.02,5.837,1.0,VIPER,EV_MOTORBIKE,1.5,1.38,1.0,True,True,True,train
DE001708,T0068,V0012,2026-09-01T12:49:19.962073499+07:00,DRIVER_REQUEST,True,,ANY,"['CHARGING', 'BATTERY_SWAP']",True,VALID_REQUEST,15.4,11.02,5.837,1.0,VIPER,EV_MOTORBIKE,1.5,1.38,1.0,True,True,True,train
DE001709,T0068,V0012,2026-09-01T12:51:20.020626+07:00,AUTO_DETECTED,True,,,"['CHARGING', 'BATTERY_SWAP']",,LOW_SOC,14.539,10.4,5.221,1.0,VIPER,EV_MOTORBIKE,1.5,1.38,1.0,True,True,True,train
DE001710,T0068,V0012,2026-09-01T12:51:20.020626+07:00,DRIVER_REQUEST,True,CHARGING,CHARGING,"['CHARGING', 'BATTERY_SWAP']",True,VALID_REQUEST,14.539,10.4,5.221,1.0,VIPER,EV_MOTORBIKE,1.5,1.38,1.0,True,True,True,train
DE001711,T0068,V0012,2026-09-01T12:51:20.020626+07:00,DRIVER_REQUEST,True,BATTERY_SWAP,BATTERY_SWAP,"['CHARGING', 'BATTERY_SWAP']",True,VALID_REQUEST,14.539,10.4,5.221,1.0,VIPER,EV_MOTORBIKE,1.5,1.38,1.0,True,True,True,train
DE001712,T0068,V0012,2026-09-01T12:51:20.020626+07:00,DRIVER_REQUEST,True,,ANY,"['CHARGING', 'BATTERY_SWAP']",True,VALID_REQUEST,14.539,10.4,5.221,1.0,VIPER,EV_MOTORBIKE,1.5,1.38,1.0,True,True,True,train
DE001713,T0068,V0012,2026-09-01T12:53:12.102533999+07:00,AUTO_DETECTED,True,,,"['CHARGING', 'BATTERY_SWAP']",,LOW_SOC,13.439,9.62,4.434,1.0,VIPER,EV_MOTORBIKE,1.5,1.38,1.0,True,True,True,train
DE001714,T0068,V0012,2026-09-01T12:53:12.102533999+07:00,DRIVER_REQUEST,True,CHARGING,CHARGING,"['CHARGING', 'BATTERY_SWAP']",True,VALID_REQUEST,13.439,9.62,4.434,1.0,VIPER,EV_MOTORBIKE,1.5,1.38,1.0,True,True,True,train
DE001715,T0068,V0012,2026-09-01T12:53:12.102533999+07:00,DRIVER_REQUEST,True,BATTERY_SWAP,BATTERY_SWAP,"['CHARGING', 'BATTERY_SWAP']",True,VALID_REQUEST,13.439,9.62,4.434,1.0,VIPER,EV_MOTORBIKE,1.5,1.38,1.0,True,True,True,train
DE001716,T0068,V0012,2026-09-01T12:53:12.102533999+07:00,DRIVER_REQUEST,True,,ANY,"['CHARGING', 'BATTERY_SWAP']",True,VALID_REQUEST,13.439,9.62,4.434,1.0,VIPER,EV_MOTORBIKE,1.5,1.38,1.0,True,True,True,train
DE001717,T0068,V0012,2026-09-01T12:54:32.011351999+07:00,AUTO_DETECTED,True,,,"['CHARGING', 'BATTERY_SWAP']",,LOW_SOC,12.363,8.85,3.664,1.0,VIPER,EV_MOTORBIKE,1.5,1.38,1.0,True,True,True,train
DE001718,T0068,V0012,2026-09-01T12:54:32.011351999+07:00,DRIVER_REQUEST,True,CHARGING,CHARGING,"['CHARGING', 'BATTERY_SWAP']",True,VALID_REQUEST,12.363,8.85,3.664,1.0,VIPER,EV_MOTORBIKE,1.5,1.38,1.0,True,True,True,train
DE001719,T0068,V0012,2026-09-01T12:54:32.011351999+07:00,DRIVER_REQUEST,True,BATTERY_SWAP,BATTERY_SWAP,"['CHARGING', 'BATTERY_SWAP']",True,VALID_REQUEST,12.363,8.85,3.664,1.0,VIPER,EV_MOTORBIKE,1.5,1.38,1.0,True,True,True,train
DE001720,T0068,V0012,2026-09-01T12:54:32.011351999+07:00,DRIVER_REQUEST,True,,ANY,"['CHARGING', 'BATTERY_SWAP']",True,VALID_REQUEST,12.363,8.85,3.664,1.0,VIPER,EV_MOTORBIKE,1.5,1.38,1.0,True,True,True,train
DE001721,T0068,V0012,2026-09-01T12:56:36.276641999+07:00,AUTO_DETECTED,True,,,"['CHARGING', 'BATTERY_SWAP']",,LOW_SOC,11.234,8.04,2.857,1.0,VIPER,EV_MOTORBIKE,1.5,1.38,1.0,True,True,True,train
DE001722,T0068,V0012,2026-09-01T12:56:36.276641999+07:00,DRIVER_REQUEST,True,CHARGING,CHARGING,"['CHARGING', 'BATTERY_SWAP']",True,VALID_REQUEST,11.234,8.04,2.857,1.0,VIPER,EV_MOTORBIKE,1.5,1.38,1.0,True,True,True,train
DE001723,T0068,V0012,2026-09-01T12:56:36.276641999+07:00,DRIVER_REQUEST,True,BATTERY_SWAP,BATTERY_SWAP,"['CHARGING', 'BATTERY_SWAP']",True,VALID_REQUEST,11.234,8.04,2.857,1.0,VIPER,EV_MOTORBIKE,1.5,1.38,1.0,True,True,True,train
DE001724,T0068,V0012,2026-09-01T12:56:36.276641999+07:00,DRIVER_REQUEST,True,,ANY,"['CHARGING', 'BATTERY_SWAP']",True,VALID_REQUEST,11.234,8.04,2.857,1.0,VIPER,EV_MOTORBIKE,1.5,1.38,1.0,True,True,True,train
DE001725,T0068,V0012,2026-09-01T12:57:22.431968153+07:00,AUTO_DETECTED,True,,,"['CHARGING', 'BATTERY_SWAP']",,LOW_SOC,10.159,7.27,2.087,1.0,VIPER,EV_MOTORBIKE,1.5,1.38,1.0,True,True,True,train
DE001726,T0068,V0012,2026-09-01T12:57:22.431968153+07:00,DRIVER_REQUEST,True,CHARGING,CHARGING,"['CHARGING', 'BATTERY_SWAP']",True,VALID_REQUEST,10.159,7.27,2.087,1.0,VIPER,EV_MOTORBIKE,1.5,1.38,1.0,True,True,True,train
DE001727,T0068,V0012,2026-09-01T12:57:22.431968153+07:00,DRIVER_REQUEST,True,BATTERY_SWAP,BATTERY_SWAP,"['CHARGING', 'BATTERY_SWAP']",True,VALID_REQUEST,10.159,7.27,2.087,1.0,VIPER,EV_MOTORBIKE,1.5,1.38,1.0,True,True,True,train
DE001728,T0068,V0012,2026-09-01T12:57:22.431968153+07:00,DRIVER_REQUEST,True,,ANY,"['CHARGING', 'BATTERY_SWAP']",True,VALID_REQUEST,10.159,7.27,2.087,1.0,VIPER,EV_MOTORBIKE,1.5,1.38,1.0,True,True,True,train
DE001729,T0068,V0012,2026-09-01T12:58:19.955349999+07:00,AUTO_DETECTED,True,,,"['CHARGING', 'BATTERY_SWAP']",,LOW_SOC,9.086,6.5,1.32,1.0,VIPER,EV_MOTORBIKE,1.5,1.38,1.0,True,True,True,train
DE001730,T0068,V0012,2026-09-01T12:58:19.955349999+07:00,DRIVER_REQUEST,True,CHARGING,CHARGING,"['CHARGING', 'BATTERY_SWAP']",True,VALID_REQUEST,9.086,6.5,1.32,1.0,VIPER,EV_MOTORBIKE,1.5,1.38,1.0,True,True,True,train
DE001731,T0068,V0012,2026-09-01T12:58:19.955349999+07:00,DRIVER_REQUEST,True,BATTERY_SWAP,BATTERY_SWAP,"['CHARGING', 'BATTERY_SWAP']",True,VALID_REQUEST,9.086,6.5,1.32,1.0,VIPER,EV_MOTORBIKE,1.5,1.38,1.0,True,True,True,train
DE001732,T0068,V0012,2026-09-01T12:58:19.955349999+07:00,DRIVER_REQUEST,True,,ANY,"['CHARGING', 'BATTERY_SWAP']",True,VALID_REQUEST,9.086,6.5,1.32,1.0,VIPER,EV_MOTORBIKE,1.5,1.38,1.0,True,True,True,train
DE001733,T0068,V0012,2026-09-01T13:00:15.795429999+07:00,AUTO_DETECTED,True,,,"['CHARGING', 'BATTERY_SWAP']",,LOW_SOC,7.935,5.68,0.496,1.0,VIPER,EV_MOTORBIKE,1.5,1.38,1.0,True,True,True,train
DE001734,T0068,V0012,2026-09-01T13:00:15.795429999+07:00,DRIVER_REQUEST,True,CHARGING,CHARGING,"['CHARGING', 'BATTERY_SWAP']",True,VALID_REQUEST,7.935,5.68,0.496,1.0,VIPER,EV_MOTORBIKE,1.5,1.38,1.0,True,True,True,train
DE001735,T0068,V0012,2026-09-01T13:00:15.795429999+07:00,DRIVER_REQUEST,True,BATTERY_SWAP,BATTERY_SWAP,"['CHARGING', 'BATTERY_SWAP']",True,VALID_REQUEST,7.935,5.68,0.496,1.0,VIPER,EV_MOTORBIKE,1.5,1.38,1.0,True,True,True,train
DE001736,T0068,V0012,2026-09-01T13:00:15.795429999+07:00,DRIVER_REQUEST,True,,ANY,"['CHARGING', 'BATTERY_SWAP']",True,VALID_REQUEST,7.935,5.68,0.496,1.0,VIPER,EV_MOTORBIKE,1.5,1.38,1.0,True,True,True,train
DE001737,T0069,V0009,2026-09-01T12:55:15.211315499+07:00,AUTO_DETECTED,True,,,"['CHARGING', 'BATTERY_SWAP']",,LOW_SOC,17.341,12.41,5.109,1.0,FELIZ_II,EV_MOTORBIKE,3.0,2.76,2.0,True,True,True,train
DE001738,T0069,V0009,2026-09-01T12:55:15.211315499+07:00,DRIVER_REQUEST,True,CHARGING,CHARGING,"['CHARGING', 'BATTERY_SWAP']",True,VALID_REQUEST,17.341,12.41,5.109,1.0,FELIZ_II,EV_MOTORBIKE,3.0,2.76,2.0,True,True,True,train
DE001739,T0069,V0009,2026-09-01T12:55:15.211315499+07:00,DRIVER_REQUEST,True,BATTERY_SWAP,BATTERY_SWAP,"['CHARGING', 'BATTERY_SWAP']",True,VALID_REQUEST,17.341,12.41,5.109,1.0,FELIZ_II,EV_MOTORBIKE,3.0,2.76,2.0,True,True,True,train
DE001740,T0069,V0009,2026-09-01T12:55:15.211315499+07:00,DRIVER_REQUEST,True,,ANY,"['CHARGING', 'BATTERY_SWAP']",True,VALID_REQUEST,17.341,12.41,5.109,1.0,FELIZ_II,EV_MOTORBIKE,3.0,2.76,2.0,True,True,True,train
DE001741,T0069,V0009,2026-09-01T12:57:09.326183500+07:00,AUTO_DETECTED,True,,,"['CHARGING', 'BATTERY_SWAP']",,LOW_SOC,16.35,11.7,4.399,1.0,FELIZ_II,EV_MOTORBIKE,3.0,2.76,2.0,True,True,True,train
DE001742,T0069,V0009,2026-09-01T12:57:09.326183500+07:00,DRIVER_REQUEST,True,CHARGING,CHARGING,"['CHARGING', 'BATTERY_SWAP']",True,VALID_REQUEST,16.35,11.7,4.399,1.0,FELIZ_II,EV_MOTORBIKE,3.0,2.76,2.0,True,True,True,train
DE001743,T0069,V0009,2026-09-01T12:57:09.326183500+07:00,DRIVER_REQUEST,True,BATTERY_SWAP,BATTERY_SWAP,"['CHARGING', 'BATTERY_SWAP']",True,VALID_REQUEST,16.35,11.7,4.399,1.0,FELIZ_II,EV_MOTORBIKE,3.0,2.76,2.0,True,True,True,train
DE001744,T0069,V0009,2026-09-01T12:57:09.326183500+07:00,DRIVER_REQUEST,True,,ANY,"['CHARGING', 'BATTERY_SWAP']",True,VALID_REQUEST,16.35,11.7,4.399,1.0,FELIZ_II,EV_MOTORBIKE,3.0,2.76,2.0,True,True,True,train
DE001745,T0069,V0009,2026-09-01T12:58:49.043979500+07:00,AUTO_DETECTED,True,,,"['CHARGING', 'BATTERY_SWAP']",,LOW_SOC,15.38,11.01,3.705,1.0,FELIZ_II,EV_MOTORBIKE,3.0,2.76,2.0,True,True,True,train
DE001746,T0069,V0009,2026-09-01T12:58:49.043979500+07:00,DRIVER_REQUEST,True,CHARGING,CHARGING,"['CHARGING', 'BATTERY_SWAP']",True,VALID_REQUEST,15.38,11.01,3.705,1.0,FELIZ_II,EV_MOTORBIKE,3.0,2.76,2.0,True,True,True,train
DE001747,T0069,V0009,2026-09-01T12:58:49.043979500+07:00,DRIVER_REQUEST,True,BATTERY_SWAP,BATTERY_SWAP,"['CHARGING', 'BATTERY_SWAP']",True,VALID_REQUEST,15.38,11.01,3.705,1.0,FELIZ_II,EV_MOTORBIKE,3.0,2.76,2.0,True,True,True,train
DE001748,T0069,V0009,2026-09-01T12:58:49.043979500+07:00,DRIVER_REQUEST,True,,ANY,"['CHARGING', 'BATTERY_SWAP']",True,VALID_REQUEST,15.38,11.01,3.705,1.0,FELIZ_II,EV_MOTORBIKE,3.0,2.76,2.0,True,True,True,train
DE001749,T0069,V0009,2026-09-01T13:00:43.042504500+07:00,AUTO_DETECTED,True,,,"['CHARGING', 'BATTERY_SWAP']",,LOW_SOC,14.404,10.31,3.007,1.0,FELIZ_II,EV_MOTORBIKE,3.0,2.76,2.0,True,True,True,train
DE001750,T0069,V0009,2026-09-01T13:00:43.042504500+07:00,DRIVER_REQUEST,True,CHARGING,CHARGING,"['CHARGING', 'BATTERY_SWAP']",True,VALID_REQUEST,14.404,10.31,3.007,1.0,FELIZ_II,EV_MOTORBIKE,3.0,2.76,2.0,True,True,True,train
DE001751,T0069,V0009,2026-09-01T13:00:43.042504500+07:00,DRIVER_REQUEST,True,BATTERY_SWAP,BATTERY_SWAP,"['CHARGING', 'BATTERY_SWAP']",True,VALID_REQUEST,14.404,10.31,3.007,1.0,FELIZ_II,EV_MOTORBIKE,3.0,2.76,2.0,True,True,True,train
DE001752,T0069,V0009,2026-09-01T13:00:43.042504500+07:00,DRIVER_REQUEST,True,,ANY,"['CHARGING', 'BATTERY_SWAP']",True,VALID_REQUEST,14.404,10.31,3.007,1.0,FELIZ_II,EV_MOTORBIKE,3.0,2.76,2.0,True,True,True,train
DE001753,T0069,V0009,2026-09-01T13:02:34.132779500+07:00,AUTO_DETECTED,True,,,"['CHARGING', 'BATTERY_SWAP']",,LOW_SOC,13.5,9.66,2.36,1.0,FELIZ_II,EV_MOTORBIKE,3.0,2.76,2.0,True,True,True,train
DE001754,T0069,V0009,2026-09-01T13:02:34.132779500+07:00,DRIVER_REQUEST,True,CHARGING,CHARGING,"['CHARGING', 'BATTERY_SWAP']",True,VALID_REQUEST,13.5,9.66,2.36,1.0,FELIZ_II,EV_MOTORBIKE,3.0,2.76,2.0,True,True,True,train
DE001755,T0069,V0009,2026-09-01T13:02:34.132779500+07:00,DRIVER_REQUEST,True,BATTERY_SWAP,BATTERY_SWAP,"['CHARGING', 'BATTERY_SWAP']",True,VALID_REQUEST,13.5,9.66,2.36,1.0,FELIZ_II,EV_MOTORBIKE,3.0,2.76,2.0,True,True,True,train
DE001756,T0069,V0009,2026-09-01T13:02:34.132779500+07:00,DRIVER_REQUEST,True,,ANY,"['CHARGING', 'BATTERY_SWAP']",True,VALID_REQUEST,13.5,9.66,2.36,1.0,FELIZ_II,EV_MOTORBIKE,3.0,2.76,2.0,True,True,True,train
DE001757,T0069,V0009,2026-09-01T13:04:27.383854500+07:00,AUTO_DETECTED,True,,,"['CHARGING', 'BATTERY_SWAP']",,LOW_SOC,12.581,9.0,1.703,1.0,FELIZ_II,EV_MOTORBIKE,3.0,2.76,2.0,True,True,True,train
DE001758,T0069,V0009,2026-09-01T13:04:27.383854500+07:00,DRIVER_REQUEST,True,CHARGING,CHARGING,"['CHARGING', 'BATTERY_SWAP']",True,VALID_REQUEST,12.581,9.0,1.703,1.0,FELIZ_II,EV_MOTORBIKE,3.0,2.76,2.0,True,True,True,train
DE001759,T0069,V0009,2026-09-01T13:04:27.383854500+07:00,DRIVER_REQUEST,True,BATTERY_SWAP,BATTERY_SWAP,"['CHARGING', 'BATTERY_SWAP']",True,VALID_REQUEST,12.581,9.0,1.703,1.0,FELIZ_II,EV_MOTORBIKE,3.0,2.76,2.0,True,True,True,train
DE001760,T0069,V0009,2026-09-01T13:04:27.383854500+07:00,DRIVER_REQUEST,True,,ANY,"['CHARGING', 'BATTERY_SWAP']",True,VALID_REQUEST,12.581,9.0,1.703,1.0,FELIZ_II,EV_MOTORBIKE,3.0,2.76,2.0,True,True,True,train
DE001761,T0069,V0009,2026-09-01T13:06:22.397929499+07:00,AUTO_DETECTED,True,,,"['CHARGING', 'BATTERY_SWAP']",,LOW_SOC,11.737,8.4,1.099,1.0,FELIZ_II,EV_MOTORBIKE,3.0,2.76,2.0,True,True,True,train
DE001762,T0069,V0009,2026-09-01T13:06:22.397929499+07:00,DRIVER_REQUEST,True,CHARGING,CHARGING,"['CHARGING', 'BATTERY_SWAP']",True,VALID_REQUEST,11.737,8.4,1.099,1.0,FELIZ_II,EV_MOTORBIKE,3.0,2.76,2.0,True,True,True,train
DE001763,T0069,V0009,2026-09-01T13:06:22.397929499+07:00,DRIVER_REQUEST,True,BATTERY_SWAP,BATTERY_SWAP,"['CHARGING', 'BATTERY_SWAP']",True,VALID_REQUEST,11.737,8.4,1.099,1.0,FELIZ_II,EV_MOTORBIKE,3.0,2.76,2.0,True,True,True,train
DE001764,T0069,V0009,2026-09-01T13:06:22.397929499+07:00,DRIVER_REQUEST,True,,ANY,"['CHARGING', 'BATTERY_SWAP']",True,VALID_REQUEST,11.737,8.4,1.099,1.0,FELIZ_II,EV_MOTORBIKE,3.0,2.76,2.0,True,True,True,train
DE001765,T0069,V0009,2026-09-01T13:08:16.856266999+07:00,AUTO_DETECTED,True,,,"['CHARGING', 'BATTERY_SWAP']",,LOW_SOC,10.813,7.74,0.437,1.0,FELIZ_II,EV_MOTORBIKE,3.0,2.76,2.0,True,True,True,train
DE001766,T0069,V0009,2026-09-01T13:08:16.856266999+07:00,DRIVER_REQUEST,True,CHARGING,CHARGING,"['CHARGING', 'BATTERY_SWAP']",True,VALID_REQUEST,10.813,7.74,0.437,1.0,FELIZ_II,EV_MOTORBIKE,3.0,2.76,2.0,True,True,True,train
DE001767,T0069,V0009,2026-09-01T13:08:16.856266999+07:00,DRIVER_REQUEST,True,BATTERY_SWAP,BATTERY_SWAP,"['CHARGING', 'BATTERY_SWAP']",True,VALID_REQUEST,10.813,7.74,0.437,1.0,FELIZ_II,EV_MOTORBIKE,3.0,2.76,2.0,True,True,True,train
DE001768,T0069,V0009,2026-09-01T13:08:16.856266999+07:00,DRIVER_REQUEST,True,,ANY,"['CHARGING', 'BATTERY_SWAP']",True,VALID_REQUEST,10.813,7.74,0.437,1.0,FELIZ_II,EV_MOTORBIKE,3.0,2.76,2.0,True,True,True,train
DE001769,T0070,V0010,2026-09-01T13:01:00.885596250+07:00,AUTO_DETECTED,True,CHARGING,,['CHARGING'],,LOW_SOC,17.779,54.52,7.582,1.137,VF_9,EV_CAR,123.0,113.16,,False,True,False,train
DE001770,T0070,V0010,2026-09-01T13:01:00.885596250+07:00,DRIVER_REQUEST,True,CHARGING,CHARGING,['CHARGING'],True,VALID_REQUEST,17.779,54.52,7.582,1.137,VF_9,EV_CAR,123.0,113.16,,False,True,False,train
DE001771,T0070,V0010,2026-09-01T13:01:00.885596250+07:00,DRIVER_REQUEST,True,,BATTERY_SWAP,['CHARGING'],False,UNSUPPORTED_SERVICE,17.779,54.52,7.582,1.137,VF_9,EV_CAR,123.0,113.16,,False,True,False,train
DE001772,T0070,V0010,2026-09-01T13:02:52.543620461+07:00,AUTO_DETECTED,True,CHARGING,,['CHARGING'],,LOW_SOC,17.461,53.55,6.605,1.0,VF_9,EV_CAR,123.0,113.16,,False,True,False,train
DE001773,T0070,V0010,2026-09-01T13:02:52.543620461+07:00,DRIVER_REQUEST,True,CHARGING,CHARGING,['CHARGING'],True,VALID_REQUEST,17.461,53.55,6.605,1.0,VF_9,EV_CAR,123.0,113.16,,False,True,False,train
DE001774,T0070,V0010,2026-09-01T13:02:52.543620461+07:00,DRIVER_REQUEST,True,,BATTERY_SWAP,['CHARGING'],False,UNSUPPORTED_SERVICE,17.461,53.55,6.605,1.0,VF_9,EV_CAR,123.0,113.16,,False,True,False,train
DE001775,T0070,V0010,2026-09-01T13:05:16.353090+07:00,AUTO_DETECTED,True,CHARGING,,['CHARGING'],,LOW_SOC,17.135,52.55,5.606,1.0,VF_9,EV_CAR,123.0,113.16,,False,True,False,train
DE001776,T0070,V0010,2026-09-01T13:05:16.353090+07:00,DRIVER_REQUEST,True,CHARGING,CHARGING,['CHARGING'],True,VALID_REQUEST,17.135,52.55,5.606,1.0,VF_9,EV_CAR,123.0,113.16,,False,True,False,train
DE001777,T0070,V0010,2026-09-01T13:05:16.353090+07:00,DRIVER_REQUEST,True,,BATTERY_SWAP,['CHARGING'],False,UNSUPPORTED_SERVICE,17.135,52.55,5.606,1.0,VF_9,EV_CAR,123.0,113.16,,False,True,False,train
DE001778,T0070,V0010,2026-09-01T13:07:46.715538+07:00,AUTO_DETECTED,True,CHARGING,,['CHARGING'],,LOW_SOC,16.795,51.5,4.562,1.0,VF_9,EV_CAR,123.0,113.16,,False,True,False,train
DE001779,T0070,V0010,2026-09-01T13:07:46.715538+07:00,DRIVER_REQUEST,True,CHARGING,CHARGING,['CHARGING'],True,VALID_REQUEST,16.795,51.5,4.562,1.0,VF_9,EV_CAR,123.0,113.16,,False,True,False,train
DE001780,T0070,V0010,2026-09-01T13:07:46.715538+07:00,DRIVER_REQUEST,True,,BATTERY_SWAP,['CHARGING'],False,UNSUPPORTED_SERVICE,16.795,51.5,4.562,1.0,VF_9,EV_CAR,123.0,113.16,,False,True,False,train
DE001781,T0070,V0010,2026-09-01T13:10:11.696418+07:00,AUTO_DETECTED,True,CHARGING,,['CHARGING'],,LOW_SOC,16.466,50.5,3.555,1.0,VF_9,EV_CAR,123.0,113.16,,False,True,False,train
DE001782,T0070,V0010,2026-09-01T13:10:11.696418+07:00,DRIVER_REQUEST,True,CHARGING,CHARGING,['CHARGING'],True,VALID_REQUEST,16.466,50.5,3.555,1.0,VF_9,EV_CAR,123.0,113.16,,False,True,False,train
DE001783,T0070,V0010,2026-09-01T13:10:11.696418+07:00,DRIVER_REQUEST,True,,BATTERY_SWAP,['CHARGING'],False,UNSUPPORTED_SERVICE,16.466,50.5,3.555,1.0,VF_9,EV_CAR,123.0,113.16,,False,True,False,train
DE001784,T0070,V0010,2026-09-01T13:12:33.161961999+07:00,AUTO_DETECTED,True,CHARGING,,['CHARGING'],,LOW_SOC,16.146,49.51,2.573,1.0,VF_9,EV_CAR,123.0,113.16,,False,True,False,train
DE001785,T0070,V0010,2026-09-01T13:12:33.161961999+07:00,DRIVER_REQUEST,True,CHARGING,CHARGING,['CHARGING'],True,VALID_REQUEST,16.146,49.51,2.573,1.0,VF_9,EV_CAR,123.0,113.16,,False,True,False,train
DE001786,T0070,V0010,2026-09-01T13:12:33.161961999+07:00,DRIVER_REQUEST,True,,BATTERY_SWAP,['CHARGING'],False,UNSUPPORTED_SERVICE,16.146,49.51,2.573,1.0,VF_9,EV_CAR,123.0,113.16,,False,True,False,train
DE001787,T0070,V0010,2026-09-01T13:14:46.255853294+07:00,AUTO_DETECTED,True,CHARGING,,['CHARGING'],,LOW_SOC,15.832,48.55,1.611,1.0,VF_9,EV_CAR,123.0,113.16,,False,True,False,train
DE001788,T0070,V0010,2026-09-01T13:14:46.255853294+07:00,DRIVER_REQUEST,True,CHARGING,CHARGING,['CHARGING'],True,VALID_REQUEST,15.832,48.55,1.611,1.0,VF_9,EV_CAR,123.0,113.16,,False,True,False,train
DE001789,T0070,V0010,2026-09-01T13:14:46.255853294+07:00,DRIVER_REQUEST,True,,BATTERY_SWAP,['CHARGING'],False,UNSUPPORTED_SERVICE,15.832,48.55,1.611,1.0,VF_9,EV_CAR,123.0,113.16,,False,True,False,train
DE001790,T0070,V0010,2026-09-01T13:16:50.297773999+07:00,AUTO_DETECTED,True,CHARGING,,['CHARGING'],,LOW_SOC,15.514,47.58,0.634,1.0,VF_9,EV_CAR,123.0,113.16,,False,True,False,train
DE001791,T0070,V0010,2026-09-01T13:16:50.297773999+07:00,DRIVER_REQUEST,True,CHARGING,CHARGING,['CHARGING'],True,VALID_REQUEST,15.514,47.58,0.634,1.0,VF_9,EV_CAR,123.0,113.16,,False,True,False,train
DE001792,T0070,V0010,2026-09-01T13:16:50.297773999+07:00,DRIVER_REQUEST,True,,BATTERY_SWAP,['CHARGING'],False,UNSUPPORTED_SERVICE,15.514,47.58,0.634,1.0,VF_9,EV_CAR,123.0,113.16,,False,True,False,train
DE001793,T0071,V0011,2026-09-01T13:06:41.920055999+07:00,AUTO_DETECTED,True,CHARGING,,['CHARGING'],,LOW_SOC,17.905,54.91,3.292,1.0,VF_E34,EV_CAR,41.9,38.55,,False,True,False,test
DE001794,T0071,V0011,2026-09-01T13:06:41.920055999+07:00,DRIVER_REQUEST,True,CHARGING,CHARGING,['CHARGING'],True,VALID_REQUEST,17.905,54.91,3.292,1.0,VF_E34,EV_CAR,41.9,38.55,,False,True,False,test
DE001795,T0071,V0011,2026-09-01T13:06:41.920055999+07:00,DRIVER_REQUEST,True,,BATTERY_SWAP,['CHARGING'],False,UNSUPPORTED_SERVICE,17.905,54.91,3.292,1.0,VF_E34,EV_CAR,41.9,38.55,,False,True,False,test
DE001796,T0071,V0011,2026-09-01T13:07:19.179380999+07:00,AUTO_DETECTED,True,CHARGING,,['CHARGING'],,LOW_SOC,17.778,54.52,2.902,1.0,VF_E34,EV_CAR,41.9,38.55,,False,True,False,test
DE001797,T0071,V0011,2026-09-01T13:07:19.179380999+07:00,DRIVER_REQUEST,True,CHARGING,CHARGING,['CHARGING'],True,VALID_REQUEST,17.778,54.52,2.902,1.0,VF_E34,EV_CAR,41.9,38.55,,False,True,False,test
DE001798,T0071,V0011,2026-09-01T13:07:19.179380999+07:00,DRIVER_REQUEST,True,,BATTERY_SWAP,['CHARGING'],False,UNSUPPORTED_SERVICE,17.778,54.52,2.902,1.0,VF_E34,EV_CAR,41.9,38.55,,False,True,False,test
DE001799,T0071,V0011,2026-09-01T13:07:49.505832428+07:00,AUTO_DETECTED,True,CHARGING,,['CHARGING'],,LOW_SOC,17.645,54.11,2.493,1.0,VF_E34,EV_CAR,41.9,38.55,,False,True,False,test
DE001800,T0071,V0011,2026-09-01T13:07:49.505832428+07:00,DRIVER_REQUEST,True,CHARGING,CHARGING,['CHARGING'],True,VALID_REQUEST,17.645,54.11,2.493,1.0,VF_E34,EV_CAR,41.9,38.55,,False,True,False,test
DE001801,T0071,V0011,2026-09-01T13:07:49.505832428+07:00,DRIVER_REQUEST,True,,BATTERY_SWAP,['CHARGING'],False,UNSUPPORTED_SERVICE,17.645,54.11,2.493,1.0,VF_E34,EV_CAR,41.9,38.55,,False,True,False,test
DE001802,T0071,V0011,2026-09-01T13:08:20.770824428+07:00,AUTO_DETECTED,True,CHARGING,,['CHARGING'],,LOW_SOC,17.503,53.68,2.058,1.0,VF_E34,EV_CAR,41.9,38.55,,False,True,False,test
DE001803,T0071,V0011,2026-09-01T13:08:20.770824428+07:00,DRIVER_REQUEST,True,CHARGING,CHARGING,['CHARGING'],True,VALID_REQUEST,17.503,53.68,2.058,1.0,VF_E34,EV_CAR,41.9,38.55,,False,True,False,test
DE001804,T0071,V0011,2026-09-01T13:08:20.770824428+07:00,DRIVER_REQUEST,True,,BATTERY_SWAP,['CHARGING'],False,UNSUPPORTED_SERVICE,17.503,53.68,2.058,1.0,VF_E34,EV_CAR,41.9,38.55,,False,True,False,test
DE001805,T0071,V0011,2026-09-01T13:09:15.211728428+07:00,AUTO_DETECTED,True,CHARGING,,['CHARGING'],,LOW_SOC,17.355,53.22,1.606,1.0,VF_E34,EV_CAR,41.9,38.55,,False,True,False,test
DE001806,T0071,V0011,2026-09-01T13:09:15.211728428+07:00,DRIVER_REQUEST,True,CHARGING,CHARGING,['CHARGING'],True,VALID_REQUEST,17.355,53.22,1.606,1.0,VF_E34,EV_CAR,41.9,38.55,,False,True,False,test
DE001807,T0071,V0011,2026-09-01T13:09:15.211728428+07:00,DRIVER_REQUEST,True,,BATTERY_SWAP,['CHARGING'],False,UNSUPPORTED_SERVICE,17.355,53.22,1.606,1.0,VF_E34,EV_CAR,41.9,38.55,,False,True,False,test
DE001808,T0071,V0011,2026-09-01T13:10:13.194559071+07:00,AUTO_DETECTED,True,CHARGING,,['CHARGING'],,LOW_SOC,17.216,52.8,1.179,1.0,VF_E34,EV_CAR,41.9,38.55,,False,True,False,test
DE001809,T0071,V0011,2026-09-01T13:10:13.194559071+07:00,DRIVER_REQUEST,True,CHARGING,CHARGING,['CHARGING'],True,VALID_REQUEST,17.216,52.8,1.179,1.0,VF_E34,EV_CAR,41.9,38.55,,False,True,False,test
DE001810,T0071,V0011,2026-09-01T13:10:13.194559071+07:00,DRIVER_REQUEST,True,,BATTERY_SWAP,['CHARGING'],False,UNSUPPORTED_SERVICE,17.216,52.8,1.179,1.0,VF_E34,EV_CAR,41.9,38.55,,False,True,False,test
DE001811,T0071,V0011,2026-09-01T13:11:27.211991071+07:00,AUTO_DETECTED,True,CHARGING,,['CHARGING'],,LOW_SOC,17.068,52.34,0.725,1.0,VF_E34,EV_CAR,41.9,38.55,,False,True,False,test
DE001812,T0071,V0011,2026-09-01T13:11:27.211991071+07:00,DRIVER_REQUEST,True,CHARGING,CHARGING,['CHARGING'],True,VALID_REQUEST,17.068,52.34,0.725,1.0,VF_E34,EV_CAR,41.9,38.55,,False,True,False,test
DE001813,T0071,V0011,2026-09-01T13:11:27.211991071+07:00,DRIVER_REQUEST,True,,BATTERY_SWAP,['CHARGING'],False,UNSUPPORTED_SERVICE,17.068,52.34,0.725,1.0,VF_E34,EV_CAR,41.9,38.55,,False,True,False,test
DE001814,T0071,V0011,2026-09-01T13:12:41.673567071+07:00,AUTO_DETECTED,True,CHARGING,,['CHARGING'],,LOW_SOC,16.926,51.9,0.288,1.0,VF_E34,EV_CAR,41.9,38.55,,False,True,False,test
DE001815,T0071,V0011,2026-09-01T13:12:41.673567071+07:00,DRIVER_REQUEST,True,CHARGING,CHARGING,['CHARGING'],True,VALID_REQUEST,16.926,51.9,0.288,1.0,VF_E34,EV_CAR,41.9,38.55,,False,True,False,test
DE001816,T0071,V0011,2026-09-01T13:12:41.673567071+07:00,DRIVER_REQUEST,True,,BATTERY_SWAP,['CHARGING'],False,UNSUPPORTED_SERVICE,16.926,51.9,0.288,1.0,VF_E34,EV_CAR,41.9,38.55,,False,True,False,test
DE001817,T0072,V0012,2026-09-01T13:13:57.068854+07:00,AUTO_DETECTED,True,,,"['CHARGING', 'BATTERY_SWAP']",,LOW_SOC,17.146,12.27,5.827,1.0,VIPER,EV_MOTORBIKE,1.5,1.38,1.0,True,True,True,train
DE001818,T0072,V0012,2026-09-01T13:13:57.068854+07:00,DRIVER_REQUEST,True,CHARGING,CHARGING,"['CHARGING', 'BATTERY_SWAP']",True,VALID_REQUEST,17.146,12.27,5.827,1.0,VIPER,EV_MOTORBIKE,1.5,1.38,1.0,True,True,True,train
DE001819,T0072,V0012,2026-09-01T13:13:57.068854+07:00,DRIVER_REQUEST,True,BATTERY_SWAP,BATTERY_SWAP,"['CHARGING', 'BATTERY_SWAP']",True,VALID_REQUEST,17.146,12.27,5.827,1.0,VIPER,EV_MOTORBIKE,1.5,1.38,1.0,True,True,True,train
DE001820,T0072,V0012,2026-09-01T13:13:57.068854+07:00,DRIVER_REQUEST,True,,ANY,"['CHARGING', 'BATTERY_SWAP']",True,VALID_REQUEST,17.146,12.27,5.827,1.0,VIPER,EV_MOTORBIKE,1.5,1.38,1.0,True,True,True,train
DE001821,T0072,V0012,2026-09-01T13:16:41.477789714+07:00,AUTO_DETECTED,True,,,"['CHARGING', 'BATTERY_SWAP']",,LOW_SOC,15.978,11.43,4.992,1.0,VIPER,EV_MOTORBIKE,1.5,1.38,1.0,True,True,True,train
DE001822,T0072,V0012,2026-09-01T13:16:41.477789714+07:00,DRIVER_REQUEST,True,CHARGING,CHARGING,"['CHARGING', 'BATTERY_SWAP']",True,VALID_REQUEST,15.978,11.43,4.992,1.0,VIPER,EV_MOTORBIKE,1.5,1.38,1.0,True,True,True,train
DE001823,T0072,V0012,2026-09-01T13:16:41.477789714+07:00,DRIVER_REQUEST,True,BATTERY_SWAP,BATTERY_SWAP,"['CHARGING', 'BATTERY_SWAP']",True,VALID_REQUEST,15.978,11.43,4.992,1.0,VIPER,EV_MOTORBIKE,1.5,1.38,1.0,True,True,True,train
DE001824,T0072,V0012,2026-09-01T13:16:41.477789714+07:00,DRIVER_REQUEST,True,,ANY,"['CHARGING', 'BATTERY_SWAP']",True,VALID_REQUEST,15.978,11.43,4.992,1.0,VIPER,EV_MOTORBIKE,1.5,1.38,1.0,True,True,True,train
DE001825,T0072,V0012,2026-09-01T13:18:44.143958+07:00,AUTO_DETECTED,True,,,"['CHARGING', 'BATTERY_SWAP']",,LOW_SOC,14.639,10.48,4.033,1.0,VIPER,EV_MOTORBIKE,1.5,1.38,1.0,True,True,True,train
DE001826,T0072,V0012,2026-09-01T13:18:44.143958+07:00,DRIVER_REQUEST,True,CHARGING,CHARGING,"['CHARGING', 'BATTERY_SWAP']",True,VALID_REQUEST,14.639,10.48,4.033,1.0,VIPER,EV_MOTORBIKE,1.5,1.38,1.0,True,True,True,train
DE001827,T0072,V0012,2026-09-01T13:18:44.143958+07:00,DRIVER_REQUEST,True,BATTERY_SWAP,BATTERY_SWAP,"['CHARGING', 'BATTERY_SWAP']",True,VALID_REQUEST,14.639,10.48,4.033,1.0,VIPER,EV_MOTORBIKE,1.5,1.38,1.0,True,True,True,train
DE001828,T0072,V0012,2026-09-01T13:18:44.143958+07:00,DRIVER_REQUEST,True,,ANY,"['CHARGING', 'BATTERY_SWAP']",True,VALID_REQUEST,14.639,10.48,4.033,1.0,VIPER,EV_MOTORBIKE,1.5,1.38,1.0,True,True,True,train
DE001829,T0072,V0012,2026-09-01T13:20:49.738009499+07:00,AUTO_DETECTED,True,,,"['CHARGING', 'BATTERY_SWAP']",,LOW_SOC,13.337,9.54,3.102,1.0,VIPER,EV_MOTORBIKE,1.5,1.38,1.0,True,True,True,train
DE001830,T0072,V0012,2026-09-01T13:20:49.738009499+07:00,DRIVER_REQUEST,True,CHARGING,CHARGING,"['CHARGING', 'BATTERY_SWAP']",True,VALID_REQUEST,13.337,9.54,3.102,1.0,VIPER,EV_MOTORBIKE,1.5,1.38,1.0,True,True,True,train
DE001831,T0072,V0012,2026-09-01T13:20:49.738009499+07:00,DRIVER_REQUEST,True,BATTERY_SWAP,BATTERY_SWAP,"['CHARGING', 'BATTERY_SWAP']",True,VALID_REQUEST,13.337,9.54,3.102,1.0,VIPER,EV_MOTORBIKE,1.5,1.38,1.0,True,True,True,train
DE001832,T0072,V0012,2026-09-01T13:20:49.738009499+07:00,DRIVER_REQUEST,True,,ANY,"['CHARGING', 'BATTERY_SWAP']",True,VALID_REQUEST,13.337,9.54,3.102,1.0,VIPER,EV_MOTORBIKE,1.5,1.38,1.0,True,True,True,train
DE001833,T0072,V0012,2026-09-01T13:22:07.150085499+07:00,AUTO_DETECTED,True,,,"['CHARGING', 'BATTERY_SWAP']",,LOW_SOC,12.63,9.04,2.596,1.0,VIPER,EV_MOTORBIKE,1.5,1.38,1.0,True,True,True,train
DE001834,T0072,V0012,2026-09-01T13:22:07.150085499+07:00,DRIVER_REQUEST,True,CHARGING,CHARGING,"['CHARGING', 'BATTERY_SWAP']",True,VALID_REQUEST,12.63,9.04,2.596,1.0,VIPER,EV_MOTORBIKE,1.5,1.38,1.0,True,True,True,train
DE001835,T0072,V0012,2026-09-01T13:22:07.150085499+07:00,DRIVER_REQUEST,True,BATTERY_SWAP,BATTERY_SWAP,"['CHARGING', 'BATTERY_SWAP']",True,VALID_REQUEST,12.63,9.04,2.596,1.0,VIPER,EV_MOTORBIKE,1.5,1.38,1.0,True,True,True,train
DE001836,T0072,V0012,2026-09-01T13:22:07.150085499+07:00,DRIVER_REQUEST,True,,ANY,"['CHARGING', 'BATTERY_SWAP']",True,VALID_REQUEST,12.63,9.04,2.596,1.0,VIPER,EV_MOTORBIKE,1.5,1.38,1.0,True,True,True,train
DE001837,T0072,V0012,2026-09-01T13:23:42.215271499+07:00,AUTO_DETECTED,True,,,"['CHARGING', 'BATTERY_SWAP']",,LOW_SOC,11.827,8.46,2.021,1.0,VIPER,EV_MOTORBIKE,1.5,1.38,1.0,True,True,True,train
DE001838,T0072,V0012,2026-09-01T13:23:42.215271499+07:00,DRIVER_REQUEST,True,CHARGING,CHARGING,"['CHARGING', 'BATTERY_SWAP']",True,VALID_REQUEST,11.827,8.46,2.021,1.0,VIPER,EV_MOTORBIKE,1.5,1.38,1.0,True,True,True,train
DE001839,T0072,V0012,2026-09-01T13:23:42.215271499+07:00,DRIVER_REQUEST,True,BATTERY_SWAP,BATTERY_SWAP,"['CHARGING', 'BATTERY_SWAP']",True,VALID_REQUEST,11.827,8.46,2.021,1.0,VIPER,EV_MOTORBIKE,1.5,1.38,1.0,True,True,True,train
DE001840,T0072,V0012,2026-09-01T13:23:42.215271499+07:00,DRIVER_REQUEST,True,,ANY,"['CHARGING', 'BATTERY_SWAP']",True,VALID_REQUEST,11.827,8.46,2.021,1.0,VIPER,EV_MOTORBIKE,1.5,1.38,1.0,True,True,True,train
DE001841,T0072,V0012,2026-09-01T13:25:36.851067499+07:00,AUTO_DETECTED,True,,,"['CHARGING', 'BATTERY_SWAP']",,LOW_SOC,10.909,7.81,1.364,1.0,VIPER,EV_MOTORBIKE,1.5,1.38,1.0,True,True,True,train
DE001842,T0072,V0012,2026-09-01T13:25:36.851067499+07:00,DRIVER_REQUEST,True,CHARGING,CHARGING,"['CHARGING', 'BATTERY_SWAP']",True,VALID_REQUEST,10.909,7.81,1.364,1.0,VIPER,EV_MOTORBIKE,1.5,1.38,1.0,True,True,True,train
DE001843,T0072,V0012,2026-09-01T13:25:36.851067499+07:00,DRIVER_REQUEST,True,BATTERY_SWAP,BATTERY_SWAP,"['CHARGING', 'BATTERY_SWAP']",True,VALID_REQUEST,10.909,7.81,1.364,1.0,VIPER,EV_MOTORBIKE,1.5,1.38,1.0,True,True,True,train
DE001844,T0072,V0012,2026-09-01T13:25:36.851067499+07:00,DRIVER_REQUEST,True,,ANY,"['CHARGING', 'BATTERY_SWAP']",True,VALID_REQUEST,10.909,7.81,1.364,1.0,VIPER,EV_MOTORBIKE,1.5,1.38,1.0,True,True,True,train
DE001845,T0072,V0012,2026-09-01T13:27:19.686276499+07:00,AUTO_DETECTED,True,,,"['CHARGING', 'BATTERY_SWAP']",,LOW_SOC,9.839,7.04,0.598,1.0,VIPER,EV_MOTORBIKE,1.5,1.38,1.0,True,True,True,train
DE001846,T0072,V0012,2026-09-01T13:27:19.686276499+07:00,DRIVER_REQUEST,True,CHARGING,CHARGING,"['CHARGING', 'BATTERY_SWAP']",True,VALID_REQUEST,9.839,7.04,0.598,1.0,VIPER,EV_MOTORBIKE,1.5,1.38,1.0,True,True,True,train
DE001847,T0072,V0012,2026-09-01T13:27:19.686276499+07:00,DRIVER_REQUEST,True,BATTERY_SWAP,BATTERY_SWAP,"['CHARGING', 'BATTERY_SWAP']",True,VALID_REQUEST,9.839,7.04,0.598,1.0,VIPER,EV_MOTORBIKE,1.5,1.38,1.0,True,True,True,train
DE001848,T0072,V0012,2026-09-01T13:27:19.686276499+07:00,DRIVER_REQUEST,True,,ANY,"['CHARGING', 'BATTERY_SWAP']",True,VALID_REQUEST,9.839,7.04,0.598,1.0,VIPER,EV_MOTORBIKE,1.5,1.38,1.0,True,True,True,train
DE001849,T0073,V0013,2026-09-01T13:19:41.509560+07:00,AUTO_DETECTED,True,CHARGING,,['CHARGING'],,LOW_SOC,17.781,54.53,8.332,1.25,NERIO_GREEN,EV_CAR,41.9,38.55,,False,True,False,train
DE001850,T0073,V0013,2026-09-01T13:19:41.509560+07:00,DRIVER_REQUEST,True,CHARGING,CHARGING,['CHARGING'],True,VALID_REQUEST,17.781,54.53,8.332,1.25,NERIO_GREEN,EV_CAR,41.9,38.55,,False,True,False,train
DE001851,T0073,V0013,2026-09-01T13:19:41.509560+07:00,DRIVER_REQUEST,True,,BATTERY_SWAP,['CHARGING'],False,UNSUPPORTED_SERVICE,17.781,54.53,8.332,1.25,NERIO_GREEN,EV_CAR,41.9,38.55,,False,True,False,train
DE001852,T0073,V0013,2026-09-01T13:21:59.352339214+07:00,AUTO_DETECTED,True,CHARGING,,['CHARGING'],,LOW_SOC,17.426,53.44,7.243,1.087,NERIO_GREEN,EV_CAR,41.9,38.55,,False,True,False,train
DE001853,T0073,V0013,2026-09-01T13:21:59.352339214+07:00,DRIVER_REQUEST,True,CHARGING,CHARGING,['CHARGING'],True,VALID_REQUEST,17.426,53.44,7.243,1.087,NERIO_GREEN,EV_CAR,41.9,38.55,,False,True,False,train
DE001854,T0073,V0013,2026-09-01T13:21:59.352339214+07:00,DRIVER_REQUEST,True,,BATTERY_SWAP,['CHARGING'],False,UNSUPPORTED_SERVICE,17.426,53.44,7.243,1.087,NERIO_GREEN,EV_CAR,41.9,38.55,,False,True,False,train
DE001855,T0073,V0013,2026-09-01T13:24:09.247125599+07:00,AUTO_DETECTED,True,CHARGING,,['CHARGING'],,LOW_SOC,17.077,52.37,6.172,1.0,NERIO_GREEN,EV_CAR,41.9,38.55,,False,True,False,train
DE001856,T0073,V0013,2026-09-01T13:24:09.247125599+07:00,DRIVER_REQUEST,True,CHARGING,CHARGING,['CHARGING'],True,VALID_REQUEST,17.077,52.37,6.172,1.0,NERIO_GREEN,EV_CAR,41.9,38.55,,False,True,False,train
DE001857,T0073,V0013,2026-09-01T13:24:09.247125599+07:00,DRIVER_REQUEST,True,,BATTERY_SWAP,['CHARGING'],False,UNSUPPORTED_SERVICE,17.077,52.37,6.172,1.0,NERIO_GREEN,EV_CAR,41.9,38.55,,False,True,False,train
DE001858,T0073,V0013,2026-09-01T13:26:20.598274499+07:00,AUTO_DETECTED,True,CHARGING,,['CHARGING'],,LOW_SOC,16.72,51.27,5.079,1.0,NERIO_GREEN,EV_CAR,41.9,38.55,,False,True,False,train
DE001859,T0073,V0013,2026-09-01T13:26:20.598274499+07:00,DRIVER_REQUEST,True,CHARGING,CHARGING,['CHARGING'],True,VALID_REQUEST,16.72,51.27,5.079,1.0,NERIO_GREEN,EV_CAR,41.9,38.55,,False,True,False,train
DE001860,T0073,V0013,2026-09-01T13:26:20.598274499+07:00,DRIVER_REQUEST,True,,BATTERY_SWAP,['CHARGING'],False,UNSUPPORTED_SERVICE,16.72,51.27,5.079,1.0,NERIO_GREEN,EV_CAR,41.9,38.55,,False,True,False,train
DE001861,T0073,V0013,2026-09-01T13:28:40.343758499+07:00,AUTO_DETECTED,True,CHARGING,,['CHARGING'],,LOW_SOC,16.393,50.27,4.075,1.0,NERIO_GREEN,EV_CAR,41.9,38.55,,False,True,False,train
DE001862,T0073,V0013,2026-09-01T13:28:40.343758499+07:00,DRIVER_REQUEST,True,CHARGING,CHARGING,['CHARGING'],True,VALID_REQUEST,16.393,50.27,4.075,1.0,NERIO_GREEN,EV_CAR,41.9,38.55,,False,True,False,train
DE001863,T0073,V0013,2026-09-01T13:28:40.343758499+07:00,DRIVER_REQUEST,True,,BATTERY_SWAP,['CHARGING'],False,UNSUPPORTED_SERVICE,16.393,50.27,4.075,1.0,NERIO_GREEN,EV_CAR,41.9,38.55,,False,True,False,train
DE001864,T0073,V0013,2026-09-01T13:31:21.225598499+07:00,AUTO_DETECTED,True,CHARGING,,['CHARGING'],,LOW_SOC,16.028,49.15,2.958,1.0,NERIO_GREEN,EV_CAR,41.9,38.55,,False,True,False,train
DE001865,T0073,V0013,2026-09-01T13:31:21.225598499+07:00,DRIVER_REQUEST,True,CHARGING,CHARGING,['CHARGING'],True,VALID_REQUEST,16.028,49.15,2.958,1.0,NERIO_GREEN,EV_CAR,41.9,38.55,,False,True,False,train
DE001866,T0073,V0013,2026-09-01T13:31:21.225598499+07:00,DRIVER_REQUEST,True,,BATTERY_SWAP,['CHARGING'],False,UNSUPPORTED_SERVICE,16.028,49.15,2.958,1.0,NERIO_GREEN,EV_CAR,41.9,38.55,,False,True,False,train
DE001867,T0073,V0013,2026-09-01T13:34:06.836734499+07:00,AUTO_DETECTED,True,CHARGING,,['CHARGING'],,LOW_SOC,15.653,48.0,1.808,1.0,NERIO_GREEN,EV_CAR,41.9,38.55,,False,True,False,train
DE001868,T0073,V0013,2026-09-01T13:34:06.836734499+07:00,DRIVER_REQUEST,True,CHARGING,CHARGING,['CHARGING'],True,VALID_REQUEST,15.653,48.0,1.808,1.0,NERIO_GREEN,EV_CAR,41.9,38.55,,False,True,False,train
DE001869,T0073,V0013,2026-09-01T13:34:06.836734499+07:00,DRIVER_REQUEST,True,,BATTERY_SWAP,['CHARGING'],False,UNSUPPORTED_SERVICE,15.653,48.0,1.808,1.0,NERIO_GREEN,EV_CAR,41.9,38.55,,False,True,False,train
DE001870,T0073,V0013,2026-09-01T13:36:45.240430499+07:00,AUTO_DETECTED,True,CHARGING,,['CHARGING'],,LOW_SOC,15.295,46.9,0.708,1.0,NERIO_GREEN,EV_CAR,41.9,38.55,,False,True,False,train
DE001871,T0073,V0013,2026-09-01T13:36:45.240430499+07:00,DRIVER_REQUEST,True,CHARGING,CHARGING,['CHARGING'],True,VALID_REQUEST,15.295,46.9,0.708,1.0,NERIO_GREEN,EV_CAR,41.9,38.55,,False,True,False,train
DE001872,T0073,V0013,2026-09-01T13:36:45.240430499+07:00,DRIVER_REQUEST,True,,BATTERY_SWAP,['CHARGING'],False,UNSUPPORTED_SERVICE,15.295,46.9,0.708,1.0,NERIO_GREEN,EV_CAR,41.9,38.55,,False,True,False,train
DE001873,T0074,V0014,2026-09-01T13:25:41.073480+07:00,AUTO_DETECTED,True,CHARGING,,['CHARGING'],,LOW_SOC,17.803,54.6,6.32,1.0,VF_3,EV_CAR,18.64,17.15,,False,True,False,train
DE001874,T0074,V0014,2026-09-01T13:25:41.073480+07:00,DRIVER_REQUEST,True,CHARGING,CHARGING,['CHARGING'],True,VALID_REQUEST,17.803,54.6,6.32,1.0,VF_3,EV_CAR,18.64,17.15,,False,True,False,train
DE001875,T0074,V0014,2026-09-01T13:25:41.073480+07:00,DRIVER_REQUEST,True,,BATTERY_SWAP,['CHARGING'],False,UNSUPPORTED_SERVICE,17.803,54.6,6.32,1.0,VF_3,EV_CAR,18.64,17.15,,False,True,False,train
DE001876,T0074,V0014,2026-09-01T13:28:24.664624+07:00,AUTO_DETECTED,True,CHARGING,,['CHARGING'],,LOW_SOC,17.489,53.63,5.461,1.0,VF_3,EV_CAR,18.64,17.15,,False,True,False,train
DE001877,T0074,V0014,2026-09-01T13:28:24.664624+07:00,DRIVER_REQUEST,True,CHARGING,CHARGING,['CHARGING'],True,VALID_REQUEST,17.489,53.63,5.461,1.0,VF_3,EV_CAR,18.64,17.15,,False,True,False,train
DE001878,T0074,V0014,2026-09-01T13:28:24.664624+07:00,DRIVER_REQUEST,True,,BATTERY_SWAP,['CHARGING'],False,UNSUPPORTED_SERVICE,17.489,53.63,5.461,1.0,VF_3,EV_CAR,18.64,17.15,,False,True,False,train
DE001879,T0074,V0014,2026-09-01T13:30:47.557750500+07:00,AUTO_DETECTED,True,CHARGING,,['CHARGING'],,LOW_SOC,17.171,52.66,4.588,1.0,VF_3,EV_CAR,18.64,17.15,,False,True,False,train
DE001880,T0074,V0014,2026-09-01T13:30:47.557750500+07:00,DRIVER_REQUEST,True,CHARGING,CHARGING,['CHARGING'],True,VALID_REQUEST,17.171,52.66,4.588,1.0,VF_3,EV_CAR,18.64,17.15,,False,True,False,train
DE001881,T0074,V0014,2026-09-01T13:30:47.557750500+07:00,DRIVER_REQUEST,True,,BATTERY_SWAP,['CHARGING'],False,UNSUPPORTED_SERVICE,17.171,52.66,4.588,1.0,VF_3,EV_CAR,18.64,17.15,,False,True,False,train
DE001882,T0074,V0014,2026-09-01T13:32:04.298104500+07:00,AUTO_DETECTED,True,CHARGING,,['CHARGING'],,LOW_SOC,16.862,51.71,3.743,1.0,VF_3,EV_CAR,18.64,17.15,,False,True,False,train
DE001883,T0074,V0014,2026-09-01T13:32:04.298104500+07:00,DRIVER_REQUEST,True,CHARGING,CHARGING,['CHARGING'],True,VALID_REQUEST,16.862,51.71,3.743,1.0,VF_3,EV_CAR,18.64,17.15,,False,True,False,train
DE001884,T0074,V0014,2026-09-01T13:32:04.298104500+07:00,DRIVER_REQUEST,True,,BATTERY_SWAP,['CHARGING'],False,UNSUPPORTED_SERVICE,16.862,51.71,3.743,1.0,VF_3,EV_CAR,18.64,17.15,,False,True,False,train
DE001885,T0074,V0014,2026-09-01T13:33:21.945722500+07:00,AUTO_DETECTED,True,CHARGING,,['CHARGING'],,LOW_SOC,16.565,50.8,2.931,1.0,VF_3,EV_CAR,18.64,17.15,,False,True,False,train
DE001886,T0074,V0014,2026-09-01T13:33:21.945722500+07:00,DRIVER_REQUEST,True,CHARGING,CHARGING,['CHARGING'],True,VALID_REQUEST,16.565,50.8,2.931,1.0,VF_3,EV_CAR,18.64,17.15,,False,True,False,train
DE001887,T0074,V0014,2026-09-01T13:33:21.945722500+07:00,DRIVER_REQUEST,True,,BATTERY_SWAP,['CHARGING'],False,UNSUPPORTED_SERVICE,16.565,50.8,2.931,1.0,VF_3,EV_CAR,18.64,17.15,,False,True,False,train
DE001888,T0074,V0014,2026-09-01T13:35:46.318742499+07:00,AUTO_DETECTED,True,CHARGING,,['CHARGING'],,LOW_SOC,16.243,49.81,2.048,1.0,VF_3,EV_CAR,18.64,17.15,,False,True,False,train
DE001889,T0074,V0014,2026-09-01T13:35:46.318742499+07:00,DRIVER_REQUEST,True,CHARGING,CHARGING,['CHARGING'],True,VALID_REQUEST,16.243,49.81,2.048,1.0,VF_3,EV_CAR,18.64,17.15,,False,True,False,train
DE001890,T0074,V0014,2026-09-01T13:35:46.318742499+07:00,DRIVER_REQUEST,True,,BATTERY_SWAP,['CHARGING'],False,UNSUPPORTED_SERVICE,16.243,49.81,2.048,1.0,VF_3,EV_CAR,18.64,17.15,,False,True,False,train
DE001891,T0074,V0014,2026-09-01T13:37:10.215801928+07:00,AUTO_DETECTED,True,CHARGING,,['CHARGING'],,LOW_SOC,15.942,48.89,1.225,1.0,VF_3,EV_CAR,18.64,17.15,,False,True,False,train
DE001892,T0074,V0014,2026-09-01T13:37:10.215801928+07:00,DRIVER_REQUEST,True,CHARGING,CHARGING,['CHARGING'],True,VALID_REQUEST,15.942,48.89,1.225,1.0,VF_3,EV_CAR,18.64,17.15,,False,True,False,train
DE001893,T0074,V0014,2026-09-01T13:37:10.215801928+07:00,DRIVER_REQUEST,True,,BATTERY_SWAP,['CHARGING'],False,UNSUPPORTED_SERVICE,15.942,48.89,1.225,1.0,VF_3,EV_CAR,18.64,17.15,,False,True,False,train
DE001894,T0074,V0014,2026-09-01T13:38:59.021353071+07:00,AUTO_DETECTED,True,CHARGING,,['CHARGING'],,LOW_SOC,15.697,48.14,0.554,1.0,VF_3,EV_CAR,18.64,17.15,,False,True,False,train
DE001895,T0074,V0014,2026-09-01T13:38:59.021353071+07:00,DRIVER_REQUEST,True,CHARGING,CHARGING,['CHARGING'],True,VALID_REQUEST,15.697,48.14,0.554,1.0,VF_3,EV_CAR,18.64,17.15,,False,True,False,train
DE001896,T0074,V0014,2026-09-01T13:38:59.021353071+07:00,DRIVER_REQUEST,True,,BATTERY_SWAP,['CHARGING'],False,UNSUPPORTED_SERVICE,15.697,48.14,0.554,1.0,VF_3,EV_CAR,18.64,17.15,,False,True,False,train
DE001897,T0075,V0015,2026-09-01T13:31:08.371183999+07:00,AUTO_DETECTED,True,,,"['CHARGING', 'BATTERY_SWAP']",,LOW_SOC_AND_INSUFFICIENT_RANGE,6.432,4.6,5.867,1.0,EVO,EV_MOTORBIKE,3.0,2.76,2.0,True,True,True,test
DE001898,T0075,V0015,2026-09-01T13:31:08.371183999+07:00,DRIVER_REQUEST,True,CHARGING,CHARGING,"['CHARGING', 'BATTERY_SWAP']",True,VALID_REQUEST,6.432,4.6,5.867,1.0,EVO,EV_MOTORBIKE,3.0,2.76,2.0,True,True,True,test
DE001899,T0075,V0015,2026-09-01T13:31:08.371183999+07:00,DRIVER_REQUEST,True,BATTERY_SWAP,BATTERY_SWAP,"['CHARGING', 'BATTERY_SWAP']",True,VALID_REQUEST,6.432,4.6,5.867,1.0,EVO,EV_MOTORBIKE,3.0,2.76,2.0,True,True,True,test
DE001900,T0075,V0015,2026-09-01T13:31:08.371183999+07:00,DRIVER_REQUEST,True,,ANY,"['CHARGING', 'BATTERY_SWAP']",True,VALID_REQUEST,6.432,4.6,5.867,1.0,EVO,EV_MOTORBIKE,3.0,2.76,2.0,True,True,True,test
DE001901,T0075,V0015,2026-09-01T13:32:52.239679999+07:00,AUTO_DETECTED,True,,,"['CHARGING', 'BATTERY_SWAP']",,LOW_SOC_AND_INSUFFICIENT_RANGE,5.424,3.88,5.146,1.0,EVO,EV_MOTORBIKE,3.0,2.76,2.0,True,True,True,test
DE001902,T0075,V0015,2026-09-01T13:32:52.239679999+07:00,DRIVER_REQUEST,True,CHARGING,CHARGING,"['CHARGING', 'BATTERY_SWAP']",True,VALID_REQUEST,5.424,3.88,5.146,1.0,EVO,EV_MOTORBIKE,3.0,2.76,2.0,True,True,True,test
DE001903,T0075,V0015,2026-09-01T13:32:52.239679999+07:00,DRIVER_REQUEST,True,BATTERY_SWAP,BATTERY_SWAP,"['CHARGING', 'BATTERY_SWAP']",True,VALID_REQUEST,5.424,3.88,5.146,1.0,EVO,EV_MOTORBIKE,3.0,2.76,2.0,True,True,True,test
DE001904,T0075,V0015,2026-09-01T13:32:52.239679999+07:00,DRIVER_REQUEST,True,,ANY,"['CHARGING', 'BATTERY_SWAP']",True,VALID_REQUEST,5.424,3.88,5.146,1.0,EVO,EV_MOTORBIKE,3.0,2.76,2.0,True,True,True,test
DE001905,T0075,V0015,2026-09-01T13:34:26.509095499+07:00,AUTO_DETECTED,True,,,"['CHARGING', 'BATTERY_SWAP']",,LOW_SOC_AND_INSUFFICIENT_RANGE,4.456,3.19,4.453,1.0,EVO,EV_MOTORBIKE,3.0,2.76,2.0,True,True,True,test
DE001906,T0075,V0015,2026-09-01T13:34:26.509095499+07:00,DRIVER_REQUEST,True,CHARGING,CHARGING,"['CHARGING', 'BATTERY_SWAP']",True,VALID_REQUEST,4.456,3.19,4.453,1.0,EVO,EV_MOTORBIKE,3.0,2.76,2.0,True,True,True,test
DE001907,T0075,V0015,2026-09-01T13:34:26.509095499+07:00,DRIVER_REQUEST,True,BATTERY_SWAP,BATTERY_SWAP,"['CHARGING', 'BATTERY_SWAP']",True,VALID_REQUEST,4.456,3.19,4.453,1.0,EVO,EV_MOTORBIKE,3.0,2.76,2.0,True,True,True,test
DE001908,T0075,V0015,2026-09-01T13:34:26.509095499+07:00,DRIVER_REQUEST,True,,ANY,"['CHARGING', 'BATTERY_SWAP']",True,VALID_REQUEST,4.456,3.19,4.453,1.0,EVO,EV_MOTORBIKE,3.0,2.76,2.0,True,True,True,test
DE001909,T0075,V0015,2026-09-01T13:36:23.044598500+07:00,AUTO_DETECTED,True,,,"['CHARGING', 'BATTERY_SWAP']",,LOW_SOC_AND_INSUFFICIENT_RANGE,3.361,2.4,3.67,1.0,EVO,EV_MOTORBIKE,3.0,2.76,2.0,True,True,True,test
DE001910,T0075,V0015,2026-09-01T13:36:23.044598500+07:00,DRIVER_REQUEST,True,CHARGING,CHARGING,"['CHARGING', 'BATTERY_SWAP']",True,VALID_REQUEST,3.361,2.4,3.67,1.0,EVO,EV_MOTORBIKE,3.0,2.76,2.0,True,True,True,test
DE001911,T0075,V0015,2026-09-01T13:36:23.044598500+07:00,DRIVER_REQUEST,True,BATTERY_SWAP,BATTERY_SWAP,"['CHARGING', 'BATTERY_SWAP']",True,VALID_REQUEST,3.361,2.4,3.67,1.0,EVO,EV_MOTORBIKE,3.0,2.76,2.0,True,True,True,test
DE001912,T0075,V0015,2026-09-01T13:36:23.044598500+07:00,DRIVER_REQUEST,True,,ANY,"['CHARGING', 'BATTERY_SWAP']",True,VALID_REQUEST,3.361,2.4,3.67,1.0,EVO,EV_MOTORBIKE,3.0,2.76,2.0,True,True,True,test
DE001913,T0075,V0015,2026-09-01T13:38:11.758694500+07:00,AUTO_DETECTED,True,,,"['CHARGING', 'BATTERY_SWAP']",,LOW_SOC_AND_INSUFFICIENT_RANGE,2.306,1.65,2.915,1.0,EVO,EV_MOTORBIKE,3.0,2.76,2.0,True,True,True,test
DE001914,T0075,V0015,2026-09-01T13:38:11.758694500+07:00,DRIVER_REQUEST,True,CHARGING,CHARGING,"['CHARGING', 'BATTERY_SWAP']",True,VALID_REQUEST,2.306,1.65,2.915,1.0,EVO,EV_MOTORBIKE,3.0,2.76,2.0,True,True,True,test
DE001915,T0075,V0015,2026-09-01T13:38:11.758694500+07:00,DRIVER_REQUEST,True,BATTERY_SWAP,BATTERY_SWAP,"['CHARGING', 'BATTERY_SWAP']",True,VALID_REQUEST,2.306,1.65,2.915,1.0,EVO,EV_MOTORBIKE,3.0,2.76,2.0,True,True,True,test
DE001916,T0075,V0015,2026-09-01T13:38:11.758694500+07:00,DRIVER_REQUEST,True,,ANY,"['CHARGING', 'BATTERY_SWAP']",True,VALID_REQUEST,2.306,1.65,2.915,1.0,EVO,EV_MOTORBIKE,3.0,2.76,2.0,True,True,True,test
DE001917,T0075,V0015,2026-09-01T13:40:02.406998500+07:00,AUTO_DETECTED,True,,,"['CHARGING', 'BATTERY_SWAP']",,LOW_SOC_AND_INSUFFICIENT_RANGE,1.232,0.88,2.146,1.0,EVO,EV_MOTORBIKE,3.0,2.76,2.0,True,True,True,test
DE001918,T0075,V0015,2026-09-01T13:40:02.406998500+07:00,DRIVER_REQUEST,True,CHARGING,CHARGING,"['CHARGING', 'BATTERY_SWAP']",True,VALID_REQUEST,1.232,0.88,2.146,1.0,EVO,EV_MOTORBIKE,3.0,2.76,2.0,True,True,True,test
DE001919,T0075,V0015,2026-09-01T13:40:02.406998500+07:00,DRIVER_REQUEST,True,BATTERY_SWAP,BATTERY_SWAP,"['CHARGING', 'BATTERY_SWAP']",True,VALID_REQUEST,1.232,0.88,2.146,1.0,EVO,EV_MOTORBIKE,3.0,2.76,2.0,True,True,True,test
DE001920,T0075,V0015,2026-09-01T13:40:02.406998500+07:00,DRIVER_REQUEST,True,,ANY,"['CHARGING', 'BATTERY_SWAP']",True,VALID_REQUEST,1.232,0.88,2.146,1.0,EVO,EV_MOTORBIKE,3.0,2.76,2.0,True,True,True,test
DE001921,T0075,V0015,2026-09-01T13:41:52.084130500+07:00,AUTO_DETECTED,True,,,"['CHARGING', 'BATTERY_SWAP']",,LOW_SOC_AND_INSUFFICIENT_RANGE,0.168,0.12,1.385,1.0,EVO,EV_MOTORBIKE,3.0,2.76,2.0,True,True,True,test
DE001922,T0075,V0015,2026-09-01T13:41:52.084130500+07:00,DRIVER_REQUEST,True,CHARGING,CHARGING,"['CHARGING', 'BATTERY_SWAP']",True,VALID_REQUEST,0.168,0.12,1.385,1.0,EVO,EV_MOTORBIKE,3.0,2.76,2.0,True,True,True,test
DE001923,T0075,V0015,2026-09-01T13:41:52.084130500+07:00,DRIVER_REQUEST,True,BATTERY_SWAP,BATTERY_SWAP,"['CHARGING', 'BATTERY_SWAP']",True,VALID_REQUEST,0.168,0.12,1.385,1.0,EVO,EV_MOTORBIKE,3.0,2.76,2.0,True,True,True,test
DE001924,T0075,V0015,2026-09-01T13:41:52.084130500+07:00,DRIVER_REQUEST,True,,ANY,"['CHARGING', 'BATTERY_SWAP']",True,VALID_REQUEST,0.168,0.12,1.385,1.0,EVO,EV_MOTORBIKE,3.0,2.76,2.0,True,True,True,test
DE001925,T0075,V0015,2026-09-01T13:43:45.499205500+07:00,AUTO_DETECTED,True,,,"['CHARGING', 'BATTERY_SWAP']",,LOW_SOC_AND_INSUFFICIENT_RANGE,0.0,0.0,0.532,1.0,EVO,EV_MOTORBIKE,3.0,2.76,2.0,True,True,True,test
DE001926,T0075,V0015,2026-09-01T13:43:45.499205500+07:00,DRIVER_REQUEST,True,CHARGING,CHARGING,"['CHARGING', 'BATTERY_SWAP']",True,VALID_REQUEST,0.0,0.0,0.532,1.0,EVO,EV_MOTORBIKE,3.0,2.76,2.0,True,True,True,test
DE001927,T0075,V0015,2026-09-01T13:43:45.499205500+07:00,DRIVER_REQUEST,True,BATTERY_SWAP,BATTERY_SWAP,"['CHARGING', 'BATTERY_SWAP']",True,VALID_REQUEST,0.0,0.0,0.532,1.0,EVO,EV_MOTORBIKE,3.0,2.76,2.0,True,True,True,test
DE001928,T0075,V0015,2026-09-01T13:43:45.499205500+07:00,DRIVER_REQUEST,True,,ANY,"['CHARGING', 'BATTERY_SWAP']",True,VALID_REQUEST,0.0,0.0,0.532,1.0,EVO,EV_MOTORBIKE,3.0,2.76,2.0,True,True,True,test
DE001929,T0076,V0016,2026-09-01T13:36:37.973023999+07:00,AUTO_DETECTED,False,,,['CHARGING'],,SUFFICIENT_SOC_RANGE,76.988,236.1,2.723,1.0,VF_5,EV_CAR,37.23,34.25,,False,True,False,train
DE001930,T0076,V0016,2026-09-01T13:36:37.973023999+07:00,DRIVER_REQUEST,True,CHARGING,CHARGING,['CHARGING'],True,VALID_REQUEST,76.988,236.1,2.723,1.0,VF_5,EV_CAR,37.23,34.25,,False,True,False,train
DE001931,T0076,V0016,2026-09-01T13:36:37.973023999+07:00,DRIVER_REQUEST,True,,BATTERY_SWAP,['CHARGING'],False,UNSUPPORTED_SERVICE,76.988,236.1,2.723,1.0,VF_5,EV_CAR,37.23,34.25,,False,True,False,train
DE001932,T0076,V0016,2026-09-01T13:37:27.250265+07:00,AUTO_DETECTED,False,,,['CHARGING'],,SUFFICIENT_SOC_RANGE,76.867,235.73,2.354,1.0,VF_5,EV_CAR,37.23,34.25,,False,True,False,train
DE001933,T0076,V0016,2026-09-01T13:37:27.250265+07:00,DRIVER_REQUEST,True,CHARGING,CHARGING,['CHARGING'],True,VALID_REQUEST,76.867,235.73,2.354,1.0,VF_5,EV_CAR,37.23,34.25,,False,True,False,train
DE001934,T0076,V0016,2026-09-01T13:37:27.250265+07:00,DRIVER_REQUEST,True,,BATTERY_SWAP,['CHARGING'],False,UNSUPPORTED_SERVICE,76.867,235.73,2.354,1.0,VF_5,EV_CAR,37.23,34.25,,False,True,False,train
DE001935,T0076,V0016,2026-09-01T13:38:08.710153166+07:00,AUTO_DETECTED,False,,,['CHARGING'],,SUFFICIENT_SOC_RANGE,76.751,235.37,1.999,1.0,VF_5,EV_CAR,37.23,34.25,,False,True,False,train
DE001936,T0076,V0016,2026-09-01T13:38:08.710153166+07:00,DRIVER_REQUEST,True,CHARGING,CHARGING,['CHARGING'],True,VALID_REQUEST,76.751,235.37,1.999,1.0,VF_5,EV_CAR,37.23,34.25,,False,True,False,train
DE001937,T0076,V0016,2026-09-01T13:38:08.710153166+07:00,DRIVER_REQUEST,True,,BATTERY_SWAP,['CHARGING'],False,UNSUPPORTED_SERVICE,76.751,235.37,1.999,1.0,VF_5,EV_CAR,37.23,34.25,,False,True,False,train
DE001938,T0076,V0016,2026-09-01T13:39:16.782686499+07:00,AUTO_DETECTED,False,,,['CHARGING'],,SUFFICIENT_SOC_RANGE,76.64,235.03,1.659,1.0,VF_5,EV_CAR,37.23,34.25,,False,True,False,train
DE001939,T0076,V0016,2026-09-01T13:39:16.782686499+07:00,DRIVER_REQUEST,True,CHARGING,CHARGING,['CHARGING'],True,VALID_REQUEST,76.64,235.03,1.659,1.0,VF_5,EV_CAR,37.23,34.25,,False,True,False,train
DE001940,T0076,V0016,2026-09-01T13:39:16.782686499+07:00,DRIVER_REQUEST,True,,BATTERY_SWAP,['CHARGING'],False,UNSUPPORTED_SERVICE,76.64,235.03,1.659,1.0,VF_5,EV_CAR,37.23,34.25,,False,True,False,train
DE001941,T0076,V0016,2026-09-01T13:40:30.340400785+07:00,AUTO_DETECTED,False,,,['CHARGING'],,SUFFICIENT_SOC_RANGE,76.52,234.66,1.291,1.0,VF_5,EV_CAR,37.23,34.25,,False,True,False,train
DE001942,T0076,V0016,2026-09-01T13:40:30.340400785+07:00,DRIVER_REQUEST,True,CHARGING,CHARGING,['CHARGING'],True,VALID_REQUEST,76.52,234.66,1.291,1.0,VF_5,EV_CAR,37.23,34.25,,False,True,False,train
DE001943,T0076,V0016,2026-09-01T13:40:30.340400785+07:00,DRIVER_REQUEST,True,,BATTERY_SWAP,['CHARGING'],False,UNSUPPORTED_SERVICE,76.52,234.66,1.291,1.0,VF_5,EV_CAR,37.23,34.25,,False,True,False,train
DE001944,T0076,V0016,2026-09-01T13:41:12.155049699+07:00,AUTO_DETECTED,False,,,['CHARGING'],,SUFFICIENT_SOC_RANGE,76.416,234.34,0.969,1.0,VF_5,EV_CAR,37.23,34.25,,False,True,False,train
DE001945,T0076,V0016,2026-09-01T13:41:12.155049699+07:00,DRIVER_REQUEST,True,CHARGING,CHARGING,['CHARGING'],True,VALID_REQUEST,76.416,234.34,0.969,1.0,VF_5,EV_CAR,37.23,34.25,,False,True,False,train
DE001946,T0076,V0016,2026-09-01T13:41:12.155049699+07:00,DRIVER_REQUEST,True,,BATTERY_SWAP,['CHARGING'],False,UNSUPPORTED_SERVICE,76.416,234.34,0.969,1.0,VF_5,EV_CAR,37.23,34.25,,False,True,False,train
DE001947,T0076,V0016,2026-09-01T13:41:53.691878499+07:00,AUTO_DETECTED,False,,,['CHARGING'],,SUFFICIENT_SOC_RANGE,76.302,233.99,0.62,1.0,VF_5,EV_CAR,37.23,34.25,,False,True,False,train
DE001948,T0076,V0016,2026-09-01T13:41:53.691878499+07:00,DRIVER_REQUEST,True,CHARGING,CHARGING,['CHARGING'],True,VALID_REQUEST,76.302,233.99,0.62,1.0,VF_5,EV_CAR,37.23,34.25,,False,True,False,train
DE001949,T0076,V0016,2026-09-01T13:41:53.691878499+07:00,DRIVER_REQUEST,True,,BATTERY_SWAP,['CHARGING'],False,UNSUPPORTED_SERVICE,76.302,233.99,0.62,1.0,VF_5,EV_CAR,37.23,34.25,,False,True,False,train
DE001950,T0076,V0016,2026-09-01T13:43:11.437745166+07:00,AUTO_DETECTED,False,,,['CHARGING'],,SUFFICIENT_SOC_RANGE,76.175,233.6,0.231,1.0,VF_5,EV_CAR,37.23,34.25,,False,True,False,train
DE001951,T0076,V0016,2026-09-01T13:43:11.437745166+07:00,DRIVER_REQUEST,True,CHARGING,CHARGING,['CHARGING'],True,VALID_REQUEST,76.175,233.6,0.231,1.0,VF_5,EV_CAR,37.23,34.25,,False,True,False,train
DE001952,T0076,V0016,2026-09-01T13:43:11.437745166+07:00,DRIVER_REQUEST,True,,BATTERY_SWAP,['CHARGING'],False,UNSUPPORTED_SERVICE,76.175,233.6,0.231,1.0,VF_5,EV_CAR,37.23,34.25,,False,True,False,train
DE001953,T0077,V0017,2026-09-01T13:44:06.701100+07:00,AUTO_DETECTED,False,,,['CHARGING'],,SUFFICIENT_SOC_RANGE,75.459,231.41,7.447,1.117,VF_6,EV_CAR,59.6,54.83,,False,True,False,train
DE001954,T0077,V0017,2026-09-01T13:44:06.701100+07:00,DRIVER_REQUEST,True,CHARGING,CHARGING,['CHARGING'],True,VALID_REQUEST,75.459,231.41,7.447,1.117,VF_6,EV_CAR,59.6,54.83,,False,True,False,train
DE001955,T0077,V0017,2026-09-01T13:44:06.701100+07:00,DRIVER_REQUEST,True,,BATTERY_SWAP,['CHARGING'],False,UNSUPPORTED_SERVICE,75.459,231.41,7.447,1.117,VF_6,EV_CAR,59.6,54.83,,False,True,False,train
DE001956,T0077,V0017,2026-09-01T13:46:47.263646499+07:00,AUTO_DETECTED,False,,,['CHARGING'],,SUFFICIENT_SOC_RANGE,75.116,230.35,6.394,1.0,VF_6,EV_CAR,59.6,54.83,,False,True,False,train
DE001957,T0077,V0017,2026-09-01T13:46:47.263646499+07:00,DRIVER_REQUEST,True,CHARGING,CHARGING,['CHARGING'],True,VALID_REQUEST,75.116,230.35,6.394,1.0,VF_6,EV_CAR,59.6,54.83,,False,True,False,train
DE001958,T0077,V0017,2026-09-01T13:46:47.263646499+07:00,DRIVER_REQUEST,True,,BATTERY_SWAP,['CHARGING'],False,UNSUPPORTED_SERVICE,75.116,230.35,6.394,1.0,VF_6,EV_CAR,59.6,54.83,,False,True,False,train
DE001959,T0077,V0017,2026-09-01T13:48:56.029527499+07:00,AUTO_DETECTED,False,,,['CHARGING'],,SUFFICIENT_SOC_RANGE,74.781,229.33,5.369,1.0,VF_6,EV_CAR,59.6,54.83,,False,True,False,train
DE001960,T0077,V0017,2026-09-01T13:48:56.029527499+07:00,DRIVER_REQUEST,True,CHARGING,CHARGING,['CHARGING'],True,VALID_REQUEST,74.781,229.33,5.369,1.0,VF_6,EV_CAR,59.6,54.83,,False,True,False,train
DE001961,T0077,V0017,2026-09-01T13:48:56.029527499+07:00,DRIVER_REQUEST,True,,BATTERY_SWAP,['CHARGING'],False,UNSUPPORTED_SERVICE,74.781,229.33,5.369,1.0,VF_6,EV_CAR,59.6,54.83,,False,True,False,train
DE001962,T0077,V0017,2026-09-01T13:51:39.898631+07:00,AUTO_DETECTED,False,,,['CHARGING'],,SUFFICIENT_SOC_RANGE,74.44,228.28,4.322,1.0,VF_6,EV_CAR,59.6,54.83,,False,True,False,train
DE001963,T0077,V0017,2026-09-01T13:51:39.898631+07:00,DRIVER_REQUEST,True,CHARGING,CHARGING,['CHARGING'],True,VALID_REQUEST,74.44,228.28,4.322,1.0,VF_6,EV_CAR,59.6,54.83,,False,True,False,train
DE001964,T0077,V0017,2026-09-01T13:51:39.898631+07:00,DRIVER_REQUEST,True,,BATTERY_SWAP,['CHARGING'],False,UNSUPPORTED_SERVICE,74.44,228.28,4.322,1.0,VF_6,EV_CAR,59.6,54.83,,False,True,False,train
DE001965,T0077,V0017,2026-09-01T13:54:26.206442428+07:00,AUTO_DETECTED,False,,,['CHARGING'],,SUFFICIENT_SOC_RANGE,74.166,227.44,3.483,1.0,VF_6,EV_CAR,59.6,54.83,,False,True,False,train
DE001966,T0077,V0017,2026-09-01T13:54:26.206442428+07:00,DRIVER_REQUEST,True,CHARGING,CHARGING,['CHARGING'],True,VALID_REQUEST,74.166,227.44,3.483,1.0,VF_6,EV_CAR,59.6,54.83,,False,True,False,train
DE001967,T0077,V0017,2026-09-01T13:54:26.206442428+07:00,DRIVER_REQUEST,True,,BATTERY_SWAP,['CHARGING'],False,UNSUPPORTED_SERVICE,74.166,227.44,3.483,1.0,VF_6,EV_CAR,59.6,54.83,,False,True,False,train
DE001968,T0077,V0017,2026-09-01T13:57:47.233506428+07:00,AUTO_DETECTED,False,,,['CHARGING'],,SUFFICIENT_SOC_RANGE,73.835,226.43,2.468,1.0,VF_6,EV_CAR,59.6,54.83,,False,True,False,train
DE001969,T0077,V0017,2026-09-01T13:57:47.233506428+07:00,DRIVER_REQUEST,True,CHARGING,CHARGING,['CHARGING'],True,VALID_REQUEST,73.835,226.43,2.468,1.0,VF_6,EV_CAR,59.6,54.83,,False,True,False,train
DE001970,T0077,V0017,2026-09-01T13:57:47.233506428+07:00,DRIVER_REQUEST,True,,BATTERY_SWAP,['CHARGING'],False,UNSUPPORTED_SERVICE,73.835,226.43,2.468,1.0,VF_6,EV_CAR,59.6,54.83,,False,True,False,train
DE001971,T0077,V0017,2026-09-01T14:00:42.554682714+07:00,AUTO_DETECTED,False,,,['CHARGING'],,SUFFICIENT_SOC_RANGE,73.492,225.37,1.414,1.0,VF_6,EV_CAR,59.6,54.83,,False,True,False,train
DE001972,T0077,V0017,2026-09-01T14:00:42.554682714+07:00,DRIVER_REQUEST,True,CHARGING,CHARGING,['CHARGING'],True,VALID_REQUEST,73.492,225.37,1.414,1.0,VF_6,EV_CAR,59.6,54.83,,False,True,False,train
DE001973,T0077,V0017,2026-09-01T14:00:42.554682714+07:00,DRIVER_REQUEST,True,,BATTERY_SWAP,['CHARGING'],False,UNSUPPORTED_SERVICE,73.492,225.37,1.414,1.0,VF_6,EV_CAR,59.6,54.83,,False,True,False,train
DE001974,T0077,V0017,2026-09-01T14:03:17.123969571+07:00,AUTO_DETECTED,False,,,['CHARGING'],,SUFFICIENT_SOC_RANGE,73.218,224.54,0.575,1.0,VF_6,EV_CAR,59.6,54.83,,False,True,False,train
DE001975,T0077,V0017,2026-09-01T14:03:17.123969571+07:00,DRIVER_REQUEST,True,CHARGING,CHARGING,['CHARGING'],True,VALID_REQUEST,73.218,224.54,0.575,1.0,VF_6,EV_CAR,59.6,54.83,,False,True,False,train
DE001976,T0077,V0017,2026-09-01T14:03:17.123969571+07:00,DRIVER_REQUEST,True,,BATTERY_SWAP,['CHARGING'],False,UNSUPPORTED_SERVICE,73.218,224.54,0.575,1.0,VF_6,EV_CAR,59.6,54.83,,False,True,False,train
DE001977,T0078,V0018,2026-09-01T13:49:26.369051076+07:00,AUTO_DETECTED,False,,,"['CHARGING', 'BATTERY_SWAP']",,SUFFICIENT_SOC_RANGE,90.172,64.52,6.655,1.0,EVO_LITE,EV_MOTORBIKE,1.5,1.38,1.0,True,True,True,train
DE001978,T0078,V0018,2026-09-01T13:49:26.369051076+07:00,DRIVER_REQUEST,True,CHARGING,CHARGING,"['CHARGING', 'BATTERY_SWAP']",True,VALID_REQUEST,90.172,64.52,6.655,1.0,EVO_LITE,EV_MOTORBIKE,1.5,1.38,1.0,True,True,True,train
DE001979,T0078,V0018,2026-09-01T13:49:26.369051076+07:00,DRIVER_REQUEST,True,BATTERY_SWAP,BATTERY_SWAP,"['CHARGING', 'BATTERY_SWAP']",True,VALID_REQUEST,90.172,64.52,6.655,1.0,EVO_LITE,EV_MOTORBIKE,1.5,1.38,1.0,True,True,True,train
DE001980,T0078,V0018,2026-09-01T13:49:26.369051076+07:00,DRIVER_REQUEST,True,,ANY,"['CHARGING', 'BATTERY_SWAP']",True,VALID_REQUEST,90.172,64.52,6.655,1.0,EVO_LITE,EV_MOTORBIKE,1.5,1.38,1.0,True,True,True,train
DE001981,T0078,V0018,2026-09-01T13:51:32.524055999+07:00,AUTO_DETECTED,False,,,"['CHARGING', 'BATTERY_SWAP']",,SUFFICIENT_SOC_RANGE,88.948,63.65,5.779,1.0,EVO_LITE,EV_MOTORBIKE,1.5,1.38,1.0,True,True,True,train
DE001982,T0078,V0018,2026-09-01T13:51:32.524055999+07:00,DRIVER_REQUEST,True,CHARGING,CHARGING,"['CHARGING', 'BATTERY_SWAP']",True,VALID_REQUEST,88.948,63.65,5.779,1.0,EVO_LITE,EV_MOTORBIKE,1.5,1.38,1.0,True,True,True,train
DE001983,T0078,V0018,2026-09-01T13:51:32.524055999+07:00,DRIVER_REQUEST,True,BATTERY_SWAP,BATTERY_SWAP,"['CHARGING', 'BATTERY_SWAP']",True,VALID_REQUEST,88.948,63.65,5.779,1.0,EVO_LITE,EV_MOTORBIKE,1.5,1.38,1.0,True,True,True,train
DE001984,T0078,V0018,2026-09-01T13:51:32.524055999+07:00,DRIVER_REQUEST,True,,ANY,"['CHARGING', 'BATTERY_SWAP']",True,VALID_REQUEST,88.948,63.65,5.779,1.0,EVO_LITE,EV_MOTORBIKE,1.5,1.38,1.0,True,True,True,train
DE001985,T0078,V0018,2026-09-01T13:53:44.253229714+07:00,AUTO_DETECTED,False,,,"['CHARGING', 'BATTERY_SWAP']",,SUFFICIENT_SOC_RANGE,87.669,62.73,4.864,1.0,EVO_LITE,EV_MOTORBIKE,1.5,1.38,1.0,True,True,True,train
DE001986,T0078,V0018,2026-09-01T13:53:44.253229714+07:00,DRIVER_REQUEST,True,CHARGING,CHARGING,"['CHARGING', 'BATTERY_SWAP']",True,VALID_REQUEST,87.669,62.73,4.864,1.0,EVO_LITE,EV_MOTORBIKE,1.5,1.38,1.0,True,True,True,train
DE001987,T0078,V0018,2026-09-01T13:53:44.253229714+07:00,DRIVER_REQUEST,True,BATTERY_SWAP,BATTERY_SWAP,"['CHARGING', 'BATTERY_SWAP']",True,VALID_REQUEST,87.669,62.73,4.864,1.0,EVO_LITE,EV_MOTORBIKE,1.5,1.38,1.0,True,True,True,train
DE001988,T0078,V0018,2026-09-01T13:53:44.253229714+07:00,DRIVER_REQUEST,True,,ANY,"['CHARGING', 'BATTERY_SWAP']",True,VALID_REQUEST,87.669,62.73,4.864,1.0,EVO_LITE,EV_MOTORBIKE,1.5,1.38,1.0,True,True,True,train
DE001989,T0078,V0018,2026-09-01T13:55:49.642247999+07:00,AUTO_DETECTED,False,,,"['CHARGING', 'BATTERY_SWAP']",,SUFFICIENT_SOC_RANGE,86.452,61.86,3.993,1.0,EVO_LITE,EV_MOTORBIKE,1.5,1.38,1.0,True,True,True,train
DE001990,T0078,V0018,2026-09-01T13:55:49.642247999+07:00,DRIVER_REQUEST,True,CHARGING,CHARGING,"['CHARGING', 'BATTERY_SWAP']",True,VALID_REQUEST,86.452,61.86,3.993,1.0,EVO_LITE,EV_MOTORBIKE,1.5,1.38,1.0,True,True,True,train
DE001991,T0078,V0018,2026-09-01T13:55:49.642247999+07:00,DRIVER_REQUEST,True,BATTERY_SWAP,BATTERY_SWAP,"['CHARGING', 'BATTERY_SWAP']",True,VALID_REQUEST,86.452,61.86,3.993,1.0,EVO_LITE,EV_MOTORBIKE,1.5,1.38,1.0,True,True,True,train
DE001992,T0078,V0018,2026-09-01T13:55:49.642247999+07:00,DRIVER_REQUEST,True,,ANY,"['CHARGING', 'BATTERY_SWAP']",True,VALID_REQUEST,86.452,61.86,3.993,1.0,EVO_LITE,EV_MOTORBIKE,1.5,1.38,1.0,True,True,True,train
DE001993,T0078,V0018,2026-09-01T13:57:54.966455999+07:00,AUTO_DETECTED,False,,,"['CHARGING', 'BATTERY_SWAP']",,SUFFICIENT_SOC_RANGE,85.236,60.99,3.123,1.0,EVO_LITE,EV_MOTORBIKE,1.5,1.38,1.0,True,True,True,train
DE001994,T0078,V0018,2026-09-01T13:57:54.966455999+07:00,DRIVER_REQUEST,True,CHARGING,CHARGING,"['CHARGING', 'BATTERY_SWAP']",True,VALID_REQUEST,85.236,60.99,3.123,1.0,EVO_LITE,EV_MOTORBIKE,1.5,1.38,1.0,True,True,True,train
DE001995,T0078,V0018,2026-09-01T13:57:54.966455999+07:00,DRIVER_REQUEST,True,BATTERY_SWAP,BATTERY_SWAP,"['CHARGING', 'BATTERY_SWAP']",True,VALID_REQUEST,85.236,60.99,3.123,1.0,EVO_LITE,EV_MOTORBIKE,1.5,1.38,1.0,True,True,True,train
DE001996,T0078,V0018,2026-09-01T13:57:54.966455999+07:00,DRIVER_REQUEST,True,,ANY,"['CHARGING', 'BATTERY_SWAP']",True,VALID_REQUEST,85.236,60.99,3.123,1.0,EVO_LITE,EV_MOTORBIKE,1.5,1.38,1.0,True,True,True,train
DE001997,T0078,V0018,2026-09-01T13:59:30.701210999+07:00,AUTO_DETECTED,False,,,"['CHARGING', 'BATTERY_SWAP']",,SUFFICIENT_SOC_RANGE,83.995,60.1,2.235,1.0,EVO_LITE,EV_MOTORBIKE,1.5,1.38,1.0,True,True,True,train
DE001998,T0078,V0018,2026-09-01T13:59:30.701210999+07:00,DRIVER_REQUEST,True,CHARGING,CHARGING,"['CHARGING', 'BATTERY_SWAP']",True,VALID_REQUEST,83.995,60.1,2.235,1.0,EVO_LITE,EV_MOTORBIKE,1.5,1.38,1.0,True,True,True,train
DE001999,T0078,V0018,2026-09-01T13:59:30.701210999+07:00,DRIVER_REQUEST,True,BATTERY_SWAP,BATTERY_SWAP,"['CHARGING', 'BATTERY_SWAP']",True,VALID_REQUEST,83.995,60.1,2.235,1.0,EVO_LITE,EV_MOTORBIKE,1.5,1.38,1.0,True,True,True,train
DE002000,T0078,V0018,2026-09-01T13:59:30.701210999+07:00,DRIVER_REQUEST,True,,ANY,"['CHARGING', 'BATTERY_SWAP']",True,VALID_REQUEST,83.995,60.1,2.235,1.0,EVO_LITE,EV_MOTORBIKE,1.5,1.38,1.0,True,True,True,train
DE002001,T0078,V0018,2026-09-01T14:00:46.261925999+07:00,AUTO_DETECTED,False,,,"['CHARGING', 'BATTERY_SWAP']",,SUFFICIENT_SOC_RANGE,82.821,59.26,1.395,1.0,EVO_LITE,EV_MOTORBIKE,1.5,1.38,1.0,True,True,True,train
DE002002,T0078,V0018,2026-09-01T14:00:46.261925999+07:00,DRIVER_REQUEST,True,CHARGING,CHARGING,"['CHARGING', 'BATTERY_SWAP']",True,VALID_REQUEST,82.821,59.26,1.395,1.0,EVO_LITE,EV_MOTORBIKE,1.5,1.38,1.0,True,True,True,train
DE002003,T0078,V0018,2026-09-01T14:00:46.261925999+07:00,DRIVER_REQUEST,True,BATTERY_SWAP,BATTERY_SWAP,"['CHARGING', 'BATTERY_SWAP']",True,VALID_REQUEST,82.821,59.26,1.395,1.0,EVO_LITE,EV_MOTORBIKE,1.5,1.38,1.0,True,True,True,train
DE002004,T0078,V0018,2026-09-01T14:00:46.261925999+07:00,DRIVER_REQUEST,True,,ANY,"['CHARGING', 'BATTERY_SWAP']",True,VALID_REQUEST,82.821,59.26,1.395,1.0,EVO_LITE,EV_MOTORBIKE,1.5,1.38,1.0,True,True,True,train
DE002005,T0078,V0018,2026-09-01T14:01:47.086544307+07:00,AUTO_DETECTED,False,,,"['CHARGING', 'BATTERY_SWAP']",,SUFFICIENT_SOC_RANGE,81.665,58.44,0.568,1.0,EVO_LITE,EV_MOTORBIKE,1.5,1.38,1.0,True,True,True,train
DE002006,T0078,V0018,2026-09-01T14:01:47.086544307+07:00,DRIVER_REQUEST,True,CHARGING,CHARGING,"['CHARGING', 'BATTERY_SWAP']",True,VALID_REQUEST,81.665,58.44,0.568,1.0,EVO_LITE,EV_MOTORBIKE,1.5,1.38,1.0,True,True,True,train
DE002007,T0078,V0018,2026-09-01T14:01:47.086544307+07:00,DRIVER_REQUEST,True,BATTERY_SWAP,BATTERY_SWAP,"['CHARGING', 'BATTERY_SWAP']",True,VALID_REQUEST,81.665,58.44,0.568,1.0,EVO_LITE,EV_MOTORBIKE,1.5,1.38,1.0,True,True,True,train
DE002008,T0078,V0018,2026-09-01T14:01:47.086544307+07:00,DRIVER_REQUEST,True,,ANY,"['CHARGING', 'BATTERY_SWAP']",True,VALID_REQUEST,81.665,58.44,0.568,1.0,EVO_LITE,EV_MOTORBIKE,1.5,1.38,1.0,True,True,True,train
DE002009,T0079,V0019,2026-09-01T13:55:23.262384+07:00,AUTO_DETECTED,False,,,['CHARGING'],,SUFFICIENT_SOC_RANGE,84.638,259.56,6.915,1.037,VF_7_ECO,EV_CAR,59.6,54.83,,False,True,False,train
DE002010,T0079,V0019,2026-09-01T13:55:23.262384+07:00,DRIVER_REQUEST,True,CHARGING,CHARGING,['CHARGING'],True,VALID_REQUEST,84.638,259.56,6.915,1.037,VF_7_ECO,EV_CAR,59.6,54.83,,False,True,False,train
DE002011,T0079,V0019,2026-09-01T13:55:23.262384+07:00,DRIVER_REQUEST,True,,BATTERY_SWAP,['CHARGING'],False,UNSUPPORTED_SERVICE,84.638,259.56,6.915,1.037,VF_7_ECO,EV_CAR,59.6,54.83,,False,True,False,train
DE002012,T0079,V0019,2026-09-01T13:56:42.650069419+07:00,AUTO_DETECTED,False,,,['CHARGING'],,SUFFICIENT_SOC_RANGE,84.338,258.64,5.994,1.0,VF_7_ECO,EV_CAR,59.6,54.83,,False,True,False,train
DE002013,T0079,V0019,2026-09-01T13:56:42.650069419+07:00,DRIVER_REQUEST,True,CHARGING,CHARGING,['CHARGING'],True,VALID_REQUEST,84.338,258.64,5.994,1.0,VF_7_ECO,EV_CAR,59.6,54.83,,False,True,False,train
DE002014,T0079,V0019,2026-09-01T13:56:42.650069419+07:00,DRIVER_REQUEST,True,,BATTERY_SWAP,['CHARGING'],False,UNSUPPORTED_SERVICE,84.338,258.64,5.994,1.0,VF_7_ECO,EV_CAR,59.6,54.83,,False,True,False,train
DE002015,T0079,V0019,2026-09-01T13:57:34.173467526+07:00,AUTO_DETECTED,False,,,['CHARGING'],,SUFFICIENT_SOC_RANGE,84.058,257.78,5.136,1.0,VF_7_ECO,EV_CAR,59.6,54.83,,False,True,False,train
DE002016,T0079,V0019,2026-09-01T13:57:34.173467526+07:00,DRIVER_REQUEST,True,CHARGING,CHARGING,['CHARGING'],True,VALID_REQUEST,84.058,257.78,5.136,1.0,VF_7_ECO,EV_CAR,59.6,54.83,,False,True,False,train
DE002017,T0079,V0019,2026-09-01T13:57:34.173467526+07:00,DRIVER_REQUEST,True,,BATTERY_SWAP,['CHARGING'],False,UNSUPPORTED_SERVICE,84.058,257.78,5.136,1.0,VF_7_ECO,EV_CAR,59.6,54.83,,False,True,False,train
DE002018,T0079,V0019,2026-09-01T13:58:24.970010135+07:00,AUTO_DETECTED,False,,,['CHARGING'],,SUFFICIENT_SOC_RANGE,83.782,256.93,4.289,1.0,VF_7_ECO,EV_CAR,59.6,54.83,,False,True,False,train
DE002019,T0079,V0019,2026-09-01T13:58:24.970010135+07:00,DRIVER_REQUEST,True,CHARGING,CHARGING,['CHARGING'],True,VALID_REQUEST,83.782,256.93,4.289,1.0,VF_7_ECO,EV_CAR,59.6,54.83,,False,True,False,train
DE002020,T0079,V0019,2026-09-01T13:58:24.970010135+07:00,DRIVER_REQUEST,True,,BATTERY_SWAP,['CHARGING'],False,UNSUPPORTED_SERVICE,83.782,256.93,4.289,1.0,VF_7_ECO,EV_CAR,59.6,54.83,,False,True,False,train
DE002021,T0079,V0019,2026-09-01T13:59:15.520889796+07:00,AUTO_DETECTED,False,,,['CHARGING'],,SUFFICIENT_SOC_RANGE,83.507,256.09,3.446,1.0,VF_7_ECO,EV_CAR,59.6,54.83,,False,True,False,train
DE002022,T0079,V0019,2026-09-01T13:59:15.520889796+07:00,DRIVER_REQUEST,True,CHARGING,CHARGING,['CHARGING'],True,VALID_REQUEST,83.507,256.09,3.446,1.0,VF_7_ECO,EV_CAR,59.6,54.83,,False,True,False,train
DE002023,T0079,V0019,2026-09-01T13:59:15.520889796+07:00,DRIVER_REQUEST,True,,BATTERY_SWAP,['CHARGING'],False,UNSUPPORTED_SERVICE,83.507,256.09,3.446,1.0,VF_7_ECO,EV_CAR,59.6,54.83,,False,True,False,train
DE002024,T0079,V0019,2026-09-01T14:00:54.981169999+07:00,AUTO_DETECTED,False,,,['CHARGING'],,SUFFICIENT_SOC_RANGE,83.216,255.2,2.555,1.0,VF_7_ECO,EV_CAR,59.6,54.83,,False,True,False,train
DE002025,T0079,V0019,2026-09-01T14:00:54.981169999+07:00,DRIVER_REQUEST,True,CHARGING,CHARGING,['CHARGING'],True,VALID_REQUEST,83.216,255.2,2.555,1.0,VF_7_ECO,EV_CAR,59.6,54.83,,False,True,False,train
DE002026,T0079,V0019,2026-09-01T14:00:54.981169999+07:00,DRIVER_REQUEST,True,,BATTERY_SWAP,['CHARGING'],False,UNSUPPORTED_SERVICE,83.216,255.2,2.555,1.0,VF_7_ECO,EV_CAR,59.6,54.83,,False,True,False,train
DE002027,T0079,V0019,2026-09-01T14:03:42.323004666+07:00,AUTO_DETECTED,False,,,['CHARGING'],,SUFFICIENT_SOC_RANGE,82.893,254.2,1.563,1.0,VF_7_ECO,EV_CAR,59.6,54.83,,False,True,False,train
DE002028,T0079,V0019,2026-09-01T14:03:42.323004666+07:00,DRIVER_REQUEST,True,CHARGING,CHARGING,['CHARGING'],True,VALID_REQUEST,82.893,254.2,1.563,1.0,VF_7_ECO,EV_CAR,59.6,54.83,,False,True,False,train
DE002029,T0079,V0019,2026-09-01T14:03:42.323004666+07:00,DRIVER_REQUEST,True,,BATTERY_SWAP,['CHARGING'],False,UNSUPPORTED_SERVICE,82.893,254.2,1.563,1.0,VF_7_ECO,EV_CAR,59.6,54.83,,False,True,False,train
DE002030,T0079,V0019,2026-09-01T14:06:18.965454499+07:00,AUTO_DETECTED,False,,,['CHARGING'],,SUFFICIENT_SOC_RANGE,82.571,253.22,0.576,1.0,VF_7_ECO,EV_CAR,59.6,54.83,,False,True,False,train
DE002031,T0079,V0019,2026-09-01T14:06:18.965454499+07:00,DRIVER_REQUEST,True,CHARGING,CHARGING,['CHARGING'],True,VALID_REQUEST,82.571,253.22,0.576,1.0,VF_7_ECO,EV_CAR,59.6,54.83,,False,True,False,train
DE002032,T0079,V0019,2026-09-01T14:06:18.965454499+07:00,DRIVER_REQUEST,True,,BATTERY_SWAP,['CHARGING'],False,UNSUPPORTED_SERVICE,82.571,253.22,0.576,1.0,VF_7_ECO,EV_CAR,59.6,54.83,,False,True,False,train
DE002033,T0080,V0020,2026-09-01T14:01:24.049199999+07:00,AUTO_DETECTED,True,CHARGING,,['CHARGING'],,LOW_SOC,17.863,54.78,4.455,1.0,VF_7_PLUS,EV_CAR,75.3,69.28,,False,True,False,train
DE002034,T0080,V0020,2026-09-01T14:01:24.049199999+07:00,DRIVER_REQUEST,True,CHARGING,CHARGING,['CHARGING'],True,VALID_REQUEST,17.863,54.78,4.455,1.0,VF_7_PLUS,EV_CAR,75.3,69.28,,False,True,False,train
DE002035,T0080,V0020,2026-09-01T14:01:24.049199999+07:00,DRIVER_REQUEST,True,,BATTERY_SWAP,['CHARGING'],False,UNSUPPORTED_SERVICE,17.863,54.78,4.455,1.0,VF_7_PLUS,EV_CAR,75.3,69.28,,False,True,False,train
DE002036,T0080,V0020,2026-09-01T14:03:24.834300+07:00,AUTO_DETECTED,True,CHARGING,,['CHARGING'],,LOW_SOC,17.657,54.15,3.825,1.0,VF_7_PLUS,EV_CAR,75.3,69.28,,False,True,False,train
DE002037,T0080,V0020,2026-09-01T14:03:24.834300+07:00,DRIVER_REQUEST,True,CHARGING,CHARGING,['CHARGING'],True,VALID_REQUEST,17.657,54.15,3.825,1.0,VF_7_PLUS,EV_CAR,75.3,69.28,,False,True,False,train
DE002038,T0080,V0020,2026-09-01T14:03:24.834300+07:00,DRIVER_REQUEST,True,,BATTERY_SWAP,['CHARGING'],False,UNSUPPORTED_SERVICE,17.657,54.15,3.825,1.0,VF_7_PLUS,EV_CAR,75.3,69.28,,False,True,False,train
DE002039,T0080,V0020,2026-09-01T14:05:25.345600+07:00,AUTO_DETECTED,True,CHARGING,,['CHARGING'],,LOW_SOC,17.452,53.52,3.196,1.0,VF_7_PLUS,EV_CAR,75.3,69.28,,False,True,False,train
DE002040,T0080,V0020,2026-09-01T14:05:25.345600+07:00,DRIVER_REQUEST,True,CHARGING,CHARGING,['CHARGING'],True,VALID_REQUEST,17.452,53.52,3.196,1.0,VF_7_PLUS,EV_CAR,75.3,69.28,,False,True,False,train
DE002041,T0080,V0020,2026-09-01T14:05:25.345600+07:00,DRIVER_REQUEST,True,,BATTERY_SWAP,['CHARGING'],False,UNSUPPORTED_SERVICE,17.452,53.52,3.196,1.0,VF_7_PLUS,EV_CAR,75.3,69.28,,False,True,False,train
DE002042,T0080,V0020,2026-09-01T14:07:12.893000+07:00,AUTO_DETECTED,True,CHARGING,,['CHARGING'],,LOW_SOC,17.277,52.98,2.658,1.0,VF_7_PLUS,EV_CAR,75.3,69.28,,False,True,False,train
DE002043,T0080,V0020,2026-09-01T14:07:12.893000+07:00,DRIVER_REQUEST,True,CHARGING,CHARGING,['CHARGING'],True,VALID_REQUEST,17.277,52.98,2.658,1.0,VF_7_PLUS,EV_CAR,75.3,69.28,,False,True,False,train
DE002044,T0080,V0020,2026-09-01T14:07:12.893000+07:00,DRIVER_REQUEST,True,,BATTERY_SWAP,['CHARGING'],False,UNSUPPORTED_SERVICE,17.277,52.98,2.658,1.0,VF_7_PLUS,EV_CAR,75.3,69.28,,False,True,False,train
DE002045,T0080,V0020,2026-09-01T14:09:02.211200+07:00,AUTO_DETECTED,True,CHARGING,,['CHARGING'],,LOW_SOC,17.099,52.44,2.112,1.0,VF_7_PLUS,EV_CAR,75.3,69.28,,False,True,False,train
DE002046,T0080,V0020,2026-09-01T14:09:02.211200+07:00,DRIVER_REQUEST,True,CHARGING,CHARGING,['CHARGING'],True,VALID_REQUEST,17.099,52.44,2.112,1.0,VF_7_PLUS,EV_CAR,75.3,69.28,,False,True,False,train
DE002047,T0080,V0020,2026-09-01T14:09:02.211200+07:00,DRIVER_REQUEST,True,,BATTERY_SWAP,['CHARGING'],False,UNSUPPORTED_SERVICE,17.099,52.44,2.112,1.0,VF_7_PLUS,EV_CAR,75.3,69.28,,False,True,False,train
DE002048,T0080,V0020,2026-09-01T14:11:04.674800+07:00,AUTO_DETECTED,True,CHARGING,,['CHARGING'],,LOW_SOC,16.899,51.82,1.499,1.0,VF_7_PLUS,EV_CAR,75.3,69.28,,False,True,False,train
DE002049,T0080,V0020,2026-09-01T14:11:04.674800+07:00,DRIVER_REQUEST,True,CHARGING,CHARGING,['CHARGING'],True,VALID_REQUEST,16.899,51.82,1.499,1.0,VF_7_PLUS,EV_CAR,75.3,69.28,,False,True,False,train
DE002050,T0080,V0020,2026-09-01T14:11:04.674800+07:00,DRIVER_REQUEST,True,,BATTERY_SWAP,['CHARGING'],False,UNSUPPORTED_SERVICE,16.899,51.82,1.499,1.0,VF_7_PLUS,EV_CAR,75.3,69.28,,False,True,False,train
DE002051,T0080,V0020,2026-09-01T14:12:55.237200+07:00,AUTO_DETECTED,True,CHARGING,,['CHARGING'],,LOW_SOC,16.719,51.27,0.947,1.0,VF_7_PLUS,EV_CAR,75.3,69.28,,False,True,False,train
DE002052,T0080,V0020,2026-09-01T14:12:55.237200+07:00,DRIVER_REQUEST,True,CHARGING,CHARGING,['CHARGING'],True,VALID_REQUEST,16.719,51.27,0.947,1.0,VF_7_PLUS,EV_CAR,75.3,69.28,,False,True,False,train
DE002053,T0080,V0020,2026-09-01T14:12:55.237200+07:00,DRIVER_REQUEST,True,,BATTERY_SWAP,['CHARGING'],False,UNSUPPORTED_SERVICE,16.719,51.27,0.947,1.0,VF_7_PLUS,EV_CAR,75.3,69.28,,False,True,False,train
DE002054,T0080,V0020,2026-09-01T14:14:49.822399999+07:00,AUTO_DETECTED,True,CHARGING,,['CHARGING'],,LOW_SOC,16.532,50.7,0.374,1.0,VF_7_PLUS,EV_CAR,75.3,69.28,,False,True,False,train
DE002055,T0080,V0020,2026-09-01T14:14:49.822399999+07:00,DRIVER_REQUEST,True,CHARGING,CHARGING,['CHARGING'],True,VALID_REQUEST,16.532,50.7,0.374,1.0,VF_7_PLUS,EV_CAR,75.3,69.28,,False,True,False,train
DE002056,T0080,V0020,2026-09-01T14:14:49.822399999+07:00,DRIVER_REQUEST,True,,BATTERY_SWAP,['CHARGING'],False,UNSUPPORTED_SERVICE,16.532,50.7,0.374,1.0,VF_7_PLUS,EV_CAR,75.3,69.28,,False,True,False,train
DE002057,T0081,V0021,2026-09-01T14:07:38.595759999+07:00,AUTO_DETECTED,True,,,"['CHARGING', 'BATTERY_SWAP']",,LOW_SOC,17.253,12.35,6.336,1.0,FELIZ_II,EV_MOTORBIKE,3.0,2.76,2.0,True,True,True,train
DE002058,T0081,V0021,2026-09-01T14:07:38.595759999+07:00,DRIVER_REQUEST,True,CHARGING,CHARGING,"['CHARGING', 'BATTERY_SWAP']",True,VALID_REQUEST,17.253,12.35,6.336,1.0,FELIZ_II,EV_MOTORBIKE,3.0,2.76,2.0,True,True,True,train
DE002059,T0081,V0021,2026-09-01T14:07:38.595759999+07:00,DRIVER_REQUEST,True,BATTERY_SWAP,BATTERY_SWAP,"['CHARGING', 'BATTERY_SWAP']",True,VALID_REQUEST,17.253,12.35,6.336,1.0,FELIZ_II,EV_MOTORBIKE,3.0,2.76,2.0,True,True,True,train
DE002060,T0081,V0021,2026-09-01T14:07:38.595759999+07:00,DRIVER_REQUEST,True,,ANY,"['CHARGING', 'BATTERY_SWAP']",True,VALID_REQUEST,17.253,12.35,6.336,1.0,FELIZ_II,EV_MOTORBIKE,3.0,2.76,2.0,True,True,True,train
DE002061,T0081,V0021,2026-09-01T14:10:16.524543999+07:00,AUTO_DETECTED,True,,,"['CHARGING', 'BATTERY_SWAP']",,LOW_SOC,15.992,11.44,5.433,1.0,FELIZ_II,EV_MOTORBIKE,3.0,2.76,2.0,True,True,True,train
DE002062,T0081,V0021,2026-09-01T14:10:16.524543999+07:00,DRIVER_REQUEST,True,CHARGING,CHARGING,"['CHARGING', 'BATTERY_SWAP']",True,VALID_REQUEST,15.992,11.44,5.433,1.0,FELIZ_II,EV_MOTORBIKE,3.0,2.76,2.0,True,True,True,train
DE002063,T0081,V0021,2026-09-01T14:10:16.524543999+07:00,DRIVER_REQUEST,True,BATTERY_SWAP,BATTERY_SWAP,"['CHARGING', 'BATTERY_SWAP']",True,VALID_REQUEST,15.992,11.44,5.433,1.0,FELIZ_II,EV_MOTORBIKE,3.0,2.76,2.0,True,True,True,train
DE002064,T0081,V0021,2026-09-01T14:10:16.524543999+07:00,DRIVER_REQUEST,True,,ANY,"['CHARGING', 'BATTERY_SWAP']",True,VALID_REQUEST,15.992,11.44,5.433,1.0,FELIZ_II,EV_MOTORBIKE,3.0,2.76,2.0,True,True,True,train
DE002065,T0081,V0021,2026-09-01T14:12:37.411792+07:00,AUTO_DETECTED,True,,,"['CHARGING', 'BATTERY_SWAP']",,LOW_SOC,14.798,10.59,4.579,1.0,FELIZ_II,EV_MOTORBIKE,3.0,2.76,2.0,True,True,True,train
DE002066,T0081,V0021,2026-09-01T14:12:37.411792+07:00,DRIVER_REQUEST,True,CHARGING,CHARGING,"['CHARGING', 'BATTERY_SWAP']",True,VALID_REQUEST,14.798,10.59,4.579,1.0,FELIZ_II,EV_MOTORBIKE,3.0,2.76,2.0,True,True,True,train
DE002067,T0081,V0021,2026-09-01T14:12:37.411792+07:00,DRIVER_REQUEST,True,BATTERY_SWAP,BATTERY_SWAP,"['CHARGING', 'BATTERY_SWAP']",True,VALID_REQUEST,14.798,10.59,4.579,1.0,FELIZ_II,EV_MOTORBIKE,3.0,2.76,2.0,True,True,True,train
DE002068,T0081,V0021,2026-09-01T14:12:37.411792+07:00,DRIVER_REQUEST,True,,ANY,"['CHARGING', 'BATTERY_SWAP']",True,VALID_REQUEST,14.798,10.59,4.579,1.0,FELIZ_II,EV_MOTORBIKE,3.0,2.76,2.0,True,True,True,train
DE002069,T0081,V0021,2026-09-01T14:15:06.491540+07:00,AUTO_DETECTED,True,,,"['CHARGING', 'BATTERY_SWAP']",,LOW_SOC,13.654,9.77,3.761,1.0,FELIZ_II,EV_MOTORBIKE,3.0,2.76,2.0,True,True,True,train
DE002070,T0081,V0021,2026-09-01T14:15:06.491540+07:00,DRIVER_REQUEST,True,CHARGING,CHARGING,"['CHARGING', 'BATTERY_SWAP']",True,VALID_REQUEST,13.654,9.77,3.761,1.0,FELIZ_II,EV_MOTORBIKE,3.0,2.76,2.0,True,True,True,train
DE002071,T0081,V0021,2026-09-01T14:15:06.491540+07:00,DRIVER_REQUEST,True,BATTERY_SWAP,BATTERY_SWAP,"['CHARGING', 'BATTERY_SWAP']",True,VALID_REQUEST,13.654,9.77,3.761,1.0,FELIZ_II,EV_MOTORBIKE,3.0,2.76,2.0,True,True,True,train
DE002072,T0081,V0021,2026-09-01T14:15:06.491540+07:00,DRIVER_REQUEST,True,,ANY,"['CHARGING', 'BATTERY_SWAP']",True,VALID_REQUEST,13.654,9.77,3.761,1.0,FELIZ_II,EV_MOTORBIKE,3.0,2.76,2.0,True,True,True,train
DE002073,T0081,V0021,2026-09-01T14:17:07.164098285+07:00,AUTO_DETECTED,True,,,"['CHARGING', 'BATTERY_SWAP']",,LOW_SOC,12.625,9.03,3.024,1.0,FELIZ_II,EV_MOTORBIKE,3.0,2.76,2.0,True,True,True,train
DE002074,T0081,V0021,2026-09-01T14:17:07.164098285+07:00,DRIVER_REQUEST,True,CHARGING,CHARGING,"['CHARGING', 'BATTERY_SWAP']",True,VALID_REQUEST,12.625,9.03,3.024,1.0,FELIZ_II,EV_MOTORBIKE,3.0,2.76,2.0,True,True,True,train
DE002075,T0081,V0021,2026-09-01T14:17:07.164098285+07:00,DRIVER_REQUEST,True,BATTERY_SWAP,BATTERY_SWAP,"['CHARGING', 'BATTERY_SWAP']",True,VALID_REQUEST,12.625,9.03,3.024,1.0,FELIZ_II,EV_MOTORBIKE,3.0,2.76,2.0,True,True,True,train
DE002076,T0081,V0021,2026-09-01T14:17:07.164098285+07:00,DRIVER_REQUEST,True,,ANY,"['CHARGING', 'BATTERY_SWAP']",True,VALID_REQUEST,12.625,9.03,3.024,1.0,FELIZ_II,EV_MOTORBIKE,3.0,2.76,2.0,True,True,True,train
DE002077,T0081,V0021,2026-09-01T14:18:31.262021662+07:00,AUTO_DETECTED,True,,,"['CHARGING', 'BATTERY_SWAP']",,LOW_SOC,11.483,8.22,2.207,1.0,FELIZ_II,EV_MOTORBIKE,3.0,2.76,2.0,True,True,True,train
DE002078,T0081,V0021,2026-09-01T14:18:31.262021662+07:00,DRIVER_REQUEST,True,CHARGING,CHARGING,"['CHARGING', 'BATTERY_SWAP']",True,VALID_REQUEST,11.483,8.22,2.207,1.0,FELIZ_II,EV_MOTORBIKE,3.0,2.76,2.0,True,True,True,train
DE002079,T0081,V0021,2026-09-01T14:18:31.262021662+07:00,DRIVER_REQUEST,True,BATTERY_SWAP,BATTERY_SWAP,"['CHARGING', 'BATTERY_SWAP']",True,VALID_REQUEST,11.483,8.22,2.207,1.0,FELIZ_II,EV_MOTORBIKE,3.0,2.76,2.0,True,True,True,train
DE002080,T0081,V0021,2026-09-01T14:18:31.262021662+07:00,DRIVER_REQUEST,True,,ANY,"['CHARGING', 'BATTERY_SWAP']",True,VALID_REQUEST,11.483,8.22,2.207,1.0,FELIZ_II,EV_MOTORBIKE,3.0,2.76,2.0,True,True,True,train
DE002081,T0081,V0021,2026-09-01T14:19:43.999226857+07:00,AUTO_DETECTED,True,,,"['CHARGING', 'BATTERY_SWAP']",,LOW_SOC,10.353,7.41,1.399,1.0,FELIZ_II,EV_MOTORBIKE,3.0,2.76,2.0,True,True,True,train
DE002082,T0081,V0021,2026-09-01T14:19:43.999226857+07:00,DRIVER_REQUEST,True,CHARGING,CHARGING,"['CHARGING', 'BATTERY_SWAP']",True,VALID_REQUEST,10.353,7.41,1.399,1.0,FELIZ_II,EV_MOTORBIKE,3.0,2.76,2.0,True,True,True,train
DE002083,T0081,V0021,2026-09-01T14:19:43.999226857+07:00,DRIVER_REQUEST,True,BATTERY_SWAP,BATTERY_SWAP,"['CHARGING', 'BATTERY_SWAP']",True,VALID_REQUEST,10.353,7.41,1.399,1.0,FELIZ_II,EV_MOTORBIKE,3.0,2.76,2.0,True,True,True,train
DE002084,T0081,V0021,2026-09-01T14:19:43.999226857+07:00,DRIVER_REQUEST,True,,ANY,"['CHARGING', 'BATTERY_SWAP']",True,VALID_REQUEST,10.353,7.41,1.399,1.0,FELIZ_II,EV_MOTORBIKE,3.0,2.76,2.0,True,True,True,train
DE002085,T0081,V0021,2026-09-01T14:21:42.803526857+07:00,AUTO_DETECTED,True,,,"['CHARGING', 'BATTERY_SWAP']",,LOW_SOC,9.119,6.52,0.515,1.0,FELIZ_II,EV_MOTORBIKE,3.0,2.76,2.0,True,True,True,train
DE002086,T0081,V0021,2026-09-01T14:21:42.803526857+07:00,DRIVER_REQUEST,True,CHARGING,CHARGING,"['CHARGING', 'BATTERY_SWAP']",True,VALID_REQUEST,9.119,6.52,0.515,1.0,FELIZ_II,EV_MOTORBIKE,3.0,2.76,2.0,True,True,True,train
DE002087,T0081,V0021,2026-09-01T14:21:42.803526857+07:00,DRIVER_REQUEST,True,BATTERY_SWAP,BATTERY_SWAP,"['CHARGING', 'BATTERY_SWAP']",True,VALID_REQUEST,9.119,6.52,0.515,1.0,FELIZ_II,EV_MOTORBIKE,3.0,2.76,2.0,True,True,True,train
DE002088,T0081,V0021,2026-09-01T14:21:42.803526857+07:00,DRIVER_REQUEST,True,,ANY,"['CHARGING', 'BATTERY_SWAP']",True,VALID_REQUEST,9.119,6.52,0.515,1.0,FELIZ_II,EV_MOTORBIKE,3.0,2.76,2.0,True,True,True,train
DE002089,T0082,V0022,2026-09-01T14:13:20.415640+07:00,AUTO_DETECTED,True,CHARGING,,['CHARGING'],,LOW_SOC,17.834,54.69,6.076,1.0,VF_8,EV_CAR,87.7,80.68,,False,True,False,train
DE002090,T0082,V0022,2026-09-01T14:13:20.415640+07:00,DRIVER_REQUEST,True,CHARGING,CHARGING,['CHARGING'],True,VALID_REQUEST,17.834,54.69,6.076,1.0,VF_8,EV_CAR,87.7,80.68,,False,True,False,train
DE002091,T0082,V0022,2026-09-01T14:13:20.415640+07:00,DRIVER_REQUEST,True,,BATTERY_SWAP,['CHARGING'],False,UNSUPPORTED_SERVICE,17.834,54.69,6.076,1.0,VF_8,EV_CAR,87.7,80.68,,False,True,False,train
DE002092,T0082,V0022,2026-09-01T14:15:24.361319999+07:00,AUTO_DETECTED,True,CHARGING,,['CHARGING'],,LOW_SOC,17.585,53.93,5.313,1.0,VF_8,EV_CAR,87.7,80.68,,False,True,False,train
DE002093,T0082,V0022,2026-09-01T14:15:24.361319999+07:00,DRIVER_REQUEST,True,CHARGING,CHARGING,['CHARGING'],True,VALID_REQUEST,17.585,53.93,5.313,1.0,VF_8,EV_CAR,87.7,80.68,,False,True,False,train
DE002094,T0082,V0022,2026-09-01T14:15:24.361319999+07:00,DRIVER_REQUEST,True,,BATTERY_SWAP,['CHARGING'],False,UNSUPPORTED_SERVICE,17.585,53.93,5.313,1.0,VF_8,EV_CAR,87.7,80.68,,False,True,False,train
DE002095,T0082,V0022,2026-09-01T14:17:21.913415999+07:00,AUTO_DETECTED,True,CHARGING,,['CHARGING'],,LOW_SOC,17.319,53.11,4.497,1.0,VF_8,EV_CAR,87.7,80.68,,False,True,False,train
DE002096,T0082,V0022,2026-09-01T14:17:21.913415999+07:00,DRIVER_REQUEST,True,CHARGING,CHARGING,['CHARGING'],True,VALID_REQUEST,17.319,53.11,4.497,1.0,VF_8,EV_CAR,87.7,80.68,,False,True,False,train
DE002097,T0082,V0022,2026-09-01T14:17:21.913415999+07:00,DRIVER_REQUEST,True,,BATTERY_SWAP,['CHARGING'],False,UNSUPPORTED_SERVICE,17.319,53.11,4.497,1.0,VF_8,EV_CAR,87.7,80.68,,False,True,False,train
DE002098,T0082,V0022,2026-09-01T14:19:25.520632+07:00,AUTO_DETECTED,True,CHARGING,,['CHARGING'],,LOW_SOC,17.055,52.3,3.687,1.0,VF_8,EV_CAR,87.7,80.68,,False,True,False,train
DE002099,T0082,V0022,2026-09-01T14:19:25.520632+07:00,DRIVER_REQUEST,True,CHARGING,CHARGING,['CHARGING'],True,VALID_REQUEST,17.055,52.3,3.687,1.0,VF_8,EV_CAR,87.7,80.68,,False,True,False,train
DE002100,T0082,V0022,2026-09-01T14:19:25.520632+07:00,DRIVER_REQUEST,True,,BATTERY_SWAP,['CHARGING'],False,UNSUPPORTED_SERVICE,17.055,52.3,3.687,1.0,VF_8,EV_CAR,87.7,80.68,,False,True,False,train
DE002101,T0082,V0022,2026-09-01T14:21:20.540020+07:00,AUTO_DETECTED,True,CHARGING,,['CHARGING'],,LOW_SOC,16.794,51.5,2.888,1.0,VF_8,EV_CAR,87.7,80.68,,False,True,False,train
DE002102,T0082,V0022,2026-09-01T14:21:20.540020+07:00,DRIVER_REQUEST,True,CHARGING,CHARGING,['CHARGING'],True,VALID_REQUEST,16.794,51.5,2.888,1.0,VF_8,EV_CAR,87.7,80.68,,False,True,False,train
DE002103,T0082,V0022,2026-09-01T14:21:20.540020+07:00,DRIVER_REQUEST,True,,BATTERY_SWAP,['CHARGING'],False,UNSUPPORTED_SERVICE,16.794,51.5,2.888,1.0,VF_8,EV_CAR,87.7,80.68,,False,True,False,train
DE002104,T0082,V0022,2026-09-01T14:23:13.029168+07:00,AUTO_DETECTED,True,CHARGING,,['CHARGING'],,LOW_SOC,16.561,50.79,2.171,1.0,VF_8,EV_CAR,87.7,80.68,,False,True,False,train
DE002105,T0082,V0022,2026-09-01T14:23:13.029168+07:00,DRIVER_REQUEST,True,CHARGING,CHARGING,['CHARGING'],True,VALID_REQUEST,16.561,50.79,2.171,1.0,VF_8,EV_CAR,87.7,80.68,,False,True,False,train
DE002106,T0082,V0022,2026-09-01T14:23:13.029168+07:00,DRIVER_REQUEST,True,,BATTERY_SWAP,['CHARGING'],False,UNSUPPORTED_SERVICE,16.561,50.79,2.171,1.0,VF_8,EV_CAR,87.7,80.68,,False,True,False,train
DE002107,T0082,V0022,2026-09-01T14:25:19.874528+07:00,AUTO_DETECTED,True,CHARGING,,['CHARGING'],,LOW_SOC,16.309,50.01,1.4,1.0,VF_8,EV_CAR,87.7,80.68,,False,True,False,train
DE002108,T0082,V0022,2026-09-01T14:25:19.874528+07:00,DRIVER_REQUEST,True,CHARGING,CHARGING,['CHARGING'],True,VALID_REQUEST,16.309,50.01,1.4,1.0,VF_8,EV_CAR,87.7,80.68,,False,True,False,train
DE002109,T0082,V0022,2026-09-01T14:25:19.874528+07:00,DRIVER_REQUEST,True,,BATTERY_SWAP,['CHARGING'],False,UNSUPPORTED_SERVICE,16.309,50.01,1.4,1.0,VF_8,EV_CAR,87.7,80.68,,False,True,False,train
DE002110,T0082,V0022,2026-09-01T14:27:27.491904+07:00,AUTO_DETECTED,True,CHARGING,,['CHARGING'],,LOW_SOC,16.026,49.15,0.532,1.0,VF_8,EV_CAR,87.7,80.68,,False,True,False,train
DE002111,T0082,V0022,2026-09-01T14:27:27.491904+07:00,DRIVER_REQUEST,True,CHARGING,CHARGING,['CHARGING'],True,VALID_REQUEST,16.026,49.15,0.532,1.0,VF_8,EV_CAR,87.7,80.68,,False,True,False,train
DE002112,T0082,V0022,2026-09-01T14:27:27.491904+07:00,DRIVER_REQUEST,True,,BATTERY_SWAP,['CHARGING'],False,UNSUPPORTED_SERVICE,16.026,49.15,0.532,1.0,VF_8,EV_CAR,87.7,80.68,,False,True,False,train
DE002113,T0083,V0023,2026-09-01T14:18:33.028703999+07:00,AUTO_DETECTED,True,CHARGING,,['CHARGING'],,LOW_SOC,17.925,54.97,2.452,1.0,VF_9,EV_CAR,123.0,113.16,,False,True,False,train
DE002114,T0083,V0023,2026-09-01T14:18:33.028703999+07:00,DRIVER_REQUEST,True,CHARGING,CHARGING,['CHARGING'],True,VALID_REQUEST,17.925,54.97,2.452,1.0,VF_9,EV_CAR,123.0,113.16,,False,True,False,train
DE002115,T0083,V0023,2026-09-01T14:18:33.028703999+07:00,DRIVER_REQUEST,True,,BATTERY_SWAP,['CHARGING'],False,UNSUPPORTED_SERVICE,17.925,54.97,2.452,1.0,VF_9,EV_CAR,123.0,113.16,,False,True,False,train
DE002116,T0083,V0023,2026-09-01T14:19:20.341488+07:00,AUTO_DETECTED,True,CHARGING,,['CHARGING'],,LOW_SOC,17.818,54.64,2.124,1.0,VF_9,EV_CAR,123.0,113.16,,False,True,False,train
DE002117,T0083,V0023,2026-09-01T14:19:20.341488+07:00,DRIVER_REQUEST,True,CHARGING,CHARGING,['CHARGING'],True,VALID_REQUEST,17.818,54.64,2.124,1.0,VF_9,EV_CAR,123.0,113.16,,False,True,False,train
DE002118,T0083,V0023,2026-09-01T14:19:20.341488+07:00,DRIVER_REQUEST,True,,BATTERY_SWAP,['CHARGING'],False,UNSUPPORTED_SERVICE,17.818,54.64,2.124,1.0,VF_9,EV_CAR,123.0,113.16,,False,True,False,train
DE002119,T0083,V0023,2026-09-01T14:20:00.727440+07:00,AUTO_DETECTED,True,CHARGING,,['CHARGING'],,LOW_SOC,17.727,54.36,1.843,1.0,VF_9,EV_CAR,123.0,113.16,,False,True,False,train
DE002120,T0083,V0023,2026-09-01T14:20:00.727440+07:00,DRIVER_REQUEST,True,CHARGING,CHARGING,['CHARGING'],True,VALID_REQUEST,17.727,54.36,1.843,1.0,VF_9,EV_CAR,123.0,113.16,,False,True,False,train
DE002121,T0083,V0023,2026-09-01T14:20:00.727440+07:00,DRIVER_REQUEST,True,,BATTERY_SWAP,['CHARGING'],False,UNSUPPORTED_SERVICE,17.727,54.36,1.843,1.0,VF_9,EV_CAR,123.0,113.16,,False,True,False,train
DE002122,T0083,V0023,2026-09-01T14:20:48.310224+07:00,AUTO_DETECTED,True,CHARGING,,['CHARGING'],,LOW_SOC,17.619,54.03,1.513,1.0,VF_9,EV_CAR,123.0,113.16,,False,True,False,train
DE002123,T0083,V0023,2026-09-01T14:20:48.310224+07:00,DRIVER_REQUEST,True,CHARGING,CHARGING,['CHARGING'],True,VALID_REQUEST,17.619,54.03,1.513,1.0,VF_9,EV_CAR,123.0,113.16,,False,True,False,train
DE002124,T0083,V0023,2026-09-01T14:20:48.310224+07:00,DRIVER_REQUEST,True,,BATTERY_SWAP,['CHARGING'],False,UNSUPPORTED_SERVICE,17.619,54.03,1.513,1.0,VF_9,EV_CAR,123.0,113.16,,False,True,False,train
DE002125,T0083,V0023,2026-09-01T14:21:35.224128+07:00,AUTO_DETECTED,True,CHARGING,,['CHARGING'],,LOW_SOC,17.513,53.71,1.187,1.0,VF_9,EV_CAR,123.0,113.16,,False,True,False,train
DE002126,T0083,V0023,2026-09-01T14:21:35.224128+07:00,DRIVER_REQUEST,True,CHARGING,CHARGING,['CHARGING'],True,VALID_REQUEST,17.513,53.71,1.187,1.0,VF_9,EV_CAR,123.0,113.16,,False,True,False,train
DE002127,T0083,V0023,2026-09-01T14:21:35.224128+07:00,DRIVER_REQUEST,True,,BATTERY_SWAP,['CHARGING'],False,UNSUPPORTED_SERVICE,17.513,53.71,1.187,1.0,VF_9,EV_CAR,123.0,113.16,,False,True,False,train
DE002128,T0083,V0023,2026-09-01T14:22:27.757920+07:00,AUTO_DETECTED,True,CHARGING,,['CHARGING'],,LOW_SOC,17.394,53.34,0.822,1.0,VF_9,EV_CAR,123.0,113.16,,False,True,False,train
DE002129,T0083,V0023,2026-09-01T14:22:27.757920+07:00,DRIVER_REQUEST,True,CHARGING,CHARGING,['CHARGING'],True,VALID_REQUEST,17.394,53.34,0.822,1.0,VF_9,EV_CAR,123.0,113.16,,False,True,False,train
DE002130,T0083,V0023,2026-09-01T14:22:27.757920+07:00,DRIVER_REQUEST,True,,BATTERY_SWAP,['CHARGING'],False,UNSUPPORTED_SERVICE,17.394,53.34,0.822,1.0,VF_9,EV_CAR,123.0,113.16,,False,True,False,train
DE002131,T0083,V0023,2026-09-01T14:23:13.399008+07:00,AUTO_DETECTED,True,CHARGING,,['CHARGING'],,LOW_SOC,17.29,53.02,0.505,1.0,VF_9,EV_CAR,123.0,113.16,,False,True,False,train
DE002132,T0083,V0023,2026-09-01T14:23:13.399008+07:00,DRIVER_REQUEST,True,CHARGING,CHARGING,['CHARGING'],True,VALID_REQUEST,17.29,53.02,0.505,1.0,VF_9,EV_CAR,123.0,113.16,,False,True,False,train
DE002133,T0083,V0023,2026-09-01T14:23:13.399008+07:00,DRIVER_REQUEST,True,,BATTERY_SWAP,['CHARGING'],False,UNSUPPORTED_SERVICE,17.29,53.02,0.505,1.0,VF_9,EV_CAR,123.0,113.16,,False,True,False,train
DE002134,T0083,V0023,2026-09-01T14:23:56.541321600+07:00,AUTO_DETECTED,True,CHARGING,,['CHARGING'],,LOW_SOC,17.193,52.72,0.206,1.0,VF_9,EV_CAR,123.0,113.16,,False,True,False,train
DE002135,T0083,V0023,2026-09-01T14:23:56.541321600+07:00,DRIVER_REQUEST,True,CHARGING,CHARGING,['CHARGING'],True,VALID_REQUEST,17.193,52.72,0.206,1.0,VF_9,EV_CAR,123.0,113.16,,False,True,False,train
DE002136,T0083,V0023,2026-09-01T14:23:56.541321600+07:00,DRIVER_REQUEST,True,,BATTERY_SWAP,['CHARGING'],False,UNSUPPORTED_SERVICE,17.193,52.72,0.206,1.0,VF_9,EV_CAR,123.0,113.16,,False,True,False,train
DE002137,T0084,V0024,2026-09-01T14:25:18.708108571+07:00,AUTO_DETECTED,True,CHARGING,,['CHARGING'],,LOW_SOC,17.402,12.45,5.13,1.0,EVO200,EV_MOTORBIKE,3.5,3.22,,False,True,False,test
DE002138,T0084,V0024,2026-09-01T14:25:18.708108571+07:00,DRIVER_REQUEST,True,CHARGING,CHARGING,['CHARGING'],True,VALID_REQUEST,17.402,12.45,5.13,1.0,EVO200,EV_MOTORBIKE,3.5,3.22,,False,True,False,test
DE002139,T0084,V0024,2026-09-01T14:25:18.708108571+07:00,DRIVER_REQUEST,True,,BATTERY_SWAP,['CHARGING'],False,UNSUPPORTED_SERVICE,17.402,12.45,5.13,1.0,EVO200,EV_MOTORBIKE,3.5,3.22,,False,True,False,test
DE002140,T0084,V0024,2026-09-01T14:26:28.896588571+07:00,AUTO_DETECTED,True,CHARGING,,['CHARGING'],,LOW_SOC,16.448,11.77,4.447,1.0,EVO200,EV_MOTORBIKE,3.5,3.22,,False,True,False,test
DE002141,T0084,V0024,2026-09-01T14:26:28.896588571+07:00,DRIVER_REQUEST,True,CHARGING,CHARGING,['CHARGING'],True,VALID_REQUEST,16.448,11.77,4.447,1.0,EVO200,EV_MOTORBIKE,3.5,3.22,,False,True,False,test
DE002142,T0084,V0024,2026-09-01T14:26:28.896588571+07:00,DRIVER_REQUEST,True,,BATTERY_SWAP,['CHARGING'],False,UNSUPPORTED_SERVICE,16.448,11.77,4.447,1.0,EVO200,EV_MOTORBIKE,3.5,3.22,,False,True,False,test
DE002143,T0084,V0024,2026-09-01T14:27:58.852383928+07:00,AUTO_DETECTED,True,CHARGING,,['CHARGING'],,LOW_SOC,15.488,11.08,3.76,1.0,EVO200,EV_MOTORBIKE,3.5,3.22,,False,True,False,test
DE002144,T0084,V0024,2026-09-01T14:27:58.852383928+07:00,DRIVER_REQUEST,True,CHARGING,CHARGING,['CHARGING'],True,VALID_REQUEST,15.488,11.08,3.76,1.0,EVO200,EV_MOTORBIKE,3.5,3.22,,False,True,False,test
DE002145,T0084,V0024,2026-09-01T14:27:58.852383928+07:00,DRIVER_REQUEST,True,,BATTERY_SWAP,['CHARGING'],False,UNSUPPORTED_SERVICE,15.488,11.08,3.76,1.0,EVO200,EV_MOTORBIKE,3.5,3.22,,False,True,False,test
DE002146,T0084,V0024,2026-09-01T14:29:14.435952714+07:00,AUTO_DETECTED,True,CHARGING,,['CHARGING'],,LOW_SOC,14.55,10.41,3.089,1.0,EVO200,EV_MOTORBIKE,3.5,3.22,,False,True,False,test
DE002147,T0084,V0024,2026-09-01T14:29:14.435952714+07:00,DRIVER_REQUEST,True,CHARGING,CHARGING,['CHARGING'],True,VALID_REQUEST,14.55,10.41,3.089,1.0,EVO200,EV_MOTORBIKE,3.5,3.22,,False,True,False,test
DE002148,T0084,V0024,2026-09-01T14:29:14.435952714+07:00,DRIVER_REQUEST,True,,BATTERY_SWAP,['CHARGING'],False,UNSUPPORTED_SERVICE,14.55,10.41,3.089,1.0,EVO200,EV_MOTORBIKE,3.5,3.22,,False,True,False,test
DE002149,T0084,V0024,2026-09-01T14:30:54.201284142+07:00,AUTO_DETECTED,True,CHARGING,,['CHARGING'],,LOW_SOC,13.626,9.75,2.428,1.0,EVO200,EV_MOTORBIKE,3.5,3.22,,False,True,False,test
DE002150,T0084,V0024,2026-09-01T14:30:54.201284142+07:00,DRIVER_REQUEST,True,CHARGING,CHARGING,['CHARGING'],True,VALID_REQUEST,13.626,9.75,2.428,1.0,EVO200,EV_MOTORBIKE,3.5,3.22,,False,True,False,test
DE002151,T0084,V0024,2026-09-01T14:30:54.201284142+07:00,DRIVER_REQUEST,True,,BATTERY_SWAP,['CHARGING'],False,UNSUPPORTED_SERVICE,13.626,9.75,2.428,1.0,EVO200,EV_MOTORBIKE,3.5,3.22,,False,True,False,test
DE002152,T0084,V0024,2026-09-01T14:32:36.074031285+07:00,AUTO_DETECTED,True,CHARGING,,['CHARGING'],,LOW_SOC,12.78,9.15,1.823,1.0,EVO200,EV_MOTORBIKE,3.5,3.22,,False,True,False,test
DE002153,T0084,V0024,2026-09-01T14:32:36.074031285+07:00,DRIVER_REQUEST,True,CHARGING,CHARGING,['CHARGING'],True,VALID_REQUEST,12.78,9.15,1.823,1.0,EVO200,EV_MOTORBIKE,3.5,3.22,,False,True,False,test
DE002154,T0084,V0024,2026-09-01T14:32:36.074031285+07:00,DRIVER_REQUEST,True,,BATTERY_SWAP,['CHARGING'],False,UNSUPPORTED_SERVICE,12.78,9.15,1.823,1.0,EVO200,EV_MOTORBIKE,3.5,3.22,,False,True,False,test
DE002155,T0084,V0024,2026-09-01T14:34:43.689901285+07:00,AUTO_DETECTED,True,CHARGING,,['CHARGING'],,LOW_SOC,11.827,8.46,1.141,1.0,EVO200,EV_MOTORBIKE,3.5,3.22,,False,True,False,test
DE002156,T0084,V0024,2026-09-01T14:34:43.689901285+07:00,DRIVER_REQUEST,True,CHARGING,CHARGING,['CHARGING'],True,VALID_REQUEST,11.827,8.46,1.141,1.0,EVO200,EV_MOTORBIKE,3.5,3.22,,False,True,False,test
DE002157,T0084,V0024,2026-09-01T14:34:43.689901285+07:00,DRIVER_REQUEST,True,,BATTERY_SWAP,['CHARGING'],False,UNSUPPORTED_SERVICE,11.827,8.46,1.141,1.0,EVO200,EV_MOTORBIKE,3.5,3.22,,False,True,False,test
DE002158,T0084,V0024,2026-09-01T14:36:49.034816714+07:00,AUTO_DETECTED,True,CHARGING,,['CHARGING'],,LOW_SOC,10.883,7.79,0.465,1.0,EVO200,EV_MOTORBIKE,3.5,3.22,,False,True,False,test
DE002159,T0084,V0024,2026-09-01T14:36:49.034816714+07:00,DRIVER_REQUEST,True,CHARGING,CHARGING,['CHARGING'],True,VALID_REQUEST,10.883,7.79,0.465,1.0,EVO200,EV_MOTORBIKE,3.5,3.22,,False,True,False,test
DE002160,T0084,V0024,2026-09-01T14:36:49.034816714+07:00,DRIVER_REQUEST,True,,BATTERY_SWAP,['CHARGING'],False,UNSUPPORTED_SERVICE,10.883,7.79,0.465,1.0,EVO200,EV_MOTORBIKE,3.5,3.22,,False,True,False,test
DE002161,T0085,V0025,2026-09-01T14:30:34.669686857+07:00,AUTO_DETECTED,False,,,['CHARGING'],,SUFFICIENT_SOC_RANGE,58.669,179.92,2.573,1.0,VF_E34,EV_CAR,41.9,38.55,,False,True,False,test
DE002162,T0085,V0025,2026-09-01T14:30:34.669686857+07:00,DRIVER_REQUEST,True,CHARGING,CHARGING,['CHARGING'],True,VALID_REQUEST,58.669,179.92,2.573,1.0,VF_E34,EV_CAR,41.9,38.55,,False,True,False,test
DE002163,T0085,V0025,2026-09-01T14:30:34.669686857+07:00,DRIVER_REQUEST,True,,BATTERY_SWAP,['CHARGING'],False,UNSUPPORTED_SERVICE,58.669,179.92,2.573,1.0,VF_E34,EV_CAR,41.9,38.55,,False,True,False,test
DE002164,T0085,V0025,2026-09-01T14:31:22.811039999+07:00,AUTO_DETECTED,False,,,['CHARGING'],,SUFFICIENT_SOC_RANGE,58.56,179.58,2.238,1.0,VF_E34,EV_CAR,41.9,38.55,,False,True,False,test
DE002165,T0085,V0025,2026-09-01T14:31:22.811039999+07:00,DRIVER_REQUEST,True,CHARGING,CHARGING,['CHARGING'],True,VALID_REQUEST,58.56,179.58,2.238,1.0,VF_E34,EV_CAR,41.9,38.55,,False,True,False,test
DE002166,T0085,V0025,2026-09-01T14:31:22.811039999+07:00,DRIVER_REQUEST,True,,BATTERY_SWAP,['CHARGING'],False,UNSUPPORTED_SERVICE,58.56,179.58,2.238,1.0,VF_E34,EV_CAR,41.9,38.55,,False,True,False,test
DE002167,T0085,V0025,2026-09-01T14:32:13.304220+07:00,AUTO_DETECTED,False,,,['CHARGING'],,SUFFICIENT_SOC_RANGE,58.446,179.23,1.888,1.0,VF_E34,EV_CAR,41.9,38.55,,False,True,False,test
DE002168,T0085,V0025,2026-09-01T14:32:13.304220+07:00,DRIVER_REQUEST,True,CHARGING,CHARGING,['CHARGING'],True,VALID_REQUEST,58.446,179.23,1.888,1.0,VF_E34,EV_CAR,41.9,38.55,,False,True,False,test
DE002169,T0085,V0025,2026-09-01T14:32:13.304220+07:00,DRIVER_REQUEST,True,,BATTERY_SWAP,['CHARGING'],False,UNSUPPORTED_SERVICE,58.446,179.23,1.888,1.0,VF_E34,EV_CAR,41.9,38.55,,False,True,False,test
DE002170,T0085,V0025,2026-09-01T14:33:02.674128+07:00,AUTO_DETECTED,False,,,['CHARGING'],,SUFFICIENT_SOC_RANGE,58.334,178.89,1.545,1.0,VF_E34,EV_CAR,41.9,38.55,,False,True,False,test
DE002171,T0085,V0025,2026-09-01T14:33:02.674128+07:00,DRIVER_REQUEST,True,CHARGING,CHARGING,['CHARGING'],True,VALID_REQUEST,58.334,178.89,1.545,1.0,VF_E34,EV_CAR,41.9,38.55,,False,True,False,test
DE002172,T0085,V0025,2026-09-01T14:33:02.674128+07:00,DRIVER_REQUEST,True,,BATTERY_SWAP,['CHARGING'],False,UNSUPPORTED_SERVICE,58.334,178.89,1.545,1.0,VF_E34,EV_CAR,41.9,38.55,,False,True,False,test
DE002173,T0085,V0025,2026-09-01T14:33:46.326931200+07:00,AUTO_DETECTED,False,,,['CHARGING'],,SUFFICIENT_SOC_RANGE,58.235,178.59,1.242,1.0,VF_E34,EV_CAR,41.9,38.55,,False,True,False,test
DE002174,T0085,V0025,2026-09-01T14:33:46.326931200+07:00,DRIVER_REQUEST,True,CHARGING,CHARGING,['CHARGING'],True,VALID_REQUEST,58.235,178.59,1.242,1.0,VF_E34,EV_CAR,41.9,38.55,,False,True,False,test
DE002175,T0085,V0025,2026-09-01T14:33:46.326931200+07:00,DRIVER_REQUEST,True,,BATTERY_SWAP,['CHARGING'],False,UNSUPPORTED_SERVICE,58.235,178.59,1.242,1.0,VF_E34,EV_CAR,41.9,38.55,,False,True,False,test
DE002176,T0085,V0025,2026-09-01T14:34:31.396065600+07:00,AUTO_DETECTED,False,,,['CHARGING'],,SUFFICIENT_SOC_RANGE,58.133,178.27,0.929,1.0,VF_E34,EV_CAR,41.9,38.55,,False,True,False,test
DE002177,T0085,V0025,2026-09-01T14:34:31.396065600+07:00,DRIVER_REQUEST,True,CHARGING,CHARGING,['CHARGING'],True,VALID_REQUEST,58.133,178.27,0.929,1.0,VF_E34,EV_CAR,41.9,38.55,,False,True,False,test
DE002178,T0085,V0025,2026-09-01T14:34:31.396065600+07:00,DRIVER_REQUEST,True,,BATTERY_SWAP,['CHARGING'],False,UNSUPPORTED_SERVICE,58.133,178.27,0.929,1.0,VF_E34,EV_CAR,41.9,38.55,,False,True,False,test
DE002179,T0085,V0025,2026-09-01T14:35:16.836658285+07:00,AUTO_DETECTED,False,,,['CHARGING'],,SUFFICIENT_SOC_RANGE,58.03,177.96,0.613,1.0,VF_E34,EV_CAR,41.9,38.55,,False,True,False,test
DE002180,T0085,V0025,2026-09-01T14:35:16.836658285+07:00,DRIVER_REQUEST,True,CHARGING,CHARGING,['CHARGING'],True,VALID_REQUEST,58.03,177.96,0.613,1.0,VF_E34,EV_CAR,41.9,38.55,,False,True,False,test
DE002181,T0085,V0025,2026-09-01T14:35:16.836658285+07:00,DRIVER_REQUEST,True,,BATTERY_SWAP,['CHARGING'],False,UNSUPPORTED_SERVICE,58.03,177.96,0.613,1.0,VF_E34,EV_CAR,41.9,38.55,,False,True,False,test
DE002182,T0085,V0025,2026-09-01T14:36:11.944367999+07:00,AUTO_DETECTED,False,,,['CHARGING'],,SUFFICIENT_SOC_RANGE,57.905,177.58,0.231,1.0,VF_E34,EV_CAR,41.9,38.55,,False,True,False,test
DE002183,T0085,V0025,2026-09-01T14:36:11.944367999+07:00,DRIVER_REQUEST,True,CHARGING,CHARGING,['CHARGING'],True,VALID_REQUEST,57.905,177.58,0.231,1.0,VF_E34,EV_CAR,41.9,38.55,,False,True,False,test
DE002184,T0085,V0025,2026-09-01T14:36:11.944367999+07:00,DRIVER_REQUEST,True,,BATTERY_SWAP,['CHARGING'],False,UNSUPPORTED_SERVICE,57.905,177.58,0.231,1.0,VF_E34,EV_CAR,41.9,38.55,,False,True,False,test
DE002185,T0086,V0026,2026-09-01T14:37:40.433564735+07:00,AUTO_DETECTED,False,,,['CHARGING'],,SUFFICIENT_SOC_RANGE,66.107,202.73,8.217,1.233,NERIO_GREEN,EV_CAR,41.9,38.55,,False,True,False,validation
DE002186,T0086,V0026,2026-09-01T14:37:40.433564735+07:00,DRIVER_REQUEST,True,CHARGING,CHARGING,['CHARGING'],True,VALID_REQUEST,66.107,202.73,8.217,1.233,NERIO_GREEN,EV_CAR,41.9,38.55,,False,True,False,validation
DE002187,T0086,V0026,2026-09-01T14:37:40.433564735+07:00,DRIVER_REQUEST,True,,BATTERY_SWAP,['CHARGING'],False,UNSUPPORTED_SERVICE,66.107,202.73,8.217,1.233,NERIO_GREEN,EV_CAR,41.9,38.55,,False,True,False,validation
DE002188,T0086,V0026,2026-09-01T14:39:51.123913142+07:00,AUTO_DETECTED,False,,,['CHARGING'],,SUFFICIENT_SOC_RANGE,65.758,201.66,7.148,1.072,NERIO_GREEN,EV_CAR,41.9,38.55,,False,True,False,validation
DE002189,T0086,V0026,2026-09-01T14:39:51.123913142+07:00,DRIVER_REQUEST,True,CHARGING,CHARGING,['CHARGING'],True,VALID_REQUEST,65.758,201.66,7.148,1.072,NERIO_GREEN,EV_CAR,41.9,38.55,,False,True,False,validation
DE002190,T0086,V0026,2026-09-01T14:39:51.123913142+07:00,DRIVER_REQUEST,True,,BATTERY_SWAP,['CHARGING'],False,UNSUPPORTED_SERVICE,65.758,201.66,7.148,1.072,NERIO_GREEN,EV_CAR,41.9,38.55,,False,True,False,validation
DE002191,T0086,V0026,2026-09-01T14:42:25.541249942+07:00,AUTO_DETECTED,False,,,['CHARGING'],,SUFFICIENT_SOC_RANGE,65.408,200.59,6.076,1.0,NERIO_GREEN,EV_CAR,41.9,38.55,,False,True,False,validation
DE002192,T0086,V0026,2026-09-01T14:42:25.541249942+07:00,DRIVER_REQUEST,True,CHARGING,CHARGING,['CHARGING'],True,VALID_REQUEST,65.408,200.59,6.076,1.0,NERIO_GREEN,EV_CAR,41.9,38.55,,False,True,False,validation
DE002193,T0086,V0026,2026-09-01T14:42:25.541249942+07:00,DRIVER_REQUEST,True,,BATTERY_SWAP,['CHARGING'],False,UNSUPPORTED_SERVICE,65.408,200.59,6.076,1.0,NERIO_GREEN,EV_CAR,41.9,38.55,,False,True,False,validation
DE002194,T0086,V0026,2026-09-01T14:44:53.180437142+07:00,AUTO_DETECTED,False,,,['CHARGING'],,SUFFICIENT_SOC_RANGE,65.074,199.56,5.051,1.0,NERIO_GREEN,EV_CAR,41.9,38.55,,False,True,False,validation
DE002195,T0086,V0026,2026-09-01T14:44:53.180437142+07:00,DRIVER_REQUEST,True,CHARGING,CHARGING,['CHARGING'],True,VALID_REQUEST,65.074,199.56,5.051,1.0,NERIO_GREEN,EV_CAR,41.9,38.55,,False,True,False,validation
DE002196,T0086,V0026,2026-09-01T14:44:53.180437142+07:00,DRIVER_REQUEST,True,,BATTERY_SWAP,['CHARGING'],False,UNSUPPORTED_SERVICE,65.074,199.56,5.051,1.0,NERIO_GREEN,EV_CAR,41.9,38.55,,False,True,False,validation
DE002197,T0086,V0026,2026-09-01T14:47:07.214663428+07:00,AUTO_DETECTED,False,,,['CHARGING'],,SUFFICIENT_SOC_RANGE,64.732,198.51,4.002,1.0,NERIO_GREEN,EV_CAR,41.9,38.55,,False,True,False,validation
DE002198,T0086,V0026,2026-09-01T14:47:07.214663428+07:00,DRIVER_REQUEST,True,CHARGING,CHARGING,['CHARGING'],True,VALID_REQUEST,64.732,198.51,4.002,1.0,NERIO_GREEN,EV_CAR,41.9,38.55,,False,True,False,validation
DE002199,T0086,V0026,2026-09-01T14:47:07.214663428+07:00,DRIVER_REQUEST,True,,BATTERY_SWAP,['CHARGING'],False,UNSUPPORTED_SERVICE,64.732,198.51,4.002,1.0,NERIO_GREEN,EV_CAR,41.9,38.55,,False,True,False,validation
DE002200,T0086,V0026,2026-09-01T14:49:55.459872428+07:00,AUTO_DETECTED,False,,,['CHARGING'],,SUFFICIENT_SOC_RANGE,64.366,197.39,2.88,1.0,NERIO_GREEN,EV_CAR,41.9,38.55,,False,True,False,validation
DE002201,T0086,V0026,2026-09-01T14:49:55.459872428+07:00,DRIVER_REQUEST,True,CHARGING,CHARGING,['CHARGING'],True,VALID_REQUEST,64.366,197.39,2.88,1.0,NERIO_GREEN,EV_CAR,41.9,38.55,,False,True,False,validation
DE002202,T0086,V0026,2026-09-01T14:49:55.459872428+07:00,DRIVER_REQUEST,True,,BATTERY_SWAP,['CHARGING'],False,UNSUPPORTED_SERVICE,64.366,197.39,2.88,1.0,NERIO_GREEN,EV_CAR,41.9,38.55,,False,True,False,validation
DE002203,T0086,V0026,2026-09-01T14:52:39.946672428+07:00,AUTO_DETECTED,False,,,['CHARGING'],,SUFFICIENT_SOC_RANGE,64.005,196.28,1.774,1.0,NERIO_GREEN,EV_CAR,41.9,38.55,,False,True,False,validation
DE002204,T0086,V0026,2026-09-01T14:52:39.946672428+07:00,DRIVER_REQUEST,True,CHARGING,CHARGING,['CHARGING'],True,VALID_REQUEST,64.005,196.28,1.774,1.0,NERIO_GREEN,EV_CAR,41.9,38.55,,False,True,False,validation
DE002205,T0086,V0026,2026-09-01T14:52:39.946672428+07:00,DRIVER_REQUEST,True,,BATTERY_SWAP,['CHARGING'],False,UNSUPPORTED_SERVICE,64.005,196.28,1.774,1.0,NERIO_GREEN,EV_CAR,41.9,38.55,,False,True,False,validation
DE002206,T0086,V0026,2026-09-01T14:55:09.911096428+07:00,AUTO_DETECTED,False,,,['CHARGING'],,SUFFICIENT_SOC_RANGE,63.666,195.24,0.732,1.0,NERIO_GREEN,EV_CAR,41.9,38.55,,False,True,False,validation
DE002207,T0086,V0026,2026-09-01T14:55:09.911096428+07:00,DRIVER_REQUEST,True,CHARGING,CHARGING,['CHARGING'],True,VALID_REQUEST,63.666,195.24,0.732,1.0,NERIO_GREEN,EV_CAR,41.9,38.55,,False,True,False,validation
DE002208,T0086,V0026,2026-09-01T14:55:09.911096428+07:00,DRIVER_REQUEST,True,,BATTERY_SWAP,['CHARGING'],False,UNSUPPORTED_SERVICE,63.666,195.24,0.732,1.0,NERIO_GREEN,EV_CAR,41.9,38.55,,False,True,False,validation
DE002209,T0087,V0027,2026-09-01T14:43:19.904952+07:00,AUTO_DETECTED,True,CHARGING,,['CHARGING'],,LOW_SOC,11.225,8.03,6.262,1.0,EVO200_LITE,EV_MOTORBIKE,3.5,3.22,,False,True,False,train
DE002210,T0087,V0027,2026-09-01T14:43:19.904952+07:00,DRIVER_REQUEST,True,CHARGING,CHARGING,['CHARGING'],True,VALID_REQUEST,11.225,8.03,6.262,1.0,EVO200_LITE,EV_MOTORBIKE,3.5,3.22,,False,True,False,train
DE002211,T0087,V0027,2026-09-01T14:43:19.904952+07:00,DRIVER_REQUEST,True,,BATTERY_SWAP,['CHARGING'],False,UNSUPPORTED_SERVICE,11.225,8.03,6.262,1.0,EVO200_LITE,EV_MOTORBIKE,3.5,3.22,,False,True,False,train
DE002212,T0087,V0027,2026-09-01T14:44:53.918591999+07:00,AUTO_DETECTED,True,CHARGING,,['CHARGING'],,LOW_SOC,10.312,7.38,5.609,1.0,EVO200_LITE,EV_MOTORBIKE,3.5,3.22,,False,True,False,train
DE002213,T0087,V0027,2026-09-01T14:44:53.918591999+07:00,DRIVER_REQUEST,True,CHARGING,CHARGING,['CHARGING'],True,VALID_REQUEST,10.312,7.38,5.609,1.0,EVO200_LITE,EV_MOTORBIKE,3.5,3.22,,False,True,False,train
DE002214,T0087,V0027,2026-09-01T14:44:53.918591999+07:00,DRIVER_REQUEST,True,,BATTERY_SWAP,['CHARGING'],False,UNSUPPORTED_SERVICE,10.312,7.38,5.609,1.0,EVO200_LITE,EV_MOTORBIKE,3.5,3.22,,False,True,False,train
DE002215,T0087,V0027,2026-09-01T14:46:44.558688+07:00,AUTO_DETECTED,True,CHARGING,,['CHARGING'],,LOW_SOC,9.238,6.61,4.841,1.0,EVO200_LITE,EV_MOTORBIKE,3.5,3.22,,False,True,False,train
DE002216,T0087,V0027,2026-09-01T14:46:44.558688+07:00,DRIVER_REQUEST,True,CHARGING,CHARGING,['CHARGING'],True,VALID_REQUEST,9.238,6.61,4.841,1.0,EVO200_LITE,EV_MOTORBIKE,3.5,3.22,,False,True,False,train
DE002217,T0087,V0027,2026-09-01T14:46:44.558688+07:00,DRIVER_REQUEST,True,,BATTERY_SWAP,['CHARGING'],False,UNSUPPORTED_SERVICE,9.238,6.61,4.841,1.0,EVO200_LITE,EV_MOTORBIKE,3.5,3.22,,False,True,False,train
DE002218,T0087,V0027,2026-09-01T14:48:46.466976+07:00,AUTO_DETECTED,True,CHARGING,,['CHARGING'],,LOW_SOC,8.055,5.76,3.994,1.0,EVO200_LITE,EV_MOTORBIKE,3.5,3.22,,False,True,False,train
DE002219,T0087,V0027,2026-09-01T14:48:46.466976+07:00,DRIVER_REQUEST,True,CHARGING,CHARGING,['CHARGING'],True,VALID_REQUEST,8.055,5.76,3.994,1.0,EVO200_LITE,EV_MOTORBIKE,3.5,3.22,,False,True,False,train
DE002220,T0087,V0027,2026-09-01T14:48:46.466976+07:00,DRIVER_REQUEST,True,,BATTERY_SWAP,['CHARGING'],False,UNSUPPORTED_SERVICE,8.055,5.76,3.994,1.0,EVO200_LITE,EV_MOTORBIKE,3.5,3.22,,False,True,False,train
DE002221,T0087,V0027,2026-09-01T14:50:40.378272+07:00,AUTO_DETECTED,True,CHARGING,,['CHARGING'],,LOW_SOC,6.95,4.97,3.203,1.0,EVO200_LITE,EV_MOTORBIKE,3.5,3.22,,False,True,False,train
DE002222,T0087,V0027,2026-09-01T14:50:40.378272+07:00,DRIVER_REQUEST,True,CHARGING,CHARGING,['CHARGING'],True,VALID_REQUEST,6.95,4.97,3.203,1.0,EVO200_LITE,EV_MOTORBIKE,3.5,3.22,,False,True,False,train
DE002223,T0087,V0027,2026-09-01T14:50:40.378272+07:00,DRIVER_REQUEST,True,,BATTERY_SWAP,['CHARGING'],False,UNSUPPORTED_SERVICE,6.95,4.97,3.203,1.0,EVO200_LITE,EV_MOTORBIKE,3.5,3.22,,False,True,False,train
DE002224,T0087,V0027,2026-09-01T14:53:00.456172800+07:00,AUTO_DETECTED,True,CHARGING,,['CHARGING'],,LOW_SOC,5.59,4.0,2.23,1.0,EVO200_LITE,EV_MOTORBIKE,3.5,3.22,,False,True,False,train
DE002225,T0087,V0027,2026-09-01T14:53:00.456172800+07:00,DRIVER_REQUEST,True,CHARGING,CHARGING,['CHARGING'],True,VALID_REQUEST,5.59,4.0,2.23,1.0,EVO200_LITE,EV_MOTORBIKE,3.5,3.22,,False,True,False,train
DE002226,T0087,V0027,2026-09-01T14:53:00.456172800+07:00,DRIVER_REQUEST,True,,BATTERY_SWAP,['CHARGING'],False,UNSUPPORTED_SERVICE,5.59,4.0,2.23,1.0,EVO200_LITE,EV_MOTORBIKE,3.5,3.22,,False,True,False,train
DE002227,T0087,V0027,2026-09-01T14:55:08.716656+07:00,AUTO_DETECTED,True,CHARGING,,['CHARGING'],,LOW_SOC,4.346,3.11,1.34,1.0,EVO200_LITE,EV_MOTORBIKE,3.5,3.22,,False,True,False,train
DE002228,T0087,V0027,2026-09-01T14:55:08.716656+07:00,DRIVER_REQUEST,True,CHARGING,CHARGING,['CHARGING'],True,VALID_REQUEST,4.346,3.11,1.34,1.0,EVO200_LITE,EV_MOTORBIKE,3.5,3.22,,False,True,False,train
DE002229,T0087,V0027,2026-09-01T14:55:08.716656+07:00,DRIVER_REQUEST,True,,BATTERY_SWAP,['CHARGING'],False,UNSUPPORTED_SERVICE,4.346,3.11,1.34,1.0,EVO200_LITE,EV_MOTORBIKE,3.5,3.22,,False,True,False,train
DE002230,T0087,V0027,2026-09-01T14:57:01.847160+07:00,AUTO_DETECTED,True,CHARGING,,['CHARGING'],,LOW_SOC,3.248,2.32,0.554,1.0,EVO200_LITE,EV_MOTORBIKE,3.5,3.22,,False,True,False,train
DE002231,T0087,V0027,2026-09-01T14:57:01.847160+07:00,DRIVER_REQUEST,True,CHARGING,CHARGING,['CHARGING'],True,VALID_REQUEST,3.248,2.32,0.554,1.0,EVO200_LITE,EV_MOTORBIKE,3.5,3.22,,False,True,False,train
DE002232,T0087,V0027,2026-09-01T14:57:01.847160+07:00,DRIVER_REQUEST,True,,BATTERY_SWAP,['CHARGING'],False,UNSUPPORTED_SERVICE,3.248,2.32,0.554,1.0,EVO200_LITE,EV_MOTORBIKE,3.5,3.22,,False,True,False,train
DE002233,T0088,V0028,2026-09-01T14:49:06.690838285+07:00,AUTO_DETECTED,True,CHARGING,,['CHARGING'],,LOW_SOC,17.822,54.65,6.359,1.0,VF_3,EV_CAR,18.64,17.15,,False,True,False,validation
DE002234,T0088,V0028,2026-09-01T14:49:06.690838285+07:00,DRIVER_REQUEST,True,CHARGING,CHARGING,['CHARGING'],True,VALID_REQUEST,17.822,54.65,6.359,1.0,VF_3,EV_CAR,18.64,17.15,,False,True,False,validation
DE002235,T0088,V0028,2026-09-01T14:49:06.690838285+07:00,DRIVER_REQUEST,True,,BATTERY_SWAP,['CHARGING'],False,UNSUPPORTED_SERVICE,17.822,54.65,6.359,1.0,VF_3,EV_CAR,18.64,17.15,,False,True,False,validation
DE002236,T0088,V0028,2026-09-01T14:51:05.685023185+07:00,AUTO_DETECTED,True,CHARGING,,['CHARGING'],,LOW_SOC,17.548,53.81,5.518,1.0,VF_3,EV_CAR,18.64,17.15,,False,True,False,validation
DE002237,T0088,V0028,2026-09-01T14:51:05.685023185+07:00,DRIVER_REQUEST,True,CHARGING,CHARGING,['CHARGING'],True,VALID_REQUEST,17.548,53.81,5.518,1.0,VF_3,EV_CAR,18.64,17.15,,False,True,False,validation
DE002238,T0088,V0028,2026-09-01T14:51:05.685023185+07:00,DRIVER_REQUEST,True,,BATTERY_SWAP,['CHARGING'],False,UNSUPPORTED_SERVICE,17.548,53.81,5.518,1.0,VF_3,EV_CAR,18.64,17.15,,False,True,False,validation
DE002239,T0088,V0028,2026-09-01T14:53:03.825288651+07:00,AUTO_DETECTED,True,CHARGING,,['CHARGING'],,LOW_SOC,17.278,52.99,4.691,1.0,VF_3,EV_CAR,18.64,17.15,,False,True,False,validation
DE002240,T0088,V0028,2026-09-01T14:53:03.825288651+07:00,DRIVER_REQUEST,True,CHARGING,CHARGING,['CHARGING'],True,VALID_REQUEST,17.278,52.99,4.691,1.0,VF_3,EV_CAR,18.64,17.15,,False,True,False,validation
DE002241,T0088,V0028,2026-09-01T14:53:03.825288651+07:00,DRIVER_REQUEST,True,,BATTERY_SWAP,['CHARGING'],False,UNSUPPORTED_SERVICE,17.278,52.99,4.691,1.0,VF_3,EV_CAR,18.64,17.15,,False,True,False,validation
DE002242,T0088,V0028,2026-09-01T14:54:39.970078785+07:00,AUTO_DETECTED,True,CHARGING,,['CHARGING'],,LOW_SOC,17.013,52.17,3.877,1.0,VF_3,EV_CAR,18.64,17.15,,False,True,False,validation
DE002243,T0088,V0028,2026-09-01T14:54:39.970078785+07:00,DRIVER_REQUEST,True,CHARGING,CHARGING,['CHARGING'],True,VALID_REQUEST,17.013,52.17,3.877,1.0,VF_3,EV_CAR,18.64,17.15,,False,True,False,validation
DE002244,T0088,V0028,2026-09-01T14:54:39.970078785+07:00,DRIVER_REQUEST,True,,BATTERY_SWAP,['CHARGING'],False,UNSUPPORTED_SERVICE,17.013,52.17,3.877,1.0,VF_3,EV_CAR,18.64,17.15,,False,True,False,validation
DE002245,T0088,V0028,2026-09-01T14:56:15.723028785+07:00,AUTO_DETECTED,True,CHARGING,,['CHARGING'],,LOW_SOC,16.742,51.34,3.047,1.0,VF_3,EV_CAR,18.64,17.15,,False,True,False,validation
DE002246,T0088,V0028,2026-09-01T14:56:15.723028785+07:00,DRIVER_REQUEST,True,CHARGING,CHARGING,['CHARGING'],True,VALID_REQUEST,16.742,51.34,3.047,1.0,VF_3,EV_CAR,18.64,17.15,,False,True,False,validation
DE002247,T0088,V0028,2026-09-01T14:56:15.723028785+07:00,DRIVER_REQUEST,True,,BATTERY_SWAP,['CHARGING'],False,UNSUPPORTED_SERVICE,16.742,51.34,3.047,1.0,VF_3,EV_CAR,18.64,17.15,,False,True,False,validation
DE002248,T0088,V0028,2026-09-01T14:57:54.107264214+07:00,AUTO_DETECTED,True,CHARGING,,['CHARGING'],,LOW_SOC,16.458,50.47,2.177,1.0,VF_3,EV_CAR,18.64,17.15,,False,True,False,validation
DE002249,T0088,V0028,2026-09-01T14:57:54.107264214+07:00,DRIVER_REQUEST,True,CHARGING,CHARGING,['CHARGING'],True,VALID_REQUEST,16.458,50.47,2.177,1.0,VF_3,EV_CAR,18.64,17.15,,False,True,False,validation
DE002250,T0088,V0028,2026-09-01T14:57:54.107264214+07:00,DRIVER_REQUEST,True,,BATTERY_SWAP,['CHARGING'],False,UNSUPPORTED_SERVICE,16.458,50.47,2.177,1.0,VF_3,EV_CAR,18.64,17.15,,False,True,False,validation
DE002251,T0088,V0028,2026-09-01T14:59:39.148137500+07:00,AUTO_DETECTED,True,CHARGING,,['CHARGING'],,LOW_SOC,16.186,49.64,1.343,1.0,VF_3,EV_CAR,18.64,17.15,,False,True,False,validation
DE002252,T0088,V0028,2026-09-01T14:59:39.148137500+07:00,DRIVER_REQUEST,True,CHARGING,CHARGING,['CHARGING'],True,VALID_REQUEST,16.186,49.64,1.343,1.0,VF_3,EV_CAR,18.64,17.15,,False,True,False,validation
DE002253,T0088,V0028,2026-09-01T14:59:39.148137500+07:00,DRIVER_REQUEST,True,,BATTERY_SWAP,['CHARGING'],False,UNSUPPORTED_SERVICE,16.186,49.64,1.343,1.0,VF_3,EV_CAR,18.64,17.15,,False,True,False,validation
DE002254,T0088,V0028,2026-09-01T15:01:27.918366499+07:00,AUTO_DETECTED,True,CHARGING,,['CHARGING'],,LOW_SOC,15.916,48.81,0.514,1.0,VF_3,EV_CAR,18.64,17.15,,False,True,False,validation
DE002255,T0088,V0028,2026-09-01T15:01:27.918366499+07:00,DRIVER_REQUEST,True,CHARGING,CHARGING,['CHARGING'],True,VALID_REQUEST,15.916,48.81,0.514,1.0,VF_3,EV_CAR,18.64,17.15,,False,True,False,validation
DE002256,T0088,V0028,2026-09-01T15:01:27.918366499+07:00,DRIVER_REQUEST,True,,BATTERY_SWAP,['CHARGING'],False,UNSUPPORTED_SERVICE,15.916,48.81,0.514,1.0,VF_3,EV_CAR,18.64,17.15,,False,True,False,validation
DE002257,T0089,V0015,2026-09-01T14:55:23.440788928+07:00,AUTO_DETECTED,True,,,"['CHARGING', 'BATTERY_SWAP']",,LOW_SOC,15.176,10.86,5.555,1.0,EVO,EV_MOTORBIKE,3.0,2.76,2.0,True,True,True,train
DE002258,T0089,V0015,2026-09-01T14:55:23.440788928+07:00,DRIVER_REQUEST,True,CHARGING,CHARGING,"['CHARGING', 'BATTERY_SWAP']",True,VALID_REQUEST,15.176,10.86,5.555,1.0,EVO,EV_MOTORBIKE,3.0,2.76,2.0,True,True,True,train
DE002259,T0089,V0015,2026-09-01T14:55:23.440788928+07:00,DRIVER_REQUEST,True,BATTERY_SWAP,BATTERY_SWAP,"['CHARGING', 'BATTERY_SWAP']",True,VALID_REQUEST,15.176,10.86,5.555,1.0,EVO,EV_MOTORBIKE,3.0,2.76,2.0,True,True,True,train
DE002260,T0089,V0015,2026-09-01T14:55:23.440788928+07:00,DRIVER_REQUEST,True,,ANY,"['CHARGING', 'BATTERY_SWAP']",True,VALID_REQUEST,15.176,10.86,5.555,1.0,EVO,EV_MOTORBIKE,3.0,2.76,2.0,True,True,True,train
DE002261,T0089,V0015,2026-09-01T14:57:10.897201128+07:00,AUTO_DETECTED,True,,,"['CHARGING', 'BATTERY_SWAP']",,LOW_SOC,13.995,10.01,4.709,1.0,EVO,EV_MOTORBIKE,3.0,2.76,2.0,True,True,True,train
DE002262,T0089,V0015,2026-09-01T14:57:10.897201128+07:00,DRIVER_REQUEST,True,CHARGING,CHARGING,"['CHARGING', 'BATTERY_SWAP']",True,VALID_REQUEST,13.995,10.01,4.709,1.0,EVO,EV_MOTORBIKE,3.0,2.76,2.0,True,True,True,train
DE002263,T0089,V0015,2026-09-01T14:57:10.897201128+07:00,DRIVER_REQUEST,True,BATTERY_SWAP,BATTERY_SWAP,"['CHARGING', 'BATTERY_SWAP']",True,VALID_REQUEST,13.995,10.01,4.709,1.0,EVO,EV_MOTORBIKE,3.0,2.76,2.0,True,True,True,train
DE002264,T0089,V0015,2026-09-01T14:57:10.897201128+07:00,DRIVER_REQUEST,True,,ANY,"['CHARGING', 'BATTERY_SWAP']",True,VALID_REQUEST,13.995,10.01,4.709,1.0,EVO,EV_MOTORBIKE,3.0,2.76,2.0,True,True,True,train
DE002265,T0089,V0015,2026-09-01T14:59:26.867559928+07:00,AUTO_DETECTED,True,,,"['CHARGING', 'BATTERY_SWAP']",,LOW_SOC,12.744,9.12,3.814,1.0,EVO,EV_MOTORBIKE,3.0,2.76,2.0,True,True,True,train
DE002266,T0089,V0015,2026-09-01T14:59:26.867559928+07:00,DRIVER_REQUEST,True,CHARGING,CHARGING,"['CHARGING', 'BATTERY_SWAP']",True,VALID_REQUEST,12.744,9.12,3.814,1.0,EVO,EV_MOTORBIKE,3.0,2.76,2.0,True,True,True,train
DE002267,T0089,V0015,2026-09-01T14:59:26.867559928+07:00,DRIVER_REQUEST,True,BATTERY_SWAP,BATTERY_SWAP,"['CHARGING', 'BATTERY_SWAP']",True,VALID_REQUEST,12.744,9.12,3.814,1.0,EVO,EV_MOTORBIKE,3.0,2.76,2.0,True,True,True,train
DE002268,T0089,V0015,2026-09-01T14:59:26.867559928+07:00,DRIVER_REQUEST,True,,ANY,"['CHARGING', 'BATTERY_SWAP']",True,VALID_REQUEST,12.744,9.12,3.814,1.0,EVO,EV_MOTORBIKE,3.0,2.76,2.0,True,True,True,train
DE002269,T0089,V0015,2026-09-01T15:01:15.309260499+07:00,AUTO_DETECTED,True,,,"['CHARGING', 'BATTERY_SWAP']",,LOW_SOC,11.619,8.31,3.009,1.0,EVO,EV_MOTORBIKE,3.0,2.76,2.0,True,True,True,train
DE002270,T0089,V0015,2026-09-01T15:01:15.309260499+07:00,DRIVER_REQUEST,True,CHARGING,CHARGING,"['CHARGING', 'BATTERY_SWAP']",True,VALID_REQUEST,11.619,8.31,3.009,1.0,EVO,EV_MOTORBIKE,3.0,2.76,2.0,True,True,True,train
DE002271,T0089,V0015,2026-09-01T15:01:15.309260499+07:00,DRIVER_REQUEST,True,BATTERY_SWAP,BATTERY_SWAP,"['CHARGING', 'BATTERY_SWAP']",True,VALID_REQUEST,11.619,8.31,3.009,1.0,EVO,EV_MOTORBIKE,3.0,2.76,2.0,True,True,True,train
DE002272,T0089,V0015,2026-09-01T15:01:15.309260499+07:00,DRIVER_REQUEST,True,,ANY,"['CHARGING', 'BATTERY_SWAP']",True,VALID_REQUEST,11.619,8.31,3.009,1.0,EVO,EV_MOTORBIKE,3.0,2.76,2.0,True,True,True,train
DE002273,T0089,V0015,2026-09-01T15:02:32.448260499+07:00,AUTO_DETECTED,True,,,"['CHARGING', 'BATTERY_SWAP']",,LOW_SOC,11.079,7.93,2.623,1.0,EVO,EV_MOTORBIKE,3.0,2.76,2.0,True,True,True,train
DE002274,T0089,V0015,2026-09-01T15:02:32.448260499+07:00,DRIVER_REQUEST,True,CHARGING,CHARGING,"['CHARGING', 'BATTERY_SWAP']",True,VALID_REQUEST,11.079,7.93,2.623,1.0,EVO,EV_MOTORBIKE,3.0,2.76,2.0,True,True,True,train
DE002275,T0089,V0015,2026-09-01T15:02:32.448260499+07:00,DRIVER_REQUEST,True,BATTERY_SWAP,BATTERY_SWAP,"['CHARGING', 'BATTERY_SWAP']",True,VALID_REQUEST,11.079,7.93,2.623,1.0,EVO,EV_MOTORBIKE,3.0,2.76,2.0,True,True,True,train
DE002276,T0089,V0015,2026-09-01T15:02:32.448260499+07:00,DRIVER_REQUEST,True,,ANY,"['CHARGING', 'BATTERY_SWAP']",True,VALID_REQUEST,11.079,7.93,2.623,1.0,EVO,EV_MOTORBIKE,3.0,2.76,2.0,True,True,True,train
DE002277,T0089,V0015,2026-09-01T15:03:50.180029642+07:00,AUTO_DETECTED,True,,,"['CHARGING', 'BATTERY_SWAP']",,LOW_SOC,10.419,7.46,2.15,1.0,EVO,EV_MOTORBIKE,3.0,2.76,2.0,True,True,True,train
DE002278,T0089,V0015,2026-09-01T15:03:50.180029642+07:00,DRIVER_REQUEST,True,CHARGING,CHARGING,"['CHARGING', 'BATTERY_SWAP']",True,VALID_REQUEST,10.419,7.46,2.15,1.0,EVO,EV_MOTORBIKE,3.0,2.76,2.0,True,True,True,train
DE002279,T0089,V0015,2026-09-01T15:03:50.180029642+07:00,DRIVER_REQUEST,True,BATTERY_SWAP,BATTERY_SWAP,"['CHARGING', 'BATTERY_SWAP']",True,VALID_REQUEST,10.419,7.46,2.15,1.0,EVO,EV_MOTORBIKE,3.0,2.76,2.0,True,True,True,train
DE002280,T0089,V0015,2026-09-01T15:03:50.180029642+07:00,DRIVER_REQUEST,True,,ANY,"['CHARGING', 'BATTERY_SWAP']",True,VALID_REQUEST,10.419,7.46,2.15,1.0,EVO,EV_MOTORBIKE,3.0,2.76,2.0,True,True,True,train
DE002281,T0089,V0015,2026-09-01T15:05:39.679438228+07:00,AUTO_DETECTED,True,,,"['CHARGING', 'BATTERY_SWAP']",,LOW_SOC,9.309,6.66,1.357,1.0,EVO,EV_MOTORBIKE,3.0,2.76,2.0,True,True,True,train
DE002282,T0089,V0015,2026-09-01T15:05:39.679438228+07:00,DRIVER_REQUEST,True,CHARGING,CHARGING,"['CHARGING', 'BATTERY_SWAP']",True,VALID_REQUEST,9.309,6.66,1.357,1.0,EVO,EV_MOTORBIKE,3.0,2.76,2.0,True,True,True,train
DE002283,T0089,V0015,2026-09-01T15:05:39.679438228+07:00,DRIVER_REQUEST,True,BATTERY_SWAP,BATTERY_SWAP,"['CHARGING', 'BATTERY_SWAP']",True,VALID_REQUEST,9.309,6.66,1.357,1.0,EVO,EV_MOTORBIKE,3.0,2.76,2.0,True,True,True,train
DE002284,T0089,V0015,2026-09-01T15:05:39.679438228+07:00,DRIVER_REQUEST,True,,ANY,"['CHARGING', 'BATTERY_SWAP']",True,VALID_REQUEST,9.309,6.66,1.357,1.0,EVO,EV_MOTORBIKE,3.0,2.76,2.0,True,True,True,train
DE002285,T0089,V0015,2026-09-01T15:07:47.097859428+07:00,AUTO_DETECTED,True,,,"['CHARGING', 'BATTERY_SWAP']",,LOW_SOC,8.169,5.85,0.541,1.0,EVO,EV_MOTORBIKE,3.0,2.76,2.0,True,True,True,train
DE002286,T0089,V0015,2026-09-01T15:07:47.097859428+07:00,DRIVER_REQUEST,True,CHARGING,CHARGING,"['CHARGING', 'BATTERY_SWAP']",True,VALID_REQUEST,8.169,5.85,0.541,1.0,EVO,EV_MOTORBIKE,3.0,2.76,2.0,True,True,True,train
DE002287,T0089,V0015,2026-09-01T15:07:47.097859428+07:00,DRIVER_REQUEST,True,BATTERY_SWAP,BATTERY_SWAP,"['CHARGING', 'BATTERY_SWAP']",True,VALID_REQUEST,8.169,5.85,0.541,1.0,EVO,EV_MOTORBIKE,3.0,2.76,2.0,True,True,True,train
DE002288,T0089,V0015,2026-09-01T15:07:47.097859428+07:00,DRIVER_REQUEST,True,,ANY,"['CHARGING', 'BATTERY_SWAP']",True,VALID_REQUEST,8.169,5.85,0.541,1.0,EVO,EV_MOTORBIKE,3.0,2.76,2.0,True,True,True,train
DE002289,T0090,V0030,2026-09-01T15:00:58.173911999+07:00,AUTO_DETECTED,True,CHARGING,,['CHARGING'],,LOW_SOC,17.435,12.48,4.449,1.0,FELIZ_S,EV_MOTORBIKE,3.5,3.22,,False,True,False,train
DE002290,T0090,V0030,2026-09-01T15:00:58.173911999+07:00,DRIVER_REQUEST,True,CHARGING,CHARGING,['CHARGING'],True,VALID_REQUEST,17.435,12.48,4.449,1.0,FELIZ_S,EV_MOTORBIKE,3.5,3.22,,False,True,False,train
DE002291,T0090,V0030,2026-09-01T15:00:58.173911999+07:00,DRIVER_REQUEST,True,,BATTERY_SWAP,['CHARGING'],False,UNSUPPORTED_SERVICE,17.435,12.48,4.449,1.0,FELIZ_S,EV_MOTORBIKE,3.5,3.22,,False,True,False,train
DE002292,T0090,V0030,2026-09-01T15:02:11.829786+07:00,AUTO_DETECTED,True,CHARGING,,['CHARGING'],,LOW_SOC,16.63,11.9,3.872,1.0,FELIZ_S,EV_MOTORBIKE,3.5,3.22,,False,True,False,train
DE002293,T0090,V0030,2026-09-01T15:02:11.829786+07:00,DRIVER_REQUEST,True,CHARGING,CHARGING,['CHARGING'],True,VALID_REQUEST,16.63,11.9,3.872,1.0,FELIZ_S,EV_MOTORBIKE,3.5,3.22,,False,True,False,train
DE002294,T0090,V0030,2026-09-01T15:02:11.829786+07:00,DRIVER_REQUEST,True,,BATTERY_SWAP,['CHARGING'],False,UNSUPPORTED_SERVICE,16.63,11.9,3.872,1.0,FELIZ_S,EV_MOTORBIKE,3.5,3.22,,False,True,False,train
DE002295,T0090,V0030,2026-09-01T15:03:32.298444+07:00,AUTO_DETECTED,True,CHARGING,,['CHARGING'],,LOW_SOC,15.79,11.3,3.272,1.0,FELIZ_S,EV_MOTORBIKE,3.5,3.22,,False,True,False,train
DE002296,T0090,V0030,2026-09-01T15:03:32.298444+07:00,DRIVER_REQUEST,True,CHARGING,CHARGING,['CHARGING'],True,VALID_REQUEST,15.79,11.3,3.272,1.0,FELIZ_S,EV_MOTORBIKE,3.5,3.22,,False,True,False,train
DE002297,T0090,V0030,2026-09-01T15:03:32.298444+07:00,DRIVER_REQUEST,True,,BATTERY_SWAP,['CHARGING'],False,UNSUPPORTED_SERVICE,15.79,11.3,3.272,1.0,FELIZ_S,EV_MOTORBIKE,3.5,3.22,,False,True,False,train
DE002298,T0090,V0030,2026-09-01T15:04:53.766155999+07:00,AUTO_DETECTED,True,CHARGING,,['CHARGING'],,LOW_SOC,14.999,10.73,2.706,1.0,FELIZ_S,EV_MOTORBIKE,3.5,3.22,,False,True,False,train
DE002299,T0090,V0030,2026-09-01T15:04:53.766155999+07:00,DRIVER_REQUEST,True,CHARGING,CHARGING,['CHARGING'],True,VALID_REQUEST,14.999,10.73,2.706,1.0,FELIZ_S,EV_MOTORBIKE,3.5,3.22,,False,True,False,train
DE002300,T0090,V0030,2026-09-01T15:04:53.766155999+07:00,DRIVER_REQUEST,True,,BATTERY_SWAP,['CHARGING'],False,UNSUPPORTED_SERVICE,14.999,10.73,2.706,1.0,FELIZ_S,EV_MOTORBIKE,3.5,3.22,,False,True,False,train
DE002301,T0090,V0030,2026-09-01T15:06:17.133832800+07:00,AUTO_DETECTED,True,CHARGING,,['CHARGING'],,LOW_SOC,14.19,10.15,2.127,1.0,FELIZ_S,EV_MOTORBIKE,3.5,3.22,,False,True,False,train
DE002302,T0090,V0030,2026-09-01T15:06:17.133832800+07:00,DRIVER_REQUEST,True,CHARGING,CHARGING,['CHARGING'],True,VALID_REQUEST,14.19,10.15,2.127,1.0,FELIZ_S,EV_MOTORBIKE,3.5,3.22,,False,True,False,train
DE002303,T0090,V0030,2026-09-01T15:06:17.133832800+07:00,DRIVER_REQUEST,True,,BATTERY_SWAP,['CHARGING'],False,UNSUPPORTED_SERVICE,14.19,10.15,2.127,1.0,FELIZ_S,EV_MOTORBIKE,3.5,3.22,,False,True,False,train
DE002304,T0090,V0030,2026-09-01T15:07:38.996981142+07:00,AUTO_DETECTED,True,CHARGING,,['CHARGING'],,LOW_SOC,13.396,9.59,1.558,1.0,FELIZ_S,EV_MOTORBIKE,3.5,3.22,,False,True,False,train
DE002305,T0090,V0030,2026-09-01T15:07:38.996981142+07:00,DRIVER_REQUEST,True,CHARGING,CHARGING,['CHARGING'],True,VALID_REQUEST,13.396,9.59,1.558,1.0,FELIZ_S,EV_MOTORBIKE,3.5,3.22,,False,True,False,train
DE002306,T0090,V0030,2026-09-01T15:07:38.996981142+07:00,DRIVER_REQUEST,True,,BATTERY_SWAP,['CHARGING'],False,UNSUPPORTED_SERVICE,13.396,9.59,1.558,1.0,FELIZ_S,EV_MOTORBIKE,3.5,3.22,,False,True,False,train
DE002307,T0090,V0030,2026-09-01T15:09:00.964476+07:00,AUTO_DETECTED,True,CHARGING,,['CHARGING'],,LOW_SOC,12.6,9.02,0.989,1.0,FELIZ_S,EV_MOTORBIKE,3.5,3.22,,False,True,False,train
DE002308,T0090,V0030,2026-09-01T15:09:00.964476+07:00,DRIVER_REQUEST,True,CHARGING,CHARGING,['CHARGING'],True,VALID_REQUEST,12.6,9.02,0.989,1.0,FELIZ_S,EV_MOTORBIKE,3.5,3.22,,False,True,False,train
DE002309,T0090,V0030,2026-09-01T15:09:00.964476+07:00,DRIVER_REQUEST,True,,BATTERY_SWAP,['CHARGING'],False,UNSUPPORTED_SERVICE,12.6,9.02,0.989,1.0,FELIZ_S,EV_MOTORBIKE,3.5,3.22,,False,True,False,train
DE002310,T0090,V0030,2026-09-01T15:10:28.052610857+07:00,AUTO_DETECTED,True,CHARGING,,['CHARGING'],,LOW_SOC,11.755,8.41,0.384,1.0,FELIZ_S,EV_MOTORBIKE,3.5,3.22,,False,True,False,train
DE002311,T0090,V0030,2026-09-01T15:10:28.052610857+07:00,DRIVER_REQUEST,True,CHARGING,CHARGING,['CHARGING'],True,VALID_REQUEST,11.755,8.41,0.384,1.0,FELIZ_S,EV_MOTORBIKE,3.5,3.22,,False,True,False,train
DE002312,T0090,V0030,2026-09-01T15:10:28.052610857+07:00,DRIVER_REQUEST,True,,BATTERY_SWAP,['CHARGING'],False,UNSUPPORTED_SERVICE,11.755,8.41,0.384,1.0,FELIZ_S,EV_MOTORBIKE,3.5,3.22,,False,True,False,train
DE002313,T0091,V0031,2026-09-01T15:06:28.651859357+07:00,AUTO_DETECTED,True,CHARGING,,['CHARGING'],,LOW_SOC,17.932,54.99,2.606,1.0,VF_6,EV_CAR,59.6,54.83,,False,True,False,train
DE002314,T0091,V0031,2026-09-01T15:06:28.651859357+07:00,DRIVER_REQUEST,True,CHARGING,CHARGING,['CHARGING'],True,VALID_REQUEST,17.932,54.99,2.606,1.0,VF_6,EV_CAR,59.6,54.83,,False,True,False,train
DE002315,T0091,V0031,2026-09-01T15:06:28.651859357+07:00,DRIVER_REQUEST,True,,BATTERY_SWAP,['CHARGING'],False,UNSUPPORTED_SERVICE,17.932,54.99,2.606,1.0,VF_6,EV_CAR,59.6,54.83,,False,True,False,train
DE002316,T0091,V0031,2026-09-01T15:07:05.593736908+07:00,AUTO_DETECTED,True,CHARGING,,['CHARGING'],,LOW_SOC,17.821,54.65,2.264,1.0,VF_6,EV_CAR,59.6,54.83,,False,True,False,train
DE002317,T0091,V0031,2026-09-01T15:07:05.593736908+07:00,DRIVER_REQUEST,True,CHARGING,CHARGING,['CHARGING'],True,VALID_REQUEST,17.821,54.65,2.264,1.0,VF_6,EV_CAR,59.6,54.83,,False,True,False,train
DE002318,T0091,V0031,2026-09-01T15:07:05.593736908+07:00,DRIVER_REQUEST,True,,BATTERY_SWAP,['CHARGING'],False,UNSUPPORTED_SERVICE,17.821,54.65,2.264,1.0,VF_6,EV_CAR,59.6,54.83,,False,True,False,train
DE002319,T0091,V0031,2026-09-01T15:07:42.459367928+07:00,AUTO_DETECTED,True,CHARGING,,['CHARGING'],,LOW_SOC,17.704,54.29,1.906,1.0,VF_6,EV_CAR,59.6,54.83,,False,True,False,train
DE002320,T0091,V0031,2026-09-01T15:07:42.459367928+07:00,DRIVER_REQUEST,True,CHARGING,CHARGING,['CHARGING'],True,VALID_REQUEST,17.704,54.29,1.906,1.0,VF_6,EV_CAR,59.6,54.83,,False,True,False,train
DE002321,T0091,V0031,2026-09-01T15:07:42.459367928+07:00,DRIVER_REQUEST,True,,BATTERY_SWAP,['CHARGING'],False,UNSUPPORTED_SERVICE,17.704,54.29,1.906,1.0,VF_6,EV_CAR,59.6,54.83,,False,True,False,train
DE002322,T0091,V0031,2026-09-01T15:08:31.347375928+07:00,AUTO_DETECTED,True,CHARGING,,['CHARGING'],,LOW_SOC,17.616,54.02,1.636,1.0,VF_6,EV_CAR,59.6,54.83,,False,True,False,train
DE002323,T0091,V0031,2026-09-01T15:08:31.347375928+07:00,DRIVER_REQUEST,True,CHARGING,CHARGING,['CHARGING'],True,VALID_REQUEST,17.616,54.02,1.636,1.0,VF_6,EV_CAR,59.6,54.83,,False,True,False,train
DE002324,T0091,V0031,2026-09-01T15:08:31.347375928+07:00,DRIVER_REQUEST,True,,BATTERY_SWAP,['CHARGING'],False,UNSUPPORTED_SERVICE,17.616,54.02,1.636,1.0,VF_6,EV_CAR,59.6,54.83,,False,True,False,train
DE002325,T0091,V0031,2026-09-01T15:09:26.420775928+07:00,AUTO_DETECTED,True,CHARGING,,['CHARGING'],,LOW_SOC,17.526,53.75,1.361,1.0,VF_6,EV_CAR,59.6,54.83,,False,True,False,train
DE002326,T0091,V0031,2026-09-01T15:09:26.420775928+07:00,DRIVER_REQUEST,True,CHARGING,CHARGING,['CHARGING'],True,VALID_REQUEST,17.526,53.75,1.361,1.0,VF_6,EV_CAR,59.6,54.83,,False,True,False,train
DE002327,T0091,V0031,2026-09-01T15:09:26.420775928+07:00,DRIVER_REQUEST,True,,BATTERY_SWAP,['CHARGING'],False,UNSUPPORTED_SERVICE,17.526,53.75,1.361,1.0,VF_6,EV_CAR,59.6,54.83,,False,True,False,train
DE002328,T0091,V0031,2026-09-01T15:10:23.530495928+07:00,AUTO_DETECTED,True,CHARGING,,['CHARGING'],,LOW_SOC,17.409,53.39,1.001,1.0,VF_6,EV_CAR,59.6,54.83,,False,True,False,train
DE002329,T0091,V0031,2026-09-01T15:10:23.530495928+07:00,DRIVER_REQUEST,True,CHARGING,CHARGING,['CHARGING'],True,VALID_REQUEST,17.409,53.39,1.001,1.0,VF_6,EV_CAR,59.6,54.83,,False,True,False,train
DE002330,T0091,V0031,2026-09-01T15:10:23.530495928+07:00,DRIVER_REQUEST,True,,BATTERY_SWAP,['CHARGING'],False,UNSUPPORTED_SERVICE,17.409,53.39,1.001,1.0,VF_6,EV_CAR,59.6,54.83,,False,True,False,train
DE002331,T0091,V0031,2026-09-01T15:11:40.683204500+07:00,AUTO_DETECTED,True,CHARGING,,['CHARGING'],,LOW_SOC,17.281,52.99,0.608,1.0,VF_6,EV_CAR,59.6,54.83,,False,True,False,train
DE002332,T0091,V0031,2026-09-01T15:11:40.683204500+07:00,DRIVER_REQUEST,True,CHARGING,CHARGING,['CHARGING'],True,VALID_REQUEST,17.281,52.99,0.608,1.0,VF_6,EV_CAR,59.6,54.83,,False,True,False,train
DE002333,T0091,V0031,2026-09-01T15:11:40.683204500+07:00,DRIVER_REQUEST,True,,BATTERY_SWAP,['CHARGING'],False,UNSUPPORTED_SERVICE,17.281,52.99,0.608,1.0,VF_6,EV_CAR,59.6,54.83,,False,True,False,train
DE002334,T0091,V0031,2026-09-01T15:12:36.437758785+07:00,AUTO_DETECTED,True,CHARGING,,['CHARGING'],,LOW_SOC,17.156,52.61,0.224,1.0,VF_6,EV_CAR,59.6,54.83,,False,True,False,train
DE002335,T0091,V0031,2026-09-01T15:12:36.437758785+07:00,DRIVER_REQUEST,True,CHARGING,CHARGING,['CHARGING'],True,VALID_REQUEST,17.156,52.61,0.224,1.0,VF_6,EV_CAR,59.6,54.83,,False,True,False,train
DE002336,T0091,V0031,2026-09-01T15:12:36.437758785+07:00,DRIVER_REQUEST,True,,BATTERY_SWAP,['CHARGING'],False,UNSUPPORTED_SERVICE,17.156,52.61,0.224,1.0,VF_6,EV_CAR,59.6,54.83,,False,True,False,train
DE002337,T0092,V0032,2026-09-01T15:13:02.358407999+07:00,AUTO_DETECTED,True,CHARGING,,['CHARGING'],,LOW_SOC,17.822,54.65,6.468,1.0,VF_7_ECO,EV_CAR,59.6,54.83,,False,True,False,train
DE002338,T0092,V0032,2026-09-01T15:13:02.358407999+07:00,DRIVER_REQUEST,True,CHARGING,CHARGING,['CHARGING'],True,VALID_REQUEST,17.822,54.65,6.468,1.0,VF_7_ECO,EV_CAR,59.6,54.83,,False,True,False,train
DE002339,T0092,V0032,2026-09-01T15:13:02.358407999+07:00,DRIVER_REQUEST,True,,BATTERY_SWAP,['CHARGING'],False,UNSUPPORTED_SERVICE,17.822,54.65,6.468,1.0,VF_7_ECO,EV_CAR,59.6,54.83,,False,True,False,train
DE002340,T0092,V0032,2026-09-01T15:14:31.498511999+07:00,AUTO_DETECTED,True,CHARGING,,['CHARGING'],,LOW_SOC,17.592,53.95,5.762,1.0,VF_7_ECO,EV_CAR,59.6,54.83,,False,True,False,train
DE002341,T0092,V0032,2026-09-01T15:14:31.498511999+07:00,DRIVER_REQUEST,True,CHARGING,CHARGING,['CHARGING'],True,VALID_REQUEST,17.592,53.95,5.762,1.0,VF_7_ECO,EV_CAR,59.6,54.83,,False,True,False,train
DE002342,T0092,V0032,2026-09-01T15:14:31.498511999+07:00,DRIVER_REQUEST,True,,BATTERY_SWAP,['CHARGING'],False,UNSUPPORTED_SERVICE,17.592,53.95,5.762,1.0,VF_7_ECO,EV_CAR,59.6,54.83,,False,True,False,train
DE002343,T0092,V0032,2026-09-01T15:16:52.564960+07:00,AUTO_DETECTED,True,CHARGING,,['CHARGING'],,LOW_SOC,17.282,53.0,4.814,1.0,VF_7_ECO,EV_CAR,59.6,54.83,,False,True,False,train
DE002344,T0092,V0032,2026-09-01T15:16:52.564960+07:00,DRIVER_REQUEST,True,CHARGING,CHARGING,['CHARGING'],True,VALID_REQUEST,17.282,53.0,4.814,1.0,VF_7_ECO,EV_CAR,59.6,54.83,,False,True,False,train
DE002345,T0092,V0032,2026-09-01T15:16:52.564960+07:00,DRIVER_REQUEST,True,,BATTERY_SWAP,['CHARGING'],False,UNSUPPORTED_SERVICE,17.282,53.0,4.814,1.0,VF_7_ECO,EV_CAR,59.6,54.83,,False,True,False,train
DE002346,T0092,V0032,2026-09-01T15:19:02.669208+07:00,AUTO_DETECTED,True,CHARGING,,['CHARGING'],,LOW_SOC,16.978,52.07,3.879,1.0,VF_7_ECO,EV_CAR,59.6,54.83,,False,True,False,train
DE002347,T0092,V0032,2026-09-01T15:19:02.669208+07:00,DRIVER_REQUEST,True,CHARGING,CHARGING,['CHARGING'],True,VALID_REQUEST,16.978,52.07,3.879,1.0,VF_7_ECO,EV_CAR,59.6,54.83,,False,True,False,train
DE002348,T0092,V0032,2026-09-01T15:19:02.669208+07:00,DRIVER_REQUEST,True,,BATTERY_SWAP,['CHARGING'],False,UNSUPPORTED_SERVICE,16.978,52.07,3.879,1.0,VF_7_ECO,EV_CAR,59.6,54.83,,False,True,False,train
DE002349,T0092,V0032,2026-09-01T15:21:24.989398399+07:00,AUTO_DETECTED,True,CHARGING,,['CHARGING'],,LOW_SOC,16.686,51.17,2.983,1.0,VF_7_ECO,EV_CAR,59.6,54.83,,False,True,False,train
DE002350,T0092,V0032,2026-09-01T15:21:24.989398399+07:00,DRIVER_REQUEST,True,CHARGING,CHARGING,['CHARGING'],True,VALID_REQUEST,16.686,51.17,2.983,1.0,VF_7_ECO,EV_CAR,59.6,54.83,,False,True,False,train
DE002351,T0092,V0032,2026-09-01T15:21:24.989398399+07:00,DRIVER_REQUEST,True,,BATTERY_SWAP,['CHARGING'],False,UNSUPPORTED_SERVICE,16.686,51.17,2.983,1.0,VF_7_ECO,EV_CAR,59.6,54.83,,False,True,False,train
DE002352,T0092,V0032,2026-09-01T15:23:07.971319999+07:00,AUTO_DETECTED,True,CHARGING,,['CHARGING'],,LOW_SOC,16.451,50.45,2.264,1.0,VF_7_ECO,EV_CAR,59.6,54.83,,False,True,False,train
DE002353,T0092,V0032,2026-09-01T15:23:07.971319999+07:00,DRIVER_REQUEST,True,CHARGING,CHARGING,['CHARGING'],True,VALID_REQUEST,16.451,50.45,2.264,1.0,VF_7_ECO,EV_CAR,59.6,54.83,,False,True,False,train
DE002354,T0092,V0032,2026-09-01T15:23:07.971319999+07:00,DRIVER_REQUEST,True,,BATTERY_SWAP,['CHARGING'],False,UNSUPPORTED_SERVICE,16.451,50.45,2.264,1.0,VF_7_ECO,EV_CAR,59.6,54.83,,False,True,False,train
DE002355,T0092,V0032,2026-09-01T15:25:54.324167999+07:00,AUTO_DETECTED,True,CHARGING,,['CHARGING'],,LOW_SOC,16.133,49.47,1.289,1.0,VF_7_ECO,EV_CAR,59.6,54.83,,False,True,False,train
DE002356,T0092,V0032,2026-09-01T15:25:54.324167999+07:00,DRIVER_REQUEST,True,CHARGING,CHARGING,['CHARGING'],True,VALID_REQUEST,16.133,49.47,1.289,1.0,VF_7_ECO,EV_CAR,59.6,54.83,,False,True,False,train
DE002357,T0092,V0032,2026-09-01T15:25:54.324167999+07:00,DRIVER_REQUEST,True,,BATTERY_SWAP,['CHARGING'],False,UNSUPPORTED_SERVICE,16.133,49.47,1.289,1.0,VF_7_ECO,EV_CAR,59.6,54.83,,False,True,False,train
DE002358,T0092,V0032,2026-09-01T15:27:55.195482285+07:00,AUTO_DETECTED,True,CHARGING,,['CHARGING'],,LOW_SOC,15.863,48.65,0.459,1.0,VF_7_ECO,EV_CAR,59.6,54.83,,False,True,False,train
DE002359,T0092,V0032,2026-09-01T15:27:55.195482285+07:00,DRIVER_REQUEST,True,CHARGING,CHARGING,['CHARGING'],True,VALID_REQUEST,15.863,48.65,0.459,1.0,VF_7_ECO,EV_CAR,59.6,54.83,,False,True,False,train
DE002360,T0092,V0032,2026-09-01T15:27:55.195482285+07:00,DRIVER_REQUEST,True,,BATTERY_SWAP,['CHARGING'],False,UNSUPPORTED_SERVICE,15.863,48.65,0.459,1.0,VF_7_ECO,EV_CAR,59.6,54.83,,False,True,False,train
DE002361,T0093,V0033,2026-09-01T15:19:05.581228999+07:00,AUTO_DETECTED,True,CHARGING,,['CHARGING'],,LOW_SOC,17.333,12.4,5.475,1.0,KLARA_S_2022,EV_MOTORBIKE,3.5,3.22,,False,True,False,test
DE002362,T0093,V0033,2026-09-01T15:19:05.581228999+07:00,DRIVER_REQUEST,True,CHARGING,CHARGING,['CHARGING'],True,VALID_REQUEST,17.333,12.4,5.475,1.0,KLARA_S_2022,EV_MOTORBIKE,3.5,3.22,,False,True,False,test
DE002363,T0093,V0033,2026-09-01T15:19:05.581228999+07:00,DRIVER_REQUEST,True,,BATTERY_SWAP,['CHARGING'],False,UNSUPPORTED_SERVICE,17.333,12.4,5.475,1.0,KLARA_S_2022,EV_MOTORBIKE,3.5,3.22,,False,True,False,test
DE002364,T0093,V0033,2026-09-01T15:21:32.907116499+07:00,AUTO_DETECTED,True,CHARGING,,['CHARGING'],,LOW_SOC,16.292,11.66,4.73,1.0,KLARA_S_2022,EV_MOTORBIKE,3.5,3.22,,False,True,False,test
DE002365,T0093,V0033,2026-09-01T15:21:32.907116499+07:00,DRIVER_REQUEST,True,CHARGING,CHARGING,['CHARGING'],True,VALID_REQUEST,16.292,11.66,4.73,1.0,KLARA_S_2022,EV_MOTORBIKE,3.5,3.22,,False,True,False,test
DE002366,T0093,V0033,2026-09-01T15:21:32.907116499+07:00,DRIVER_REQUEST,True,,BATTERY_SWAP,['CHARGING'],False,UNSUPPORTED_SERVICE,16.292,11.66,4.73,1.0,KLARA_S_2022,EV_MOTORBIKE,3.5,3.22,,False,True,False,test
DE002367,T0093,V0033,2026-09-01T15:23:18.587980500+07:00,AUTO_DETECTED,True,CHARGING,,['CHARGING'],,LOW_SOC,15.257,10.92,3.989,1.0,KLARA_S_2022,EV_MOTORBIKE,3.5,3.22,,False,True,False,test
DE002368,T0093,V0033,2026-09-01T15:23:18.587980500+07:00,DRIVER_REQUEST,True,CHARGING,CHARGING,['CHARGING'],True,VALID_REQUEST,15.257,10.92,3.989,1.0,KLARA_S_2022,EV_MOTORBIKE,3.5,3.22,,False,True,False,test
DE002369,T0093,V0033,2026-09-01T15:23:18.587980500+07:00,DRIVER_REQUEST,True,,BATTERY_SWAP,['CHARGING'],False,UNSUPPORTED_SERVICE,15.257,10.92,3.989,1.0,KLARA_S_2022,EV_MOTORBIKE,3.5,3.22,,False,True,False,test
DE002370,T0093,V0033,2026-09-01T15:25:35.702938+07:00,AUTO_DETECTED,True,CHARGING,,['CHARGING'],,LOW_SOC,14.204,10.16,3.236,1.0,KLARA_S_2022,EV_MOTORBIKE,3.5,3.22,,False,True,False,test
DE002371,T0093,V0033,2026-09-01T15:25:35.702938+07:00,DRIVER_REQUEST,True,CHARGING,CHARGING,['CHARGING'],True,VALID_REQUEST,14.204,10.16,3.236,1.0,KLARA_S_2022,EV_MOTORBIKE,3.5,3.22,,False,True,False,test
DE002372,T0093,V0033,2026-09-01T15:25:35.702938+07:00,DRIVER_REQUEST,True,,BATTERY_SWAP,['CHARGING'],False,UNSUPPORTED_SERVICE,14.204,10.16,3.236,1.0,KLARA_S_2022,EV_MOTORBIKE,3.5,3.22,,False,True,False,test
DE002373,T0093,V0033,2026-09-01T15:27:23.493250499+07:00,AUTO_DETECTED,True,CHARGING,,['CHARGING'],,LOW_SOC,13.294,9.51,2.584,1.0,KLARA_S_2022,EV_MOTORBIKE,3.5,3.22,,False,True,False,test
DE002374,T0093,V0033,2026-09-01T15:27:23.493250499+07:00,DRIVER_REQUEST,True,CHARGING,CHARGING,['CHARGING'],True,VALID_REQUEST,13.294,9.51,2.584,1.0,KLARA_S_2022,EV_MOTORBIKE,3.5,3.22,,False,True,False,test
DE002375,T0093,V0033,2026-09-01T15:27:23.493250499+07:00,DRIVER_REQUEST,True,,BATTERY_SWAP,['CHARGING'],False,UNSUPPORTED_SERVICE,13.294,9.51,2.584,1.0,KLARA_S_2022,EV_MOTORBIKE,3.5,3.22,,False,True,False,test
DE002376,T0093,V0033,2026-09-01T15:29:03.814369499+07:00,AUTO_DETECTED,True,CHARGING,,['CHARGING'],,LOW_SOC,12.291,8.79,1.867,1.0,KLARA_S_2022,EV_MOTORBIKE,3.5,3.22,,False,True,False,test
DE002377,T0093,V0033,2026-09-01T15:29:03.814369499+07:00,DRIVER_REQUEST,True,CHARGING,CHARGING,['CHARGING'],True,VALID_REQUEST,12.291,8.79,1.867,1.0,KLARA_S_2022,EV_MOTORBIKE,3.5,3.22,,False,True,False,test
DE002378,T0093,V0033,2026-09-01T15:29:03.814369499+07:00,DRIVER_REQUEST,True,,BATTERY_SWAP,['CHARGING'],False,UNSUPPORTED_SERVICE,12.291,8.79,1.867,1.0,KLARA_S_2022,EV_MOTORBIKE,3.5,3.22,,False,True,False,test
DE002379,T0093,V0033,2026-09-01T15:30:46.988929499+07:00,AUTO_DETECTED,True,CHARGING,,['CHARGING'],,LOW_SOC,11.289,8.08,1.15,1.0,KLARA_S_2022,EV_MOTORBIKE,3.5,3.22,,False,True,False,test
DE002380,T0093,V0033,2026-09-01T15:30:46.988929499+07:00,DRIVER_REQUEST,True,CHARGING,CHARGING,['CHARGING'],True,VALID_REQUEST,11.289,8.08,1.15,1.0,KLARA_S_2022,EV_MOTORBIKE,3.5,3.22,,False,True,False,test
DE002381,T0093,V0033,2026-09-01T15:30:46.988929499+07:00,DRIVER_REQUEST,True,,BATTERY_SWAP,['CHARGING'],False,UNSUPPORTED_SERVICE,11.289,8.08,1.15,1.0,KLARA_S_2022,EV_MOTORBIKE,3.5,3.22,,False,True,False,test
DE002382,T0093,V0033,2026-09-01T15:32:22.308671999+07:00,AUTO_DETECTED,True,CHARGING,,['CHARGING'],,LOW_SOC,10.314,7.38,0.452,1.0,KLARA_S_2022,EV_MOTORBIKE,3.5,3.22,,False,True,False,test
DE002383,T0093,V0033,2026-09-01T15:32:22.308671999+07:00,DRIVER_REQUEST,True,CHARGING,CHARGING,['CHARGING'],True,VALID_REQUEST,10.314,7.38,0.452,1.0,KLARA_S_2022,EV_MOTORBIKE,3.5,3.22,,False,True,False,test
DE002384,T0093,V0033,2026-09-01T15:32:22.308671999+07:00,DRIVER_REQUEST,True,,BATTERY_SWAP,['CHARGING'],False,UNSUPPORTED_SERVICE,10.314,7.38,0.452,1.0,KLARA_S_2022,EV_MOTORBIKE,3.5,3.22,,False,True,False,test
DE002385,T0094,V0034,2026-09-01T15:25:16.484160+07:00,AUTO_DETECTED,True,CHARGING,,['CHARGING'],,LOW_SOC,17.812,54.62,6.84,1.026,VF_7_PLUS,EV_CAR,75.3,69.28,,False,True,False,train
DE002386,T0094,V0034,2026-09-01T15:25:16.484160+07:00,DRIVER_REQUEST,True,CHARGING,CHARGING,['CHARGING'],True,VALID_REQUEST,17.812,54.62,6.84,1.026,VF_7_PLUS,EV_CAR,75.3,69.28,,False,True,False,train
DE002387,T0094,V0034,2026-09-01T15:25:16.484160+07:00,DRIVER_REQUEST,True,,BATTERY_SWAP,['CHARGING'],False,UNSUPPORTED_SERVICE,17.812,54.62,6.84,1.026,VF_7_PLUS,EV_CAR,75.3,69.28,,False,True,False,train
DE002388,T0094,V0034,2026-09-01T15:28:02.246145714+07:00,AUTO_DETECTED,True,CHARGING,,['CHARGING'],,LOW_SOC,17.526,53.75,5.964,1.0,VF_7_PLUS,EV_CAR,75.3,69.28,,False,True,False,train
DE002389,T0094,V0034,2026-09-01T15:28:02.246145714+07:00,DRIVER_REQUEST,True,CHARGING,CHARGING,['CHARGING'],True,VALID_REQUEST,17.526,53.75,5.964,1.0,VF_7_PLUS,EV_CAR,75.3,69.28,,False,True,False,train
DE002390,T0094,V0034,2026-09-01T15:28:02.246145714+07:00,DRIVER_REQUEST,True,,BATTERY_SWAP,['CHARGING'],False,UNSUPPORTED_SERVICE,17.526,53.75,5.964,1.0,VF_7_PLUS,EV_CAR,75.3,69.28,,False,True,False,train
DE002391,T0094,V0034,2026-09-01T15:30:35.957311999+07:00,AUTO_DETECTED,True,CHARGING,,['CHARGING'],,LOW_SOC,17.227,52.83,5.048,1.0,VF_7_PLUS,EV_CAR,75.3,69.28,,False,True,False,train
DE002392,T0094,V0034,2026-09-01T15:30:35.957311999+07:00,DRIVER_REQUEST,True,CHARGING,CHARGING,['CHARGING'],True,VALID_REQUEST,17.227,52.83,5.048,1.0,VF_7_PLUS,EV_CAR,75.3,69.28,,False,True,False,train
DE002393,T0094,V0034,2026-09-01T15:30:35.957311999+07:00,DRIVER_REQUEST,True,,BATTERY_SWAP,['CHARGING'],False,UNSUPPORTED_SERVICE,17.227,52.83,5.048,1.0,VF_7_PLUS,EV_CAR,75.3,69.28,,False,True,False,train
DE002394,T0094,V0034,2026-09-01T15:33:23.218255999+07:00,AUTO_DETECTED,True,CHARGING,,['CHARGING'],,LOW_SOC,16.923,51.9,4.117,1.0,VF_7_PLUS,EV_CAR,75.3,69.28,,False,True,False,train
DE002395,T0094,V0034,2026-09-01T15:33:23.218255999+07:00,DRIVER_REQUEST,True,CHARGING,CHARGING,['CHARGING'],True,VALID_REQUEST,16.923,51.9,4.117,1.0,VF_7_PLUS,EV_CAR,75.3,69.28,,False,True,False,train
DE002396,T0094,V0034,2026-09-01T15:33:23.218255999+07:00,DRIVER_REQUEST,True,,BATTERY_SWAP,['CHARGING'],False,UNSUPPORTED_SERVICE,16.923,51.9,4.117,1.0,VF_7_PLUS,EV_CAR,75.3,69.28,,False,True,False,train
DE002397,T0094,V0034,2026-09-01T15:36:08.517631999+07:00,AUTO_DETECTED,True,CHARGING,,['CHARGING'],,LOW_SOC,16.638,51.02,3.242,1.0,VF_7_PLUS,EV_CAR,75.3,69.28,,False,True,False,train
DE002398,T0094,V0034,2026-09-01T15:36:08.517631999+07:00,DRIVER_REQUEST,True,CHARGING,CHARGING,['CHARGING'],True,VALID_REQUEST,16.638,51.02,3.242,1.0,VF_7_PLUS,EV_CAR,75.3,69.28,,False,True,False,train
DE002399,T0094,V0034,2026-09-01T15:36:08.517631999+07:00,DRIVER_REQUEST,True,,BATTERY_SWAP,['CHARGING'],False,UNSUPPORTED_SERVICE,16.638,51.02,3.242,1.0,VF_7_PLUS,EV_CAR,75.3,69.28,,False,True,False,train
DE002400,T0094,V0034,2026-09-01T15:38:28.341959999+07:00,AUTO_DETECTED,True,CHARGING,,['CHARGING'],,LOW_SOC,16.348,50.13,2.353,1.0,VF_7_PLUS,EV_CAR,75.3,69.28,,False,True,False,train
DE002401,T0094,V0034,2026-09-01T15:38:28.341959999+07:00,DRIVER_REQUEST,True,CHARGING,CHARGING,['CHARGING'],True,VALID_REQUEST,16.348,50.13,2.353,1.0,VF_7_PLUS,EV_CAR,75.3,69.28,,False,True,False,train
DE002402,T0094,V0034,2026-09-01T15:38:28.341959999+07:00,DRIVER_REQUEST,True,,BATTERY_SWAP,['CHARGING'],False,UNSUPPORTED_SERVICE,16.348,50.13,2.353,1.0,VF_7_PLUS,EV_CAR,75.3,69.28,,False,True,False,train
DE002403,T0094,V0034,2026-09-01T15:41:07.215941333+07:00,AUTO_DETECTED,True,CHARGING,,['CHARGING'],,LOW_SOC,16.064,49.26,1.48,1.0,VF_7_PLUS,EV_CAR,75.3,69.28,,False,True,False,train
DE002404,T0094,V0034,2026-09-01T15:41:07.215941333+07:00,DRIVER_REQUEST,True,CHARGING,CHARGING,['CHARGING'],True,VALID_REQUEST,16.064,49.26,1.48,1.0,VF_7_PLUS,EV_CAR,75.3,69.28,,False,True,False,train
DE002405,T0094,V0034,2026-09-01T15:41:07.215941333+07:00,DRIVER_REQUEST,True,,BATTERY_SWAP,['CHARGING'],False,UNSUPPORTED_SERVICE,16.064,49.26,1.48,1.0,VF_7_PLUS,EV_CAR,75.3,69.28,,False,True,False,train
DE002406,T0094,V0034,2026-09-01T15:43:39.396935999+07:00,AUTO_DETECTED,True,CHARGING,,['CHARGING'],,LOW_SOC,15.769,48.36,0.575,1.0,VF_7_PLUS,EV_CAR,75.3,69.28,,False,True,False,train
DE002407,T0094,V0034,2026-09-01T15:43:39.396935999+07:00,DRIVER_REQUEST,True,CHARGING,CHARGING,['CHARGING'],True,VALID_REQUEST,15.769,48.36,0.575,1.0,VF_7_PLUS,EV_CAR,75.3,69.28,,False,True,False,train
DE002408,T0094,V0034,2026-09-01T15:43:39.396935999+07:00,DRIVER_REQUEST,True,,BATTERY_SWAP,['CHARGING'],False,UNSUPPORTED_SERVICE,15.769,48.36,0.575,1.0,VF_7_PLUS,EV_CAR,75.3,69.28,,False,True,False,train
DE002409,T0095,V0035,2026-09-01T15:30:45.080616+07:00,AUTO_DETECTED,True,CHARGING,,['CHARGING'],,LOW_SOC,17.908,54.92,2.771,1.0,VF_8,EV_CAR,87.7,80.68,,False,True,False,train
DE002410,T0095,V0035,2026-09-01T15:30:45.080616+07:00,DRIVER_REQUEST,True,CHARGING,CHARGING,['CHARGING'],True,VALID_REQUEST,17.908,54.92,2.771,1.0,VF_8,EV_CAR,87.7,80.68,,False,True,False,train
DE002411,T0095,V0035,2026-09-01T15:30:45.080616+07:00,DRIVER_REQUEST,True,,BATTERY_SWAP,['CHARGING'],False,UNSUPPORTED_SERVICE,17.908,54.92,2.771,1.0,VF_8,EV_CAR,87.7,80.68,,False,True,False,train
DE002412,T0095,V0035,2026-09-01T15:31:40.108221999+07:00,AUTO_DETECTED,True,CHARGING,,['CHARGING'],,LOW_SOC,17.781,54.53,2.424,1.0,VF_8,EV_CAR,87.7,80.68,,False,True,False,train
DE002413,T0095,V0035,2026-09-01T15:31:40.108221999+07:00,DRIVER_REQUEST,True,CHARGING,CHARGING,['CHARGING'],True,VALID_REQUEST,17.781,54.53,2.424,1.0,VF_8,EV_CAR,87.7,80.68,,False,True,False,train
DE002414,T0095,V0035,2026-09-01T15:31:40.108221999+07:00,DRIVER_REQUEST,True,,BATTERY_SWAP,['CHARGING'],False,UNSUPPORTED_SERVICE,17.781,54.53,2.424,1.0,VF_8,EV_CAR,87.7,80.68,,False,True,False,train
DE002415,T0095,V0035,2026-09-01T15:32:34.204468+07:00,AUTO_DETECTED,True,CHARGING,,['CHARGING'],,LOW_SOC,17.644,54.11,2.049,1.0,VF_8,EV_CAR,87.7,80.68,,False,True,False,train
DE002416,T0095,V0035,2026-09-01T15:32:34.204468+07:00,DRIVER_REQUEST,True,CHARGING,CHARGING,['CHARGING'],True,VALID_REQUEST,17.644,54.11,2.049,1.0,VF_8,EV_CAR,87.7,80.68,,False,True,False,train
DE002417,T0095,V0035,2026-09-01T15:32:34.204468+07:00,DRIVER_REQUEST,True,,BATTERY_SWAP,['CHARGING'],False,UNSUPPORTED_SERVICE,17.644,54.11,2.049,1.0,VF_8,EV_CAR,87.7,80.68,,False,True,False,train
DE002418,T0095,V0035,2026-09-01T15:33:27.039616+07:00,AUTO_DETECTED,True,CHARGING,,['CHARGING'],,LOW_SOC,17.51,53.7,1.682,1.0,VF_8,EV_CAR,87.7,80.68,,False,True,False,train
DE002419,T0095,V0035,2026-09-01T15:33:27.039616+07:00,DRIVER_REQUEST,True,CHARGING,CHARGING,['CHARGING'],True,VALID_REQUEST,17.51,53.7,1.682,1.0,VF_8,EV_CAR,87.7,80.68,,False,True,False,train
DE002420,T0095,V0035,2026-09-01T15:33:27.039616+07:00,DRIVER_REQUEST,True,,BATTERY_SWAP,['CHARGING'],False,UNSUPPORTED_SERVICE,17.51,53.7,1.682,1.0,VF_8,EV_CAR,87.7,80.68,,False,True,False,train
DE002421,T0095,V0035,2026-09-01T15:34:31.722186+07:00,AUTO_DETECTED,True,CHARGING,,['CHARGING'],,LOW_SOC,17.37,53.27,1.298,1.0,VF_8,EV_CAR,87.7,80.68,,False,True,False,train
DE002422,T0095,V0035,2026-09-01T15:34:31.722186+07:00,DRIVER_REQUEST,True,CHARGING,CHARGING,['CHARGING'],True,VALID_REQUEST,17.37,53.27,1.298,1.0,VF_8,EV_CAR,87.7,80.68,,False,True,False,train
DE002423,T0095,V0035,2026-09-01T15:34:31.722186+07:00,DRIVER_REQUEST,True,,BATTERY_SWAP,['CHARGING'],False,UNSUPPORTED_SERVICE,17.37,53.27,1.298,1.0,VF_8,EV_CAR,87.7,80.68,,False,True,False,train
DE002424,T0095,V0035,2026-09-01T15:35:37.859472+07:00,AUTO_DETECTED,True,CHARGING,,['CHARGING'],,LOW_SOC,17.248,52.89,0.963,1.0,VF_8,EV_CAR,87.7,80.68,,False,True,False,train
DE002425,T0095,V0035,2026-09-01T15:35:37.859472+07:00,DRIVER_REQUEST,True,CHARGING,CHARGING,['CHARGING'],True,VALID_REQUEST,17.248,52.89,0.963,1.0,VF_8,EV_CAR,87.7,80.68,,False,True,False,train
DE002426,T0095,V0035,2026-09-01T15:35:37.859472+07:00,DRIVER_REQUEST,True,,BATTERY_SWAP,['CHARGING'],False,UNSUPPORTED_SERVICE,17.248,52.89,0.963,1.0,VF_8,EV_CAR,87.7,80.68,,False,True,False,train
DE002427,T0095,V0035,2026-09-01T15:36:30.837032+07:00,AUTO_DETECTED,True,CHARGING,,['CHARGING'],,LOW_SOC,17.119,52.5,0.612,1.0,VF_8,EV_CAR,87.7,80.68,,False,True,False,train
DE002428,T0095,V0035,2026-09-01T15:36:30.837032+07:00,DRIVER_REQUEST,True,CHARGING,CHARGING,['CHARGING'],True,VALID_REQUEST,17.119,52.5,0.612,1.0,VF_8,EV_CAR,87.7,80.68,,False,True,False,train
DE002429,T0095,V0035,2026-09-01T15:36:30.837032+07:00,DRIVER_REQUEST,True,,BATTERY_SWAP,['CHARGING'],False,UNSUPPORTED_SERVICE,17.119,52.5,0.612,1.0,VF_8,EV_CAR,87.7,80.68,,False,True,False,train
DE002430,T0095,V0035,2026-09-01T15:37:32.377784+07:00,AUTO_DETECTED,True,CHARGING,,['CHARGING'],,LOW_SOC,16.983,52.08,0.239,1.0,VF_8,EV_CAR,87.7,80.68,,False,True,False,train
DE002431,T0095,V0035,2026-09-01T15:37:32.377784+07:00,DRIVER_REQUEST,True,CHARGING,CHARGING,['CHARGING'],True,VALID_REQUEST,16.983,52.08,0.239,1.0,VF_8,EV_CAR,87.7,80.68,,False,True,False,train
DE002432,T0095,V0035,2026-09-01T15:37:32.377784+07:00,DRIVER_REQUEST,True,,BATTERY_SWAP,['CHARGING'],False,UNSUPPORTED_SERVICE,16.983,52.08,0.239,1.0,VF_8,EV_CAR,87.7,80.68,,False,True,False,train
DE002433,T0096,V0036,2026-09-01T15:36:48.976066596+07:00,AUTO_DETECTED,True,CHARGING,,['CHARGING'],,LOW_SOC_AND_INSUFFICIENT_RANGE,6.453,4.62,4.575,1.0,VENTO_S,EV_MOTORBIKE,3.5,3.22,,False,True,False,train
DE002434,T0096,V0036,2026-09-01T15:36:48.976066596+07:00,DRIVER_REQUEST,True,CHARGING,CHARGING,['CHARGING'],True,VALID_REQUEST,6.453,4.62,4.575,1.0,VENTO_S,EV_MOTORBIKE,3.5,3.22,,False,True,False,train
DE002435,T0096,V0036,2026-09-01T15:36:48.976066596+07:00,DRIVER_REQUEST,True,,BATTERY_SWAP,['CHARGING'],False,UNSUPPORTED_SERVICE,6.453,4.62,4.575,1.0,VENTO_S,EV_MOTORBIKE,3.5,3.22,,False,True,False,train
DE002436,T0096,V0036,2026-09-01T15:38:23.622794499+07:00,AUTO_DETECTED,True,CHARGING,,['CHARGING'],,LOW_SOC_AND_INSUFFICIENT_RANGE,5.597,4.01,3.962,1.0,VENTO_S,EV_MOTORBIKE,3.5,3.22,,False,True,False,train
DE002437,T0096,V0036,2026-09-01T15:38:23.622794499+07:00,DRIVER_REQUEST,True,CHARGING,CHARGING,['CHARGING'],True,VALID_REQUEST,5.597,4.01,3.962,1.0,VENTO_S,EV_MOTORBIKE,3.5,3.22,,False,True,False,train
DE002438,T0096,V0036,2026-09-01T15:38:23.622794499+07:00,DRIVER_REQUEST,True,,BATTERY_SWAP,['CHARGING'],False,UNSUPPORTED_SERVICE,5.597,4.01,3.962,1.0,VENTO_S,EV_MOTORBIKE,3.5,3.22,,False,True,False,train
DE002439,T0096,V0036,2026-09-01T15:39:59.209022370+07:00,AUTO_DETECTED,True,CHARGING,,['CHARGING'],,LOW_SOC_AND_INSUFFICIENT_RANGE,4.773,3.42,3.373,1.0,VENTO_S,EV_MOTORBIKE,3.5,3.22,,False,True,False,train
DE002440,T0096,V0036,2026-09-01T15:39:59.209022370+07:00,DRIVER_REQUEST,True,CHARGING,CHARGING,['CHARGING'],True,VALID_REQUEST,4.773,3.42,3.373,1.0,VENTO_S,EV_MOTORBIKE,3.5,3.22,,False,True,False,train
DE002441,T0096,V0036,2026-09-01T15:39:59.209022370+07:00,DRIVER_REQUEST,True,,BATTERY_SWAP,['CHARGING'],False,UNSUPPORTED_SERVICE,4.773,3.42,3.373,1.0,VENTO_S,EV_MOTORBIKE,3.5,3.22,,False,True,False,train
DE002442,T0096,V0036,2026-09-01T15:41:18.450551999+07:00,AUTO_DETECTED,True,CHARGING,,['CHARGING'],,LOW_SOC_AND_INSUFFICIENT_RANGE,3.948,2.82,2.782,1.0,VENTO_S,EV_MOTORBIKE,3.5,3.22,,False,True,False,train
DE002443,T0096,V0036,2026-09-01T15:41:18.450551999+07:00,DRIVER_REQUEST,True,CHARGING,CHARGING,['CHARGING'],True,VALID_REQUEST,3.948,2.82,2.782,1.0,VENTO_S,EV_MOTORBIKE,3.5,3.22,,False,True,False,train
DE002444,T0096,V0036,2026-09-01T15:41:18.450551999+07:00,DRIVER_REQUEST,True,,BATTERY_SWAP,['CHARGING'],False,UNSUPPORTED_SERVICE,3.948,2.82,2.782,1.0,VENTO_S,EV_MOTORBIKE,3.5,3.22,,False,True,False,train
DE002445,T0096,V0036,2026-09-01T15:42:45.656087999+07:00,AUTO_DETECTED,True,CHARGING,,['CHARGING'],,LOW_SOC_AND_INSUFFICIENT_RANGE,3.102,2.22,2.177,1.0,VENTO_S,EV_MOTORBIKE,3.5,3.22,,False,True,False,train
DE002446,T0096,V0036,2026-09-01T15:42:45.656087999+07:00,DRIVER_REQUEST,True,CHARGING,CHARGING,['CHARGING'],True,VALID_REQUEST,3.102,2.22,2.177,1.0,VENTO_S,EV_MOTORBIKE,3.5,3.22,,False,True,False,train
DE002447,T0096,V0036,2026-09-01T15:42:45.656087999+07:00,DRIVER_REQUEST,True,,BATTERY_SWAP,['CHARGING'],False,UNSUPPORTED_SERVICE,3.102,2.22,2.177,1.0,VENTO_S,EV_MOTORBIKE,3.5,3.22,,False,True,False,train
DE002448,T0096,V0036,2026-09-01T15:43:58.172748532+07:00,AUTO_DETECTED,True,CHARGING,,['CHARGING'],,LOW_SOC_AND_INSUFFICIENT_RANGE,2.296,1.64,1.6,1.0,VENTO_S,EV_MOTORBIKE,3.5,3.22,,False,True,False,train
DE002449,T0096,V0036,2026-09-01T15:43:58.172748532+07:00,DRIVER_REQUEST,True,CHARGING,CHARGING,['CHARGING'],True,VALID_REQUEST,2.296,1.64,1.6,1.0,VENTO_S,EV_MOTORBIKE,3.5,3.22,,False,True,False,train
DE002450,T0096,V0036,2026-09-01T15:43:58.172748532+07:00,DRIVER_REQUEST,True,,BATTERY_SWAP,['CHARGING'],False,UNSUPPORTED_SERVICE,2.296,1.64,1.6,1.0,VENTO_S,EV_MOTORBIKE,3.5,3.22,,False,True,False,train
DE002451,T0096,V0036,2026-09-01T15:45:44.504986999+07:00,AUTO_DETECTED,True,CHARGING,,['CHARGING'],,LOW_SOC_AND_INSUFFICIENT_RANGE,1.433,1.03,0.983,1.0,VENTO_S,EV_MOTORBIKE,3.5,3.22,,False,True,False,train
DE002452,T0096,V0036,2026-09-01T15:45:44.504986999+07:00,DRIVER_REQUEST,True,CHARGING,CHARGING,['CHARGING'],True,VALID_REQUEST,1.433,1.03,0.983,1.0,VENTO_S,EV_MOTORBIKE,3.5,3.22,,False,True,False,train
DE002453,T0096,V0036,2026-09-01T15:45:44.504986999+07:00,DRIVER_REQUEST,True,,BATTERY_SWAP,['CHARGING'],False,UNSUPPORTED_SERVICE,1.433,1.03,0.983,1.0,VENTO_S,EV_MOTORBIKE,3.5,3.22,,False,True,False,train
DE002454,T0096,V0036,2026-09-01T15:47:47.608147483+07:00,AUTO_DETECTED,True,CHARGING,,['CHARGING'],,LOW_SOC_AND_INSUFFICIENT_RANGE,0.558,0.4,0.356,1.0,VENTO_S,EV_MOTORBIKE,3.5,3.22,,False,True,False,train
DE002455,T0096,V0036,2026-09-01T15:47:47.608147483+07:00,DRIVER_REQUEST,True,CHARGING,CHARGING,['CHARGING'],True,VALID_REQUEST,0.558,0.4,0.356,1.0,VENTO_S,EV_MOTORBIKE,3.5,3.22,,False,True,False,train
DE002456,T0096,V0036,2026-09-01T15:47:47.608147483+07:00,DRIVER_REQUEST,True,,BATTERY_SWAP,['CHARGING'],False,UNSUPPORTED_SERVICE,0.558,0.4,0.356,1.0,VENTO_S,EV_MOTORBIKE,3.5,3.22,,False,True,False,train
DE002457,T0097,V0037,2026-09-01T15:42:38.060928+07:00,AUTO_DETECTED,False,,,['CHARGING'],,SUFFICIENT_SOC_RANGE,49.793,152.7,3.254,1.0,VF_9,EV_CAR,123.0,113.16,,False,True,False,test
DE002458,T0097,V0037,2026-09-01T15:42:38.060928+07:00,DRIVER_REQUEST,True,CHARGING,CHARGING,['CHARGING'],True,VALID_REQUEST,49.793,152.7,3.254,1.0,VF_9,EV_CAR,123.0,113.16,,False,True,False,test
DE002459,T0097,V0037,2026-09-01T15:42:38.060928+07:00,DRIVER_REQUEST,True,,BATTERY_SWAP,['CHARGING'],False,UNSUPPORTED_SERVICE,49.793,152.7,3.254,1.0,VF_9,EV_CAR,123.0,113.16,,False,True,False,test
DE002460,T0097,V0037,2026-09-01T15:43:41.845398857+07:00,AUTO_DETECTED,False,,,['CHARGING'],,SUFFICIENT_SOC_RANGE,49.647,152.25,2.807,1.0,VF_9,EV_CAR,123.0,113.16,,False,True,False,test
DE002461,T0097,V0037,2026-09-01T15:43:41.845398857+07:00,DRIVER_REQUEST,True,CHARGING,CHARGING,['CHARGING'],True,VALID_REQUEST,49.647,152.25,2.807,1.0,VF_9,EV_CAR,123.0,113.16,,False,True,False,test
DE002462,T0097,V0037,2026-09-01T15:43:41.845398857+07:00,DRIVER_REQUEST,True,,BATTERY_SWAP,['CHARGING'],False,UNSUPPORTED_SERVICE,49.647,152.25,2.807,1.0,VF_9,EV_CAR,123.0,113.16,,False,True,False,test
DE002463,T0097,V0037,2026-09-01T15:44:46.350102857+07:00,AUTO_DETECTED,False,,,['CHARGING'],,SUFFICIENT_SOC_RANGE,49.501,151.8,2.359,1.0,VF_9,EV_CAR,123.0,113.16,,False,True,False,test
DE002464,T0097,V0037,2026-09-01T15:44:46.350102857+07:00,DRIVER_REQUEST,True,CHARGING,CHARGING,['CHARGING'],True,VALID_REQUEST,49.501,151.8,2.359,1.0,VF_9,EV_CAR,123.0,113.16,,False,True,False,test
DE002465,T0097,V0037,2026-09-01T15:44:46.350102857+07:00,DRIVER_REQUEST,True,,BATTERY_SWAP,['CHARGING'],False,UNSUPPORTED_SERVICE,49.501,151.8,2.359,1.0,VF_9,EV_CAR,123.0,113.16,,False,True,False,test
DE002466,T0097,V0037,2026-09-01T15:45:48.515862857+07:00,AUTO_DETECTED,False,,,['CHARGING'],,SUFFICIENT_SOC_RANGE,49.36,151.37,1.927,1.0,VF_9,EV_CAR,123.0,113.16,,False,True,False,test
DE002467,T0097,V0037,2026-09-01T15:45:48.515862857+07:00,DRIVER_REQUEST,True,CHARGING,CHARGING,['CHARGING'],True,VALID_REQUEST,49.36,151.37,1.927,1.0,VF_9,EV_CAR,123.0,113.16,,False,True,False,test
DE002468,T0097,V0037,2026-09-01T15:45:48.515862857+07:00,DRIVER_REQUEST,True,,BATTERY_SWAP,['CHARGING'],False,UNSUPPORTED_SERVICE,49.36,151.37,1.927,1.0,VF_9,EV_CAR,123.0,113.16,,False,True,False,test
DE002469,T0097,V0037,2026-09-01T15:46:39.924294857+07:00,AUTO_DETECTED,False,,,['CHARGING'],,SUFFICIENT_SOC_RANGE,49.244,151.01,1.57,1.0,VF_9,EV_CAR,123.0,113.16,,False,True,False,test
DE002470,T0097,V0037,2026-09-01T15:46:39.924294857+07:00,DRIVER_REQUEST,True,CHARGING,CHARGING,['CHARGING'],True,VALID_REQUEST,49.244,151.01,1.57,1.0,VF_9,EV_CAR,123.0,113.16,,False,True,False,test
DE002471,T0097,V0037,2026-09-01T15:46:39.924294857+07:00,DRIVER_REQUEST,True,,BATTERY_SWAP,['CHARGING'],False,UNSUPPORTED_SERVICE,49.244,151.01,1.57,1.0,VF_9,EV_CAR,123.0,113.16,,False,True,False,test
DE002472,T0097,V0037,2026-09-01T15:47:35.332902857+07:00,AUTO_DETECTED,False,,,['CHARGING'],,SUFFICIENT_SOC_RANGE,49.118,150.63,1.186,1.0,VF_9,EV_CAR,123.0,113.16,,False,True,False,test
DE002473,T0097,V0037,2026-09-01T15:47:35.332902857+07:00,DRIVER_REQUEST,True,CHARGING,CHARGING,['CHARGING'],True,VALID_REQUEST,49.118,150.63,1.186,1.0,VF_9,EV_CAR,123.0,113.16,,False,True,False,test
DE002474,T0097,V0037,2026-09-01T15:47:35.332902857+07:00,DRIVER_REQUEST,True,,BATTERY_SWAP,['CHARGING'],False,UNSUPPORTED_SERVICE,49.118,150.63,1.186,1.0,VF_9,EV_CAR,123.0,113.16,,False,True,False,test
DE002475,T0097,V0037,2026-09-01T15:48:40.066086857+07:00,AUTO_DETECTED,False,,,['CHARGING'],,SUFFICIENT_SOC_RANGE,48.972,150.18,0.736,1.0,VF_9,EV_CAR,123.0,113.16,,False,True,False,test
DE002476,T0097,V0037,2026-09-01T15:48:40.066086857+07:00,DRIVER_REQUEST,True,CHARGING,CHARGING,['CHARGING'],True,VALID_REQUEST,48.972,150.18,0.736,1.0,VF_9,EV_CAR,123.0,113.16,,False,True,False,test
DE002477,T0097,V0037,2026-09-01T15:48:40.066086857+07:00,DRIVER_REQUEST,True,,BATTERY_SWAP,['CHARGING'],False,UNSUPPORTED_SERVICE,48.972,150.18,0.736,1.0,VF_9,EV_CAR,123.0,113.16,,False,True,False,test
DE002478,T0097,V0037,2026-09-01T15:49:46.831542857+07:00,AUTO_DETECTED,False,,,['CHARGING'],,SUFFICIENT_SOC_RANGE,48.82,149.72,0.272,1.0,VF_9,EV_CAR,123.0,113.16,,False,True,False,test
DE002479,T0097,V0037,2026-09-01T15:49:46.831542857+07:00,DRIVER_REQUEST,True,CHARGING,CHARGING,['CHARGING'],True,VALID_REQUEST,48.82,149.72,0.272,1.0,VF_9,EV_CAR,123.0,113.16,,False,True,False,test
DE002480,T0097,V0037,2026-09-01T15:49:46.831542857+07:00,DRIVER_REQUEST,True,,BATTERY_SWAP,['CHARGING'],False,UNSUPPORTED_SERVICE,48.82,149.72,0.272,1.0,VF_9,EV_CAR,123.0,113.16,,False,True,False,test
DE002481,T0098,V0038,2026-09-01T15:49:05.564472+07:00,AUTO_DETECTED,False,,,['CHARGING'],,SUFFICIENT_SOC_RANGE,64.161,196.76,3.884,1.0,VF_E34,EV_CAR,41.9,38.55,,False,True,False,train
DE002482,T0098,V0038,2026-09-01T15:49:05.564472+07:00,DRIVER_REQUEST,True,CHARGING,CHARGING,['CHARGING'],True,VALID_REQUEST,64.161,196.76,3.884,1.0,VF_E34,EV_CAR,41.9,38.55,,False,True,False,train
DE002483,T0098,V0038,2026-09-01T15:49:05.564472+07:00,DRIVER_REQUEST,True,,BATTERY_SWAP,['CHARGING'],False,UNSUPPORTED_SERVICE,64.161,196.76,3.884,1.0,VF_E34,EV_CAR,41.9,38.55,,False,True,False,train
DE002484,T0098,V0038,2026-09-01T15:50:12.605255999+07:00,AUTO_DETECTED,False,,,['CHARGING'],,SUFFICIENT_SOC_RANGE,64.01,196.3,3.418,1.0,VF_E34,EV_CAR,41.9,38.55,,False,True,False,train
DE002485,T0098,V0038,2026-09-01T15:50:12.605255999+07:00,DRIVER_REQUEST,True,CHARGING,CHARGING,['CHARGING'],True,VALID_REQUEST,64.01,196.3,3.418,1.0,VF_E34,EV_CAR,41.9,38.55,,False,True,False,train
DE002486,T0098,V0038,2026-09-01T15:50:12.605255999+07:00,DRIVER_REQUEST,True,,BATTERY_SWAP,['CHARGING'],False,UNSUPPORTED_SERVICE,64.01,196.3,3.418,1.0,VF_E34,EV_CAR,41.9,38.55,,False,True,False,train
DE002487,T0098,V0038,2026-09-01T15:51:17.887080+07:00,AUTO_DETECTED,False,,,['CHARGING'],,SUFFICIENT_SOC_RANGE,63.862,195.84,2.965,1.0,VF_E34,EV_CAR,41.9,38.55,,False,True,False,train
DE002488,T0098,V0038,2026-09-01T15:51:17.887080+07:00,DRIVER_REQUEST,True,CHARGING,CHARGING,['CHARGING'],True,VALID_REQUEST,63.862,195.84,2.965,1.0,VF_E34,EV_CAR,41.9,38.55,,False,True,False,train
DE002489,T0098,V0038,2026-09-01T15:51:17.887080+07:00,DRIVER_REQUEST,True,,BATTERY_SWAP,['CHARGING'],False,UNSUPPORTED_SERVICE,63.862,195.84,2.965,1.0,VF_E34,EV_CAR,41.9,38.55,,False,True,False,train
DE002490,T0098,V0038,2026-09-01T15:52:37.857413538+07:00,AUTO_DETECTED,False,,,['CHARGING'],,SUFFICIENT_SOC_RANGE,63.681,195.29,2.409,1.0,VF_E34,EV_CAR,41.9,38.55,,False,True,False,train
DE002491,T0098,V0038,2026-09-01T15:52:37.857413538+07:00,DRIVER_REQUEST,True,CHARGING,CHARGING,['CHARGING'],True,VALID_REQUEST,63.681,195.29,2.409,1.0,VF_E34,EV_CAR,41.9,38.55,,False,True,False,train
DE002492,T0098,V0038,2026-09-01T15:52:37.857413538+07:00,DRIVER_REQUEST,True,,BATTERY_SWAP,['CHARGING'],False,UNSUPPORTED_SERVICE,63.681,195.29,2.409,1.0,VF_E34,EV_CAR,41.9,38.55,,False,True,False,train
DE002493,T0098,V0038,2026-09-01T15:53:53.688899076+07:00,AUTO_DETECTED,False,,,['CHARGING'],,SUFFICIENT_SOC_RANGE,63.509,194.76,1.883,1.0,VF_E34,EV_CAR,41.9,38.55,,False,True,False,train
DE002494,T0098,V0038,2026-09-01T15:53:53.688899076+07:00,DRIVER_REQUEST,True,CHARGING,CHARGING,['CHARGING'],True,VALID_REQUEST,63.509,194.76,1.883,1.0,VF_E34,EV_CAR,41.9,38.55,,False,True,False,train
DE002495,T0098,V0038,2026-09-01T15:53:53.688899076+07:00,DRIVER_REQUEST,True,,BATTERY_SWAP,['CHARGING'],False,UNSUPPORTED_SERVICE,63.509,194.76,1.883,1.0,VF_E34,EV_CAR,41.9,38.55,,False,True,False,train
DE002496,T0098,V0038,2026-09-01T15:55:18.969937999+07:00,AUTO_DETECTED,False,,,['CHARGING'],,SUFFICIENT_SOC_RANGE,63.331,194.21,1.337,1.0,VF_E34,EV_CAR,41.9,38.55,,False,True,False,train
DE002497,T0098,V0038,2026-09-01T15:55:18.969937999+07:00,DRIVER_REQUEST,True,CHARGING,CHARGING,['CHARGING'],True,VALID_REQUEST,63.331,194.21,1.337,1.0,VF_E34,EV_CAR,41.9,38.55,,False,True,False,train
DE002498,T0098,V0038,2026-09-01T15:55:18.969937999+07:00,DRIVER_REQUEST,True,,BATTERY_SWAP,['CHARGING'],False,UNSUPPORTED_SERVICE,63.331,194.21,1.337,1.0,VF_E34,EV_CAR,41.9,38.55,,False,True,False,train
DE002499,T0098,V0038,2026-09-01T15:56:29.872639999+07:00,AUTO_DETECTED,False,,,['CHARGING'],,SUFFICIENT_SOC_RANGE,63.17,193.72,0.845,1.0,VF_E34,EV_CAR,41.9,38.55,,False,True,False,train
DE002500,T0098,V0038,2026-09-01T15:56:29.872639999+07:00,DRIVER_REQUEST,True,CHARGING,CHARGING,['CHARGING'],True,VALID_REQUEST,63.17,193.72,0.845,1.0,VF_E34,EV_CAR,41.9,38.55,,False,True,False,train
DE002501,T0098,V0038,2026-09-01T15:56:29.872639999+07:00,DRIVER_REQUEST,True,,BATTERY_SWAP,['CHARGING'],False,UNSUPPORTED_SERVICE,63.17,193.72,0.845,1.0,VF_E34,EV_CAR,41.9,38.55,,False,True,False,train
DE002502,T0098,V0038,2026-09-01T15:57:41.704879999+07:00,AUTO_DETECTED,False,,,['CHARGING'],,SUFFICIENT_SOC_RANGE,63.008,193.22,0.346,1.0,VF_E34,EV_CAR,41.9,38.55,,False,True,False,train
DE002503,T0098,V0038,2026-09-01T15:57:41.704879999+07:00,DRIVER_REQUEST,True,CHARGING,CHARGING,['CHARGING'],True,VALID_REQUEST,63.008,193.22,0.346,1.0,VF_E34,EV_CAR,41.9,38.55,,False,True,False,train
DE002504,T0098,V0038,2026-09-01T15:57:41.704879999+07:00,DRIVER_REQUEST,True,,BATTERY_SWAP,['CHARGING'],False,UNSUPPORTED_SERVICE,63.008,193.22,0.346,1.0,VF_E34,EV_CAR,41.9,38.55,,False,True,False,train
DE002505,T0099,V0039,2026-09-01T15:55:04.116167999+07:00,AUTO_DETECTED,False,,,['CHARGING'],,SUFFICIENT_SOC_RANGE,82.756,59.22,6.525,1.0,EVO200,EV_MOTORBIKE,3.5,3.22,,False,True,False,train
DE002506,T0099,V0039,2026-09-01T15:55:04.116167999+07:00,DRIVER_REQUEST,True,CHARGING,CHARGING,['CHARGING'],True,VALID_REQUEST,82.756,59.22,6.525,1.0,EVO200,EV_MOTORBIKE,3.5,3.22,,False,True,False,train
DE002507,T0099,V0039,2026-09-01T15:55:04.116167999+07:00,DRIVER_REQUEST,True,,BATTERY_SWAP,['CHARGING'],False,UNSUPPORTED_SERVICE,82.756,59.22,6.525,1.0,EVO200,EV_MOTORBIKE,3.5,3.22,,False,True,False,train
DE002508,T0099,V0039,2026-09-01T15:57:20.536705499+07:00,AUTO_DETECTED,False,,,['CHARGING'],,SUFFICIENT_SOC_RANGE,81.574,58.37,5.68,1.0,EVO200,EV_MOTORBIKE,3.5,3.22,,False,True,False,train
DE002509,T0099,V0039,2026-09-01T15:57:20.536705499+07:00,DRIVER_REQUEST,True,CHARGING,CHARGING,['CHARGING'],True,VALID_REQUEST,81.574,58.37,5.68,1.0,EVO200,EV_MOTORBIKE,3.5,3.22,,False,True,False,train
DE002510,T0099,V0039,2026-09-01T15:57:20.536705499+07:00,DRIVER_REQUEST,True,,BATTERY_SWAP,['CHARGING'],False,UNSUPPORTED_SERVICE,81.574,58.37,5.68,1.0,EVO200,EV_MOTORBIKE,3.5,3.22,,False,True,False,train
DE002511,T0099,V0039,2026-09-01T15:59:07.516345500+07:00,AUTO_DETECTED,False,,,['CHARGING'],,SUFFICIENT_SOC_RANGE,80.53,57.62,4.932,1.0,EVO200,EV_MOTORBIKE,3.5,3.22,,False,True,False,train
DE002512,T0099,V0039,2026-09-01T15:59:07.516345500+07:00,DRIVER_REQUEST,True,CHARGING,CHARGING,['CHARGING'],True,VALID_REQUEST,80.53,57.62,4.932,1.0,EVO200,EV_MOTORBIKE,3.5,3.22,,False,True,False,train
DE002513,T0099,V0039,2026-09-01T15:59:07.516345500+07:00,DRIVER_REQUEST,True,,BATTERY_SWAP,['CHARGING'],False,UNSUPPORTED_SERVICE,80.53,57.62,4.932,1.0,EVO200,EV_MOTORBIKE,3.5,3.22,,False,True,False,train
DE002514,T0099,V0039,2026-09-01T16:01:49.708545500+07:00,AUTO_DETECTED,False,,,['CHARGING'],,SUFFICIENT_SOC_RANGE,79.306,56.75,4.057,1.0,EVO200,EV_MOTORBIKE,3.5,3.22,,False,True,False,train
DE002515,T0099,V0039,2026-09-01T16:01:49.708545500+07:00,DRIVER_REQUEST,True,CHARGING,CHARGING,['CHARGING'],True,VALID_REQUEST,79.306,56.75,4.057,1.0,EVO200,EV_MOTORBIKE,3.5,3.22,,False,True,False,train
DE002516,T0099,V0039,2026-09-01T16:01:49.708545500+07:00,DRIVER_REQUEST,True,,BATTERY_SWAP,['CHARGING'],False,UNSUPPORTED_SERVICE,79.306,56.75,4.057,1.0,EVO200,EV_MOTORBIKE,3.5,3.22,,False,True,False,train
DE002517,T0099,V0039,2026-09-01T16:04:07.083977499+07:00,AUTO_DETECTED,False,,,['CHARGING'],,SUFFICIENT_SOC_RANGE,78.188,55.95,3.257,1.0,EVO200,EV_MOTORBIKE,3.5,3.22,,False,True,False,train
DE002518,T0099,V0039,2026-09-01T16:04:07.083977499+07:00,DRIVER_REQUEST,True,CHARGING,CHARGING,['CHARGING'],True,VALID_REQUEST,78.188,55.95,3.257,1.0,EVO200,EV_MOTORBIKE,3.5,3.22,,False,True,False,train
DE002519,T0099,V0039,2026-09-01T16:04:07.083977499+07:00,DRIVER_REQUEST,True,,BATTERY_SWAP,['CHARGING'],False,UNSUPPORTED_SERVICE,78.188,55.95,3.257,1.0,EVO200,EV_MOTORBIKE,3.5,3.22,,False,True,False,train
DE002520,T0099,V0039,2026-09-01T16:06:55.713737500+07:00,AUTO_DETECTED,False,,,['CHARGING'],,SUFFICIENT_SOC_RANGE,77.009,55.1,2.414,1.0,EVO200,EV_MOTORBIKE,3.5,3.22,,False,True,False,train
DE002521,T0099,V0039,2026-09-01T16:06:55.713737500+07:00,DRIVER_REQUEST,True,CHARGING,CHARGING,['CHARGING'],True,VALID_REQUEST,77.009,55.1,2.414,1.0,EVO200,EV_MOTORBIKE,3.5,3.22,,False,True,False,train
DE002522,T0099,V0039,2026-09-01T16:06:55.713737500+07:00,DRIVER_REQUEST,True,,BATTERY_SWAP,['CHARGING'],False,UNSUPPORTED_SERVICE,77.009,55.1,2.414,1.0,EVO200,EV_MOTORBIKE,3.5,3.22,,False,True,False,train
DE002523,T0099,V0039,2026-09-01T16:09:42.326708499+07:00,AUTO_DETECTED,False,,,['CHARGING'],,SUFFICIENT_SOC_RANGE,75.773,54.22,1.529,1.0,EVO200,EV_MOTORBIKE,3.5,3.22,,False,True,False,train
DE002524,T0099,V0039,2026-09-01T16:09:42.326708499+07:00,DRIVER_REQUEST,True,CHARGING,CHARGING,['CHARGING'],True,VALID_REQUEST,75.773,54.22,1.529,1.0,EVO200,EV_MOTORBIKE,3.5,3.22,,False,True,False,train
DE002525,T0099,V0039,2026-09-01T16:09:42.326708499+07:00,DRIVER_REQUEST,True,,BATTERY_SWAP,['CHARGING'],False,UNSUPPORTED_SERVICE,75.773,54.22,1.529,1.0,EVO200,EV_MOTORBIKE,3.5,3.22,,False,True,False,train
DE002526,T0099,V0039,2026-09-01T16:11:58.532044500+07:00,AUTO_DETECTED,False,,,['CHARGING'],,SUFFICIENT_SOC_RANGE,74.508,53.31,0.624,1.0,EVO200,EV_MOTORBIKE,3.5,3.22,,False,True,False,train
DE002527,T0099,V0039,2026-09-01T16:11:58.532044500+07:00,DRIVER_REQUEST,True,CHARGING,CHARGING,['CHARGING'],True,VALID_REQUEST,74.508,53.31,0.624,1.0,EVO200,EV_MOTORBIKE,3.5,3.22,,False,True,False,train
DE002528,T0099,V0039,2026-09-01T16:11:58.532044500+07:00,DRIVER_REQUEST,True,,BATTERY_SWAP,['CHARGING'],False,UNSUPPORTED_SERVICE,74.508,53.31,0.624,1.0,EVO200,EV_MOTORBIKE,3.5,3.22,,False,True,False,train
DE002529,T0100,V0040,2026-09-01T16:01:37.996799999+07:00,AUTO_DETECTED,False,,,['CHARGING'],,SUFFICIENT_SOC_RANGE,67.659,207.49,5.831,1.0,NERIO_GREEN,EV_CAR,41.9,38.55,,False,True,False,train
DE002530,T0100,V0040,2026-09-01T16:01:37.996799999+07:00,DRIVER_REQUEST,True,CHARGING,CHARGING,['CHARGING'],True,VALID_REQUEST,67.659,207.49,5.831,1.0,NERIO_GREEN,EV_CAR,41.9,38.55,,False,True,False,train
DE002531,T0100,V0040,2026-09-01T16:01:37.996799999+07:00,DRIVER_REQUEST,True,,BATTERY_SWAP,['CHARGING'],False,UNSUPPORTED_SERVICE,67.659,207.49,5.831,1.0,NERIO_GREEN,EV_CAR,41.9,38.55,,False,True,False,train
DE002532,T0100,V0040,2026-09-01T16:03:48.911200+07:00,AUTO_DETECTED,False,,,['CHARGING'],,SUFFICIENT_SOC_RANGE,67.446,206.83,5.176,1.0,NERIO_GREEN,EV_CAR,41.9,38.55,,False,True,False,train
DE002533,T0100,V0040,2026-09-01T16:03:48.911200+07:00,DRIVER_REQUEST,True,CHARGING,CHARGING,['CHARGING'],True,VALID_REQUEST,67.446,206.83,5.176,1.0,NERIO_GREEN,EV_CAR,41.9,38.55,,False,True,False,train
DE002534,T0100,V0040,2026-09-01T16:03:48.911200+07:00,DRIVER_REQUEST,True,,BATTERY_SWAP,['CHARGING'],False,UNSUPPORTED_SERVICE,67.446,206.83,5.176,1.0,NERIO_GREEN,EV_CAR,41.9,38.55,,False,True,False,train
DE002535,T0100,V0040,2026-09-01T16:06:10.550600+07:00,AUTO_DETECTED,False,,,['CHARGING'],,SUFFICIENT_SOC_RANGE,67.215,206.13,4.468,1.0,NERIO_GREEN,EV_CAR,41.9,38.55,,False,True,False,train
DE002536,T0100,V0040,2026-09-01T16:06:10.550600+07:00,DRIVER_REQUEST,True,CHARGING,CHARGING,['CHARGING'],True,VALID_REQUEST,67.215,206.13,4.468,1.0,NERIO_GREEN,EV_CAR,41.9,38.55,,False,True,False,train
DE002537,T0100,V0040,2026-09-01T16:06:10.550600+07:00,DRIVER_REQUEST,True,,BATTERY_SWAP,['CHARGING'],False,UNSUPPORTED_SERVICE,67.215,206.13,4.468,1.0,NERIO_GREEN,EV_CAR,41.9,38.55,,False,True,False,train
DE002538,T0100,V0040,2026-09-01T16:09:07.075328+07:00,AUTO_DETECTED,False,,,['CHARGING'],,SUFFICIENT_SOC_RANGE,66.916,205.21,3.553,1.0,NERIO_GREEN,EV_CAR,41.9,38.55,,False,True,False,train
DE002539,T0100,V0040,2026-09-01T16:09:07.075328+07:00,DRIVER_REQUEST,True,CHARGING,CHARGING,['CHARGING'],True,VALID_REQUEST,66.916,205.21,3.553,1.0,NERIO_GREEN,EV_CAR,41.9,38.55,,False,True,False,train
DE002540,T0100,V0040,2026-09-01T16:09:07.075328+07:00,DRIVER_REQUEST,True,,BATTERY_SWAP,['CHARGING'],False,UNSUPPORTED_SERVICE,66.916,205.21,3.553,1.0,NERIO_GREEN,EV_CAR,41.9,38.55,,False,True,False,train
DE002541,T0100,V0040,2026-09-01T16:11:45.363130285+07:00,AUTO_DETECTED,False,,,['CHARGING'],,SUFFICIENT_SOC_RANGE,66.638,204.36,2.699,1.0,NERIO_GREEN,EV_CAR,41.9,38.55,,False,True,False,train
DE002542,T0100,V0040,2026-09-01T16:11:45.363130285+07:00,DRIVER_REQUEST,True,CHARGING,CHARGING,['CHARGING'],True,VALID_REQUEST,66.638,204.36,2.699,1.0,NERIO_GREEN,EV_CAR,41.9,38.55,,False,True,False,train
DE002543,T0100,V0040,2026-09-01T16:11:45.363130285+07:00,DRIVER_REQUEST,True,,BATTERY_SWAP,['CHARGING'],False,UNSUPPORTED_SERVICE,66.638,204.36,2.699,1.0,NERIO_GREEN,EV_CAR,41.9,38.55,,False,True,False,train
DE002544,T0100,V0040,2026-09-01T16:13:43.450210285+07:00,AUTO_DETECTED,False,,,['CHARGING'],,SUFFICIENT_SOC_RANGE,66.436,203.74,2.08,1.0,NERIO_GREEN,EV_CAR,41.9,38.55,,False,True,False,train
DE002545,T0100,V0040,2026-09-01T16:13:43.450210285+07:00,DRIVER_REQUEST,True,CHARGING,CHARGING,['CHARGING'],True,VALID_REQUEST,66.436,203.74,2.08,1.0,NERIO_GREEN,EV_CAR,41.9,38.55,,False,True,False,train
DE002546,T0100,V0040,2026-09-01T16:13:43.450210285+07:00,DRIVER_REQUEST,True,,BATTERY_SWAP,['CHARGING'],False,UNSUPPORTED_SERVICE,66.436,203.74,2.08,1.0,NERIO_GREEN,EV_CAR,41.9,38.55,,False,True,False,train
DE002547,T0100,V0040,2026-09-01T16:16:15.222562285+07:00,AUTO_DETECTED,False,,,['CHARGING'],,SUFFICIENT_SOC_RANGE,66.17,202.92,1.263,1.0,NERIO_GREEN,EV_CAR,41.9,38.55,,False,True,False,train
DE002548,T0100,V0040,2026-09-01T16:16:15.222562285+07:00,DRIVER_REQUEST,True,CHARGING,CHARGING,['CHARGING'],True,VALID_REQUEST,66.17,202.92,1.263,1.0,NERIO_GREEN,EV_CAR,41.9,38.55,,False,True,False,train
DE002549,T0100,V0040,2026-09-01T16:16:15.222562285+07:00,DRIVER_REQUEST,True,,BATTERY_SWAP,['CHARGING'],False,UNSUPPORTED_SERVICE,66.17,202.92,1.263,1.0,NERIO_GREEN,EV_CAR,41.9,38.55,,False,True,False,train
DE002550,T0100,V0040,2026-09-01T16:18:39.530513142+07:00,AUTO_DETECTED,False,,,['CHARGING'],,SUFFICIENT_SOC_RANGE,65.911,202.13,0.468,1.0,NERIO_GREEN,EV_CAR,41.9,38.55,,False,True,False,train
DE002551,T0100,V0040,2026-09-01T16:18:39.530513142+07:00,DRIVER_REQUEST,True,CHARGING,CHARGING,['CHARGING'],True,VALID_REQUEST,65.911,202.13,0.468,1.0,NERIO_GREEN,EV_CAR,41.9,38.55,,False,True,False,train
DE002552,T0100,V0040,2026-09-01T16:18:39.530513142+07:00,DRIVER_REQUEST,True,,BATTERY_SWAP,['CHARGING'],False,UNSUPPORTED_SERVICE,65.911,202.13,0.468,1.0,NERIO_GREEN,EV_CAR,41.9,38.55,,False,True,False,train
DE002553,T0101,V0041,2026-09-01T16:07:37.636992+07:00,AUTO_DETECTED,True,CHARGING,,['CHARGING'],,LOW_SOC,17.779,54.52,6.527,1.0,VF_3,EV_CAR,18.64,17.15,,False,True,False,test
DE002554,T0101,V0041,2026-09-01T16:07:37.636992+07:00,DRIVER_REQUEST,True,CHARGING,CHARGING,['CHARGING'],True,VALID_REQUEST,17.779,54.52,6.527,1.0,VF_3,EV_CAR,18.64,17.15,,False,True,False,test
DE002555,T0101,V0041,2026-09-01T16:07:37.636992+07:00,DRIVER_REQUEST,True,,BATTERY_SWAP,['CHARGING'],False,UNSUPPORTED_SERVICE,17.779,54.52,6.527,1.0,VF_3,EV_CAR,18.64,17.15,,False,True,False,test
DE002556,T0101,V0041,2026-09-01T16:09:53.254367999+07:00,AUTO_DETECTED,True,CHARGING,,['CHARGING'],,LOW_SOC,17.472,53.58,5.586,1.0,VF_3,EV_CAR,18.64,17.15,,False,True,False,test
DE002557,T0101,V0041,2026-09-01T16:09:53.254367999+07:00,DRIVER_REQUEST,True,CHARGING,CHARGING,['CHARGING'],True,VALID_REQUEST,17.472,53.58,5.586,1.0,VF_3,EV_CAR,18.64,17.15,,False,True,False,test
DE002558,T0101,V0041,2026-09-01T16:09:53.254367999+07:00,DRIVER_REQUEST,True,,BATTERY_SWAP,['CHARGING'],False,UNSUPPORTED_SERVICE,17.472,53.58,5.586,1.0,VF_3,EV_CAR,18.64,17.15,,False,True,False,test
DE002559,T0101,V0041,2026-09-01T16:11:55.759368750+07:00,AUTO_DETECTED,True,CHARGING,,['CHARGING'],,LOW_SOC,17.165,52.64,4.646,1.0,VF_3,EV_CAR,18.64,17.15,,False,True,False,test
DE002560,T0101,V0041,2026-09-01T16:11:55.759368750+07:00,DRIVER_REQUEST,True,CHARGING,CHARGING,['CHARGING'],True,VALID_REQUEST,17.165,52.64,4.646,1.0,VF_3,EV_CAR,18.64,17.15,,False,True,False,test
DE002561,T0101,V0041,2026-09-01T16:11:55.759368750+07:00,DRIVER_REQUEST,True,,BATTERY_SWAP,['CHARGING'],False,UNSUPPORTED_SERVICE,17.165,52.64,4.646,1.0,VF_3,EV_CAR,18.64,17.15,,False,True,False,test
DE002562,T0101,V0041,2026-09-01T16:14:00.515854500+07:00,AUTO_DETECTED,True,CHARGING,,['CHARGING'],,LOW_SOC,16.881,51.77,3.774,1.0,VF_3,EV_CAR,18.64,17.15,,False,True,False,test
DE002563,T0101,V0041,2026-09-01T16:14:00.515854500+07:00,DRIVER_REQUEST,True,CHARGING,CHARGING,['CHARGING'],True,VALID_REQUEST,16.881,51.77,3.774,1.0,VF_3,EV_CAR,18.64,17.15,,False,True,False,test
DE002564,T0101,V0041,2026-09-01T16:14:00.515854500+07:00,DRIVER_REQUEST,True,,BATTERY_SWAP,['CHARGING'],False,UNSUPPORTED_SERVICE,16.881,51.77,3.774,1.0,VF_3,EV_CAR,18.64,17.15,,False,True,False,test
DE002565,T0101,V0041,2026-09-01T16:15:47.997022500+07:00,AUTO_DETECTED,True,CHARGING,,['CHARGING'],,LOW_SOC,16.638,51.02,3.028,1.0,VF_3,EV_CAR,18.64,17.15,,False,True,False,test
DE002566,T0101,V0041,2026-09-01T16:15:47.997022500+07:00,DRIVER_REQUEST,True,CHARGING,CHARGING,['CHARGING'],True,VALID_REQUEST,16.638,51.02,3.028,1.0,VF_3,EV_CAR,18.64,17.15,,False,True,False,test
DE002567,T0101,V0041,2026-09-01T16:15:47.997022500+07:00,DRIVER_REQUEST,True,,BATTERY_SWAP,['CHARGING'],False,UNSUPPORTED_SERVICE,16.638,51.02,3.028,1.0,VF_3,EV_CAR,18.64,17.15,,False,True,False,test
DE002568,T0101,V0041,2026-09-01T16:18:00.195687+07:00,AUTO_DETECTED,True,CHARGING,,['CHARGING'],,LOW_SOC,16.33,50.08,2.084,1.0,VF_3,EV_CAR,18.64,17.15,,False,True,False,test
DE002569,T0101,V0041,2026-09-01T16:18:00.195687+07:00,DRIVER_REQUEST,True,CHARGING,CHARGING,['CHARGING'],True,VALID_REQUEST,16.33,50.08,2.084,1.0,VF_3,EV_CAR,18.64,17.15,,False,True,False,test
DE002570,T0101,V0041,2026-09-01T16:18:00.195687+07:00,DRIVER_REQUEST,True,,BATTERY_SWAP,['CHARGING'],False,UNSUPPORTED_SERVICE,16.33,50.08,2.084,1.0,VF_3,EV_CAR,18.64,17.15,,False,True,False,test
DE002571,T0101,V0041,2026-09-01T16:19:46.968991500+07:00,AUTO_DETECTED,True,CHARGING,,['CHARGING'],,LOW_SOC,16.08,49.31,1.316,1.0,VF_3,EV_CAR,18.64,17.15,,False,True,False,test
DE002572,T0101,V0041,2026-09-01T16:19:46.968991500+07:00,DRIVER_REQUEST,True,CHARGING,CHARGING,['CHARGING'],True,VALID_REQUEST,16.08,49.31,1.316,1.0,VF_3,EV_CAR,18.64,17.15,,False,True,False,test
DE002573,T0101,V0041,2026-09-01T16:19:46.968991500+07:00,DRIVER_REQUEST,True,,BATTERY_SWAP,['CHARGING'],False,UNSUPPORTED_SERVICE,16.08,49.31,1.316,1.0,VF_3,EV_CAR,18.64,17.15,,False,True,False,test
DE002574,T0101,V0041,2026-09-01T16:21:41.342143500+07:00,AUTO_DETECTED,True,CHARGING,,['CHARGING'],,LOW_SOC,15.821,48.52,0.522,1.0,VF_3,EV_CAR,18.64,17.15,,False,True,False,test
DE002575,T0101,V0041,2026-09-01T16:21:41.342143500+07:00,DRIVER_REQUEST,True,CHARGING,CHARGING,['CHARGING'],True,VALID_REQUEST,15.821,48.52,0.522,1.0,VF_3,EV_CAR,18.64,17.15,,False,True,False,test
DE002576,T0101,V0041,2026-09-01T16:21:41.342143500+07:00,DRIVER_REQUEST,True,,BATTERY_SWAP,['CHARGING'],False,UNSUPPORTED_SERVICE,15.821,48.52,0.522,1.0,VF_3,EV_CAR,18.64,17.15,,False,True,False,test
DE002577,T0102,V0042,2026-09-01T16:13:24.989567999+07:00,AUTO_DETECTED,True,CHARGING,,['CHARGING'],,LOW_SOC,17.399,12.45,4.54,1.0,EVO200_LITE,EV_MOTORBIKE,3.5,3.22,,False,True,False,train
DE002578,T0102,V0042,2026-09-01T16:13:24.989567999+07:00,DRIVER_REQUEST,True,CHARGING,CHARGING,['CHARGING'],True,VALID_REQUEST,17.399,12.45,4.54,1.0,EVO200_LITE,EV_MOTORBIKE,3.5,3.22,,False,True,False,train
DE002579,T0102,V0042,2026-09-01T16:13:24.989567999+07:00,DRIVER_REQUEST,True,,BATTERY_SWAP,['CHARGING'],False,UNSUPPORTED_SERVICE,17.399,12.45,4.54,1.0,EVO200_LITE,EV_MOTORBIKE,3.5,3.22,,False,True,False,train
DE002580,T0102,V0042,2026-09-01T16:15:29.004367999+07:00,AUTO_DETECTED,True,CHARGING,,['CHARGING'],,LOW_SOC,16.532,11.83,3.92,1.0,EVO200_LITE,EV_MOTORBIKE,3.5,3.22,,False,True,False,train
DE002581,T0102,V0042,2026-09-01T16:15:29.004367999+07:00,DRIVER_REQUEST,True,CHARGING,CHARGING,['CHARGING'],True,VALID_REQUEST,16.532,11.83,3.92,1.0,EVO200_LITE,EV_MOTORBIKE,3.5,3.22,,False,True,False,train
DE002582,T0102,V0042,2026-09-01T16:15:29.004367999+07:00,DRIVER_REQUEST,True,,BATTERY_SWAP,['CHARGING'],False,UNSUPPORTED_SERVICE,16.532,11.83,3.92,1.0,EVO200_LITE,EV_MOTORBIKE,3.5,3.22,,False,True,False,train
DE002583,T0102,V0042,2026-09-01T16:17:37.578368+07:00,AUTO_DETECTED,True,CHARGING,,['CHARGING'],,LOW_SOC,15.634,11.19,3.277,1.0,EVO200_LITE,EV_MOTORBIKE,3.5,3.22,,False,True,False,train
DE002584,T0102,V0042,2026-09-01T16:17:37.578368+07:00,DRIVER_REQUEST,True,CHARGING,CHARGING,['CHARGING'],True,VALID_REQUEST,15.634,11.19,3.277,1.0,EVO200_LITE,EV_MOTORBIKE,3.5,3.22,,False,True,False,train
DE002585,T0102,V0042,2026-09-01T16:17:37.578368+07:00,DRIVER_REQUEST,True,,BATTERY_SWAP,['CHARGING'],False,UNSUPPORTED_SERVICE,15.634,11.19,3.277,1.0,EVO200_LITE,EV_MOTORBIKE,3.5,3.22,,False,True,False,train
DE002586,T0102,V0042,2026-09-01T16:18:57.490979+07:00,AUTO_DETECTED,True,CHARGING,,['CHARGING'],,LOW_SOC,14.771,10.57,2.66,1.0,EVO200_LITE,EV_MOTORBIKE,3.5,3.22,,False,True,False,train
DE002587,T0102,V0042,2026-09-01T16:18:57.490979+07:00,DRIVER_REQUEST,True,CHARGING,CHARGING,['CHARGING'],True,VALID_REQUEST,14.771,10.57,2.66,1.0,EVO200_LITE,EV_MOTORBIKE,3.5,3.22,,False,True,False,train
DE002588,T0102,V0042,2026-09-01T16:18:57.490979+07:00,DRIVER_REQUEST,True,,BATTERY_SWAP,['CHARGING'],False,UNSUPPORTED_SERVICE,14.771,10.57,2.66,1.0,EVO200_LITE,EV_MOTORBIKE,3.5,3.22,,False,True,False,train
DE002589,T0102,V0042,2026-09-01T16:20:30.953656333+07:00,AUTO_DETECTED,True,CHARGING,,['CHARGING'],,LOW_SOC,14.019,10.03,2.122,1.0,EVO200_LITE,EV_MOTORBIKE,3.5,3.22,,False,True,False,train
DE002590,T0102,V0042,2026-09-01T16:20:30.953656333+07:00,DRIVER_REQUEST,True,CHARGING,CHARGING,['CHARGING'],True,VALID_REQUEST,14.019,10.03,2.122,1.0,EVO200_LITE,EV_MOTORBIKE,3.5,3.22,,False,True,False,train
DE002591,T0102,V0042,2026-09-01T16:20:30.953656333+07:00,DRIVER_REQUEST,True,,BATTERY_SWAP,['CHARGING'],False,UNSUPPORTED_SERVICE,14.019,10.03,2.122,1.0,EVO200_LITE,EV_MOTORBIKE,3.5,3.22,,False,True,False,train
DE002592,T0102,V0042,2026-09-01T16:22:10.029139+07:00,AUTO_DETECTED,True,CHARGING,,['CHARGING'],,LOW_SOC,13.268,9.49,1.584,1.0,EVO200_LITE,EV_MOTORBIKE,3.5,3.22,,False,True,False,train
DE002593,T0102,V0042,2026-09-01T16:22:10.029139+07:00,DRIVER_REQUEST,True,CHARGING,CHARGING,['CHARGING'],True,VALID_REQUEST,13.268,9.49,1.584,1.0,EVO200_LITE,EV_MOTORBIKE,3.5,3.22,,False,True,False,train
DE002594,T0102,V0042,2026-09-01T16:22:10.029139+07:00,DRIVER_REQUEST,True,,BATTERY_SWAP,['CHARGING'],False,UNSUPPORTED_SERVICE,13.268,9.49,1.584,1.0,EVO200_LITE,EV_MOTORBIKE,3.5,3.22,,False,True,False,train
DE002595,T0102,V0042,2026-09-01T16:23:54.330715+07:00,AUTO_DETECTED,True,CHARGING,,['CHARGING'],,LOW_SOC,12.392,8.87,0.958,1.0,EVO200_LITE,EV_MOTORBIKE,3.5,3.22,,False,True,False,train
DE002596,T0102,V0042,2026-09-01T16:23:54.330715+07:00,DRIVER_REQUEST,True,CHARGING,CHARGING,['CHARGING'],True,VALID_REQUEST,12.392,8.87,0.958,1.0,EVO200_LITE,EV_MOTORBIKE,3.5,3.22,,False,True,False,train
DE002597,T0102,V0042,2026-09-01T16:23:54.330715+07:00,DRIVER_REQUEST,True,,BATTERY_SWAP,['CHARGING'],False,UNSUPPORTED_SERVICE,12.392,8.87,0.958,1.0,EVO200_LITE,EV_MOTORBIKE,3.5,3.22,,False,True,False,train
DE002598,T0102,V0042,2026-09-01T16:25:04.048684714+07:00,AUTO_DETECTED,True,CHARGING,,['CHARGING'],,LOW_SOC,11.582,8.29,0.378,1.0,EVO200_LITE,EV_MOTORBIKE,3.5,3.22,,False,True,False,train
DE002599,T0102,V0042,2026-09-01T16:25:04.048684714+07:00,DRIVER_REQUEST,True,CHARGING,CHARGING,['CHARGING'],True,VALID_REQUEST,11.582,8.29,0.378,1.0,EVO200_LITE,EV_MOTORBIKE,3.5,3.22,,False,True,False,train
DE002600,T0102,V0042,2026-09-01T16:25:04.048684714+07:00,DRIVER_REQUEST,True,,BATTERY_SWAP,['CHARGING'],False,UNSUPPORTED_SERVICE,11.582,8.29,0.378,1.0,EVO200_LITE,EV_MOTORBIKE,3.5,3.22,,False,True,False,train
DE002601,T0103,V0043,2026-09-01T16:19:32.742426181+07:00,AUTO_DETECTED,True,CHARGING,,['CHARGING'],,LOW_SOC,17.837,54.7,4.807,1.0,VF_5,EV_CAR,37.23,34.25,,False,True,False,validation
DE002602,T0103,V0043,2026-09-01T16:19:32.742426181+07:00,DRIVER_REQUEST,True,CHARGING,CHARGING,['CHARGING'],True,VALID_REQUEST,17.837,54.7,4.807,1.0,VF_5,EV_CAR,37.23,34.25,,False,True,False,validation
DE002603,T0103,V0043,2026-09-01T16:19:32.742426181+07:00,DRIVER_REQUEST,True,,BATTERY_SWAP,['CHARGING'],False,UNSUPPORTED_SERVICE,17.837,54.7,4.807,1.0,VF_5,EV_CAR,37.23,34.25,,False,True,False,validation
DE002604,T0103,V0043,2026-09-01T16:20:44.761253714+07:00,AUTO_DETECTED,True,CHARGING,,['CHARGING'],,LOW_SOC,17.628,54.06,4.165,1.0,VF_5,EV_CAR,37.23,34.25,,False,True,False,validation
DE002605,T0103,V0043,2026-09-01T16:20:44.761253714+07:00,DRIVER_REQUEST,True,CHARGING,CHARGING,['CHARGING'],True,VALID_REQUEST,17.628,54.06,4.165,1.0,VF_5,EV_CAR,37.23,34.25,,False,True,False,validation
DE002606,T0103,V0043,2026-09-01T16:20:44.761253714+07:00,DRIVER_REQUEST,True,,BATTERY_SWAP,['CHARGING'],False,UNSUPPORTED_SERVICE,17.628,54.06,4.165,1.0,VF_5,EV_CAR,37.23,34.25,,False,True,False,validation
DE002607,T0103,V0043,2026-09-01T16:22:48.453685714+07:00,AUTO_DETECTED,True,CHARGING,,['CHARGING'],,LOW_SOC,17.426,53.44,3.544,1.0,VF_5,EV_CAR,37.23,34.25,,False,True,False,validation
DE002608,T0103,V0043,2026-09-01T16:22:48.453685714+07:00,DRIVER_REQUEST,True,CHARGING,CHARGING,['CHARGING'],True,VALID_REQUEST,17.426,53.44,3.544,1.0,VF_5,EV_CAR,37.23,34.25,,False,True,False,validation
DE002609,T0103,V0043,2026-09-01T16:22:48.453685714+07:00,DRIVER_REQUEST,True,,BATTERY_SWAP,['CHARGING'],False,UNSUPPORTED_SERVICE,17.426,53.44,3.544,1.0,VF_5,EV_CAR,37.23,34.25,,False,True,False,validation
DE002610,T0103,V0043,2026-09-01T16:24:39.977045714+07:00,AUTO_DETECTED,True,CHARGING,,['CHARGING'],,LOW_SOC,17.226,52.83,2.932,1.0,VF_5,EV_CAR,37.23,34.25,,False,True,False,validation
DE002611,T0103,V0043,2026-09-01T16:24:39.977045714+07:00,DRIVER_REQUEST,True,CHARGING,CHARGING,['CHARGING'],True,VALID_REQUEST,17.226,52.83,2.932,1.0,VF_5,EV_CAR,37.23,34.25,,False,True,False,validation
DE002612,T0103,V0043,2026-09-01T16:24:39.977045714+07:00,DRIVER_REQUEST,True,,BATTERY_SWAP,['CHARGING'],False,UNSUPPORTED_SERVICE,17.226,52.83,2.932,1.0,VF_5,EV_CAR,37.23,34.25,,False,True,False,validation
DE002613,T0103,V0043,2026-09-01T16:26:19.564017142+07:00,AUTO_DETECTED,True,CHARGING,,['CHARGING'],,LOW_SOC,17.051,52.29,2.397,1.0,VF_5,EV_CAR,37.23,34.25,,False,True,False,validation
DE002614,T0103,V0043,2026-09-01T16:26:19.564017142+07:00,DRIVER_REQUEST,True,CHARGING,CHARGING,['CHARGING'],True,VALID_REQUEST,17.051,52.29,2.397,1.0,VF_5,EV_CAR,37.23,34.25,,False,True,False,validation
DE002615,T0103,V0043,2026-09-01T16:26:19.564017142+07:00,DRIVER_REQUEST,True,,BATTERY_SWAP,['CHARGING'],False,UNSUPPORTED_SERVICE,17.051,52.29,2.397,1.0,VF_5,EV_CAR,37.23,34.25,,False,True,False,validation
DE002616,T0103,V0043,2026-09-01T16:27:39.897740342+07:00,AUTO_DETECTED,True,CHARGING,,['CHARGING'],,LOW_SOC,16.848,51.67,1.772,1.0,VF_5,EV_CAR,37.23,34.25,,False,True,False,validation
DE002617,T0103,V0043,2026-09-01T16:27:39.897740342+07:00,DRIVER_REQUEST,True,CHARGING,CHARGING,['CHARGING'],True,VALID_REQUEST,16.848,51.67,1.772,1.0,VF_5,EV_CAR,37.23,34.25,,False,True,False,validation
DE002618,T0103,V0043,2026-09-01T16:27:39.897740342+07:00,DRIVER_REQUEST,True,,BATTERY_SWAP,['CHARGING'],False,UNSUPPORTED_SERVICE,16.848,51.67,1.772,1.0,VF_5,EV_CAR,37.23,34.25,,False,True,False,validation
DE002619,T0103,V0043,2026-09-01T16:29:40.830469506+07:00,AUTO_DETECTED,True,CHARGING,,['CHARGING'],,LOW_SOC,16.611,50.94,1.047,1.0,VF_5,EV_CAR,37.23,34.25,,False,True,False,validation
DE002620,T0103,V0043,2026-09-01T16:29:40.830469506+07:00,DRIVER_REQUEST,True,CHARGING,CHARGING,['CHARGING'],True,VALID_REQUEST,16.611,50.94,1.047,1.0,VF_5,EV_CAR,37.23,34.25,,False,True,False,validation
DE002621,T0103,V0043,2026-09-01T16:29:40.830469506+07:00,DRIVER_REQUEST,True,,BATTERY_SWAP,['CHARGING'],False,UNSUPPORTED_SERVICE,16.611,50.94,1.047,1.0,VF_5,EV_CAR,37.23,34.25,,False,True,False,validation
DE002622,T0103,V0043,2026-09-01T16:31:17.110305142+07:00,AUTO_DETECTED,True,CHARGING,,['CHARGING'],,LOW_SOC,16.4,50.29,0.398,1.0,VF_5,EV_CAR,37.23,34.25,,False,True,False,validation
DE002623,T0103,V0043,2026-09-01T16:31:17.110305142+07:00,DRIVER_REQUEST,True,CHARGING,CHARGING,['CHARGING'],True,VALID_REQUEST,16.4,50.29,0.398,1.0,VF_5,EV_CAR,37.23,34.25,,False,True,False,validation
DE002624,T0103,V0043,2026-09-01T16:31:17.110305142+07:00,DRIVER_REQUEST,True,,BATTERY_SWAP,['CHARGING'],False,UNSUPPORTED_SERVICE,16.4,50.29,0.398,1.0,VF_5,EV_CAR,37.23,34.25,,False,True,False,validation
DE002625,T0104,V0044,2026-09-01T16:25:31.738551999+07:00,AUTO_DETECTED,True,CHARGING,,['CHARGING'],,LOW_SOC,17.825,54.66,7.258,1.089,VF_6,EV_CAR,59.6,54.83,,False,True,False,train
DE002626,T0104,V0044,2026-09-01T16:25:31.738551999+07:00,DRIVER_REQUEST,True,CHARGING,CHARGING,['CHARGING'],True,VALID_REQUEST,17.825,54.66,7.258,1.089,VF_6,EV_CAR,59.6,54.83,,False,True,False,train
DE002627,T0104,V0044,2026-09-01T16:25:31.738551999+07:00,DRIVER_REQUEST,True,,BATTERY_SWAP,['CHARGING'],False,UNSUPPORTED_SERVICE,17.825,54.66,7.258,1.089,VF_6,EV_CAR,59.6,54.83,,False,True,False,train
DE002628,T0104,V0044,2026-09-01T16:27:53.082474+07:00,AUTO_DETECTED,True,CHARGING,,['CHARGING'],,LOW_SOC,17.542,53.79,6.391,1.0,VF_6,EV_CAR,59.6,54.83,,False,True,False,train
DE002629,T0104,V0044,2026-09-01T16:27:53.082474+07:00,DRIVER_REQUEST,True,CHARGING,CHARGING,['CHARGING'],True,VALID_REQUEST,17.542,53.79,6.391,1.0,VF_6,EV_CAR,59.6,54.83,,False,True,False,train
DE002630,T0104,V0044,2026-09-01T16:27:53.082474+07:00,DRIVER_REQUEST,True,,BATTERY_SWAP,['CHARGING'],False,UNSUPPORTED_SERVICE,17.542,53.79,6.391,1.0,VF_6,EV_CAR,59.6,54.83,,False,True,False,train
DE002631,T0104,V0044,2026-09-01T16:30:27.575947999+07:00,AUTO_DETECTED,True,CHARGING,,['CHARGING'],,LOW_SOC,17.25,52.9,5.495,1.0,VF_6,EV_CAR,59.6,54.83,,False,True,False,train
DE002632,T0104,V0044,2026-09-01T16:30:27.575947999+07:00,DRIVER_REQUEST,True,CHARGING,CHARGING,['CHARGING'],True,VALID_REQUEST,17.25,52.9,5.495,1.0,VF_6,EV_CAR,59.6,54.83,,False,True,False,train
DE002633,T0104,V0044,2026-09-01T16:30:27.575947999+07:00,DRIVER_REQUEST,True,,BATTERY_SWAP,['CHARGING'],False,UNSUPPORTED_SERVICE,17.25,52.9,5.495,1.0,VF_6,EV_CAR,59.6,54.83,,False,True,False,train
DE002634,T0104,V0044,2026-09-01T16:32:54.516486071+07:00,AUTO_DETECTED,True,CHARGING,,['CHARGING'],,LOW_SOC,16.963,52.02,4.615,1.0,VF_6,EV_CAR,59.6,54.83,,False,True,False,train
DE002635,T0104,V0044,2026-09-01T16:32:54.516486071+07:00,DRIVER_REQUEST,True,CHARGING,CHARGING,['CHARGING'],True,VALID_REQUEST,16.963,52.02,4.615,1.0,VF_6,EV_CAR,59.6,54.83,,False,True,False,train
DE002636,T0104,V0044,2026-09-01T16:32:54.516486071+07:00,DRIVER_REQUEST,True,,BATTERY_SWAP,['CHARGING'],False,UNSUPPORTED_SERVICE,16.963,52.02,4.615,1.0,VF_6,EV_CAR,59.6,54.83,,False,True,False,train
DE002637,T0104,V0044,2026-09-01T16:35:16.429209071+07:00,AUTO_DETECTED,True,CHARGING,,['CHARGING'],,LOW_SOC,16.641,51.03,3.628,1.0,VF_6,EV_CAR,59.6,54.83,,False,True,False,train
DE002638,T0104,V0044,2026-09-01T16:35:16.429209071+07:00,DRIVER_REQUEST,True,CHARGING,CHARGING,['CHARGING'],True,VALID_REQUEST,16.641,51.03,3.628,1.0,VF_6,EV_CAR,59.6,54.83,,False,True,False,train
DE002639,T0104,V0044,2026-09-01T16:35:16.429209071+07:00,DRIVER_REQUEST,True,,BATTERY_SWAP,['CHARGING'],False,UNSUPPORTED_SERVICE,16.641,51.03,3.628,1.0,VF_6,EV_CAR,59.6,54.83,,False,True,False,train
DE002640,T0104,V0044,2026-09-01T16:36:56.665767928+07:00,AUTO_DETECTED,True,CHARGING,,['CHARGING'],,LOW_SOC,16.325,50.06,2.658,1.0,VF_6,EV_CAR,59.6,54.83,,False,True,False,train
DE002641,T0104,V0044,2026-09-01T16:36:56.665767928+07:00,DRIVER_REQUEST,True,CHARGING,CHARGING,['CHARGING'],True,VALID_REQUEST,16.325,50.06,2.658,1.0,VF_6,EV_CAR,59.6,54.83,,False,True,False,train
DE002642,T0104,V0044,2026-09-01T16:36:56.665767928+07:00,DRIVER_REQUEST,True,,BATTERY_SWAP,['CHARGING'],False,UNSUPPORTED_SERVICE,16.325,50.06,2.658,1.0,VF_6,EV_CAR,59.6,54.83,,False,True,False,train
DE002643,T0104,V0044,2026-09-01T16:39:23.035819142+07:00,AUTO_DETECTED,True,CHARGING,,['CHARGING'],,LOW_SOC,15.992,49.04,1.638,1.0,VF_6,EV_CAR,59.6,54.83,,False,True,False,train
DE002644,T0104,V0044,2026-09-01T16:39:23.035819142+07:00,DRIVER_REQUEST,True,CHARGING,CHARGING,['CHARGING'],True,VALID_REQUEST,15.992,49.04,1.638,1.0,VF_6,EV_CAR,59.6,54.83,,False,True,False,train
DE002645,T0104,V0044,2026-09-01T16:39:23.035819142+07:00,DRIVER_REQUEST,True,,BATTERY_SWAP,['CHARGING'],False,UNSUPPORTED_SERVICE,15.992,49.04,1.638,1.0,VF_6,EV_CAR,59.6,54.83,,False,True,False,train
DE002646,T0104,V0044,2026-09-01T16:41:33.894419785+07:00,AUTO_DETECTED,True,CHARGING,,['CHARGING'],,LOW_SOC,15.675,48.07,0.665,1.0,VF_6,EV_CAR,59.6,54.83,,False,True,False,train
DE002647,T0104,V0044,2026-09-01T16:41:33.894419785+07:00,DRIVER_REQUEST,True,CHARGING,CHARGING,['CHARGING'],True,VALID_REQUEST,15.675,48.07,0.665,1.0,VF_6,EV_CAR,59.6,54.83,,False,True,False,train
DE002648,T0104,V0044,2026-09-01T16:41:33.894419785+07:00,DRIVER_REQUEST,True,,BATTERY_SWAP,['CHARGING'],False,UNSUPPORTED_SERVICE,15.675,48.07,0.665,1.0,VF_6,EV_CAR,59.6,54.83,,False,True,False,train
DE002649,T0105,V0045,2026-09-01T16:31:12.957400+07:00,AUTO_DETECTED,True,CHARGING,,['CHARGING'],,LOW_SOC,17.49,12.52,5.208,1.0,FELIZ_S,EV_MOTORBIKE,3.5,3.22,,False,True,False,test
DE002650,T0105,V0045,2026-09-01T16:31:12.957400+07:00,DRIVER_REQUEST,True,CHARGING,CHARGING,['CHARGING'],True,VALID_REQUEST,17.49,12.52,5.208,1.0,FELIZ_S,EV_MOTORBIKE,3.5,3.22,,False,True,False,test
DE002651,T0105,V0045,2026-09-01T16:31:12.957400+07:00,DRIVER_REQUEST,True,,BATTERY_SWAP,['CHARGING'],False,UNSUPPORTED_SERVICE,17.49,12.52,5.208,1.0,FELIZ_S,EV_MOTORBIKE,3.5,3.22,,False,True,False,test
DE002652,T0105,V0045,2026-09-01T16:32:36.200990857+07:00,AUTO_DETECTED,True,CHARGING,,['CHARGING'],,LOW_SOC,16.716,11.96,4.654,1.0,FELIZ_S,EV_MOTORBIKE,3.5,3.22,,False,True,False,test
DE002653,T0105,V0045,2026-09-01T16:32:36.200990857+07:00,DRIVER_REQUEST,True,CHARGING,CHARGING,['CHARGING'],True,VALID_REQUEST,16.716,11.96,4.654,1.0,FELIZ_S,EV_MOTORBIKE,3.5,3.22,,False,True,False,test
DE002654,T0105,V0045,2026-09-01T16:32:36.200990857+07:00,DRIVER_REQUEST,True,,BATTERY_SWAP,['CHARGING'],False,UNSUPPORTED_SERVICE,16.716,11.96,4.654,1.0,FELIZ_S,EV_MOTORBIKE,3.5,3.22,,False,True,False,test
DE002655,T0105,V0045,2026-09-01T16:34:33.021310857+07:00,AUTO_DETECTED,True,CHARGING,,['CHARGING'],,LOW_SOC,15.748,11.27,3.962,1.0,FELIZ_S,EV_MOTORBIKE,3.5,3.22,,False,True,False,test
DE002656,T0105,V0045,2026-09-01T16:34:33.021310857+07:00,DRIVER_REQUEST,True,CHARGING,CHARGING,['CHARGING'],True,VALID_REQUEST,15.748,11.27,3.962,1.0,FELIZ_S,EV_MOTORBIKE,3.5,3.22,,False,True,False,test
DE002657,T0105,V0045,2026-09-01T16:34:33.021310857+07:00,DRIVER_REQUEST,True,,BATTERY_SWAP,['CHARGING'],False,UNSUPPORTED_SERVICE,15.748,11.27,3.962,1.0,FELIZ_S,EV_MOTORBIKE,3.5,3.22,,False,True,False,test
DE002658,T0105,V0045,2026-09-01T16:36:30.617413714+07:00,AUTO_DETECTED,True,CHARGING,,['CHARGING'],,LOW_SOC,14.748,10.55,3.246,1.0,FELIZ_S,EV_MOTORBIKE,3.5,3.22,,False,True,False,test
DE002659,T0105,V0045,2026-09-01T16:36:30.617413714+07:00,DRIVER_REQUEST,True,CHARGING,CHARGING,['CHARGING'],True,VALID_REQUEST,14.748,10.55,3.246,1.0,FELIZ_S,EV_MOTORBIKE,3.5,3.22,,False,True,False,test
DE002660,T0105,V0045,2026-09-01T16:36:30.617413714+07:00,DRIVER_REQUEST,True,,BATTERY_SWAP,['CHARGING'],False,UNSUPPORTED_SERVICE,14.748,10.55,3.246,1.0,FELIZ_S,EV_MOTORBIKE,3.5,3.22,,False,True,False,test
DE002661,T0105,V0045,2026-09-01T16:38:10.960830857+07:00,AUTO_DETECTED,True,CHARGING,,['CHARGING'],,LOW_SOC,13.804,9.88,2.57,1.0,FELIZ_S,EV_MOTORBIKE,3.5,3.22,,False,True,False,test
DE002662,T0105,V0045,2026-09-01T16:38:10.960830857+07:00,DRIVER_REQUEST,True,CHARGING,CHARGING,['CHARGING'],True,VALID_REQUEST,13.804,9.88,2.57,1.0,FELIZ_S,EV_MOTORBIKE,3.5,3.22,,False,True,False,test
DE002663,T0105,V0045,2026-09-01T16:38:10.960830857+07:00,DRIVER_REQUEST,True,,BATTERY_SWAP,['CHARGING'],False,UNSUPPORTED_SERVICE,13.804,9.88,2.57,1.0,FELIZ_S,EV_MOTORBIKE,3.5,3.22,,False,True,False,test
DE002664,T0105,V0045,2026-09-01T16:39:57.848877714+07:00,AUTO_DETECTED,True,CHARGING,,['CHARGING'],,LOW_SOC,12.765,9.13,1.827,1.0,FELIZ_S,EV_MOTORBIKE,3.5,3.22,,False,True,False,test
DE002665,T0105,V0045,2026-09-01T16:39:57.848877714+07:00,DRIVER_REQUEST,True,CHARGING,CHARGING,['CHARGING'],True,VALID_REQUEST,12.765,9.13,1.827,1.0,FELIZ_S,EV_MOTORBIKE,3.5,3.22,,False,True,False,test
DE002666,T0105,V0045,2026-09-01T16:39:57.848877714+07:00,DRIVER_REQUEST,True,,BATTERY_SWAP,['CHARGING'],False,UNSUPPORTED_SERVICE,12.765,9.13,1.827,1.0,FELIZ_S,EV_MOTORBIKE,3.5,3.22,,False,True,False,test
DE002667,T0105,V0045,2026-09-01T16:41:46.177116571+07:00,AUTO_DETECTED,True,CHARGING,,['CHARGING'],,LOW_SOC,11.825,8.46,1.155,1.0,FELIZ_S,EV_MOTORBIKE,3.5,3.22,,False,True,False,test
DE002668,T0105,V0045,2026-09-01T16:41:46.177116571+07:00,DRIVER_REQUEST,True,CHARGING,CHARGING,['CHARGING'],True,VALID_REQUEST,11.825,8.46,1.155,1.0,FELIZ_S,EV_MOTORBIKE,3.5,3.22,,False,True,False,test
DE002669,T0105,V0045,2026-09-01T16:41:46.177116571+07:00,DRIVER_REQUEST,True,,BATTERY_SWAP,['CHARGING'],False,UNSUPPORTED_SERVICE,11.825,8.46,1.155,1.0,FELIZ_S,EV_MOTORBIKE,3.5,3.22,,False,True,False,test
DE002670,T0105,V0045,2026-09-01T16:43:43.046684571+07:00,AUTO_DETECTED,True,CHARGING,,['CHARGING'],,LOW_SOC,10.862,7.77,0.465,1.0,FELIZ_S,EV_MOTORBIKE,3.5,3.22,,False,True,False,test
DE002671,T0105,V0045,2026-09-01T16:43:43.046684571+07:00,DRIVER_REQUEST,True,CHARGING,CHARGING,['CHARGING'],True,VALID_REQUEST,10.862,7.77,0.465,1.0,FELIZ_S,EV_MOTORBIKE,3.5,3.22,,False,True,False,test
DE002672,T0105,V0045,2026-09-01T16:43:43.046684571+07:00,DRIVER_REQUEST,True,,BATTERY_SWAP,['CHARGING'],False,UNSUPPORTED_SERVICE,10.862,7.77,0.465,1.0,FELIZ_S,EV_MOTORBIKE,3.5,3.22,,False,True,False,test
DE002673,T0106,V0046,2026-09-01T16:36:34.613064+07:00,AUTO_DETECTED,False,,,['CHARGING'],,SUFFICIENT_SOC_RANGE,58.092,178.15,3.26,1.0,VF_7_ECO,EV_CAR,59.6,54.83,,False,True,False,train
DE002674,T0106,V0046,2026-09-01T16:36:34.613064+07:00,DRIVER_REQUEST,True,CHARGING,CHARGING,['CHARGING'],True,VALID_REQUEST,58.092,178.15,3.26,1.0,VF_7_ECO,EV_CAR,59.6,54.83,,False,True,False,train
DE002675,T0106,V0046,2026-09-01T16:36:34.613064+07:00,DRIVER_REQUEST,True,,BATTERY_SWAP,['CHARGING'],False,UNSUPPORTED_SERVICE,58.092,178.15,3.26,1.0,VF_7_ECO,EV_CAR,59.6,54.83,,False,True,False,train
DE002676,T0106,V0046,2026-09-01T16:37:28.418056500+07:00,AUTO_DETECTED,False,,,['CHARGING'],,SUFFICIENT_SOC_RANGE,57.953,177.72,2.835,1.0,VF_7_ECO,EV_CAR,59.6,54.83,,False,True,False,train
DE002677,T0106,V0046,2026-09-01T16:37:28.418056500+07:00,DRIVER_REQUEST,True,CHARGING,CHARGING,['CHARGING'],True,VALID_REQUEST,57.953,177.72,2.835,1.0,VF_7_ECO,EV_CAR,59.6,54.83,,False,True,False,train
DE002678,T0106,V0046,2026-09-01T16:37:28.418056500+07:00,DRIVER_REQUEST,True,,BATTERY_SWAP,['CHARGING'],False,UNSUPPORTED_SERVICE,57.953,177.72,2.835,1.0,VF_7_ECO,EV_CAR,59.6,54.83,,False,True,False,train
DE002679,T0106,V0046,2026-09-01T16:38:12.260465938+07:00,AUTO_DETECTED,False,,,['CHARGING'],,SUFFICIENT_SOC_RANGE,57.815,177.3,2.413,1.0,VF_7_ECO,EV_CAR,59.6,54.83,,False,True,False,train
DE002680,T0106,V0046,2026-09-01T16:38:12.260465938+07:00,DRIVER_REQUEST,True,CHARGING,CHARGING,['CHARGING'],True,VALID_REQUEST,57.815,177.3,2.413,1.0,VF_7_ECO,EV_CAR,59.6,54.83,,False,True,False,train
DE002681,T0106,V0046,2026-09-01T16:38:12.260465938+07:00,DRIVER_REQUEST,True,,BATTERY_SWAP,['CHARGING'],False,UNSUPPORTED_SERVICE,57.815,177.3,2.413,1.0,VF_7_ECO,EV_CAR,59.6,54.83,,False,True,False,train
DE002682,T0106,V0046,2026-09-01T16:39:07.286113285+07:00,AUTO_DETECTED,False,,,['CHARGING'],,SUFFICIENT_SOC_RANGE,57.679,176.88,1.996,1.0,VF_7_ECO,EV_CAR,59.6,54.83,,False,True,False,train
DE002683,T0106,V0046,2026-09-01T16:39:07.286113285+07:00,DRIVER_REQUEST,True,CHARGING,CHARGING,['CHARGING'],True,VALID_REQUEST,57.679,176.88,1.996,1.0,VF_7_ECO,EV_CAR,59.6,54.83,,False,True,False,train
DE002684,T0106,V0046,2026-09-01T16:39:07.286113285+07:00,DRIVER_REQUEST,True,,BATTERY_SWAP,['CHARGING'],False,UNSUPPORTED_SERVICE,57.679,176.88,1.996,1.0,VF_7_ECO,EV_CAR,59.6,54.83,,False,True,False,train
DE002685,T0106,V0046,2026-09-01T16:40:01.341224142+07:00,AUTO_DETECTED,False,,,['CHARGING'],,SUFFICIENT_SOC_RANGE,57.543,176.46,1.576,1.0,VF_7_ECO,EV_CAR,59.6,54.83,,False,True,False,train
DE002686,T0106,V0046,2026-09-01T16:40:01.341224142+07:00,DRIVER_REQUEST,True,CHARGING,CHARGING,['CHARGING'],True,VALID_REQUEST,57.543,176.46,1.576,1.0,VF_7_ECO,EV_CAR,59.6,54.83,,False,True,False,train
DE002687,T0106,V0046,2026-09-01T16:40:01.341224142+07:00,DRIVER_REQUEST,True,,BATTERY_SWAP,['CHARGING'],False,UNSUPPORTED_SERVICE,57.543,176.46,1.576,1.0,VF_7_ECO,EV_CAR,59.6,54.83,,False,True,False,train
DE002688,T0106,V0046,2026-09-01T16:40:55.134717857+07:00,AUTO_DETECTED,False,,,['CHARGING'],,SUFFICIENT_SOC_RANGE,57.399,176.02,1.135,1.0,VF_7_ECO,EV_CAR,59.6,54.83,,False,True,False,train
DE002689,T0106,V0046,2026-09-01T16:40:55.134717857+07:00,DRIVER_REQUEST,True,CHARGING,CHARGING,['CHARGING'],True,VALID_REQUEST,57.399,176.02,1.135,1.0,VF_7_ECO,EV_CAR,59.6,54.83,,False,True,False,train
DE002690,T0106,V0046,2026-09-01T16:40:55.134717857+07:00,DRIVER_REQUEST,True,,BATTERY_SWAP,['CHARGING'],False,UNSUPPORTED_SERVICE,57.399,176.02,1.135,1.0,VF_7_ECO,EV_CAR,59.6,54.83,,False,True,False,train
DE002691,T0106,V0046,2026-09-01T16:41:50.010258428+07:00,AUTO_DETECTED,False,,,['CHARGING'],,SUFFICIENT_SOC_RANGE,57.256,175.58,0.697,1.0,VF_7_ECO,EV_CAR,59.6,54.83,,False,True,False,train
DE002692,T0106,V0046,2026-09-01T16:41:50.010258428+07:00,DRIVER_REQUEST,True,CHARGING,CHARGING,['CHARGING'],True,VALID_REQUEST,57.256,175.58,0.697,1.0,VF_7_ECO,EV_CAR,59.6,54.83,,False,True,False,train
DE002693,T0106,V0046,2026-09-01T16:41:50.010258428+07:00,DRIVER_REQUEST,True,,BATTERY_SWAP,['CHARGING'],False,UNSUPPORTED_SERVICE,57.256,175.58,0.697,1.0,VF_7_ECO,EV_CAR,59.6,54.83,,False,True,False,train
DE002694,T0106,V0046,2026-09-01T16:42:47.330805857+07:00,AUTO_DETECTED,False,,,['CHARGING'],,SUFFICIENT_SOC_RANGE,57.12,175.17,0.281,1.0,VF_7_ECO,EV_CAR,59.6,54.83,,False,True,False,train
DE002695,T0106,V0046,2026-09-01T16:42:47.330805857+07:00,DRIVER_REQUEST,True,CHARGING,CHARGING,['CHARGING'],True,VALID_REQUEST,57.12,175.17,0.281,1.0,VF_7_ECO,EV_CAR,59.6,54.83,,False,True,False,train
DE002696,T0106,V0046,2026-09-01T16:42:47.330805857+07:00,DRIVER_REQUEST,True,,BATTERY_SWAP,['CHARGING'],False,UNSUPPORTED_SERVICE,57.12,175.17,0.281,1.0,VF_7_ECO,EV_CAR,59.6,54.83,,False,True,False,train
DE002697,T0107,V0047,2026-09-01T16:43:20.253199999+07:00,AUTO_DETECTED,False,,,['CHARGING'],,SUFFICIENT_SOC_RANGE,79.898,245.02,5.383,1.0,VF_7_PLUS,EV_CAR,75.3,69.28,,False,True,False,validation
DE002698,T0107,V0047,2026-09-01T16:43:20.253199999+07:00,DRIVER_REQUEST,True,CHARGING,CHARGING,['CHARGING'],True,VALID_REQUEST,79.898,245.02,5.383,1.0,VF_7_PLUS,EV_CAR,75.3,69.28,,False,True,False,validation
DE002699,T0107,V0047,2026-09-01T16:43:20.253199999+07:00,DRIVER_REQUEST,True,,BATTERY_SWAP,['CHARGING'],False,UNSUPPORTED_SERVICE,79.898,245.02,5.383,1.0,VF_7_PLUS,EV_CAR,75.3,69.28,,False,True,False,validation
DE002700,T0107,V0047,2026-09-01T16:45:25.250733333+07:00,AUTO_DETECTED,False,,,['CHARGING'],,SUFFICIENT_SOC_RANGE,79.694,244.4,4.758,1.0,VF_7_PLUS,EV_CAR,75.3,69.28,,False,True,False,validation
DE002701,T0107,V0047,2026-09-01T16:45:25.250733333+07:00,DRIVER_REQUEST,True,CHARGING,CHARGING,['CHARGING'],True,VALID_REQUEST,79.694,244.4,4.758,1.0,VF_7_PLUS,EV_CAR,75.3,69.28,,False,True,False,validation
DE002702,T0107,V0047,2026-09-01T16:45:25.250733333+07:00,DRIVER_REQUEST,True,,BATTERY_SWAP,['CHARGING'],False,UNSUPPORTED_SERVICE,79.694,244.4,4.758,1.0,VF_7_PLUS,EV_CAR,75.3,69.28,,False,True,False,validation
DE002703,T0107,V0047,2026-09-01T16:47:54.829151999+07:00,AUTO_DETECTED,False,,,['CHARGING'],,SUFFICIENT_SOC_RANGE,79.434,243.6,3.961,1.0,VF_7_PLUS,EV_CAR,75.3,69.28,,False,True,False,validation
DE002704,T0107,V0047,2026-09-01T16:47:54.829151999+07:00,DRIVER_REQUEST,True,CHARGING,CHARGING,['CHARGING'],True,VALID_REQUEST,79.434,243.6,3.961,1.0,VF_7_PLUS,EV_CAR,75.3,69.28,,False,True,False,validation
DE002705,T0107,V0047,2026-09-01T16:47:54.829151999+07:00,DRIVER_REQUEST,True,,BATTERY_SWAP,['CHARGING'],False,UNSUPPORTED_SERVICE,79.434,243.6,3.961,1.0,VF_7_PLUS,EV_CAR,75.3,69.28,,False,True,False,validation
DE002706,T0107,V0047,2026-09-01T16:50:11.016565333+07:00,AUTO_DETECTED,False,,,['CHARGING'],,SUFFICIENT_SOC_RANGE,79.198,242.88,3.238,1.0,VF_7_PLUS,EV_CAR,75.3,69.28,,False,True,False,validation
DE002707,T0107,V0047,2026-09-01T16:50:11.016565333+07:00,DRIVER_REQUEST,True,CHARGING,CHARGING,['CHARGING'],True,VALID_REQUEST,79.198,242.88,3.238,1.0,VF_7_PLUS,EV_CAR,75.3,69.28,,False,True,False,validation
DE002708,T0107,V0047,2026-09-01T16:50:11.016565333+07:00,DRIVER_REQUEST,True,,BATTERY_SWAP,['CHARGING'],False,UNSUPPORTED_SERVICE,79.198,242.88,3.238,1.0,VF_7_PLUS,EV_CAR,75.3,69.28,,False,True,False,validation
DE002709,T0107,V0047,2026-09-01T16:53:00.023239999+07:00,AUTO_DETECTED,False,,,['CHARGING'],,SUFFICIENT_SOC_RANGE,78.908,241.98,2.347,1.0,VF_7_PLUS,EV_CAR,75.3,69.28,,False,True,False,validation
DE002710,T0107,V0047,2026-09-01T16:53:00.023239999+07:00,DRIVER_REQUEST,True,CHARGING,CHARGING,['CHARGING'],True,VALID_REQUEST,78.908,241.98,2.347,1.0,VF_7_PLUS,EV_CAR,75.3,69.28,,False,True,False,validation
DE002711,T0107,V0047,2026-09-01T16:53:00.023239999+07:00,DRIVER_REQUEST,True,,BATTERY_SWAP,['CHARGING'],False,UNSUPPORTED_SERVICE,78.908,241.98,2.347,1.0,VF_7_PLUS,EV_CAR,75.3,69.28,,False,True,False,validation
DE002712,T0107,V0047,2026-09-01T16:55:21.150239999+07:00,AUTO_DETECTED,False,,,['CHARGING'],,SUFFICIENT_SOC_RANGE,78.632,241.14,1.5,1.0,VF_7_PLUS,EV_CAR,75.3,69.28,,False,True,False,validation
DE002713,T0107,V0047,2026-09-01T16:55:21.150239999+07:00,DRIVER_REQUEST,True,CHARGING,CHARGING,['CHARGING'],True,VALID_REQUEST,78.632,241.14,1.5,1.0,VF_7_PLUS,EV_CAR,75.3,69.28,,False,True,False,validation
DE002714,T0107,V0047,2026-09-01T16:55:21.150239999+07:00,DRIVER_REQUEST,True,,BATTERY_SWAP,['CHARGING'],False,UNSUPPORTED_SERVICE,78.632,241.14,1.5,1.0,VF_7_PLUS,EV_CAR,75.3,69.28,,False,True,False,validation
DE002715,T0107,V0047,2026-09-01T16:57:36.360691428+07:00,AUTO_DETECTED,False,,,['CHARGING'],,SUFFICIENT_SOC_RANGE,78.396,240.42,0.778,1.0,VF_7_PLUS,EV_CAR,75.3,69.28,,False,True,False,validation
DE002716,T0107,V0047,2026-09-01T16:57:36.360691428+07:00,DRIVER_REQUEST,True,CHARGING,CHARGING,['CHARGING'],True,VALID_REQUEST,78.396,240.42,0.778,1.0,VF_7_PLUS,EV_CAR,75.3,69.28,,False,True,False,validation
DE002717,T0107,V0047,2026-09-01T16:57:36.360691428+07:00,DRIVER_REQUEST,True,,BATTERY_SWAP,['CHARGING'],False,UNSUPPORTED_SERVICE,78.396,240.42,0.778,1.0,VF_7_PLUS,EV_CAR,75.3,69.28,,False,True,False,validation
DE002718,T0107,V0047,2026-09-01T16:59:14.945291428+07:00,AUTO_DETECTED,False,,,['CHARGING'],,SUFFICIENT_SOC_RANGE,78.236,239.92,0.285,1.0,VF_7_PLUS,EV_CAR,75.3,69.28,,False,True,False,validation
DE002719,T0107,V0047,2026-09-01T16:59:14.945291428+07:00,DRIVER_REQUEST,True,CHARGING,CHARGING,['CHARGING'],True,VALID_REQUEST,78.236,239.92,0.285,1.0,VF_7_PLUS,EV_CAR,75.3,69.28,,False,True,False,validation
DE002720,T0107,V0047,2026-09-01T16:59:14.945291428+07:00,DRIVER_REQUEST,True,,BATTERY_SWAP,['CHARGING'],False,UNSUPPORTED_SERVICE,78.236,239.92,0.285,1.0,VF_7_PLUS,EV_CAR,75.3,69.28,,False,True,False,validation
DE002721,T0108,V0048,2026-09-01T16:48:39.146933333+07:00,AUTO_DETECTED,True,CHARGING,,['CHARGING'],,LOW_SOC,11.727,8.39,2.433,1.0,KLARA_S_2022,EV_MOTORBIKE,3.5,3.22,,False,True,False,validation
DE002722,T0108,V0048,2026-09-01T16:48:39.146933333+07:00,DRIVER_REQUEST,True,CHARGING,CHARGING,['CHARGING'],True,VALID_REQUEST,11.727,8.39,2.433,1.0,KLARA_S_2022,EV_MOTORBIKE,3.5,3.22,,False,True,False,validation
DE002723,T0108,V0048,2026-09-01T16:48:39.146933333+07:00,DRIVER_REQUEST,True,,BATTERY_SWAP,['CHARGING'],False,UNSUPPORTED_SERVICE,11.727,8.39,2.433,1.0,KLARA_S_2022,EV_MOTORBIKE,3.5,3.22,,False,True,False,validation
DE002724,T0108,V0048,2026-09-01T16:49:45.300442857+07:00,AUTO_DETECTED,True,CHARGING,,['CHARGING'],,LOW_SOC,11.264,8.06,2.102,1.0,KLARA_S_2022,EV_MOTORBIKE,3.5,3.22,,False,True,False,validation
DE002725,T0108,V0048,2026-09-01T16:49:45.300442857+07:00,DRIVER_REQUEST,True,CHARGING,CHARGING,['CHARGING'],True,VALID_REQUEST,11.264,8.06,2.102,1.0,KLARA_S_2022,EV_MOTORBIKE,3.5,3.22,,False,True,False,validation
DE002726,T0108,V0048,2026-09-01T16:49:45.300442857+07:00,DRIVER_REQUEST,True,,BATTERY_SWAP,['CHARGING'],False,UNSUPPORTED_SERVICE,11.264,8.06,2.102,1.0,KLARA_S_2022,EV_MOTORBIKE,3.5,3.22,,False,True,False,validation
DE002727,T0108,V0048,2026-09-01T16:50:51.268757142+07:00,AUTO_DETECTED,True,CHARGING,,['CHARGING'],,LOW_SOC,10.803,7.73,1.772,1.0,KLARA_S_2022,EV_MOTORBIKE,3.5,3.22,,False,True,False,validation
DE002728,T0108,V0048,2026-09-01T16:50:51.268757142+07:00,DRIVER_REQUEST,True,CHARGING,CHARGING,['CHARGING'],True,VALID_REQUEST,10.803,7.73,1.772,1.0,KLARA_S_2022,EV_MOTORBIKE,3.5,3.22,,False,True,False,validation
DE002729,T0108,V0048,2026-09-01T16:50:51.268757142+07:00,DRIVER_REQUEST,True,,BATTERY_SWAP,['CHARGING'],False,UNSUPPORTED_SERVICE,10.803,7.73,1.772,1.0,KLARA_S_2022,EV_MOTORBIKE,3.5,3.22,,False,True,False,validation
DE002730,T0108,V0048,2026-09-01T16:51:57.422266666+07:00,AUTO_DETECTED,True,CHARGING,,['CHARGING'],,LOW_SOC,10.341,7.4,1.441,1.0,KLARA_S_2022,EV_MOTORBIKE,3.5,3.22,,False,True,False,validation
DE002731,T0108,V0048,2026-09-01T16:51:57.422266666+07:00,DRIVER_REQUEST,True,CHARGING,CHARGING,['CHARGING'],True,VALID_REQUEST,10.341,7.4,1.441,1.0,KLARA_S_2022,EV_MOTORBIKE,3.5,3.22,,False,True,False,validation
DE002732,T0108,V0048,2026-09-01T16:51:57.422266666+07:00,DRIVER_REQUEST,True,,BATTERY_SWAP,['CHARGING'],False,UNSUPPORTED_SERVICE,10.341,7.4,1.441,1.0,KLARA_S_2022,EV_MOTORBIKE,3.5,3.22,,False,True,False,validation
DE002733,T0108,V0048,2026-09-01T16:53:00.416400+07:00,AUTO_DETECTED,True,CHARGING,,['CHARGING'],,LOW_SOC,9.901,7.08,1.126,1.0,KLARA_S_2022,EV_MOTORBIKE,3.5,3.22,,False,True,False,validation
DE002734,T0108,V0048,2026-09-01T16:53:00.416400+07:00,DRIVER_REQUEST,True,CHARGING,CHARGING,['CHARGING'],True,VALID_REQUEST,9.901,7.08,1.126,1.0,KLARA_S_2022,EV_MOTORBIKE,3.5,3.22,,False,True,False,validation
DE002735,T0108,V0048,2026-09-01T16:53:00.416400+07:00,DRIVER_REQUEST,True,,BATTERY_SWAP,['CHARGING'],False,UNSUPPORTED_SERVICE,9.901,7.08,1.126,1.0,KLARA_S_2022,EV_MOTORBIKE,3.5,3.22,,False,True,False,validation
DE002736,T0108,V0048,2026-09-01T16:54:06.192200+07:00,AUTO_DETECTED,True,CHARGING,,['CHARGING'],,LOW_SOC,9.441,6.76,0.797,1.0,KLARA_S_2022,EV_MOTORBIKE,3.5,3.22,,False,True,False,validation
DE002737,T0108,V0048,2026-09-01T16:54:06.192200+07:00,DRIVER_REQUEST,True,CHARGING,CHARGING,['CHARGING'],True,VALID_REQUEST,9.441,6.76,0.797,1.0,KLARA_S_2022,EV_MOTORBIKE,3.5,3.22,,False,True,False,validation
DE002738,T0108,V0048,2026-09-01T16:54:06.192200+07:00,DRIVER_REQUEST,True,,BATTERY_SWAP,['CHARGING'],False,UNSUPPORTED_SERVICE,9.441,6.76,0.797,1.0,KLARA_S_2022,EV_MOTORBIKE,3.5,3.22,,False,True,False,validation
DE002739,T0108,V0048,2026-09-01T16:55:00.605900+07:00,AUTO_DETECTED,True,CHARGING,,['CHARGING'],,LOW_SOC,9.061,6.48,0.525,1.0,KLARA_S_2022,EV_MOTORBIKE,3.5,3.22,,False,True,False,validation
DE002740,T0108,V0048,2026-09-01T16:55:00.605900+07:00,DRIVER_REQUEST,True,CHARGING,CHARGING,['CHARGING'],True,VALID_REQUEST,9.061,6.48,0.525,1.0,KLARA_S_2022,EV_MOTORBIKE,3.5,3.22,,False,True,False,validation
DE002741,T0108,V0048,2026-09-01T16:55:00.605900+07:00,DRIVER_REQUEST,True,,BATTERY_SWAP,['CHARGING'],False,UNSUPPORTED_SERVICE,9.061,6.48,0.525,1.0,KLARA_S_2022,EV_MOTORBIKE,3.5,3.22,,False,True,False,validation
DE002742,T0108,V0048,2026-09-01T16:56:06.364028571+07:00,AUTO_DETECTED,True,CHARGING,,['CHARGING'],,LOW_SOC,8.602,6.15,0.197,1.0,KLARA_S_2022,EV_MOTORBIKE,3.5,3.22,,False,True,False,validation
DE002743,T0108,V0048,2026-09-01T16:56:06.364028571+07:00,DRIVER_REQUEST,True,CHARGING,CHARGING,['CHARGING'],True,VALID_REQUEST,8.602,6.15,0.197,1.0,KLARA_S_2022,EV_MOTORBIKE,3.5,3.22,,False,True,False,validation
DE002744,T0108,V0048,2026-09-01T16:56:06.364028571+07:00,DRIVER_REQUEST,True,,BATTERY_SWAP,['CHARGING'],False,UNSUPPORTED_SERVICE,8.602,6.15,0.197,1.0,KLARA_S_2022,EV_MOTORBIKE,3.5,3.22,,False,True,False,validation
DE002745,T0109,V0049,2026-09-01T16:55:42.980119500+07:00,AUTO_DETECTED,True,CHARGING,,['CHARGING'],,LOW_SOC,17.762,54.47,7.866,1.18,VF_8,EV_CAR,87.7,80.68,,False,True,False,train
DE002746,T0109,V0049,2026-09-01T16:55:42.980119500+07:00,DRIVER_REQUEST,True,CHARGING,CHARGING,['CHARGING'],True,VALID_REQUEST,17.762,54.47,7.866,1.18,VF_8,EV_CAR,87.7,80.68,,False,True,False,train
DE002747,T0109,V0049,2026-09-01T16:55:42.980119500+07:00,DRIVER_REQUEST,True,,BATTERY_SWAP,['CHARGING'],False,UNSUPPORTED_SERVICE,17.762,54.47,7.866,1.18,VF_8,EV_CAR,87.7,80.68,,False,True,False,train
DE002748,T0109,V0049,2026-09-01T16:57:52.710010499+07:00,AUTO_DETECTED,True,CHARGING,,['CHARGING'],,LOW_SOC,17.406,53.38,6.773,1.016,VF_8,EV_CAR,87.7,80.68,,False,True,False,train
DE002749,T0109,V0049,2026-09-01T16:57:52.710010499+07:00,DRIVER_REQUEST,True,CHARGING,CHARGING,['CHARGING'],True,VALID_REQUEST,17.406,53.38,6.773,1.016,VF_8,EV_CAR,87.7,80.68,,False,True,False,train
DE002750,T0109,V0049,2026-09-01T16:57:52.710010499+07:00,DRIVER_REQUEST,True,,BATTERY_SWAP,['CHARGING'],False,UNSUPPORTED_SERVICE,17.406,53.38,6.773,1.016,VF_8,EV_CAR,87.7,80.68,,False,True,False,train
DE002751,T0109,V0049,2026-09-01T17:00:06.163168500+07:00,AUTO_DETECTED,True,CHARGING,,['CHARGING'],,LOW_SOC,17.075,52.36,5.759,1.0,VF_8,EV_CAR,87.7,80.68,,False,True,False,train
DE002752,T0109,V0049,2026-09-01T17:00:06.163168500+07:00,DRIVER_REQUEST,True,CHARGING,CHARGING,['CHARGING'],True,VALID_REQUEST,17.075,52.36,5.759,1.0,VF_8,EV_CAR,87.7,80.68,,False,True,False,train
DE002753,T0109,V0049,2026-09-01T17:00:06.163168500+07:00,DRIVER_REQUEST,True,,BATTERY_SWAP,['CHARGING'],False,UNSUPPORTED_SERVICE,17.075,52.36,5.759,1.0,VF_8,EV_CAR,87.7,80.68,,False,True,False,train
DE002754,T0109,V0049,2026-09-01T17:02:29.782477500+07:00,AUTO_DETECTED,True,CHARGING,,['CHARGING'],,LOW_SOC,16.721,51.28,4.673,1.0,VF_8,EV_CAR,87.7,80.68,,False,True,False,train
DE002755,T0109,V0049,2026-09-01T17:02:29.782477500+07:00,DRIVER_REQUEST,True,CHARGING,CHARGING,['CHARGING'],True,VALID_REQUEST,16.721,51.28,4.673,1.0,VF_8,EV_CAR,87.7,80.68,,False,True,False,train
DE002756,T0109,V0049,2026-09-01T17:02:29.782477500+07:00,DRIVER_REQUEST,True,,BATTERY_SWAP,['CHARGING'],False,UNSUPPORTED_SERVICE,16.721,51.28,4.673,1.0,VF_8,EV_CAR,87.7,80.68,,False,True,False,train
DE002757,T0109,V0049,2026-09-01T17:04:39.485596038+07:00,AUTO_DETECTED,True,CHARGING,,['CHARGING'],,LOW_SOC,16.377,50.22,3.618,1.0,VF_8,EV_CAR,87.7,80.68,,False,True,False,train
DE002758,T0109,V0049,2026-09-01T17:04:39.485596038+07:00,DRIVER_REQUEST,True,CHARGING,CHARGING,['CHARGING'],True,VALID_REQUEST,16.377,50.22,3.618,1.0,VF_8,EV_CAR,87.7,80.68,,False,True,False,train
DE002759,T0109,V0049,2026-09-01T17:04:39.485596038+07:00,DRIVER_REQUEST,True,,BATTERY_SWAP,['CHARGING'],False,UNSUPPORTED_SERVICE,16.377,50.22,3.618,1.0,VF_8,EV_CAR,87.7,80.68,,False,True,False,train
DE002760,T0109,V0049,2026-09-01T17:06:52.536293357+07:00,AUTO_DETECTED,True,CHARGING,,['CHARGING'],,LOW_SOC,16.066,49.27,2.665,1.0,VF_8,EV_CAR,87.7,80.68,,False,True,False,train
DE002761,T0109,V0049,2026-09-01T17:06:52.536293357+07:00,DRIVER_REQUEST,True,CHARGING,CHARGING,['CHARGING'],True,VALID_REQUEST,16.066,49.27,2.665,1.0,VF_8,EV_CAR,87.7,80.68,,False,True,False,train
DE002762,T0109,V0049,2026-09-01T17:06:52.536293357+07:00,DRIVER_REQUEST,True,,BATTERY_SWAP,['CHARGING'],False,UNSUPPORTED_SERVICE,16.066,49.27,2.665,1.0,VF_8,EV_CAR,87.7,80.68,,False,True,False,train
DE002763,T0109,V0049,2026-09-01T17:09:50.377429357+07:00,AUTO_DETECTED,True,CHARGING,,['CHARGING'],,LOW_SOC,15.737,48.26,1.655,1.0,VF_8,EV_CAR,87.7,80.68,,False,True,False,train
DE002764,T0109,V0049,2026-09-01T17:09:50.377429357+07:00,DRIVER_REQUEST,True,CHARGING,CHARGING,['CHARGING'],True,VALID_REQUEST,15.737,48.26,1.655,1.0,VF_8,EV_CAR,87.7,80.68,,False,True,False,train
DE002765,T0109,V0049,2026-09-01T17:09:50.377429357+07:00,DRIVER_REQUEST,True,,BATTERY_SWAP,['CHARGING'],False,UNSUPPORTED_SERVICE,15.737,48.26,1.655,1.0,VF_8,EV_CAR,87.7,80.68,,False,True,False,train
DE002766,T0109,V0049,2026-09-01T17:12:45.329628917+07:00,AUTO_DETECTED,True,CHARGING,,['CHARGING'],,LOW_SOC,15.402,47.23,0.629,1.0,VF_8,EV_CAR,87.7,80.68,,False,True,False,train
DE002767,T0109,V0049,2026-09-01T17:12:45.329628917+07:00,DRIVER_REQUEST,True,CHARGING,CHARGING,['CHARGING'],True,VALID_REQUEST,15.402,47.23,0.629,1.0,VF_8,EV_CAR,87.7,80.68,,False,True,False,train
DE002768,T0109,V0049,2026-09-01T17:12:45.329628917+07:00,DRIVER_REQUEST,True,,BATTERY_SWAP,['CHARGING'],False,UNSUPPORTED_SERVICE,15.402,47.23,0.629,1.0,VF_8,EV_CAR,87.7,80.68,,False,True,False,train
DE002769,T0110,V0018,2026-09-01T17:02:00.940899999+07:00,AUTO_DETECTED,True,,,"['CHARGING', 'BATTERY_SWAP']",,LOW_SOC,15.155,10.84,6.687,1.003,EVO_LITE,EV_MOTORBIKE,1.5,1.38,1.0,True,True,True,validation
DE002770,T0110,V0018,2026-09-01T17:02:00.940899999+07:00,DRIVER_REQUEST,True,CHARGING,CHARGING,"['CHARGING', 'BATTERY_SWAP']",True,VALID_REQUEST,15.155,10.84,6.687,1.003,EVO_LITE,EV_MOTORBIKE,1.5,1.38,1.0,True,True,True,validation
DE002771,T0110,V0018,2026-09-01T17:02:00.940899999+07:00,DRIVER_REQUEST,True,BATTERY_SWAP,BATTERY_SWAP,"['CHARGING', 'BATTERY_SWAP']",True,VALID_REQUEST,15.155,10.84,6.687,1.003,EVO_LITE,EV_MOTORBIKE,1.5,1.38,1.0,True,True,True,validation
DE002772,T0110,V0018,2026-09-01T17:02:00.940899999+07:00,DRIVER_REQUEST,True,,ANY,"['CHARGING', 'BATTERY_SWAP']",True,VALID_REQUEST,15.155,10.84,6.687,1.003,EVO_LITE,EV_MOTORBIKE,1.5,1.38,1.0,True,True,True,validation
DE002773,T0110,V0018,2026-09-01T17:04:44.944340571+07:00,AUTO_DETECTED,True,,,"['CHARGING', 'BATTERY_SWAP']",,LOW_SOC,13.955,9.99,5.828,1.0,EVO_LITE,EV_MOTORBIKE,1.5,1.38,1.0,True,True,True,validation
DE002774,T0110,V0018,2026-09-01T17:04:44.944340571+07:00,DRIVER_REQUEST,True,CHARGING,CHARGING,"['CHARGING', 'BATTERY_SWAP']",True,VALID_REQUEST,13.955,9.99,5.828,1.0,EVO_LITE,EV_MOTORBIKE,1.5,1.38,1.0,True,True,True,validation
DE002775,T0110,V0018,2026-09-01T17:04:44.944340571+07:00,DRIVER_REQUEST,True,BATTERY_SWAP,BATTERY_SWAP,"['CHARGING', 'BATTERY_SWAP']",True,VALID_REQUEST,13.955,9.99,5.828,1.0,EVO_LITE,EV_MOTORBIKE,1.5,1.38,1.0,True,True,True,validation
DE002776,T0110,V0018,2026-09-01T17:04:44.944340571+07:00,DRIVER_REQUEST,True,,ANY,"['CHARGING', 'BATTERY_SWAP']",True,VALID_REQUEST,13.955,9.99,5.828,1.0,EVO_LITE,EV_MOTORBIKE,1.5,1.38,1.0,True,True,True,validation
DE002777,T0110,V0018,2026-09-01T17:07:33.321214476+07:00,AUTO_DETECTED,True,,,"['CHARGING', 'BATTERY_SWAP']",,LOW_SOC,12.725,9.11,4.948,1.0,EVO_LITE,EV_MOTORBIKE,1.5,1.38,1.0,True,True,True,validation
DE002778,T0110,V0018,2026-09-01T17:07:33.321214476+07:00,DRIVER_REQUEST,True,CHARGING,CHARGING,"['CHARGING', 'BATTERY_SWAP']",True,VALID_REQUEST,12.725,9.11,4.948,1.0,EVO_LITE,EV_MOTORBIKE,1.5,1.38,1.0,True,True,True,validation
DE002779,T0110,V0018,2026-09-01T17:07:33.321214476+07:00,DRIVER_REQUEST,True,BATTERY_SWAP,BATTERY_SWAP,"['CHARGING', 'BATTERY_SWAP']",True,VALID_REQUEST,12.725,9.11,4.948,1.0,EVO_LITE,EV_MOTORBIKE,1.5,1.38,1.0,True,True,True,validation
DE002780,T0110,V0018,2026-09-01T17:07:33.321214476+07:00,DRIVER_REQUEST,True,,ANY,"['CHARGING', 'BATTERY_SWAP']",True,VALID_REQUEST,12.725,9.11,4.948,1.0,EVO_LITE,EV_MOTORBIKE,1.5,1.38,1.0,True,True,True,validation
DE002781,T0110,V0018,2026-09-01T17:10:34.256114476+07:00,AUTO_DETECTED,True,,,"['CHARGING', 'BATTERY_SWAP']",,LOW_SOC,11.46,8.2,4.043,1.0,EVO_LITE,EV_MOTORBIKE,1.5,1.38,1.0,True,True,True,validation
DE002782,T0110,V0018,2026-09-01T17:10:34.256114476+07:00,DRIVER_REQUEST,True,CHARGING,CHARGING,"['CHARGING', 'BATTERY_SWAP']",True,VALID_REQUEST,11.46,8.2,4.043,1.0,EVO_LITE,EV_MOTORBIKE,1.5,1.38,1.0,True,True,True,validation
DE002783,T0110,V0018,2026-09-01T17:10:34.256114476+07:00,DRIVER_REQUEST,True,BATTERY_SWAP,BATTERY_SWAP,"['CHARGING', 'BATTERY_SWAP']",True,VALID_REQUEST,11.46,8.2,4.043,1.0,EVO_LITE,EV_MOTORBIKE,1.5,1.38,1.0,True,True,True,validation
DE002784,T0110,V0018,2026-09-01T17:10:34.256114476+07:00,DRIVER_REQUEST,True,,ANY,"['CHARGING', 'BATTERY_SWAP']",True,VALID_REQUEST,11.46,8.2,4.043,1.0,EVO_LITE,EV_MOTORBIKE,1.5,1.38,1.0,True,True,True,validation
DE002785,T0110,V0018,2026-09-01T17:13:22.129052571+07:00,AUTO_DETECTED,True,,,"['CHARGING', 'BATTERY_SWAP']",,LOW_SOC,10.251,7.34,3.178,1.0,EVO_LITE,EV_MOTORBIKE,1.5,1.38,1.0,True,True,True,validation
DE002786,T0110,V0018,2026-09-01T17:13:22.129052571+07:00,DRIVER_REQUEST,True,CHARGING,CHARGING,"['CHARGING', 'BATTERY_SWAP']",True,VALID_REQUEST,10.251,7.34,3.178,1.0,EVO_LITE,EV_MOTORBIKE,1.5,1.38,1.0,True,True,True,validation
DE002787,T0110,V0018,2026-09-01T17:13:22.129052571+07:00,DRIVER_REQUEST,True,BATTERY_SWAP,BATTERY_SWAP,"['CHARGING', 'BATTERY_SWAP']",True,VALID_REQUEST,10.251,7.34,3.178,1.0,EVO_LITE,EV_MOTORBIKE,1.5,1.38,1.0,True,True,True,validation
DE002788,T0110,V0018,2026-09-01T17:13:22.129052571+07:00,DRIVER_REQUEST,True,,ANY,"['CHARGING', 'BATTERY_SWAP']",True,VALID_REQUEST,10.251,7.34,3.178,1.0,EVO_LITE,EV_MOTORBIKE,1.5,1.38,1.0,True,True,True,validation
DE002789,T0110,V0018,2026-09-01T17:15:23.602490666+07:00,AUTO_DETECTED,True,,,"['CHARGING', 'BATTERY_SWAP']",,LOW_SOC,8.979,6.42,2.267,1.0,EVO_LITE,EV_MOTORBIKE,1.5,1.38,1.0,True,True,True,validation
DE002790,T0110,V0018,2026-09-01T17:15:23.602490666+07:00,DRIVER_REQUEST,True,CHARGING,CHARGING,"['CHARGING', 'BATTERY_SWAP']",True,VALID_REQUEST,8.979,6.42,2.267,1.0,EVO_LITE,EV_MOTORBIKE,1.5,1.38,1.0,True,True,True,validation
DE002791,T0110,V0018,2026-09-01T17:15:23.602490666+07:00,DRIVER_REQUEST,True,BATTERY_SWAP,BATTERY_SWAP,"['CHARGING', 'BATTERY_SWAP']",True,VALID_REQUEST,8.979,6.42,2.267,1.0,EVO_LITE,EV_MOTORBIKE,1.5,1.38,1.0,True,True,True,validation
DE002792,T0110,V0018,2026-09-01T17:15:23.602490666+07:00,DRIVER_REQUEST,True,,ANY,"['CHARGING', 'BATTERY_SWAP']",True,VALID_REQUEST,8.979,6.42,2.267,1.0,EVO_LITE,EV_MOTORBIKE,1.5,1.38,1.0,True,True,True,validation
DE002793,T0110,V0018,2026-09-01T17:17:48.600569142+07:00,AUTO_DETECTED,True,,,"['CHARGING', 'BATTERY_SWAP']",,LOW_SOC,7.778,5.57,1.408,1.0,EVO_LITE,EV_MOTORBIKE,1.5,1.38,1.0,True,True,True,validation
DE002794,T0110,V0018,2026-09-01T17:17:48.600569142+07:00,DRIVER_REQUEST,True,CHARGING,CHARGING,"['CHARGING', 'BATTERY_SWAP']",True,VALID_REQUEST,7.778,5.57,1.408,1.0,EVO_LITE,EV_MOTORBIKE,1.5,1.38,1.0,True,True,True,validation
DE002795,T0110,V0018,2026-09-01T17:17:48.600569142+07:00,DRIVER_REQUEST,True,BATTERY_SWAP,BATTERY_SWAP,"['CHARGING', 'BATTERY_SWAP']",True,VALID_REQUEST,7.778,5.57,1.408,1.0,EVO_LITE,EV_MOTORBIKE,1.5,1.38,1.0,True,True,True,validation
DE002796,T0110,V0018,2026-09-01T17:17:48.600569142+07:00,DRIVER_REQUEST,True,,ANY,"['CHARGING', 'BATTERY_SWAP']",True,VALID_REQUEST,7.778,5.57,1.408,1.0,EVO_LITE,EV_MOTORBIKE,1.5,1.38,1.0,True,True,True,validation
DE002797,T0110,V0018,2026-09-01T17:19:47.260338904+07:00,AUTO_DETECTED,True,,,"['CHARGING', 'BATTERY_SWAP']",,LOW_SOC,6.587,4.71,0.556,1.0,EVO_LITE,EV_MOTORBIKE,1.5,1.38,1.0,True,True,True,validation
DE002798,T0110,V0018,2026-09-01T17:19:47.260338904+07:00,DRIVER_REQUEST,True,CHARGING,CHARGING,"['CHARGING', 'BATTERY_SWAP']",True,VALID_REQUEST,6.587,4.71,0.556,1.0,EVO_LITE,EV_MOTORBIKE,1.5,1.38,1.0,True,True,True,validation
DE002799,T0110,V0018,2026-09-01T17:19:47.260338904+07:00,DRIVER_REQUEST,True,BATTERY_SWAP,BATTERY_SWAP,"['CHARGING', 'BATTERY_SWAP']",True,VALID_REQUEST,6.587,4.71,0.556,1.0,EVO_LITE,EV_MOTORBIKE,1.5,1.38,1.0,True,True,True,validation
DE002800,T0110,V0018,2026-09-01T17:19:47.260338904+07:00,DRIVER_REQUEST,True,,ANY,"['CHARGING', 'BATTERY_SWAP']",True,VALID_REQUEST,6.587,4.71,0.556,1.0,EVO_LITE,EV_MOTORBIKE,1.5,1.38,1.0,True,True,True,validation
DE002801,T0111,V0051,2026-09-01T17:07:25.963212499+07:00,AUTO_DETECTED,True,CHARGING,,['CHARGING'],,LOW_SOC,17.025,12.18,6.82,1.023,VENTO_S,EV_MOTORBIKE,3.5,3.22,,False,True,False,train
DE002802,T0111,V0051,2026-09-01T17:07:25.963212499+07:00,DRIVER_REQUEST,True,CHARGING,CHARGING,['CHARGING'],True,VALID_REQUEST,17.025,12.18,6.82,1.023,VENTO_S,EV_MOTORBIKE,3.5,3.22,,False,True,False,train
DE002803,T0111,V0051,2026-09-01T17:07:25.963212499+07:00,DRIVER_REQUEST,True,,BATTERY_SWAP,['CHARGING'],False,UNSUPPORTED_SERVICE,17.025,12.18,6.82,1.023,VENTO_S,EV_MOTORBIKE,3.5,3.22,,False,True,False,train
DE002804,T0111,V0051,2026-09-01T17:09:26.453700874+07:00,AUTO_DETECTED,True,CHARGING,,['CHARGING'],,LOW_SOC,15.697,11.23,5.869,1.0,VENTO_S,EV_MOTORBIKE,3.5,3.22,,False,True,False,train
DE002805,T0111,V0051,2026-09-01T17:09:26.453700874+07:00,DRIVER_REQUEST,True,CHARGING,CHARGING,['CHARGING'],True,VALID_REQUEST,15.697,11.23,5.869,1.0,VENTO_S,EV_MOTORBIKE,3.5,3.22,,False,True,False,train
DE002806,T0111,V0051,2026-09-01T17:09:26.453700874+07:00,DRIVER_REQUEST,True,,BATTERY_SWAP,['CHARGING'],False,UNSUPPORTED_SERVICE,15.697,11.23,5.869,1.0,VENTO_S,EV_MOTORBIKE,3.5,3.22,,False,True,False,train
DE002807,T0111,V0051,2026-09-01T17:11:27.662966499+07:00,AUTO_DETECTED,True,CHARGING,,['CHARGING'],,LOW_SOC,14.737,10.55,5.183,1.0,VENTO_S,EV_MOTORBIKE,3.5,3.22,,False,True,False,train
DE002808,T0111,V0051,2026-09-01T17:11:27.662966499+07:00,DRIVER_REQUEST,True,CHARGING,CHARGING,['CHARGING'],True,VALID_REQUEST,14.737,10.55,5.183,1.0,VENTO_S,EV_MOTORBIKE,3.5,3.22,,False,True,False,train
DE002809,T0111,V0051,2026-09-01T17:11:27.662966499+07:00,DRIVER_REQUEST,True,,BATTERY_SWAP,['CHARGING'],False,UNSUPPORTED_SERVICE,14.737,10.55,5.183,1.0,VENTO_S,EV_MOTORBIKE,3.5,3.22,,False,True,False,train
DE002810,T0111,V0051,2026-09-01T17:13:47.538716499+07:00,AUTO_DETECTED,True,CHARGING,,['CHARGING'],,LOW_SOC,13.677,9.79,4.424,1.0,VENTO_S,EV_MOTORBIKE,3.5,3.22,,False,True,False,train
DE002811,T0111,V0051,2026-09-01T17:13:47.538716499+07:00,DRIVER_REQUEST,True,CHARGING,CHARGING,['CHARGING'],True,VALID_REQUEST,13.677,9.79,4.424,1.0,VENTO_S,EV_MOTORBIKE,3.5,3.22,,False,True,False,train
DE002812,T0111,V0051,2026-09-01T17:13:47.538716499+07:00,DRIVER_REQUEST,True,,BATTERY_SWAP,['CHARGING'],False,UNSUPPORTED_SERVICE,13.677,9.79,4.424,1.0,VENTO_S,EV_MOTORBIKE,3.5,3.22,,False,True,False,train
DE002813,T0111,V0051,2026-09-01T17:16:25.766679+07:00,AUTO_DETECTED,True,CHARGING,,['CHARGING'],,LOW_SOC,12.487,8.93,3.572,1.0,VENTO_S,EV_MOTORBIKE,3.5,3.22,,False,True,False,train
DE002814,T0111,V0051,2026-09-01T17:16:25.766679+07:00,DRIVER_REQUEST,True,CHARGING,CHARGING,['CHARGING'],True,VALID_REQUEST,12.487,8.93,3.572,1.0,VENTO_S,EV_MOTORBIKE,3.5,3.22,,False,True,False,train
DE002815,T0111,V0051,2026-09-01T17:16:25.766679+07:00,DRIVER_REQUEST,True,,BATTERY_SWAP,['CHARGING'],False,UNSUPPORTED_SERVICE,12.487,8.93,3.572,1.0,VENTO_S,EV_MOTORBIKE,3.5,3.22,,False,True,False,train
DE002816,T0111,V0051,2026-09-01T17:18:38.337745714+07:00,AUTO_DETECTED,True,CHARGING,,['CHARGING'],,LOW_SOC,10.959,7.84,2.479,1.0,VENTO_S,EV_MOTORBIKE,3.5,3.22,,False,True,False,train
DE002817,T0111,V0051,2026-09-01T17:18:38.337745714+07:00,DRIVER_REQUEST,True,CHARGING,CHARGING,['CHARGING'],True,VALID_REQUEST,10.959,7.84,2.479,1.0,VENTO_S,EV_MOTORBIKE,3.5,3.22,,False,True,False,train
DE002818,T0111,V0051,2026-09-01T17:18:38.337745714+07:00,DRIVER_REQUEST,True,,BATTERY_SWAP,['CHARGING'],False,UNSUPPORTED_SERVICE,10.959,7.84,2.479,1.0,VENTO_S,EV_MOTORBIKE,3.5,3.22,,False,True,False,train
DE002819,T0111,V0051,2026-09-01T17:20:57.519421999+07:00,AUTO_DETECTED,True,CHARGING,,['CHARGING'],,LOW_SOC,9.614,6.88,1.516,1.0,VENTO_S,EV_MOTORBIKE,3.5,3.22,,False,True,False,train
DE002820,T0111,V0051,2026-09-01T17:20:57.519421999+07:00,DRIVER_REQUEST,True,CHARGING,CHARGING,['CHARGING'],True,VALID_REQUEST,9.614,6.88,1.516,1.0,VENTO_S,EV_MOTORBIKE,3.5,3.22,,False,True,False,train
DE002821,T0111,V0051,2026-09-01T17:20:57.519421999+07:00,DRIVER_REQUEST,True,,BATTERY_SWAP,['CHARGING'],False,UNSUPPORTED_SERVICE,9.614,6.88,1.516,1.0,VENTO_S,EV_MOTORBIKE,3.5,3.22,,False,True,False,train
DE002822,T0111,V0051,2026-09-01T17:22:53.645597428+07:00,AUTO_DETECTED,True,CHARGING,,['CHARGING'],,LOW_SOC,8.309,5.95,0.583,1.0,VENTO_S,EV_MOTORBIKE,3.5,3.22,,False,True,False,train
DE002823,T0111,V0051,2026-09-01T17:22:53.645597428+07:00,DRIVER_REQUEST,True,CHARGING,CHARGING,['CHARGING'],True,VALID_REQUEST,8.309,5.95,0.583,1.0,VENTO_S,EV_MOTORBIKE,3.5,3.22,,False,True,False,train
DE002824,T0111,V0051,2026-09-01T17:22:53.645597428+07:00,DRIVER_REQUEST,True,,BATTERY_SWAP,['CHARGING'],False,UNSUPPORTED_SERVICE,8.309,5.95,0.583,1.0,VENTO_S,EV_MOTORBIKE,3.5,3.22,,False,True,False,train
DE002825,T0112,V0052,2026-09-01T17:14:39.336500+07:00,AUTO_DETECTED,True,CHARGING,,['CHARGING'],,LOW_SOC,17.74,54.4,7.899,1.185,VF_E34,EV_CAR,41.9,38.55,,False,True,False,train
DE002826,T0112,V0052,2026-09-01T17:14:39.336500+07:00,DRIVER_REQUEST,True,CHARGING,CHARGING,['CHARGING'],True,VALID_REQUEST,17.74,54.4,7.899,1.185,VF_E34,EV_CAR,41.9,38.55,,False,True,False,train
DE002827,T0112,V0052,2026-09-01T17:14:39.336500+07:00,DRIVER_REQUEST,True,,BATTERY_SWAP,['CHARGING'],False,UNSUPPORTED_SERVICE,17.74,54.4,7.899,1.185,VF_E34,EV_CAR,41.9,38.55,,False,True,False,train
DE002828,T0112,V0052,2026-09-01T17:17:45.625393142+07:00,AUTO_DETECTED,True,CHARGING,,['CHARGING'],,LOW_SOC,17.4,53.36,6.854,1.028,VF_E34,EV_CAR,41.9,38.55,,False,True,False,train
DE002829,T0112,V0052,2026-09-01T17:17:45.625393142+07:00,DRIVER_REQUEST,True,CHARGING,CHARGING,['CHARGING'],True,VALID_REQUEST,17.4,53.36,6.854,1.028,VF_E34,EV_CAR,41.9,38.55,,False,True,False,train
DE002830,T0112,V0052,2026-09-01T17:17:45.625393142+07:00,DRIVER_REQUEST,True,,BATTERY_SWAP,['CHARGING'],False,UNSUPPORTED_SERVICE,17.4,53.36,6.854,1.028,VF_E34,EV_CAR,41.9,38.55,,False,True,False,train
DE002831,T0112,V0052,2026-09-01T17:19:52.851175999+07:00,AUTO_DETECTED,True,CHARGING,,['CHARGING'],,LOW_SOC,17.044,52.27,5.765,1.0,VF_E34,EV_CAR,41.9,38.55,,False,True,False,train
DE002832,T0112,V0052,2026-09-01T17:19:52.851175999+07:00,DRIVER_REQUEST,True,CHARGING,CHARGING,['CHARGING'],True,VALID_REQUEST,17.044,52.27,5.765,1.0,VF_E34,EV_CAR,41.9,38.55,,False,True,False,train
DE002833,T0112,V0052,2026-09-01T17:19:52.851175999+07:00,DRIVER_REQUEST,True,,BATTERY_SWAP,['CHARGING'],False,UNSUPPORTED_SERVICE,17.044,52.27,5.765,1.0,VF_E34,EV_CAR,41.9,38.55,,False,True,False,train
DE002834,T0112,V0052,2026-09-01T17:22:44.553714666+07:00,AUTO_DETECTED,True,CHARGING,,['CHARGING'],,LOW_SOC,16.712,51.25,4.745,1.0,VF_E34,EV_CAR,41.9,38.55,,False,True,False,train
DE002835,T0112,V0052,2026-09-01T17:22:44.553714666+07:00,DRIVER_REQUEST,True,CHARGING,CHARGING,['CHARGING'],True,VALID_REQUEST,16.712,51.25,4.745,1.0,VF_E34,EV_CAR,41.9,38.55,,False,True,False,train
DE002836,T0112,V0052,2026-09-01T17:22:44.553714666+07:00,DRIVER_REQUEST,True,,BATTERY_SWAP,['CHARGING'],False,UNSUPPORTED_SERVICE,16.712,51.25,4.745,1.0,VF_E34,EV_CAR,41.9,38.55,,False,True,False,train
DE002837,T0112,V0052,2026-09-01T17:25:55.886079999+07:00,AUTO_DETECTED,True,CHARGING,,['CHARGING'],,LOW_SOC,16.371,50.2,3.699,1.0,VF_E34,EV_CAR,41.9,38.55,,False,True,False,train
DE002838,T0112,V0052,2026-09-01T17:25:55.886079999+07:00,DRIVER_REQUEST,True,CHARGING,CHARGING,['CHARGING'],True,VALID_REQUEST,16.371,50.2,3.699,1.0,VF_E34,EV_CAR,41.9,38.55,,False,True,False,train
DE002839,T0112,V0052,2026-09-01T17:25:55.886079999+07:00,DRIVER_REQUEST,True,,BATTERY_SWAP,['CHARGING'],False,UNSUPPORTED_SERVICE,16.371,50.2,3.699,1.0,VF_E34,EV_CAR,41.9,38.55,,False,True,False,train
DE002840,T0112,V0052,2026-09-01T17:28:32.757423999+07:00,AUTO_DETECTED,True,CHARGING,,['CHARGING'],,LOW_SOC,16.072,49.29,2.782,1.0,VF_E34,EV_CAR,41.9,38.55,,False,True,False,train
DE002841,T0112,V0052,2026-09-01T17:28:32.757423999+07:00,DRIVER_REQUEST,True,CHARGING,CHARGING,['CHARGING'],True,VALID_REQUEST,16.072,49.29,2.782,1.0,VF_E34,EV_CAR,41.9,38.55,,False,True,False,train
DE002842,T0112,V0052,2026-09-01T17:28:32.757423999+07:00,DRIVER_REQUEST,True,,BATTERY_SWAP,['CHARGING'],False,UNSUPPORTED_SERVICE,16.072,49.29,2.782,1.0,VF_E34,EV_CAR,41.9,38.55,,False,True,False,train
DE002843,T0112,V0052,2026-09-01T17:31:29.479370666+07:00,AUTO_DETECTED,True,CHARGING,,['CHARGING'],,LOW_SOC,15.725,48.22,1.718,1.0,VF_E34,EV_CAR,41.9,38.55,,False,True,False,train
DE002844,T0112,V0052,2026-09-01T17:31:29.479370666+07:00,DRIVER_REQUEST,True,CHARGING,CHARGING,['CHARGING'],True,VALID_REQUEST,15.725,48.22,1.718,1.0,VF_E34,EV_CAR,41.9,38.55,,False,True,False,train
DE002845,T0112,V0052,2026-09-01T17:31:29.479370666+07:00,DRIVER_REQUEST,True,,BATTERY_SWAP,['CHARGING'],False,UNSUPPORTED_SERVICE,15.725,48.22,1.718,1.0,VF_E34,EV_CAR,41.9,38.55,,False,True,False,train
DE002846,T0112,V0052,2026-09-01T17:34:11.670221714+07:00,AUTO_DETECTED,True,CHARGING,,['CHARGING'],,LOW_SOC,15.398,47.22,0.715,1.0,VF_E34,EV_CAR,41.9,38.55,,False,True,False,train
DE002847,T0112,V0052,2026-09-01T17:34:11.670221714+07:00,DRIVER_REQUEST,True,CHARGING,CHARGING,['CHARGING'],True,VALID_REQUEST,15.398,47.22,0.715,1.0,VF_E34,EV_CAR,41.9,38.55,,False,True,False,train
DE002848,T0112,V0052,2026-09-01T17:34:11.670221714+07:00,DRIVER_REQUEST,True,,BATTERY_SWAP,['CHARGING'],False,UNSUPPORTED_SERVICE,15.398,47.22,0.715,1.0,VF_E34,EV_CAR,41.9,38.55,,False,True,False,train
DE002849,T0113,V0053,2026-09-01T17:18:39.087216+07:00,AUTO_DETECTED,True,CHARGING,,['CHARGING'],,LOW_SOC,17.912,54.93,4.191,1.0,NERIO_GREEN,EV_CAR,41.9,38.55,,False,True,False,train
DE002850,T0113,V0053,2026-09-01T17:18:39.087216+07:00,DRIVER_REQUEST,True,CHARGING,CHARGING,['CHARGING'],True,VALID_REQUEST,17.912,54.93,4.191,1.0,NERIO_GREEN,EV_CAR,41.9,38.55,,False,True,False,train
DE002851,T0113,V0053,2026-09-01T17:18:39.087216+07:00,DRIVER_REQUEST,True,,BATTERY_SWAP,['CHARGING'],False,UNSUPPORTED_SERVICE,17.912,54.93,4.191,1.0,NERIO_GREEN,EV_CAR,41.9,38.55,,False,True,False,train
DE002852,T0113,V0053,2026-09-01T17:20:03.937520+07:00,AUTO_DETECTED,True,CHARGING,,['CHARGING'],,LOW_SOC,17.719,54.34,3.602,1.0,NERIO_GREEN,EV_CAR,41.9,38.55,,False,True,False,train
DE002853,T0113,V0053,2026-09-01T17:20:03.937520+07:00,DRIVER_REQUEST,True,CHARGING,CHARGING,['CHARGING'],True,VALID_REQUEST,17.719,54.34,3.602,1.0,NERIO_GREEN,EV_CAR,41.9,38.55,,False,True,False,train
DE002854,T0113,V0053,2026-09-01T17:20:03.937520+07:00,DRIVER_REQUEST,True,,BATTERY_SWAP,['CHARGING'],False,UNSUPPORTED_SERVICE,17.719,54.34,3.602,1.0,NERIO_GREEN,EV_CAR,41.9,38.55,,False,True,False,train
DE002855,T0113,V0053,2026-09-01T17:21:21.771012857+07:00,AUTO_DETECTED,True,CHARGING,,['CHARGING'],,LOW_SOC,17.541,53.79,3.056,1.0,NERIO_GREEN,EV_CAR,41.9,38.55,,False,True,False,train
DE002856,T0113,V0053,2026-09-01T17:21:21.771012857+07:00,DRIVER_REQUEST,True,CHARGING,CHARGING,['CHARGING'],True,VALID_REQUEST,17.541,53.79,3.056,1.0,NERIO_GREEN,EV_CAR,41.9,38.55,,False,True,False,train
DE002857,T0113,V0053,2026-09-01T17:21:21.771012857+07:00,DRIVER_REQUEST,True,,BATTERY_SWAP,['CHARGING'],False,UNSUPPORTED_SERVICE,17.541,53.79,3.056,1.0,NERIO_GREEN,EV_CAR,41.9,38.55,,False,True,False,train
DE002858,T0113,V0053,2026-09-01T17:22:22.781184+07:00,AUTO_DETECTED,True,CHARGING,,['CHARGING'],,LOW_SOC,17.356,53.23,2.488,1.0,NERIO_GREEN,EV_CAR,41.9,38.55,,False,True,False,train
DE002859,T0113,V0053,2026-09-01T17:22:22.781184+07:00,DRIVER_REQUEST,True,CHARGING,CHARGING,['CHARGING'],True,VALID_REQUEST,17.356,53.23,2.488,1.0,NERIO_GREEN,EV_CAR,41.9,38.55,,False,True,False,train
DE002860,T0113,V0053,2026-09-01T17:22:22.781184+07:00,DRIVER_REQUEST,True,,BATTERY_SWAP,['CHARGING'],False,UNSUPPORTED_SERVICE,17.356,53.23,2.488,1.0,NERIO_GREEN,EV_CAR,41.9,38.55,,False,True,False,train
DE002861,T0113,V0053,2026-09-01T17:23:37.525728+07:00,AUTO_DETECTED,True,CHARGING,,['CHARGING'],,LOW_SOC,17.187,52.71,1.969,1.0,NERIO_GREEN,EV_CAR,41.9,38.55,,False,True,False,train
DE002862,T0113,V0053,2026-09-01T17:23:37.525728+07:00,DRIVER_REQUEST,True,CHARGING,CHARGING,['CHARGING'],True,VALID_REQUEST,17.187,52.71,1.969,1.0,NERIO_GREEN,EV_CAR,41.9,38.55,,False,True,False,train
DE002863,T0113,V0053,2026-09-01T17:23:37.525728+07:00,DRIVER_REQUEST,True,,BATTERY_SWAP,['CHARGING'],False,UNSUPPORTED_SERVICE,17.187,52.71,1.969,1.0,NERIO_GREEN,EV_CAR,41.9,38.55,,False,True,False,train
DE002864,T0113,V0053,2026-09-01T17:24:50.106636+07:00,AUTO_DETECTED,True,CHARGING,,['CHARGING'],,LOW_SOC,17.008,52.16,1.422,1.0,NERIO_GREEN,EV_CAR,41.9,38.55,,False,True,False,train
DE002865,T0113,V0053,2026-09-01T17:24:50.106636+07:00,DRIVER_REQUEST,True,CHARGING,CHARGING,['CHARGING'],True,VALID_REQUEST,17.008,52.16,1.422,1.0,NERIO_GREEN,EV_CAR,41.9,38.55,,False,True,False,train
DE002866,T0113,V0053,2026-09-01T17:24:50.106636+07:00,DRIVER_REQUEST,True,,BATTERY_SWAP,['CHARGING'],False,UNSUPPORTED_SERVICE,17.008,52.16,1.422,1.0,NERIO_GREEN,EV_CAR,41.9,38.55,,False,True,False,train
DE002867,T0113,V0053,2026-09-01T17:25:57.399129517+07:00,AUTO_DETECTED,True,CHARGING,,['CHARGING'],,LOW_SOC,16.824,51.59,0.857,1.0,NERIO_GREEN,EV_CAR,41.9,38.55,,False,True,False,train
DE002868,T0113,V0053,2026-09-01T17:25:57.399129517+07:00,DRIVER_REQUEST,True,CHARGING,CHARGING,['CHARGING'],True,VALID_REQUEST,16.824,51.59,0.857,1.0,NERIO_GREEN,EV_CAR,41.9,38.55,,False,True,False,train
DE002869,T0113,V0053,2026-09-01T17:25:57.399129517+07:00,DRIVER_REQUEST,True,,BATTERY_SWAP,['CHARGING'],False,UNSUPPORTED_SERVICE,16.824,51.59,0.857,1.0,NERIO_GREEN,EV_CAR,41.9,38.55,,False,True,False,train
DE002870,T0113,V0053,2026-09-01T17:27:15.524805600+07:00,AUTO_DETECTED,True,CHARGING,,['CHARGING'],,LOW_SOC,16.647,51.05,0.315,1.0,NERIO_GREEN,EV_CAR,41.9,38.55,,False,True,False,train
DE002871,T0113,V0053,2026-09-01T17:27:15.524805600+07:00,DRIVER_REQUEST,True,CHARGING,CHARGING,['CHARGING'],True,VALID_REQUEST,16.647,51.05,0.315,1.0,NERIO_GREEN,EV_CAR,41.9,38.55,,False,True,False,train
DE002872,T0113,V0053,2026-09-01T17:27:15.524805600+07:00,DRIVER_REQUEST,True,,BATTERY_SWAP,['CHARGING'],False,UNSUPPORTED_SERVICE,16.647,51.05,0.315,1.0,NERIO_GREEN,EV_CAR,41.9,38.55,,False,True,False,train
DE002873,T0114,V0054,2026-09-01T17:25:08.048000+07:00,AUTO_DETECTED,True,CHARGING,,['CHARGING'],,LOW_SOC,17.525,12.54,3.9,1.0,EVO200,EV_MOTORBIKE,3.5,3.22,,False,True,False,train
DE002874,T0114,V0054,2026-09-01T17:25:08.048000+07:00,DRIVER_REQUEST,True,CHARGING,CHARGING,['CHARGING'],True,VALID_REQUEST,17.525,12.54,3.9,1.0,EVO200,EV_MOTORBIKE,3.5,3.22,,False,True,False,train
DE002875,T0114,V0054,2026-09-01T17:25:08.048000+07:00,DRIVER_REQUEST,True,,BATTERY_SWAP,['CHARGING'],False,UNSUPPORTED_SERVICE,17.525,12.54,3.9,1.0,EVO200,EV_MOTORBIKE,3.5,3.22,,False,True,False,train
DE002876,T0114,V0054,2026-09-01T17:26:51.465799999+07:00,AUTO_DETECTED,True,CHARGING,,['CHARGING'],,LOW_SOC,16.802,12.02,3.383,1.0,EVO200,EV_MOTORBIKE,3.5,3.22,,False,True,False,train
DE002877,T0114,V0054,2026-09-01T17:26:51.465799999+07:00,DRIVER_REQUEST,True,CHARGING,CHARGING,['CHARGING'],True,VALID_REQUEST,16.802,12.02,3.383,1.0,EVO200,EV_MOTORBIKE,3.5,3.22,,False,True,False,train
DE002878,T0114,V0054,2026-09-01T17:26:51.465799999+07:00,DRIVER_REQUEST,True,,BATTERY_SWAP,['CHARGING'],False,UNSUPPORTED_SERVICE,16.802,12.02,3.383,1.0,EVO200,EV_MOTORBIKE,3.5,3.22,,False,True,False,train
DE002879,T0114,V0054,2026-09-01T17:28:32.191999999+07:00,AUTO_DETECTED,True,CHARGING,,['CHARGING'],,LOW_SOC,16.098,11.52,2.88,1.0,EVO200,EV_MOTORBIKE,3.5,3.22,,False,True,False,train
DE002880,T0114,V0054,2026-09-01T17:28:32.191999999+07:00,DRIVER_REQUEST,True,CHARGING,CHARGING,['CHARGING'],True,VALID_REQUEST,16.098,11.52,2.88,1.0,EVO200,EV_MOTORBIKE,3.5,3.22,,False,True,False,train
DE002881,T0114,V0054,2026-09-01T17:28:32.191999999+07:00,DRIVER_REQUEST,True,,BATTERY_SWAP,['CHARGING'],False,UNSUPPORTED_SERVICE,16.098,11.52,2.88,1.0,EVO200,EV_MOTORBIKE,3.5,3.22,,False,True,False,train
DE002882,T0114,V0054,2026-09-01T17:30:15.609799999+07:00,AUTO_DETECTED,True,CHARGING,,['CHARGING'],,LOW_SOC,15.375,11.0,2.362,1.0,EVO200,EV_MOTORBIKE,3.5,3.22,,False,True,False,train
DE002883,T0114,V0054,2026-09-01T17:30:15.609799999+07:00,DRIVER_REQUEST,True,CHARGING,CHARGING,['CHARGING'],True,VALID_REQUEST,15.375,11.0,2.362,1.0,EVO200,EV_MOTORBIKE,3.5,3.22,,False,True,False,train
DE002884,T0114,V0054,2026-09-01T17:30:15.609799999+07:00,DRIVER_REQUEST,True,,BATTERY_SWAP,['CHARGING'],False,UNSUPPORTED_SERVICE,15.375,11.0,2.362,1.0,EVO200,EV_MOTORBIKE,3.5,3.22,,False,True,False,train
DE002885,T0114,V0054,2026-09-01T17:31:53.434199999+07:00,AUTO_DETECTED,True,CHARGING,,['CHARGING'],,LOW_SOC,14.692,10.51,1.873,1.0,EVO200,EV_MOTORBIKE,3.5,3.22,,False,True,False,train
DE002886,T0114,V0054,2026-09-01T17:31:53.434199999+07:00,DRIVER_REQUEST,True,CHARGING,CHARGING,['CHARGING'],True,VALID_REQUEST,14.692,10.51,1.873,1.0,EVO200,EV_MOTORBIKE,3.5,3.22,,False,True,False,train
DE002887,T0114,V0054,2026-09-01T17:31:53.434199999+07:00,DRIVER_REQUEST,True,,BATTERY_SWAP,['CHARGING'],False,UNSUPPORTED_SERVICE,14.692,10.51,1.873,1.0,EVO200,EV_MOTORBIKE,3.5,3.22,,False,True,False,train
DE002888,T0114,V0054,2026-09-01T17:33:38.815799999+07:00,AUTO_DETECTED,True,CHARGING,,['CHARGING'],,LOW_SOC,13.955,9.99,1.346,1.0,EVO200,EV_MOTORBIKE,3.5,3.22,,False,True,False,train
DE002889,T0114,V0054,2026-09-01T17:33:38.815799999+07:00,DRIVER_REQUEST,True,CHARGING,CHARGING,['CHARGING'],True,VALID_REQUEST,13.955,9.99,1.346,1.0,EVO200,EV_MOTORBIKE,3.5,3.22,,False,True,False,train
DE002890,T0114,V0054,2026-09-01T17:33:38.815799999+07:00,DRIVER_REQUEST,True,,BATTERY_SWAP,['CHARGING'],False,UNSUPPORTED_SERVICE,13.955,9.99,1.346,1.0,EVO200,EV_MOTORBIKE,3.5,3.22,,False,True,False,train
DE002891,T0114,V0054,2026-09-01T17:35:17.578199999+07:00,AUTO_DETECTED,True,CHARGING,,['CHARGING'],,LOW_SOC,13.265,9.49,0.853,1.0,EVO200,EV_MOTORBIKE,3.5,3.22,,False,True,False,train
DE002892,T0114,V0054,2026-09-01T17:35:17.578199999+07:00,DRIVER_REQUEST,True,CHARGING,CHARGING,['CHARGING'],True,VALID_REQUEST,13.265,9.49,0.853,1.0,EVO200,EV_MOTORBIKE,3.5,3.22,,False,True,False,train
DE002893,T0114,V0054,2026-09-01T17:35:17.578199999+07:00,DRIVER_REQUEST,True,,BATTERY_SWAP,['CHARGING'],False,UNSUPPORTED_SERVICE,13.265,9.49,0.853,1.0,EVO200,EV_MOTORBIKE,3.5,3.22,,False,True,False,train
DE002894,T0114,V0054,2026-09-01T17:37:02.959799999+07:00,AUTO_DETECTED,True,CHARGING,,['CHARGING'],,LOW_SOC,12.529,8.97,0.326,1.0,EVO200,EV_MOTORBIKE,3.5,3.22,,False,True,False,train
DE002895,T0114,V0054,2026-09-01T17:37:02.959799999+07:00,DRIVER_REQUEST,True,CHARGING,CHARGING,['CHARGING'],True,VALID_REQUEST,12.529,8.97,0.326,1.0,EVO200,EV_MOTORBIKE,3.5,3.22,,False,True,False,train
DE002896,T0114,V0054,2026-09-01T17:37:02.959799999+07:00,DRIVER_REQUEST,True,,BATTERY_SWAP,['CHARGING'],False,UNSUPPORTED_SERVICE,12.529,8.97,0.326,1.0,EVO200,EV_MOTORBIKE,3.5,3.22,,False,True,False,train
DE002897,T0115,V0055,2026-09-01T17:31:22.925800+07:00,AUTO_DETECTED,True,CHARGING,,['CHARGING'],,LOW_SOC,17.865,54.79,4.078,1.0,VF_3,EV_CAR,18.64,17.15,,False,True,False,train
DE002898,T0115,V0055,2026-09-01T17:31:22.925800+07:00,DRIVER_REQUEST,True,CHARGING,CHARGING,['CHARGING'],True,VALID_REQUEST,17.865,54.79,4.078,1.0,VF_3,EV_CAR,18.64,17.15,,False,True,False,train
DE002899,T0115,V0055,2026-09-01T17:31:22.925800+07:00,DRIVER_REQUEST,True,,BATTERY_SWAP,['CHARGING'],False,UNSUPPORTED_SERVICE,17.865,54.79,4.078,1.0,VF_3,EV_CAR,18.64,17.15,,False,True,False,train
DE002900,T0115,V0055,2026-09-01T17:33:05.383800+07:00,AUTO_DETECTED,True,CHARGING,,['CHARGING'],,LOW_SOC,17.698,54.27,3.566,1.0,VF_3,EV_CAR,18.64,17.15,,False,True,False,train
DE002901,T0115,V0055,2026-09-01T17:33:05.383800+07:00,DRIVER_REQUEST,True,CHARGING,CHARGING,['CHARGING'],True,VALID_REQUEST,17.698,54.27,3.566,1.0,VF_3,EV_CAR,18.64,17.15,,False,True,False,train
DE002902,T0115,V0055,2026-09-01T17:33:05.383800+07:00,DRIVER_REQUEST,True,,BATTERY_SWAP,['CHARGING'],False,UNSUPPORTED_SERVICE,17.698,54.27,3.566,1.0,VF_3,EV_CAR,18.64,17.15,,False,True,False,train
DE002903,T0115,V0055,2026-09-01T17:34:50.545400+07:00,AUTO_DETECTED,True,CHARGING,,['CHARGING'],,LOW_SOC,17.526,53.75,3.04,1.0,VF_3,EV_CAR,18.64,17.15,,False,True,False,train
DE002904,T0115,V0055,2026-09-01T17:34:50.545400+07:00,DRIVER_REQUEST,True,CHARGING,CHARGING,['CHARGING'],True,VALID_REQUEST,17.526,53.75,3.04,1.0,VF_3,EV_CAR,18.64,17.15,,False,True,False,train
DE002905,T0115,V0055,2026-09-01T17:34:50.545400+07:00,DRIVER_REQUEST,True,,BATTERY_SWAP,['CHARGING'],False,UNSUPPORTED_SERVICE,17.526,53.75,3.04,1.0,VF_3,EV_CAR,18.64,17.15,,False,True,False,train
DE002906,T0115,V0055,2026-09-01T17:36:38.570000+07:00,AUTO_DETECTED,True,CHARGING,,['CHARGING'],,LOW_SOC,17.35,53.21,2.5,1.0,VF_3,EV_CAR,18.64,17.15,,False,True,False,train
DE002907,T0115,V0055,2026-09-01T17:36:38.570000+07:00,DRIVER_REQUEST,True,CHARGING,CHARGING,['CHARGING'],True,VALID_REQUEST,17.35,53.21,2.5,1.0,VF_3,EV_CAR,18.64,17.15,,False,True,False,train
DE002908,T0115,V0055,2026-09-01T17:36:38.570000+07:00,DRIVER_REQUEST,True,,BATTERY_SWAP,['CHARGING'],False,UNSUPPORTED_SERVICE,17.35,53.21,2.5,1.0,VF_3,EV_CAR,18.64,17.15,,False,True,False,train
DE002909,T0115,V0055,2026-09-01T17:38:13.458937999+07:00,AUTO_DETECTED,True,CHARGING,,['CHARGING'],,LOW_SOC,17.166,52.64,1.935,1.0,VF_3,EV_CAR,18.64,17.15,,False,True,False,train
DE002910,T0115,V0055,2026-09-01T17:38:13.458937999+07:00,DRIVER_REQUEST,True,CHARGING,CHARGING,['CHARGING'],True,VALID_REQUEST,17.166,52.64,1.935,1.0,VF_3,EV_CAR,18.64,17.15,,False,True,False,train
DE002911,T0115,V0055,2026-09-01T17:38:13.458937999+07:00,DRIVER_REQUEST,True,,BATTERY_SWAP,['CHARGING'],False,UNSUPPORTED_SERVICE,17.166,52.64,1.935,1.0,VF_3,EV_CAR,18.64,17.15,,False,True,False,train
DE002912,T0115,V0055,2026-09-01T17:39:48.094075999+07:00,AUTO_DETECTED,True,CHARGING,,['CHARGING'],,LOW_SOC,16.982,52.08,1.371,1.0,VF_3,EV_CAR,18.64,17.15,,False,True,False,train
DE002913,T0115,V0055,2026-09-01T17:39:48.094075999+07:00,DRIVER_REQUEST,True,CHARGING,CHARGING,['CHARGING'],True,VALID_REQUEST,16.982,52.08,1.371,1.0,VF_3,EV_CAR,18.64,17.15,,False,True,False,train
DE002914,T0115,V0055,2026-09-01T17:39:48.094075999+07:00,DRIVER_REQUEST,True,,BATTERY_SWAP,['CHARGING'],False,UNSUPPORTED_SERVICE,16.982,52.08,1.371,1.0,VF_3,EV_CAR,18.64,17.15,,False,True,False,train
DE002915,T0115,V0055,2026-09-01T17:41:23.925475999+07:00,AUTO_DETECTED,True,CHARGING,,['CHARGING'],,LOW_SOC,16.826,51.6,0.892,1.0,VF_3,EV_CAR,18.64,17.15,,False,True,False,train
DE002916,T0115,V0055,2026-09-01T17:41:23.925475999+07:00,DRIVER_REQUEST,True,CHARGING,CHARGING,['CHARGING'],True,VALID_REQUEST,16.826,51.6,0.892,1.0,VF_3,EV_CAR,18.64,17.15,,False,True,False,train
DE002917,T0115,V0055,2026-09-01T17:41:23.925475999+07:00,DRIVER_REQUEST,True,,BATTERY_SWAP,['CHARGING'],False,UNSUPPORTED_SERVICE,16.826,51.6,0.892,1.0,VF_3,EV_CAR,18.64,17.15,,False,True,False,train
DE002918,T0115,V0055,2026-09-01T17:42:51.607971999+07:00,AUTO_DETECTED,True,CHARGING,,['CHARGING'],,LOW_SOC,16.658,51.08,0.375,1.0,VF_3,EV_CAR,18.64,17.15,,False,True,False,train
DE002919,T0115,V0055,2026-09-01T17:42:51.607971999+07:00,DRIVER_REQUEST,True,CHARGING,CHARGING,['CHARGING'],True,VALID_REQUEST,16.658,51.08,0.375,1.0,VF_3,EV_CAR,18.64,17.15,,False,True,False,train
DE002920,T0115,V0055,2026-09-01T17:42:51.607971999+07:00,DRIVER_REQUEST,True,,BATTERY_SWAP,['CHARGING'],False,UNSUPPORTED_SERVICE,16.658,51.08,0.375,1.0,VF_3,EV_CAR,18.64,17.15,,False,True,False,train
DE002921,T0116,V0056,2026-09-01T17:37:02.810064+07:00,AUTO_DETECTED,True,CHARGING,,['CHARGING'],,LOW_SOC,17.841,54.71,4.319,1.0,VF_5,EV_CAR,37.23,34.25,,False,True,False,train
DE002922,T0116,V0056,2026-09-01T17:37:02.810064+07:00,DRIVER_REQUEST,True,CHARGING,CHARGING,['CHARGING'],True,VALID_REQUEST,17.841,54.71,4.319,1.0,VF_5,EV_CAR,37.23,34.25,,False,True,False,train
DE002923,T0116,V0056,2026-09-01T17:37:02.810064+07:00,DRIVER_REQUEST,True,,BATTERY_SWAP,['CHARGING'],False,UNSUPPORTED_SERVICE,17.841,54.71,4.319,1.0,VF_5,EV_CAR,37.23,34.25,,False,True,False,train
DE002924,T0116,V0056,2026-09-01T17:38:25.895904+07:00,AUTO_DETECTED,True,CHARGING,,['CHARGING'],,LOW_SOC,17.63,54.07,3.742,1.0,VF_5,EV_CAR,37.23,34.25,,False,True,False,train
DE002925,T0116,V0056,2026-09-01T17:38:25.895904+07:00,DRIVER_REQUEST,True,CHARGING,CHARGING,['CHARGING'],True,VALID_REQUEST,17.63,54.07,3.742,1.0,VF_5,EV_CAR,37.23,34.25,,False,True,False,train
DE002926,T0116,V0056,2026-09-01T17:38:25.895904+07:00,DRIVER_REQUEST,True,,BATTERY_SWAP,['CHARGING'],False,UNSUPPORTED_SERVICE,17.63,54.07,3.742,1.0,VF_5,EV_CAR,37.23,34.25,,False,True,False,train
DE002927,T0116,V0056,2026-09-01T17:39:28.699343999+07:00,AUTO_DETECTED,True,CHARGING,,['CHARGING'],,LOW_SOC,17.471,53.58,3.306,1.0,VF_5,EV_CAR,37.23,34.25,,False,True,False,train
DE002928,T0116,V0056,2026-09-01T17:39:28.699343999+07:00,DRIVER_REQUEST,True,CHARGING,CHARGING,['CHARGING'],True,VALID_REQUEST,17.471,53.58,3.306,1.0,VF_5,EV_CAR,37.23,34.25,,False,True,False,train
DE002929,T0116,V0056,2026-09-01T17:39:28.699343999+07:00,DRIVER_REQUEST,True,,BATTERY_SWAP,['CHARGING'],False,UNSUPPORTED_SERVICE,17.471,53.58,3.306,1.0,VF_5,EV_CAR,37.23,34.25,,False,True,False,train
DE002930,T0116,V0056,2026-09-01T17:40:48.101087999+07:00,AUTO_DETECTED,True,CHARGING,,['CHARGING'],,LOW_SOC,17.269,52.96,2.755,1.0,VF_5,EV_CAR,37.23,34.25,,False,True,False,train
DE002931,T0116,V0056,2026-09-01T17:40:48.101087999+07:00,DRIVER_REQUEST,True,CHARGING,CHARGING,['CHARGING'],True,VALID_REQUEST,17.269,52.96,2.755,1.0,VF_5,EV_CAR,37.23,34.25,,False,True,False,train
DE002932,T0116,V0056,2026-09-01T17:40:48.101087999+07:00,DRIVER_REQUEST,True,,BATTERY_SWAP,['CHARGING'],False,UNSUPPORTED_SERVICE,17.269,52.96,2.755,1.0,VF_5,EV_CAR,37.23,34.25,,False,True,False,train
DE002933,T0116,V0056,2026-09-01T17:42:20.247775999+07:00,AUTO_DETECTED,True,CHARGING,,['CHARGING'],,LOW_SOC,17.036,52.24,2.115,1.0,VF_5,EV_CAR,37.23,34.25,,False,True,False,train
DE002934,T0116,V0056,2026-09-01T17:42:20.247775999+07:00,DRIVER_REQUEST,True,CHARGING,CHARGING,['CHARGING'],True,VALID_REQUEST,17.036,52.24,2.115,1.0,VF_5,EV_CAR,37.23,34.25,,False,True,False,train
DE002935,T0116,V0056,2026-09-01T17:42:20.247775999+07:00,DRIVER_REQUEST,True,,BATTERY_SWAP,['CHARGING'],False,UNSUPPORTED_SERVICE,17.036,52.24,2.115,1.0,VF_5,EV_CAR,37.23,34.25,,False,True,False,train
DE002936,T0116,V0056,2026-09-01T17:43:47.693103999+07:00,AUTO_DETECTED,True,CHARGING,,['CHARGING'],,LOW_SOC,16.814,51.56,1.508,1.0,VF_5,EV_CAR,37.23,34.25,,False,True,False,train
DE002937,T0116,V0056,2026-09-01T17:43:47.693103999+07:00,DRIVER_REQUEST,True,CHARGING,CHARGING,['CHARGING'],True,VALID_REQUEST,16.814,51.56,1.508,1.0,VF_5,EV_CAR,37.23,34.25,,False,True,False,train
DE002938,T0116,V0056,2026-09-01T17:43:47.693103999+07:00,DRIVER_REQUEST,True,,BATTERY_SWAP,['CHARGING'],False,UNSUPPORTED_SERVICE,16.814,51.56,1.508,1.0,VF_5,EV_CAR,37.23,34.25,,False,True,False,train
DE002939,T0116,V0056,2026-09-01T17:45:12.665087999+07:00,AUTO_DETECTED,True,CHARGING,,['CHARGING'],,LOW_SOC,16.598,50.9,0.918,1.0,VF_5,EV_CAR,37.23,34.25,,False,True,False,train
DE002940,T0116,V0056,2026-09-01T17:45:12.665087999+07:00,DRIVER_REQUEST,True,CHARGING,CHARGING,['CHARGING'],True,VALID_REQUEST,16.598,50.9,0.918,1.0,VF_5,EV_CAR,37.23,34.25,,False,True,False,train
DE002941,T0116,V0056,2026-09-01T17:45:12.665087999+07:00,DRIVER_REQUEST,True,,BATTERY_SWAP,['CHARGING'],False,UNSUPPORTED_SERVICE,16.598,50.9,0.918,1.0,VF_5,EV_CAR,37.23,34.25,,False,True,False,train
DE002942,T0116,V0056,2026-09-01T17:46:30.417513600+07:00,AUTO_DETECTED,True,CHARGING,,['CHARGING'],,LOW_SOC,16.401,50.3,0.378,1.0,VF_5,EV_CAR,37.23,34.25,,False,True,False,train
DE002943,T0116,V0056,2026-09-01T17:46:30.417513600+07:00,DRIVER_REQUEST,True,CHARGING,CHARGING,['CHARGING'],True,VALID_REQUEST,16.401,50.3,0.378,1.0,VF_5,EV_CAR,37.23,34.25,,False,True,False,train
DE002944,T0116,V0056,2026-09-01T17:46:30.417513600+07:00,DRIVER_REQUEST,True,,BATTERY_SWAP,['CHARGING'],False,UNSUPPORTED_SERVICE,16.401,50.3,0.378,1.0,VF_5,EV_CAR,37.23,34.25,,False,True,False,train
DE002945,T0117,V0057,2026-09-01T17:42:49.928688+07:00,AUTO_DETECTED,True,CHARGING,,['CHARGING'],,LOW_SOC_AND_INSUFFICIENT_RANGE,6.515,4.66,4.414,1.0,EVO200_LITE,EV_MOTORBIKE,3.5,3.22,,False,True,False,train
DE002946,T0117,V0057,2026-09-01T17:42:49.928688+07:00,DRIVER_REQUEST,True,CHARGING,CHARGING,['CHARGING'],True,VALID_REQUEST,6.515,4.66,4.414,1.0,EVO200_LITE,EV_MOTORBIKE,3.5,3.22,,False,True,False,train
DE002947,T0117,V0057,2026-09-01T17:42:49.928688+07:00,DRIVER_REQUEST,True,,BATTERY_SWAP,['CHARGING'],False,UNSUPPORTED_SERVICE,6.515,4.66,4.414,1.0,EVO200_LITE,EV_MOTORBIKE,3.5,3.22,,False,True,False,train
DE002948,T0117,V0057,2026-09-01T17:44:03.615791999+07:00,AUTO_DETECTED,True,CHARGING,,['CHARGING'],,LOW_SOC_AND_INSUFFICIENT_RANGE,5.8,4.15,3.903,1.0,EVO200_LITE,EV_MOTORBIKE,3.5,3.22,,False,True,False,train
DE002949,T0117,V0057,2026-09-01T17:44:03.615791999+07:00,DRIVER_REQUEST,True,CHARGING,CHARGING,['CHARGING'],True,VALID_REQUEST,5.8,4.15,3.903,1.0,EVO200_LITE,EV_MOTORBIKE,3.5,3.22,,False,True,False,train
DE002950,T0117,V0057,2026-09-01T17:44:03.615791999+07:00,DRIVER_REQUEST,True,,BATTERY_SWAP,['CHARGING'],False,UNSUPPORTED_SERVICE,5.8,4.15,3.903,1.0,EVO200_LITE,EV_MOTORBIKE,3.5,3.22,,False,True,False,train
DE002951,T0117,V0057,2026-09-01T17:45:16.611228+07:00,AUTO_DETECTED,True,CHARGING,,['CHARGING'],,LOW_SOC_AND_INSUFFICIENT_RANGE,5.025,3.6,3.348,1.0,EVO200_LITE,EV_MOTORBIKE,3.5,3.22,,False,True,False,train
DE002952,T0117,V0057,2026-09-01T17:45:16.611228+07:00,DRIVER_REQUEST,True,CHARGING,CHARGING,['CHARGING'],True,VALID_REQUEST,5.025,3.6,3.348,1.0,EVO200_LITE,EV_MOTORBIKE,3.5,3.22,,False,True,False,train
DE002953,T0117,V0057,2026-09-01T17:45:16.611228+07:00,DRIVER_REQUEST,True,,BATTERY_SWAP,['CHARGING'],False,UNSUPPORTED_SERVICE,5.025,3.6,3.348,1.0,EVO200_LITE,EV_MOTORBIKE,3.5,3.22,,False,True,False,train
DE002954,T0117,V0057,2026-09-01T17:46:46.356887999+07:00,AUTO_DETECTED,True,CHARGING,,['CHARGING'],,LOW_SOC_AND_INSUFFICIENT_RANGE,4.154,2.97,2.724,1.0,EVO200_LITE,EV_MOTORBIKE,3.5,3.22,,False,True,False,train
DE002955,T0117,V0057,2026-09-01T17:46:46.356887999+07:00,DRIVER_REQUEST,True,CHARGING,CHARGING,['CHARGING'],True,VALID_REQUEST,4.154,2.97,2.724,1.0,EVO200_LITE,EV_MOTORBIKE,3.5,3.22,,False,True,False,train
DE002956,T0117,V0057,2026-09-01T17:46:46.356887999+07:00,DRIVER_REQUEST,True,,BATTERY_SWAP,['CHARGING'],False,UNSUPPORTED_SERVICE,4.154,2.97,2.724,1.0,EVO200_LITE,EV_MOTORBIKE,3.5,3.22,,False,True,False,train
DE002957,T0117,V0057,2026-09-01T17:48:06.070427999+07:00,AUTO_DETECTED,True,CHARGING,,['CHARGING'],,LOW_SOC_AND_INSUFFICIENT_RANGE,3.38,2.42,2.171,1.0,EVO200_LITE,EV_MOTORBIKE,3.5,3.22,,False,True,False,train
DE002958,T0117,V0057,2026-09-01T17:48:06.070427999+07:00,DRIVER_REQUEST,True,CHARGING,CHARGING,['CHARGING'],True,VALID_REQUEST,3.38,2.42,2.171,1.0,EVO200_LITE,EV_MOTORBIKE,3.5,3.22,,False,True,False,train
DE002959,T0117,V0057,2026-09-01T17:48:06.070427999+07:00,DRIVER_REQUEST,True,,BATTERY_SWAP,['CHARGING'],False,UNSUPPORTED_SERVICE,3.38,2.42,2.171,1.0,EVO200_LITE,EV_MOTORBIKE,3.5,3.22,,False,True,False,train
DE002960,T0117,V0057,2026-09-01T17:49:36.422392799+07:00,AUTO_DETECTED,True,CHARGING,,['CHARGING'],,LOW_SOC_AND_INSUFFICIENT_RANGE,2.503,1.79,1.543,1.0,EVO200_LITE,EV_MOTORBIKE,3.5,3.22,,False,True,False,train
DE002961,T0117,V0057,2026-09-01T17:49:36.422392799+07:00,DRIVER_REQUEST,True,CHARGING,CHARGING,['CHARGING'],True,VALID_REQUEST,2.503,1.79,1.543,1.0,EVO200_LITE,EV_MOTORBIKE,3.5,3.22,,False,True,False,train
DE002962,T0117,V0057,2026-09-01T17:49:36.422392799+07:00,DRIVER_REQUEST,True,,BATTERY_SWAP,['CHARGING'],False,UNSUPPORTED_SERVICE,2.503,1.79,1.543,1.0,EVO200_LITE,EV_MOTORBIKE,3.5,3.22,,False,True,False,train
DE002963,T0117,V0057,2026-09-01T17:51:01.657534909+07:00,AUTO_DETECTED,True,CHARGING,,['CHARGING'],,LOW_SOC_AND_INSUFFICIENT_RANGE,1.676,1.2,0.952,1.0,EVO200_LITE,EV_MOTORBIKE,3.5,3.22,,False,True,False,train
DE002964,T0117,V0057,2026-09-01T17:51:01.657534909+07:00,DRIVER_REQUEST,True,CHARGING,CHARGING,['CHARGING'],True,VALID_REQUEST,1.676,1.2,0.952,1.0,EVO200_LITE,EV_MOTORBIKE,3.5,3.22,,False,True,False,train
DE002965,T0117,V0057,2026-09-01T17:51:01.657534909+07:00,DRIVER_REQUEST,True,,BATTERY_SWAP,['CHARGING'],False,UNSUPPORTED_SERVICE,1.676,1.2,0.952,1.0,EVO200_LITE,EV_MOTORBIKE,3.5,3.22,,False,True,False,train
DE002966,T0117,V0057,2026-09-01T17:52:18.793460999+07:00,AUTO_DETECTED,True,CHARGING,,['CHARGING'],,LOW_SOC_AND_INSUFFICIENT_RANGE,0.844,0.6,0.356,1.0,EVO200_LITE,EV_MOTORBIKE,3.5,3.22,,False,True,False,train
DE002967,T0117,V0057,2026-09-01T17:52:18.793460999+07:00,DRIVER_REQUEST,True,CHARGING,CHARGING,['CHARGING'],True,VALID_REQUEST,0.844,0.6,0.356,1.0,EVO200_LITE,EV_MOTORBIKE,3.5,3.22,,False,True,False,train
DE002968,T0117,V0057,2026-09-01T17:52:18.793460999+07:00,DRIVER_REQUEST,True,,BATTERY_SWAP,['CHARGING'],False,UNSUPPORTED_SERVICE,0.844,0.6,0.356,1.0,EVO200_LITE,EV_MOTORBIKE,3.5,3.22,,False,True,False,train
DE002969,T0118,V0058,2026-09-01T17:49:04.275799999+07:00,AUTO_DETECTED,False,,,['CHARGING'],,SUFFICIENT_SOC_RANGE,94.561,289.99,4.719,1.0,VF_6,EV_CAR,59.6,54.83,,False,True,False,train
DE002970,T0118,V0058,2026-09-01T17:49:04.275799999+07:00,DRIVER_REQUEST,True,CHARGING,CHARGING,['CHARGING'],True,VALID_REQUEST,94.561,289.99,4.719,1.0,VF_6,EV_CAR,59.6,54.83,,False,True,False,train
DE002971,T0118,V0058,2026-09-01T17:49:04.275799999+07:00,DRIVER_REQUEST,True,,BATTERY_SWAP,['CHARGING'],False,UNSUPPORTED_SERVICE,94.561,289.99,4.719,1.0,VF_6,EV_CAR,59.6,54.83,,False,True,False,train
DE002972,T0118,V0058,2026-09-01T17:51:11.672560+07:00,AUTO_DETECTED,False,,,['CHARGING'],,SUFFICIENT_SOC_RANGE,94.353,289.35,4.082,1.0,VF_6,EV_CAR,59.6,54.83,,False,True,False,train
DE002973,T0118,V0058,2026-09-01T17:51:11.672560+07:00,DRIVER_REQUEST,True,CHARGING,CHARGING,['CHARGING'],True,VALID_REQUEST,94.353,289.35,4.082,1.0,VF_6,EV_CAR,59.6,54.83,,False,True,False,train
DE002974,T0118,V0058,2026-09-01T17:51:11.672560+07:00,DRIVER_REQUEST,True,,BATTERY_SWAP,['CHARGING'],False,UNSUPPORTED_SERVICE,94.353,289.35,4.082,1.0,VF_6,EV_CAR,59.6,54.83,,False,True,False,train
DE002975,T0118,V0058,2026-09-01T17:53:05.699100+07:00,AUTO_DETECTED,False,,,['CHARGING'],,SUFFICIENT_SOC_RANGE,94.167,288.78,3.512,1.0,VF_6,EV_CAR,59.6,54.83,,False,True,False,train
DE002976,T0118,V0058,2026-09-01T17:53:05.699100+07:00,DRIVER_REQUEST,True,CHARGING,CHARGING,['CHARGING'],True,VALID_REQUEST,94.167,288.78,3.512,1.0,VF_6,EV_CAR,59.6,54.83,,False,True,False,train
DE002977,T0118,V0058,2026-09-01T17:53:05.699100+07:00,DRIVER_REQUEST,True,,BATTERY_SWAP,['CHARGING'],False,UNSUPPORTED_SERVICE,94.167,288.78,3.512,1.0,VF_6,EV_CAR,59.6,54.83,,False,True,False,train
DE002978,T0118,V0058,2026-09-01T17:54:46.620199999+07:00,AUTO_DETECTED,False,,,['CHARGING'],,SUFFICIENT_SOC_RANGE,94.002,288.27,3.007,1.0,VF_6,EV_CAR,59.6,54.83,,False,True,False,train
DE002979,T0118,V0058,2026-09-01T17:54:46.620199999+07:00,DRIVER_REQUEST,True,CHARGING,CHARGING,['CHARGING'],True,VALID_REQUEST,94.002,288.27,3.007,1.0,VF_6,EV_CAR,59.6,54.83,,False,True,False,train
DE002980,T0118,V0058,2026-09-01T17:54:46.620199999+07:00,DRIVER_REQUEST,True,,BATTERY_SWAP,['CHARGING'],False,UNSUPPORTED_SERVICE,94.002,288.27,3.007,1.0,VF_6,EV_CAR,59.6,54.83,,False,True,False,train
DE002981,T0118,V0058,2026-09-01T17:56:56.968399999+07:00,AUTO_DETECTED,False,,,['CHARGING'],,SUFFICIENT_SOC_RANGE,93.79,287.62,2.355,1.0,VF_6,EV_CAR,59.6,54.83,,False,True,False,train
DE002982,T0118,V0058,2026-09-01T17:56:56.968399999+07:00,DRIVER_REQUEST,True,CHARGING,CHARGING,['CHARGING'],True,VALID_REQUEST,93.79,287.62,2.355,1.0,VF_6,EV_CAR,59.6,54.83,,False,True,False,train
DE002983,T0118,V0058,2026-09-01T17:56:56.968399999+07:00,DRIVER_REQUEST,True,,BATTERY_SWAP,['CHARGING'],False,UNSUPPORTED_SERVICE,93.79,287.62,2.355,1.0,VF_6,EV_CAR,59.6,54.83,,False,True,False,train
DE002984,T0118,V0058,2026-09-01T17:58:57.980199999+07:00,AUTO_DETECTED,False,,,['CHARGING'],,SUFFICIENT_SOC_RANGE,93.593,287.02,1.75,1.0,VF_6,EV_CAR,59.6,54.83,,False,True,False,train
DE002985,T0118,V0058,2026-09-01T17:58:57.980199999+07:00,DRIVER_REQUEST,True,CHARGING,CHARGING,['CHARGING'],True,VALID_REQUEST,93.593,287.02,1.75,1.0,VF_6,EV_CAR,59.6,54.83,,False,True,False,train
DE002986,T0118,V0058,2026-09-01T17:58:57.980199999+07:00,DRIVER_REQUEST,True,,BATTERY_SWAP,['CHARGING'],False,UNSUPPORTED_SERVICE,93.593,287.02,1.75,1.0,VF_6,EV_CAR,59.6,54.83,,False,True,False,train
DE002987,T0118,V0058,2026-09-01T18:01:08.009599999+07:00,AUTO_DETECTED,False,,,['CHARGING'],,SUFFICIENT_SOC_RANGE,93.381,286.37,1.1,1.0,VF_6,EV_CAR,59.6,54.83,,False,True,False,train
DE002988,T0118,V0058,2026-09-01T18:01:08.009599999+07:00,DRIVER_REQUEST,True,CHARGING,CHARGING,['CHARGING'],True,VALID_REQUEST,93.381,286.37,1.1,1.0,VF_6,EV_CAR,59.6,54.83,,False,True,False,train
DE002989,T0118,V0058,2026-09-01T18:01:08.009599999+07:00,DRIVER_REQUEST,True,,BATTERY_SWAP,['CHARGING'],False,UNSUPPORTED_SERVICE,93.381,286.37,1.1,1.0,VF_6,EV_CAR,59.6,54.83,,False,True,False,train
DE002990,T0118,V0058,2026-09-01T18:03:22.654999999+07:00,AUTO_DETECTED,False,,,['CHARGING'],,SUFFICIENT_SOC_RANGE,93.161,285.69,0.427,1.0,VF_6,EV_CAR,59.6,54.83,,False,True,False,train
DE002991,T0118,V0058,2026-09-01T18:03:22.654999999+07:00,DRIVER_REQUEST,True,CHARGING,CHARGING,['CHARGING'],True,VALID_REQUEST,93.161,285.69,0.427,1.0,VF_6,EV_CAR,59.6,54.83,,False,True,False,train
DE002992,T0118,V0058,2026-09-01T18:03:22.654999999+07:00,DRIVER_REQUEST,True,,BATTERY_SWAP,['CHARGING'],False,UNSUPPORTED_SERVICE,93.161,285.69,0.427,1.0,VF_6,EV_CAR,59.6,54.83,,False,True,False,train
DE002993,T0119,V0059,2026-09-01T17:54:39.307968+07:00,AUTO_DETECTED,False,,,['CHARGING'],,SUFFICIENT_SOC_RANGE,66.202,203.02,3.406,1.0,VF_7_ECO,EV_CAR,59.6,54.83,,False,True,False,test
DE002994,T0119,V0059,2026-09-01T17:54:39.307968+07:00,DRIVER_REQUEST,True,CHARGING,CHARGING,['CHARGING'],True,VALID_REQUEST,66.202,203.02,3.406,1.0,VF_7_ECO,EV_CAR,59.6,54.83,,False,True,False,test
DE002995,T0119,V0059,2026-09-01T17:54:39.307968+07:00,DRIVER_REQUEST,True,,BATTERY_SWAP,['CHARGING'],False,UNSUPPORTED_SERVICE,66.202,203.02,3.406,1.0,VF_7_ECO,EV_CAR,59.6,54.83,,False,True,False,test
DE002996,T0119,V0059,2026-09-01T17:55:24.947056285+07:00,AUTO_DETECTED,False,,,['CHARGING'],,SUFFICIENT_SOC_RANGE,66.068,202.61,2.995,1.0,VF_7_ECO,EV_CAR,59.6,54.83,,False,True,False,test
DE002997,T0119,V0059,2026-09-01T17:55:24.947056285+07:00,DRIVER_REQUEST,True,CHARGING,CHARGING,['CHARGING'],True,VALID_REQUEST,66.068,202.61,2.995,1.0,VF_7_ECO,EV_CAR,59.6,54.83,,False,True,False,test
DE002998,T0119,V0059,2026-09-01T17:55:24.947056285+07:00,DRIVER_REQUEST,True,,BATTERY_SWAP,['CHARGING'],False,UNSUPPORTED_SERVICE,66.068,202.61,2.995,1.0,VF_7_ECO,EV_CAR,59.6,54.83,,False,True,False,test
DE002999,T0119,V0059,2026-09-01T17:56:02.885172+07:00,AUTO_DETECTED,False,,,['CHARGING'],,SUFFICIENT_SOC_RANGE,65.93,202.19,2.573,1.0,VF_7_ECO,EV_CAR,59.6,54.83,,False,True,False,test
DE003000,T0119,V0059,2026-09-01T17:56:02.885172+07:00,DRIVER_REQUEST,True,CHARGING,CHARGING,['CHARGING'],True,VALID_REQUEST,65.93,202.19,2.573,1.0,VF_7_ECO,EV_CAR,59.6,54.83,,False,True,False,test
DE003001,T0119,V0059,2026-09-01T17:56:02.885172+07:00,DRIVER_REQUEST,True,,BATTERY_SWAP,['CHARGING'],False,UNSUPPORTED_SERVICE,65.93,202.19,2.573,1.0,VF_7_ECO,EV_CAR,59.6,54.83,,False,True,False,test
DE003002,T0119,V0059,2026-09-01T17:56:41.325387+07:00,AUTO_DETECTED,False,,,['CHARGING'],,SUFFICIENT_SOC_RANGE,65.791,201.76,2.146,1.0,VF_7_ECO,EV_CAR,59.6,54.83,,False,True,False,test
DE003003,T0119,V0059,2026-09-01T17:56:41.325387+07:00,DRIVER_REQUEST,True,CHARGING,CHARGING,['CHARGING'],True,VALID_REQUEST,65.791,201.76,2.146,1.0,VF_7_ECO,EV_CAR,59.6,54.83,,False,True,False,test
DE003004,T0119,V0059,2026-09-01T17:56:41.325387+07:00,DRIVER_REQUEST,True,,BATTERY_SWAP,['CHARGING'],False,UNSUPPORTED_SERVICE,65.791,201.76,2.146,1.0,VF_7_ECO,EV_CAR,59.6,54.83,,False,True,False,test
DE003005,T0119,V0059,2026-09-01T17:57:17.549300571+07:00,AUTO_DETECTED,False,,,['CHARGING'],,SUFFICIENT_SOC_RANGE,65.66,201.36,1.744,1.0,VF_7_ECO,EV_CAR,59.6,54.83,,False,True,False,test
DE003006,T0119,V0059,2026-09-01T17:57:17.549300571+07:00,DRIVER_REQUEST,True,CHARGING,CHARGING,['CHARGING'],True,VALID_REQUEST,65.66,201.36,1.744,1.0,VF_7_ECO,EV_CAR,59.6,54.83,,False,True,False,test
DE003007,T0119,V0059,2026-09-01T17:57:17.549300571+07:00,DRIVER_REQUEST,True,,BATTERY_SWAP,['CHARGING'],False,UNSUPPORTED_SERVICE,65.66,201.36,1.744,1.0,VF_7_ECO,EV_CAR,59.6,54.83,,False,True,False,test
DE003008,T0119,V0059,2026-09-01T17:58:09.781698+07:00,AUTO_DETECTED,False,,,['CHARGING'],,SUFFICIENT_SOC_RANGE,65.51,200.9,1.284,1.0,VF_7_ECO,EV_CAR,59.6,54.83,,False,True,False,test
DE003009,T0119,V0059,2026-09-01T17:58:09.781698+07:00,DRIVER_REQUEST,True,CHARGING,CHARGING,['CHARGING'],True,VALID_REQUEST,65.51,200.9,1.284,1.0,VF_7_ECO,EV_CAR,59.6,54.83,,False,True,False,test
DE003010,T0119,V0059,2026-09-01T17:58:09.781698+07:00,DRIVER_REQUEST,True,,BATTERY_SWAP,['CHARGING'],False,UNSUPPORTED_SERVICE,65.51,200.9,1.284,1.0,VF_7_ECO,EV_CAR,59.6,54.83,,False,True,False,test
DE003011,T0119,V0059,2026-09-01T17:59:11.917032+07:00,AUTO_DETECTED,False,,,['CHARGING'],,SUFFICIENT_SOC_RANGE,65.358,200.43,0.819,1.0,VF_7_ECO,EV_CAR,59.6,54.83,,False,True,False,test
DE003012,T0119,V0059,2026-09-01T17:59:11.917032+07:00,DRIVER_REQUEST,True,CHARGING,CHARGING,['CHARGING'],True,VALID_REQUEST,65.358,200.43,0.819,1.0,VF_7_ECO,EV_CAR,59.6,54.83,,False,True,False,test
DE003013,T0119,V0059,2026-09-01T17:59:11.917032+07:00,DRIVER_REQUEST,True,,BATTERY_SWAP,['CHARGING'],False,UNSUPPORTED_SERVICE,65.358,200.43,0.819,1.0,VF_7_ECO,EV_CAR,59.6,54.83,,False,True,False,test
DE003014,T0119,V0059,2026-09-01T18:00:22.537900285+07:00,AUTO_DETECTED,False,,,['CHARGING'],,SUFFICIENT_SOC_RANGE,65.19,199.92,0.304,1.0,VF_7_ECO,EV_CAR,59.6,54.83,,False,True,False,test
DE003015,T0119,V0059,2026-09-01T18:00:22.537900285+07:00,DRIVER_REQUEST,True,CHARGING,CHARGING,['CHARGING'],True,VALID_REQUEST,65.19,199.92,0.304,1.0,VF_7_ECO,EV_CAR,59.6,54.83,,False,True,False,test
DE003016,T0119,V0059,2026-09-01T18:00:22.537900285+07:00,DRIVER_REQUEST,True,,BATTERY_SWAP,['CHARGING'],False,UNSUPPORTED_SERVICE,65.19,199.92,0.304,1.0,VF_7_ECO,EV_CAR,59.6,54.83,,False,True,False,test
DE003017,T0120,V0060,2026-09-01T18:00:49.518311999+07:00,AUTO_DETECTED,False,,,['CHARGING'],,SUFFICIENT_SOC_RANGE,63.207,45.23,3.582,1.0,FELIZ_S,EV_MOTORBIKE,3.5,3.22,,False,True,False,train
DE003018,T0120,V0060,2026-09-01T18:00:49.518311999+07:00,DRIVER_REQUEST,True,CHARGING,CHARGING,['CHARGING'],True,VALID_REQUEST,63.207,45.23,3.582,1.0,FELIZ_S,EV_MOTORBIKE,3.5,3.22,,False,True,False,train
DE003019,T0120,V0060,2026-09-01T18:00:49.518311999+07:00,DRIVER_REQUEST,True,,BATTERY_SWAP,['CHARGING'],False,UNSUPPORTED_SERVICE,63.207,45.23,3.582,1.0,FELIZ_S,EV_MOTORBIKE,3.5,3.22,,False,True,False,train
DE003020,T0120,V0060,2026-09-01T18:01:50.339767999+07:00,AUTO_DETECTED,False,,,['CHARGING'],,SUFFICIENT_SOC_RANGE,62.501,44.72,3.077,1.0,FELIZ_S,EV_MOTORBIKE,3.5,3.22,,False,True,False,train
DE003021,T0120,V0060,2026-09-01T18:01:50.339767999+07:00,DRIVER_REQUEST,True,CHARGING,CHARGING,['CHARGING'],True,VALID_REQUEST,62.501,44.72,3.077,1.0,FELIZ_S,EV_MOTORBIKE,3.5,3.22,,False,True,False,train
DE003022,T0120,V0060,2026-09-01T18:01:50.339767999+07:00,DRIVER_REQUEST,True,,BATTERY_SWAP,['CHARGING'],False,UNSUPPORTED_SERVICE,62.501,44.72,3.077,1.0,FELIZ_S,EV_MOTORBIKE,3.5,3.22,,False,True,False,train
DE003023,T0120,V0060,2026-09-01T18:03:00.053887+07:00,AUTO_DETECTED,False,,,['CHARGING'],,SUFFICIENT_SOC_RANGE,61.829,44.24,2.596,1.0,FELIZ_S,EV_MOTORBIKE,3.5,3.22,,False,True,False,train
DE003024,T0120,V0060,2026-09-01T18:03:00.053887+07:00,DRIVER_REQUEST,True,CHARGING,CHARGING,['CHARGING'],True,VALID_REQUEST,61.829,44.24,2.596,1.0,FELIZ_S,EV_MOTORBIKE,3.5,3.22,,False,True,False,train
DE003025,T0120,V0060,2026-09-01T18:03:00.053887+07:00,DRIVER_REQUEST,True,,BATTERY_SWAP,['CHARGING'],False,UNSUPPORTED_SERVICE,61.829,44.24,2.596,1.0,FELIZ_S,EV_MOTORBIKE,3.5,3.22,,False,True,False,train
DE003026,T0120,V0060,2026-09-01T18:04:02.362321285+07:00,AUTO_DETECTED,False,,,['CHARGING'],,SUFFICIENT_SOC_RANGE,61.122,43.74,2.09,1.0,FELIZ_S,EV_MOTORBIKE,3.5,3.22,,False,True,False,train
DE003027,T0120,V0060,2026-09-01T18:04:02.362321285+07:00,DRIVER_REQUEST,True,CHARGING,CHARGING,['CHARGING'],True,VALID_REQUEST,61.122,43.74,2.09,1.0,FELIZ_S,EV_MOTORBIKE,3.5,3.22,,False,True,False,train
DE003028,T0120,V0060,2026-09-01T18:04:02.362321285+07:00,DRIVER_REQUEST,True,,BATTERY_SWAP,['CHARGING'],False,UNSUPPORTED_SERVICE,61.122,43.74,2.09,1.0,FELIZ_S,EV_MOTORBIKE,3.5,3.22,,False,True,False,train
DE003029,T0120,V0060,2026-09-01T18:04:54.768908785+07:00,AUTO_DETECTED,False,,,['CHARGING'],,SUFFICIENT_SOC_RANGE,60.43,43.24,1.595,1.0,FELIZ_S,EV_MOTORBIKE,3.5,3.22,,False,True,False,train
DE003030,T0120,V0060,2026-09-01T18:04:54.768908785+07:00,DRIVER_REQUEST,True,CHARGING,CHARGING,['CHARGING'],True,VALID_REQUEST,60.43,43.24,1.595,1.0,FELIZ_S,EV_MOTORBIKE,3.5,3.22,,False,True,False,train
DE003031,T0120,V0060,2026-09-01T18:04:54.768908785+07:00,DRIVER_REQUEST,True,,BATTERY_SWAP,['CHARGING'],False,UNSUPPORTED_SERVICE,60.43,43.24,1.595,1.0,FELIZ_S,EV_MOTORBIKE,3.5,3.22,,False,True,False,train
DE003032,T0120,V0060,2026-09-01T18:05:41.874399321+07:00,AUTO_DETECTED,False,,,['CHARGING'],,SUFFICIENT_SOC_RANGE,59.753,42.76,1.11,1.0,FELIZ_S,EV_MOTORBIKE,3.5,3.22,,False,True,False,train
DE003033,T0120,V0060,2026-09-01T18:05:41.874399321+07:00,DRIVER_REQUEST,True,CHARGING,CHARGING,['CHARGING'],True,VALID_REQUEST,59.753,42.76,1.11,1.0,FELIZ_S,EV_MOTORBIKE,3.5,3.22,,False,True,False,train
DE003034,T0120,V0060,2026-09-01T18:05:41.874399321+07:00,DRIVER_REQUEST,True,,BATTERY_SWAP,['CHARGING'],False,UNSUPPORTED_SERVICE,59.753,42.76,1.11,1.0,FELIZ_S,EV_MOTORBIKE,3.5,3.22,,False,True,False,train
DE003035,T0120,V0060,2026-09-01T18:06:50.184892+07:00,AUTO_DETECTED,False,,,['CHARGING'],,SUFFICIENT_SOC_RANGE,59.156,42.33,0.683,1.0,FELIZ_S,EV_MOTORBIKE,3.5,3.22,,False,True,False,train
DE003036,T0120,V0060,2026-09-01T18:06:50.184892+07:00,DRIVER_REQUEST,True,CHARGING,CHARGING,['CHARGING'],True,VALID_REQUEST,59.156,42.33,0.683,1.0,FELIZ_S,EV_MOTORBIKE,3.5,3.22,,False,True,False,train
DE003037,T0120,V0060,2026-09-01T18:06:50.184892+07:00,DRIVER_REQUEST,True,,BATTERY_SWAP,['CHARGING'],False,UNSUPPORTED_SERVICE,59.156,42.33,0.683,1.0,FELIZ_S,EV_MOTORBIKE,3.5,3.22,,False,True,False,train
DE003038,T0120,V0060,2026-09-01T18:07:47.370083428+07:00,AUTO_DETECTED,False,,,['CHARGING'],,SUFFICIENT_SOC_RANGE,58.586,41.92,0.276,1.0,FELIZ_S,EV_MOTORBIKE,3.5,3.22,,False,True,False,train
DE003039,T0120,V0060,2026-09-01T18:07:47.370083428+07:00,DRIVER_REQUEST,True,CHARGING,CHARGING,['CHARGING'],True,VALID_REQUEST,58.586,41.92,0.276,1.0,FELIZ_S,EV_MOTORBIKE,3.5,3.22,,False,True,False,train
DE003040,T0120,V0060,2026-09-01T18:07:47.370083428+07:00,DRIVER_REQUEST,True,,BATTERY_SWAP,['CHARGING'],False,UNSUPPORTED_SERVICE,58.586,41.92,0.276,1.0,FELIZ_S,EV_MOTORBIKE,3.5,3.22,,False,True,False,train
DE003041,T0121,V0001,2026-09-01T18:06:43.390738285+07:00,AUTO_DETECTED,False,,,['CHARGING'],,SUFFICIENT_SOC_RANGE,91.156,279.55,3.461,1.0,VF_3,EV_CAR,18.64,17.15,,False,True,False,test
DE003042,T0121,V0001,2026-09-01T18:06:43.390738285+07:00,DRIVER_REQUEST,True,CHARGING,CHARGING,['CHARGING'],True,VALID_REQUEST,91.156,279.55,3.461,1.0,VF_3,EV_CAR,18.64,17.15,,False,True,False,test
DE003043,T0121,V0001,2026-09-01T18:06:43.390738285+07:00,DRIVER_REQUEST,True,,BATTERY_SWAP,['CHARGING'],False,UNSUPPORTED_SERVICE,91.156,279.55,3.461,1.0,VF_3,EV_CAR,18.64,17.15,,False,True,False,test
DE003044,T0121,V0001,2026-09-01T18:07:52.052483999+07:00,AUTO_DETECTED,False,,,['CHARGING'],,SUFFICIENT_SOC_RANGE,91.001,279.07,2.985,1.0,VF_3,EV_CAR,18.64,17.15,,False,True,False,test
DE003045,T0121,V0001,2026-09-01T18:07:52.052483999+07:00,DRIVER_REQUEST,True,CHARGING,CHARGING,['CHARGING'],True,VALID_REQUEST,91.001,279.07,2.985,1.0,VF_3,EV_CAR,18.64,17.15,,False,True,False,test
DE003046,T0121,V0001,2026-09-01T18:07:52.052483999+07:00,DRIVER_REQUEST,True,,BATTERY_SWAP,['CHARGING'],False,UNSUPPORTED_SERVICE,91.001,279.07,2.985,1.0,VF_3,EV_CAR,18.64,17.15,,False,True,False,test
DE003047,T0121,V0001,2026-09-01T18:08:54.487824+07:00,AUTO_DETECTED,False,,,['CHARGING'],,SUFFICIENT_SOC_RANGE,90.859,278.64,2.551,1.0,VF_3,EV_CAR,18.64,17.15,,False,True,False,test
DE003048,T0121,V0001,2026-09-01T18:08:54.487824+07:00,DRIVER_REQUEST,True,CHARGING,CHARGING,['CHARGING'],True,VALID_REQUEST,90.859,278.64,2.551,1.0,VF_3,EV_CAR,18.64,17.15,,False,True,False,test
DE003049,T0121,V0001,2026-09-01T18:08:54.487824+07:00,DRIVER_REQUEST,True,,BATTERY_SWAP,['CHARGING'],False,UNSUPPORTED_SERVICE,90.859,278.64,2.551,1.0,VF_3,EV_CAR,18.64,17.15,,False,True,False,test
DE003050,T0121,V0001,2026-09-01T18:10:02.675999999+07:00,AUTO_DETECTED,False,,,['CHARGING'],,SUFFICIENT_SOC_RANGE,90.705,278.16,2.077,1.0,VF_3,EV_CAR,18.64,17.15,,False,True,False,test
DE003051,T0121,V0001,2026-09-01T18:10:02.675999999+07:00,DRIVER_REQUEST,True,CHARGING,CHARGING,['CHARGING'],True,VALID_REQUEST,90.705,278.16,2.077,1.0,VF_3,EV_CAR,18.64,17.15,,False,True,False,test
DE003052,T0121,V0001,2026-09-01T18:10:02.675999999+07:00,DRIVER_REQUEST,True,,BATTERY_SWAP,['CHARGING'],False,UNSUPPORTED_SERVICE,90.705,278.16,2.077,1.0,VF_3,EV_CAR,18.64,17.15,,False,True,False,test
DE003053,T0121,V0001,2026-09-01T18:11:11.174728+07:00,AUTO_DETECTED,False,,,['CHARGING'],,SUFFICIENT_SOC_RANGE,90.56,277.72,1.632,1.0,VF_3,EV_CAR,18.64,17.15,,False,True,False,test
DE003054,T0121,V0001,2026-09-01T18:11:11.174728+07:00,DRIVER_REQUEST,True,CHARGING,CHARGING,['CHARGING'],True,VALID_REQUEST,90.56,277.72,1.632,1.0,VF_3,EV_CAR,18.64,17.15,,False,True,False,test
DE003055,T0121,V0001,2026-09-01T18:11:11.174728+07:00,DRIVER_REQUEST,True,,BATTERY_SWAP,['CHARGING'],False,UNSUPPORTED_SERVICE,90.56,277.72,1.632,1.0,VF_3,EV_CAR,18.64,17.15,,False,True,False,test
DE003056,T0121,V0001,2026-09-01T18:12:23.086981333+07:00,AUTO_DETECTED,False,,,['CHARGING'],,SUFFICIENT_SOC_RANGE,90.414,277.27,1.184,1.0,VF_3,EV_CAR,18.64,17.15,,False,True,False,test
DE003057,T0121,V0001,2026-09-01T18:12:23.086981333+07:00,DRIVER_REQUEST,True,CHARGING,CHARGING,['CHARGING'],True,VALID_REQUEST,90.414,277.27,1.184,1.0,VF_3,EV_CAR,18.64,17.15,,False,True,False,test
DE003058,T0121,V0001,2026-09-01T18:12:23.086981333+07:00,DRIVER_REQUEST,True,,BATTERY_SWAP,['CHARGING'],False,UNSUPPORTED_SERVICE,90.414,277.27,1.184,1.0,VF_3,EV_CAR,18.64,17.15,,False,True,False,test
DE003059,T0121,V0001,2026-09-01T18:13:30.733104+07:00,AUTO_DETECTED,False,,,['CHARGING'],,SUFFICIENT_SOC_RANGE,90.267,276.82,0.735,1.0,VF_3,EV_CAR,18.64,17.15,,False,True,False,test
DE003060,T0121,V0001,2026-09-01T18:13:30.733104+07:00,DRIVER_REQUEST,True,CHARGING,CHARGING,['CHARGING'],True,VALID_REQUEST,90.267,276.82,0.735,1.0,VF_3,EV_CAR,18.64,17.15,,False,True,False,test
DE003061,T0121,V0001,2026-09-01T18:13:30.733104+07:00,DRIVER_REQUEST,True,,BATTERY_SWAP,['CHARGING'],False,UNSUPPORTED_SERVICE,90.267,276.82,0.735,1.0,VF_3,EV_CAR,18.64,17.15,,False,True,False,test
DE003062,T0121,V0001,2026-09-01T18:14:35.571136+07:00,AUTO_DETECTED,False,,,['CHARGING'],,SUFFICIENT_SOC_RANGE,90.12,276.37,0.285,1.0,VF_3,EV_CAR,18.64,17.15,,False,True,False,test
DE003063,T0121,V0001,2026-09-01T18:14:35.571136+07:00,DRIVER_REQUEST,True,CHARGING,CHARGING,['CHARGING'],True,VALID_REQUEST,90.12,276.37,0.285,1.0,VF_3,EV_CAR,18.64,17.15,,False,True,False,test
DE003064,T0121,V0001,2026-09-01T18:14:35.571136+07:00,DRIVER_REQUEST,True,,BATTERY_SWAP,['CHARGING'],False,UNSUPPORTED_SERVICE,90.12,276.37,0.285,1.0,VF_3,EV_CAR,18.64,17.15,,False,True,False,test
DE003065,T0122,V0002,2026-09-01T18:12:50.719657499+07:00,AUTO_DETECTED,True,CHARGING,,['CHARGING'],,LOW_SOC,17.851,54.74,5.811,1.0,VF_5,EV_CAR,37.23,34.25,,False,True,False,train
DE003066,T0122,V0002,2026-09-01T18:12:50.719657499+07:00,DRIVER_REQUEST,True,CHARGING,CHARGING,['CHARGING'],True,VALID_REQUEST,17.851,54.74,5.811,1.0,VF_5,EV_CAR,37.23,34.25,,False,True,False,train
DE003067,T0122,V0002,2026-09-01T18:12:50.719657499+07:00,DRIVER_REQUEST,True,,BATTERY_SWAP,['CHARGING'],False,UNSUPPORTED_SERVICE,17.851,54.74,5.811,1.0,VF_5,EV_CAR,37.23,34.25,,False,True,False,train
DE003068,T0122,V0002,2026-09-01T18:15:10.473227500+07:00,AUTO_DETECTED,True,CHARGING,,['CHARGING'],,LOW_SOC,17.62,54.04,5.103,1.0,VF_5,EV_CAR,37.23,34.25,,False,True,False,train
DE003069,T0122,V0002,2026-09-01T18:15:10.473227500+07:00,DRIVER_REQUEST,True,CHARGING,CHARGING,['CHARGING'],True,VALID_REQUEST,17.62,54.04,5.103,1.0,VF_5,EV_CAR,37.23,34.25,,False,True,False,train
DE003070,T0122,V0002,2026-09-01T18:15:10.473227500+07:00,DRIVER_REQUEST,True,,BATTERY_SWAP,['CHARGING'],False,UNSUPPORTED_SERVICE,17.62,54.04,5.103,1.0,VF_5,EV_CAR,37.23,34.25,,False,True,False,train
DE003071,T0122,V0002,2026-09-01T18:17:38.879427500+07:00,AUTO_DETECTED,True,CHARGING,,['CHARGING'],,LOW_SOC,17.378,53.29,4.361,1.0,VF_5,EV_CAR,37.23,34.25,,False,True,False,train
DE003072,T0122,V0002,2026-09-01T18:17:38.879427500+07:00,DRIVER_REQUEST,True,CHARGING,CHARGING,['CHARGING'],True,VALID_REQUEST,17.378,53.29,4.361,1.0,VF_5,EV_CAR,37.23,34.25,,False,True,False,train
DE003073,T0122,V0002,2026-09-01T18:17:38.879427500+07:00,DRIVER_REQUEST,True,,BATTERY_SWAP,['CHARGING'],False,UNSUPPORTED_SERVICE,17.378,53.29,4.361,1.0,VF_5,EV_CAR,37.23,34.25,,False,True,False,train
DE003074,T0122,V0002,2026-09-01T18:20:04.666827500+07:00,AUTO_DETECTED,True,CHARGING,,['CHARGING'],,LOW_SOC,17.141,52.56,3.632,1.0,VF_5,EV_CAR,37.23,34.25,,False,True,False,train
DE003075,T0122,V0002,2026-09-01T18:20:04.666827500+07:00,DRIVER_REQUEST,True,CHARGING,CHARGING,['CHARGING'],True,VALID_REQUEST,17.141,52.56,3.632,1.0,VF_5,EV_CAR,37.23,34.25,,False,True,False,train
DE003076,T0122,V0002,2026-09-01T18:20:04.666827500+07:00,DRIVER_REQUEST,True,,BATTERY_SWAP,['CHARGING'],False,UNSUPPORTED_SERVICE,17.141,52.56,3.632,1.0,VF_5,EV_CAR,37.23,34.25,,False,True,False,train
DE003077,T0122,V0002,2026-09-01T18:22:00.110107500+07:00,AUTO_DETECTED,True,CHARGING,,['CHARGING'],,LOW_SOC,16.898,51.82,2.889,1.0,VF_5,EV_CAR,37.23,34.25,,False,True,False,train
DE003078,T0122,V0002,2026-09-01T18:22:00.110107500+07:00,DRIVER_REQUEST,True,CHARGING,CHARGING,['CHARGING'],True,VALID_REQUEST,16.898,51.82,2.889,1.0,VF_5,EV_CAR,37.23,34.25,,False,True,False,train
DE003079,T0122,V0002,2026-09-01T18:22:00.110107500+07:00,DRIVER_REQUEST,True,,BATTERY_SWAP,['CHARGING'],False,UNSUPPORTED_SERVICE,16.898,51.82,2.889,1.0,VF_5,EV_CAR,37.23,34.25,,False,True,False,train
DE003080,T0122,V0002,2026-09-01T18:23:45.019585+07:00,AUTO_DETECTED,True,CHARGING,,['CHARGING'],,LOW_SOC,16.646,51.05,2.115,1.0,VF_5,EV_CAR,37.23,34.25,,False,True,False,train
DE003081,T0122,V0002,2026-09-01T18:23:45.019585+07:00,DRIVER_REQUEST,True,CHARGING,CHARGING,['CHARGING'],True,VALID_REQUEST,16.646,51.05,2.115,1.0,VF_5,EV_CAR,37.23,34.25,,False,True,False,train
DE003082,T0122,V0002,2026-09-01T18:23:45.019585+07:00,DRIVER_REQUEST,True,,BATTERY_SWAP,['CHARGING'],False,UNSUPPORTED_SERVICE,16.646,51.05,2.115,1.0,VF_5,EV_CAR,37.23,34.25,,False,True,False,train
DE003083,T0122,V0002,2026-09-01T18:26:21.112847500+07:00,AUTO_DETECTED,True,CHARGING,,['CHARGING'],,LOW_SOC,16.379,50.23,1.295,1.0,VF_5,EV_CAR,37.23,34.25,,False,True,False,train
DE003084,T0122,V0002,2026-09-01T18:26:21.112847500+07:00,DRIVER_REQUEST,True,CHARGING,CHARGING,['CHARGING'],True,VALID_REQUEST,16.379,50.23,1.295,1.0,VF_5,EV_CAR,37.23,34.25,,False,True,False,train
DE003085,T0122,V0002,2026-09-01T18:26:21.112847500+07:00,DRIVER_REQUEST,True,,BATTERY_SWAP,['CHARGING'],False,UNSUPPORTED_SERVICE,16.379,50.23,1.295,1.0,VF_5,EV_CAR,37.23,34.25,,False,True,False,train
DE003086,T0122,V0002,2026-09-01T18:28:54.456455500+07:00,AUTO_DETECTED,True,CHARGING,,['CHARGING'],,LOW_SOC,16.127,49.45,0.522,1.0,VF_5,EV_CAR,37.23,34.25,,False,True,False,train
DE003087,T0122,V0002,2026-09-01T18:28:54.456455500+07:00,DRIVER_REQUEST,True,CHARGING,CHARGING,['CHARGING'],True,VALID_REQUEST,16.127,49.45,0.522,1.0,VF_5,EV_CAR,37.23,34.25,,False,True,False,train
DE003088,T0122,V0002,2026-09-01T18:28:54.456455500+07:00,DRIVER_REQUEST,True,,BATTERY_SWAP,['CHARGING'],False,UNSUPPORTED_SERVICE,16.127,49.45,0.522,1.0,VF_5,EV_CAR,37.23,34.25,,False,True,False,train
DE003089,T0123,V0003,2026-09-01T18:18:38.875488+07:00,AUTO_DETECTED,True,,,"['CHARGING', 'BATTERY_SWAP']",,LOW_SOC,17.675,12.65,2.501,1.0,EVO,EV_MOTORBIKE,3.0,2.76,2.0,True,True,True,test
DE003090,T0123,V0003,2026-09-01T18:18:38.875488+07:00,DRIVER_REQUEST,True,CHARGING,CHARGING,"['CHARGING', 'BATTERY_SWAP']",True,VALID_REQUEST,17.675,12.65,2.501,1.0,EVO,EV_MOTORBIKE,3.0,2.76,2.0,True,True,True,test
DE003091,T0123,V0003,2026-09-01T18:18:38.875488+07:00,DRIVER_REQUEST,True,BATTERY_SWAP,BATTERY_SWAP,"['CHARGING', 'BATTERY_SWAP']",True,VALID_REQUEST,17.675,12.65,2.501,1.0,EVO,EV_MOTORBIKE,3.0,2.76,2.0,True,True,True,test
DE003092,T0123,V0003,2026-09-01T18:18:38.875488+07:00,DRIVER_REQUEST,True,,ANY,"['CHARGING', 'BATTERY_SWAP']",True,VALID_REQUEST,17.675,12.65,2.501,1.0,EVO,EV_MOTORBIKE,3.0,2.76,2.0,True,True,True,test
DE003093,T0123,V0003,2026-09-01T18:19:42.438948+07:00,AUTO_DETECTED,True,,,"['CHARGING', 'BATTERY_SWAP']",,LOW_SOC,17.231,12.33,2.183,1.0,EVO,EV_MOTORBIKE,3.0,2.76,2.0,True,True,True,test
DE003094,T0123,V0003,2026-09-01T18:19:42.438948+07:00,DRIVER_REQUEST,True,CHARGING,CHARGING,"['CHARGING', 'BATTERY_SWAP']",True,VALID_REQUEST,17.231,12.33,2.183,1.0,EVO,EV_MOTORBIKE,3.0,2.76,2.0,True,True,True,test
DE003095,T0123,V0003,2026-09-01T18:19:42.438948+07:00,DRIVER_REQUEST,True,BATTERY_SWAP,BATTERY_SWAP,"['CHARGING', 'BATTERY_SWAP']",True,VALID_REQUEST,17.231,12.33,2.183,1.0,EVO,EV_MOTORBIKE,3.0,2.76,2.0,True,True,True,test
DE003096,T0123,V0003,2026-09-01T18:19:42.438948+07:00,DRIVER_REQUEST,True,,ANY,"['CHARGING', 'BATTERY_SWAP']",True,VALID_REQUEST,17.231,12.33,2.183,1.0,EVO,EV_MOTORBIKE,3.0,2.76,2.0,True,True,True,test
DE003097,T0123,V0003,2026-09-01T18:20:46.072608+07:00,AUTO_DETECTED,True,,,"['CHARGING', 'BATTERY_SWAP']",,LOW_SOC,16.786,12.01,1.865,1.0,EVO,EV_MOTORBIKE,3.0,2.76,2.0,True,True,True,test
DE003098,T0123,V0003,2026-09-01T18:20:46.072608+07:00,DRIVER_REQUEST,True,CHARGING,CHARGING,"['CHARGING', 'BATTERY_SWAP']",True,VALID_REQUEST,16.786,12.01,1.865,1.0,EVO,EV_MOTORBIKE,3.0,2.76,2.0,True,True,True,test
DE003099,T0123,V0003,2026-09-01T18:20:46.072608+07:00,DRIVER_REQUEST,True,BATTERY_SWAP,BATTERY_SWAP,"['CHARGING', 'BATTERY_SWAP']",True,VALID_REQUEST,16.786,12.01,1.865,1.0,EVO,EV_MOTORBIKE,3.0,2.76,2.0,True,True,True,test
DE003100,T0123,V0003,2026-09-01T18:20:46.072608+07:00,DRIVER_REQUEST,True,,ANY,"['CHARGING', 'BATTERY_SWAP']",True,VALID_REQUEST,16.786,12.01,1.865,1.0,EVO,EV_MOTORBIKE,3.0,2.76,2.0,True,True,True,test
DE003101,T0123,V0003,2026-09-01T18:21:42.170212+07:00,AUTO_DETECTED,True,,,"['CHARGING', 'BATTERY_SWAP']",,LOW_SOC,16.346,11.7,1.55,1.0,EVO,EV_MOTORBIKE,3.0,2.76,2.0,True,True,True,test
DE003102,T0123,V0003,2026-09-01T18:21:42.170212+07:00,DRIVER_REQUEST,True,CHARGING,CHARGING,"['CHARGING', 'BATTERY_SWAP']",True,VALID_REQUEST,16.346,11.7,1.55,1.0,EVO,EV_MOTORBIKE,3.0,2.76,2.0,True,True,True,test
DE003103,T0123,V0003,2026-09-01T18:21:42.170212+07:00,DRIVER_REQUEST,True,BATTERY_SWAP,BATTERY_SWAP,"['CHARGING', 'BATTERY_SWAP']",True,VALID_REQUEST,16.346,11.7,1.55,1.0,EVO,EV_MOTORBIKE,3.0,2.76,2.0,True,True,True,test
DE003104,T0123,V0003,2026-09-01T18:21:42.170212+07:00,DRIVER_REQUEST,True,,ANY,"['CHARGING', 'BATTERY_SWAP']",True,VALID_REQUEST,16.346,11.7,1.55,1.0,EVO,EV_MOTORBIKE,3.0,2.76,2.0,True,True,True,test
DE003105,T0123,V0003,2026-09-01T18:22:37.880776+07:00,AUTO_DETECTED,True,,,"['CHARGING', 'BATTERY_SWAP']",,LOW_SOC,15.908,11.38,1.236,1.0,EVO,EV_MOTORBIKE,3.0,2.76,2.0,True,True,True,test
DE003106,T0123,V0003,2026-09-01T18:22:37.880776+07:00,DRIVER_REQUEST,True,CHARGING,CHARGING,"['CHARGING', 'BATTERY_SWAP']",True,VALID_REQUEST,15.908,11.38,1.236,1.0,EVO,EV_MOTORBIKE,3.0,2.76,2.0,True,True,True,test
DE003107,T0123,V0003,2026-09-01T18:22:37.880776+07:00,DRIVER_REQUEST,True,BATTERY_SWAP,BATTERY_SWAP,"['CHARGING', 'BATTERY_SWAP']",True,VALID_REQUEST,15.908,11.38,1.236,1.0,EVO,EV_MOTORBIKE,3.0,2.76,2.0,True,True,True,test
DE003108,T0123,V0003,2026-09-01T18:22:37.880776+07:00,DRIVER_REQUEST,True,,ANY,"['CHARGING', 'BATTERY_SWAP']",True,VALID_REQUEST,15.908,11.38,1.236,1.0,EVO,EV_MOTORBIKE,3.0,2.76,2.0,True,True,True,test
DE003109,T0123,V0003,2026-09-01T18:23:41.514436+07:00,AUTO_DETECTED,True,,,"['CHARGING', 'BATTERY_SWAP']",,LOW_SOC,15.463,11.06,0.918,1.0,EVO,EV_MOTORBIKE,3.0,2.76,2.0,True,True,True,test
DE003110,T0123,V0003,2026-09-01T18:23:41.514436+07:00,DRIVER_REQUEST,True,CHARGING,CHARGING,"['CHARGING', 'BATTERY_SWAP']",True,VALID_REQUEST,15.463,11.06,0.918,1.0,EVO,EV_MOTORBIKE,3.0,2.76,2.0,True,True,True,test
DE003111,T0123,V0003,2026-09-01T18:23:41.514436+07:00,DRIVER_REQUEST,True,BATTERY_SWAP,BATTERY_SWAP,"['CHARGING', 'BATTERY_SWAP']",True,VALID_REQUEST,15.463,11.06,0.918,1.0,EVO,EV_MOTORBIKE,3.0,2.76,2.0,True,True,True,test
DE003112,T0123,V0003,2026-09-01T18:23:41.514436+07:00,DRIVER_REQUEST,True,,ANY,"['CHARGING', 'BATTERY_SWAP']",True,VALID_REQUEST,15.463,11.06,0.918,1.0,EVO,EV_MOTORBIKE,3.0,2.76,2.0,True,True,True,test
DE003113,T0123,V0003,2026-09-01T18:24:45.279431999+07:00,AUTO_DETECTED,True,,,"['CHARGING', 'BATTERY_SWAP']",,LOW_SOC,15.003,10.74,0.589,1.0,EVO,EV_MOTORBIKE,3.0,2.76,2.0,True,True,True,test
DE003114,T0123,V0003,2026-09-01T18:24:45.279431999+07:00,DRIVER_REQUEST,True,CHARGING,CHARGING,"['CHARGING', 'BATTERY_SWAP']",True,VALID_REQUEST,15.003,10.74,0.589,1.0,EVO,EV_MOTORBIKE,3.0,2.76,2.0,True,True,True,test
DE003115,T0123,V0003,2026-09-01T18:24:45.279431999+07:00,DRIVER_REQUEST,True,BATTERY_SWAP,BATTERY_SWAP,"['CHARGING', 'BATTERY_SWAP']",True,VALID_REQUEST,15.003,10.74,0.589,1.0,EVO,EV_MOTORBIKE,3.0,2.76,2.0,True,True,True,test
DE003116,T0123,V0003,2026-09-01T18:24:45.279431999+07:00,DRIVER_REQUEST,True,,ANY,"['CHARGING', 'BATTERY_SWAP']",True,VALID_REQUEST,15.003,10.74,0.589,1.0,EVO,EV_MOTORBIKE,3.0,2.76,2.0,True,True,True,test
DE003117,T0123,V0003,2026-09-01T18:25:49.561847999+07:00,AUTO_DETECTED,True,,,"['CHARGING', 'BATTERY_SWAP']",,LOW_SOC,14.537,10.4,0.255,1.0,EVO,EV_MOTORBIKE,3.0,2.76,2.0,True,True,True,test
DE003118,T0123,V0003,2026-09-01T18:25:49.561847999+07:00,DRIVER_REQUEST,True,CHARGING,CHARGING,"['CHARGING', 'BATTERY_SWAP']",True,VALID_REQUEST,14.537,10.4,0.255,1.0,EVO,EV_MOTORBIKE,3.0,2.76,2.0,True,True,True,test
DE003119,T0123,V0003,2026-09-01T18:25:49.561847999+07:00,DRIVER_REQUEST,True,BATTERY_SWAP,BATTERY_SWAP,"['CHARGING', 'BATTERY_SWAP']",True,VALID_REQUEST,14.537,10.4,0.255,1.0,EVO,EV_MOTORBIKE,3.0,2.76,2.0,True,True,True,test
DE003120,T0123,V0003,2026-09-01T18:25:49.561847999+07:00,DRIVER_REQUEST,True,,ANY,"['CHARGING', 'BATTERY_SWAP']",True,VALID_REQUEST,14.537,10.4,0.255,1.0,EVO,EV_MOTORBIKE,3.0,2.76,2.0,True,True,True,test
DE003121,T0124,V0004,2026-09-01T18:24:30.160500+07:00,AUTO_DETECTED,True,CHARGING,,['CHARGING'],,LOW_SOC,17.913,54.93,3.042,1.0,VF_6,EV_CAR,59.6,54.83,,False,True,False,validation
DE003122,T0124,V0004,2026-09-01T18:24:30.160500+07:00,DRIVER_REQUEST,True,CHARGING,CHARGING,['CHARGING'],True,VALID_REQUEST,17.913,54.93,3.042,1.0,VF_6,EV_CAR,59.6,54.83,,False,True,False,validation
DE003123,T0124,V0004,2026-09-01T18:24:30.160500+07:00,DRIVER_REQUEST,True,,BATTERY_SWAP,['CHARGING'],False,UNSUPPORTED_SERVICE,17.913,54.93,3.042,1.0,VF_6,EV_CAR,59.6,54.83,,False,True,False,validation
DE003124,T0124,V0004,2026-09-01T18:25:13.731668478+07:00,AUTO_DETECTED,True,CHARGING,,['CHARGING'],,LOW_SOC,17.786,54.54,2.654,1.0,VF_6,EV_CAR,59.6,54.83,,False,True,False,validation
DE003125,T0124,V0004,2026-09-01T18:25:13.731668478+07:00,DRIVER_REQUEST,True,CHARGING,CHARGING,['CHARGING'],True,VALID_REQUEST,17.786,54.54,2.654,1.0,VF_6,EV_CAR,59.6,54.83,,False,True,False,validation
DE003126,T0124,V0004,2026-09-01T18:25:13.731668478+07:00,DRIVER_REQUEST,True,,BATTERY_SWAP,['CHARGING'],False,UNSUPPORTED_SERVICE,17.786,54.54,2.654,1.0,VF_6,EV_CAR,59.6,54.83,,False,True,False,validation
DE003127,T0124,V0004,2026-09-01T18:25:51.731810624+07:00,AUTO_DETECTED,True,CHARGING,,['CHARGING'],,LOW_SOC,17.656,54.15,2.256,1.0,VF_6,EV_CAR,59.6,54.83,,False,True,False,validation
DE003128,T0124,V0004,2026-09-01T18:25:51.731810624+07:00,DRIVER_REQUEST,True,CHARGING,CHARGING,['CHARGING'],True,VALID_REQUEST,17.656,54.15,2.256,1.0,VF_6,EV_CAR,59.6,54.83,,False,True,False,validation
DE003129,T0124,V0004,2026-09-01T18:25:51.731810624+07:00,DRIVER_REQUEST,True,,BATTERY_SWAP,['CHARGING'],False,UNSUPPORTED_SERVICE,17.656,54.15,2.256,1.0,VF_6,EV_CAR,59.6,54.83,,False,True,False,validation
DE003130,T0124,V0004,2026-09-01T18:26:31.053974999+07:00,AUTO_DETECTED,True,CHARGING,,['CHARGING'],,LOW_SOC,17.52,53.73,1.837,1.0,VF_6,EV_CAR,59.6,54.83,,False,True,False,validation
DE003131,T0124,V0004,2026-09-01T18:26:31.053974999+07:00,DRIVER_REQUEST,True,CHARGING,CHARGING,['CHARGING'],True,VALID_REQUEST,17.52,53.73,1.837,1.0,VF_6,EV_CAR,59.6,54.83,,False,True,False,validation
DE003132,T0124,V0004,2026-09-01T18:26:31.053974999+07:00,DRIVER_REQUEST,True,,BATTERY_SWAP,['CHARGING'],False,UNSUPPORTED_SERVICE,17.52,53.73,1.837,1.0,VF_6,EV_CAR,59.6,54.83,,False,True,False,validation
DE003133,T0124,V0004,2026-09-01T18:27:18.465553124+07:00,AUTO_DETECTED,True,CHARGING,,['CHARGING'],,LOW_SOC,17.382,53.31,1.415,1.0,VF_6,EV_CAR,59.6,54.83,,False,True,False,validation
DE003134,T0124,V0004,2026-09-01T18:27:18.465553124+07:00,DRIVER_REQUEST,True,CHARGING,CHARGING,['CHARGING'],True,VALID_REQUEST,17.382,53.31,1.415,1.0,VF_6,EV_CAR,59.6,54.83,,False,True,False,validation
DE003135,T0124,V0004,2026-09-01T18:27:18.465553124+07:00,DRIVER_REQUEST,True,,BATTERY_SWAP,['CHARGING'],False,UNSUPPORTED_SERVICE,17.382,53.31,1.415,1.0,VF_6,EV_CAR,59.6,54.83,,False,True,False,validation
DE003136,T0124,V0004,2026-09-01T18:28:02.788021875+07:00,AUTO_DETECTED,True,CHARGING,,['CHARGING'],,LOW_SOC,17.254,52.91,1.021,1.0,VF_6,EV_CAR,59.6,54.83,,False,True,False,validation
DE003137,T0124,V0004,2026-09-01T18:28:02.788021875+07:00,DRIVER_REQUEST,True,CHARGING,CHARGING,['CHARGING'],True,VALID_REQUEST,17.254,52.91,1.021,1.0,VF_6,EV_CAR,59.6,54.83,,False,True,False,validation
DE003138,T0124,V0004,2026-09-01T18:28:02.788021875+07:00,DRIVER_REQUEST,True,,BATTERY_SWAP,['CHARGING'],False,UNSUPPORTED_SERVICE,17.254,52.91,1.021,1.0,VF_6,EV_CAR,59.6,54.83,,False,True,False,validation
DE003139,T0124,V0004,2026-09-01T18:28:48.377210958+07:00,AUTO_DETECTED,True,CHARGING,,['CHARGING'],,LOW_SOC,17.122,52.51,0.616,1.0,VF_6,EV_CAR,59.6,54.83,,False,True,False,validation
DE003140,T0124,V0004,2026-09-01T18:28:48.377210958+07:00,DRIVER_REQUEST,True,CHARGING,CHARGING,['CHARGING'],True,VALID_REQUEST,17.122,52.51,0.616,1.0,VF_6,EV_CAR,59.6,54.83,,False,True,False,validation
DE003141,T0124,V0004,2026-09-01T18:28:48.377210958+07:00,DRIVER_REQUEST,True,,BATTERY_SWAP,['CHARGING'],False,UNSUPPORTED_SERVICE,17.122,52.51,0.616,1.0,VF_6,EV_CAR,59.6,54.83,,False,True,False,validation
DE003142,T0124,V0004,2026-09-01T18:29:30.512708219+07:00,AUTO_DETECTED,True,CHARGING,,['CHARGING'],,LOW_SOC,17.0,52.13,0.242,1.0,VF_6,EV_CAR,59.6,54.83,,False,True,False,validation
DE003143,T0124,V0004,2026-09-01T18:29:30.512708219+07:00,DRIVER_REQUEST,True,CHARGING,CHARGING,['CHARGING'],True,VALID_REQUEST,17.0,52.13,0.242,1.0,VF_6,EV_CAR,59.6,54.83,,False,True,False,validation
DE003144,T0124,V0004,2026-09-01T18:29:30.512708219+07:00,DRIVER_REQUEST,True,,BATTERY_SWAP,['CHARGING'],False,UNSUPPORTED_SERVICE,17.0,52.13,0.242,1.0,VF_6,EV_CAR,59.6,54.83,,False,True,False,validation
DE003145,T0125,V0005,2026-09-01T18:31:36.803279999+07:00,AUTO_DETECTED,True,CHARGING,,['CHARGING'],,LOW_SOC,17.781,54.53,6.872,1.031,VF_7_ECO,EV_CAR,59.6,54.83,,False,True,False,train
DE003146,T0125,V0005,2026-09-01T18:31:36.803279999+07:00,DRIVER_REQUEST,True,CHARGING,CHARGING,['CHARGING'],True,VALID_REQUEST,17.781,54.53,6.872,1.031,VF_7_ECO,EV_CAR,59.6,54.83,,False,True,False,train
DE003147,T0125,V0005,2026-09-01T18:31:36.803279999+07:00,DRIVER_REQUEST,True,,BATTERY_SWAP,['CHARGING'],False,UNSUPPORTED_SERVICE,17.781,54.53,6.872,1.031,VF_7_ECO,EV_CAR,59.6,54.83,,False,True,False,train
DE003148,T0125,V0005,2026-09-01T18:33:39.499200+07:00,AUTO_DETECTED,True,CHARGING,,['CHARGING'],,LOW_SOC,17.503,53.68,6.02,1.0,VF_7_ECO,EV_CAR,59.6,54.83,,False,True,False,train
DE003149,T0125,V0005,2026-09-01T18:33:39.499200+07:00,DRIVER_REQUEST,True,CHARGING,CHARGING,['CHARGING'],True,VALID_REQUEST,17.503,53.68,6.02,1.0,VF_7_ECO,EV_CAR,59.6,54.83,,False,True,False,train
DE003150,T0125,V0005,2026-09-01T18:33:39.499200+07:00,DRIVER_REQUEST,True,,BATTERY_SWAP,['CHARGING'],False,UNSUPPORTED_SERVICE,17.503,53.68,6.02,1.0,VF_7_ECO,EV_CAR,59.6,54.83,,False,True,False,train
DE003151,T0125,V0005,2026-09-01T18:35:50.796528+07:00,AUTO_DETECTED,True,CHARGING,,['CHARGING'],,LOW_SOC,17.206,52.76,5.108,1.0,VF_7_ECO,EV_CAR,59.6,54.83,,False,True,False,train
DE003152,T0125,V0005,2026-09-01T18:35:50.796528+07:00,DRIVER_REQUEST,True,CHARGING,CHARGING,['CHARGING'],True,VALID_REQUEST,17.206,52.76,5.108,1.0,VF_7_ECO,EV_CAR,59.6,54.83,,False,True,False,train
DE003153,T0125,V0005,2026-09-01T18:35:50.796528+07:00,DRIVER_REQUEST,True,,BATTERY_SWAP,['CHARGING'],False,UNSUPPORTED_SERVICE,17.206,52.76,5.108,1.0,VF_7_ECO,EV_CAR,59.6,54.83,,False,True,False,train
DE003154,T0125,V0005,2026-09-01T18:37:50.545955999+07:00,AUTO_DETECTED,True,CHARGING,,['CHARGING'],,LOW_SOC,16.934,51.93,4.277,1.0,VF_7_ECO,EV_CAR,59.6,54.83,,False,True,False,train
DE003155,T0125,V0005,2026-09-01T18:37:50.545955999+07:00,DRIVER_REQUEST,True,CHARGING,CHARGING,['CHARGING'],True,VALID_REQUEST,16.934,51.93,4.277,1.0,VF_7_ECO,EV_CAR,59.6,54.83,,False,True,False,train
DE003156,T0125,V0005,2026-09-01T18:37:50.545955999+07:00,DRIVER_REQUEST,True,,BATTERY_SWAP,['CHARGING'],False,UNSUPPORTED_SERVICE,16.934,51.93,4.277,1.0,VF_7_ECO,EV_CAR,59.6,54.83,,False,True,False,train
DE003157,T0125,V0005,2026-09-01T18:39:57.623184+07:00,AUTO_DETECTED,True,CHARGING,,['CHARGING'],,LOW_SOC,16.647,51.05,3.394,1.0,VF_7_ECO,EV_CAR,59.6,54.83,,False,True,False,train
DE003158,T0125,V0005,2026-09-01T18:39:57.623184+07:00,DRIVER_REQUEST,True,CHARGING,CHARGING,['CHARGING'],True,VALID_REQUEST,16.647,51.05,3.394,1.0,VF_7_ECO,EV_CAR,59.6,54.83,,False,True,False,train
DE003159,T0125,V0005,2026-09-01T18:39:57.623184+07:00,DRIVER_REQUEST,True,,BATTERY_SWAP,['CHARGING'],False,UNSUPPORTED_SERVICE,16.647,51.05,3.394,1.0,VF_7_ECO,EV_CAR,59.6,54.83,,False,True,False,train
DE003160,T0125,V0005,2026-09-01T18:42:15.688512+07:00,AUTO_DETECTED,True,CHARGING,,['CHARGING'],,LOW_SOC,16.334,50.09,2.435,1.0,VF_7_ECO,EV_CAR,59.6,54.83,,False,True,False,train
DE003161,T0125,V0005,2026-09-01T18:42:15.688512+07:00,DRIVER_REQUEST,True,CHARGING,CHARGING,['CHARGING'],True,VALID_REQUEST,16.334,50.09,2.435,1.0,VF_7_ECO,EV_CAR,59.6,54.83,,False,True,False,train
DE003162,T0125,V0005,2026-09-01T18:42:15.688512+07:00,DRIVER_REQUEST,True,,BATTERY_SWAP,['CHARGING'],False,UNSUPPORTED_SERVICE,16.334,50.09,2.435,1.0,VF_7_ECO,EV_CAR,59.6,54.83,,False,True,False,train
DE003163,T0125,V0005,2026-09-01T18:44:18.204912+07:00,AUTO_DETECTED,True,CHARGING,,['CHARGING'],,LOW_SOC,16.057,49.24,1.584,1.0,VF_7_ECO,EV_CAR,59.6,54.83,,False,True,False,train
DE003164,T0125,V0005,2026-09-01T18:44:18.204912+07:00,DRIVER_REQUEST,True,CHARGING,CHARGING,['CHARGING'],True,VALID_REQUEST,16.057,49.24,1.584,1.0,VF_7_ECO,EV_CAR,59.6,54.83,,False,True,False,train
DE003165,T0125,V0005,2026-09-01T18:44:18.204912+07:00,DRIVER_REQUEST,True,,BATTERY_SWAP,['CHARGING'],False,UNSUPPORTED_SERVICE,16.057,49.24,1.584,1.0,VF_7_ECO,EV_CAR,59.6,54.83,,False,True,False,train
DE003166,T0125,V0005,2026-09-01T18:46:31.189728+07:00,AUTO_DETECTED,True,CHARGING,,['CHARGING'],,LOW_SOC,15.755,48.32,0.661,1.0,VF_7_ECO,EV_CAR,59.6,54.83,,False,True,False,train
DE003167,T0125,V0005,2026-09-01T18:46:31.189728+07:00,DRIVER_REQUEST,True,CHARGING,CHARGING,['CHARGING'],True,VALID_REQUEST,15.755,48.32,0.661,1.0,VF_7_ECO,EV_CAR,59.6,54.83,,False,True,False,train
DE003168,T0125,V0005,2026-09-01T18:46:31.189728+07:00,DRIVER_REQUEST,True,,BATTERY_SWAP,['CHARGING'],False,UNSUPPORTED_SERVICE,15.755,48.32,0.661,1.0,VF_7_ECO,EV_CAR,59.6,54.83,,False,True,False,train
DE003169,T0126,V0006,2026-09-01T18:37:49.264849333+07:00,AUTO_DETECTED,True,,,"['CHARGING', 'BATTERY_SWAP']",,LOW_SOC,17.22,12.32,6.184,1.0,EVO_LITE,EV_MOTORBIKE,1.5,1.38,1.0,True,True,True,train
DE003170,T0126,V0006,2026-09-01T18:37:49.264849333+07:00,DRIVER_REQUEST,True,CHARGING,CHARGING,"['CHARGING', 'BATTERY_SWAP']",True,VALID_REQUEST,17.22,12.32,6.184,1.0,EVO_LITE,EV_MOTORBIKE,1.5,1.38,1.0,True,True,True,train
DE003171,T0126,V0006,2026-09-01T18:37:49.264849333+07:00,DRIVER_REQUEST,True,BATTERY_SWAP,BATTERY_SWAP,"['CHARGING', 'BATTERY_SWAP']",True,VALID_REQUEST,17.22,12.32,6.184,1.0,EVO_LITE,EV_MOTORBIKE,1.5,1.38,1.0,True,True,True,train
DE003172,T0126,V0006,2026-09-01T18:37:49.264849333+07:00,DRIVER_REQUEST,True,,ANY,"['CHARGING', 'BATTERY_SWAP']",True,VALID_REQUEST,17.22,12.32,6.184,1.0,EVO_LITE,EV_MOTORBIKE,1.5,1.38,1.0,True,True,True,train
DE003173,T0126,V0006,2026-09-01T18:40:21.491384+07:00,AUTO_DETECTED,True,,,"['CHARGING', 'BATTERY_SWAP']",,LOW_SOC,16.048,11.48,5.345,1.0,EVO_LITE,EV_MOTORBIKE,1.5,1.38,1.0,True,True,True,train
DE003174,T0126,V0006,2026-09-01T18:40:21.491384+07:00,DRIVER_REQUEST,True,CHARGING,CHARGING,"['CHARGING', 'BATTERY_SWAP']",True,VALID_REQUEST,16.048,11.48,5.345,1.0,EVO_LITE,EV_MOTORBIKE,1.5,1.38,1.0,True,True,True,train
DE003175,T0126,V0006,2026-09-01T18:40:21.491384+07:00,DRIVER_REQUEST,True,BATTERY_SWAP,BATTERY_SWAP,"['CHARGING', 'BATTERY_SWAP']",True,VALID_REQUEST,16.048,11.48,5.345,1.0,EVO_LITE,EV_MOTORBIKE,1.5,1.38,1.0,True,True,True,train
DE003176,T0126,V0006,2026-09-01T18:40:21.491384+07:00,DRIVER_REQUEST,True,,ANY,"['CHARGING', 'BATTERY_SWAP']",True,VALID_REQUEST,16.048,11.48,5.345,1.0,EVO_LITE,EV_MOTORBIKE,1.5,1.38,1.0,True,True,True,train
DE003177,T0126,V0006,2026-09-01T18:42:56.792159342+07:00,AUTO_DETECTED,True,,,"['CHARGING', 'BATTERY_SWAP']",,LOW_SOC,14.963,10.71,4.568,1.0,EVO_LITE,EV_MOTORBIKE,1.5,1.38,1.0,True,True,True,train
DE003178,T0126,V0006,2026-09-01T18:42:56.792159342+07:00,DRIVER_REQUEST,True,CHARGING,CHARGING,"['CHARGING', 'BATTERY_SWAP']",True,VALID_REQUEST,14.963,10.71,4.568,1.0,EVO_LITE,EV_MOTORBIKE,1.5,1.38,1.0,True,True,True,train
DE003179,T0126,V0006,2026-09-01T18:42:56.792159342+07:00,DRIVER_REQUEST,True,BATTERY_SWAP,BATTERY_SWAP,"['CHARGING', 'BATTERY_SWAP']",True,VALID_REQUEST,14.963,10.71,4.568,1.0,EVO_LITE,EV_MOTORBIKE,1.5,1.38,1.0,True,True,True,train
DE003180,T0126,V0006,2026-09-01T18:42:56.792159342+07:00,DRIVER_REQUEST,True,,ANY,"['CHARGING', 'BATTERY_SWAP']",True,VALID_REQUEST,14.963,10.71,4.568,1.0,EVO_LITE,EV_MOTORBIKE,1.5,1.38,1.0,True,True,True,train
DE003181,T0126,V0006,2026-09-01T18:45:39.080658999+07:00,AUTO_DETECTED,True,,,"['CHARGING', 'BATTERY_SWAP']",,LOW_SOC,13.829,9.9,3.757,1.0,EVO_LITE,EV_MOTORBIKE,1.5,1.38,1.0,True,True,True,train
DE003182,T0126,V0006,2026-09-01T18:45:39.080658999+07:00,DRIVER_REQUEST,True,CHARGING,CHARGING,"['CHARGING', 'BATTERY_SWAP']",True,VALID_REQUEST,13.829,9.9,3.757,1.0,EVO_LITE,EV_MOTORBIKE,1.5,1.38,1.0,True,True,True,train
DE003183,T0126,V0006,2026-09-01T18:45:39.080658999+07:00,DRIVER_REQUEST,True,BATTERY_SWAP,BATTERY_SWAP,"['CHARGING', 'BATTERY_SWAP']",True,VALID_REQUEST,13.829,9.9,3.757,1.0,EVO_LITE,EV_MOTORBIKE,1.5,1.38,1.0,True,True,True,train
DE003184,T0126,V0006,2026-09-01T18:45:39.080658999+07:00,DRIVER_REQUEST,True,,ANY,"['CHARGING', 'BATTERY_SWAP']",True,VALID_REQUEST,13.829,9.9,3.757,1.0,EVO_LITE,EV_MOTORBIKE,1.5,1.38,1.0,True,True,True,train
DE003185,T0126,V0006,2026-09-01T18:48:29.626983999+07:00,AUTO_DETECTED,True,,,"['CHARGING', 'BATTERY_SWAP']",,LOW_SOC,12.637,9.04,2.904,1.0,EVO_LITE,EV_MOTORBIKE,1.5,1.38,1.0,True,True,True,train
DE003186,T0126,V0006,2026-09-01T18:48:29.626983999+07:00,DRIVER_REQUEST,True,CHARGING,CHARGING,"['CHARGING', 'BATTERY_SWAP']",True,VALID_REQUEST,12.637,9.04,2.904,1.0,EVO_LITE,EV_MOTORBIKE,1.5,1.38,1.0,True,True,True,train
DE003187,T0126,V0006,2026-09-01T18:48:29.626983999+07:00,DRIVER_REQUEST,True,BATTERY_SWAP,BATTERY_SWAP,"['CHARGING', 'BATTERY_SWAP']",True,VALID_REQUEST,12.637,9.04,2.904,1.0,EVO_LITE,EV_MOTORBIKE,1.5,1.38,1.0,True,True,True,train
DE003188,T0126,V0006,2026-09-01T18:48:29.626983999+07:00,DRIVER_REQUEST,True,,ANY,"['CHARGING', 'BATTERY_SWAP']",True,VALID_REQUEST,12.637,9.04,2.904,1.0,EVO_LITE,EV_MOTORBIKE,1.5,1.38,1.0,True,True,True,train
DE003189,T0126,V0006,2026-09-01T18:50:52.566083999+07:00,AUTO_DETECTED,True,,,"['CHARGING', 'BATTERY_SWAP']",,LOW_SOC,11.638,8.33,2.189,1.0,EVO_LITE,EV_MOTORBIKE,1.5,1.38,1.0,True,True,True,train
DE003190,T0126,V0006,2026-09-01T18:50:52.566083999+07:00,DRIVER_REQUEST,True,CHARGING,CHARGING,"['CHARGING', 'BATTERY_SWAP']",True,VALID_REQUEST,11.638,8.33,2.189,1.0,EVO_LITE,EV_MOTORBIKE,1.5,1.38,1.0,True,True,True,train
DE003191,T0126,V0006,2026-09-01T18:50:52.566083999+07:00,DRIVER_REQUEST,True,BATTERY_SWAP,BATTERY_SWAP,"['CHARGING', 'BATTERY_SWAP']",True,VALID_REQUEST,11.638,8.33,2.189,1.0,EVO_LITE,EV_MOTORBIKE,1.5,1.38,1.0,True,True,True,train
DE003192,T0126,V0006,2026-09-01T18:50:52.566083999+07:00,DRIVER_REQUEST,True,,ANY,"['CHARGING', 'BATTERY_SWAP']",True,VALID_REQUEST,11.638,8.33,2.189,1.0,EVO_LITE,EV_MOTORBIKE,1.5,1.38,1.0,True,True,True,train
DE003193,T0126,V0006,2026-09-01T18:53:27.133033999+07:00,AUTO_DETECTED,True,,,"['CHARGING', 'BATTERY_SWAP']",,LOW_SOC,10.558,7.56,1.417,1.0,EVO_LITE,EV_MOTORBIKE,1.5,1.38,1.0,True,True,True,train
DE003194,T0126,V0006,2026-09-01T18:53:27.133033999+07:00,DRIVER_REQUEST,True,CHARGING,CHARGING,"['CHARGING', 'BATTERY_SWAP']",True,VALID_REQUEST,10.558,7.56,1.417,1.0,EVO_LITE,EV_MOTORBIKE,1.5,1.38,1.0,True,True,True,train
DE003195,T0126,V0006,2026-09-01T18:53:27.133033999+07:00,DRIVER_REQUEST,True,BATTERY_SWAP,BATTERY_SWAP,"['CHARGING', 'BATTERY_SWAP']",True,VALID_REQUEST,10.558,7.56,1.417,1.0,EVO_LITE,EV_MOTORBIKE,1.5,1.38,1.0,True,True,True,train
DE003196,T0126,V0006,2026-09-01T18:53:27.133033999+07:00,DRIVER_REQUEST,True,,ANY,"['CHARGING', 'BATTERY_SWAP']",True,VALID_REQUEST,10.558,7.56,1.417,1.0,EVO_LITE,EV_MOTORBIKE,1.5,1.38,1.0,True,True,True,train
DE003197,T0126,V0006,2026-09-01T18:56:21.586384+07:00,AUTO_DETECTED,True,,,"['CHARGING', 'BATTERY_SWAP']",,LOW_SOC,9.339,6.68,0.544,1.0,EVO_LITE,EV_MOTORBIKE,1.5,1.38,1.0,True,True,True,train
DE003198,T0126,V0006,2026-09-01T18:56:21.586384+07:00,DRIVER_REQUEST,True,CHARGING,CHARGING,"['CHARGING', 'BATTERY_SWAP']",True,VALID_REQUEST,9.339,6.68,0.544,1.0,EVO_LITE,EV_MOTORBIKE,1.5,1.38,1.0,True,True,True,train
DE003199,T0126,V0006,2026-09-01T18:56:21.586384+07:00,DRIVER_REQUEST,True,BATTERY_SWAP,BATTERY_SWAP,"['CHARGING', 'BATTERY_SWAP']",True,VALID_REQUEST,9.339,6.68,0.544,1.0,EVO_LITE,EV_MOTORBIKE,1.5,1.38,1.0,True,True,True,train
DE003200,T0126,V0006,2026-09-01T18:56:21.586384+07:00,DRIVER_REQUEST,True,,ANY,"['CHARGING', 'BATTERY_SWAP']",True,VALID_REQUEST,9.339,6.68,0.544,1.0,EVO_LITE,EV_MOTORBIKE,1.5,1.38,1.0,True,True,True,train
DE003201,T0127,V0007,2026-09-01T18:42:57.525228+07:00,AUTO_DETECTED,False,,,['CHARGING'],,SUFFICIENT_SOC_RANGE,65.506,200.88,4.641,1.0,VF_7_PLUS,EV_CAR,75.3,69.28,,False,True,False,test
DE003202,T0127,V0007,2026-09-01T18:42:57.525228+07:00,DRIVER_REQUEST,True,CHARGING,CHARGING,['CHARGING'],True,VALID_REQUEST,65.506,200.88,4.641,1.0,VF_7_PLUS,EV_CAR,75.3,69.28,,False,True,False,test
DE003203,T0127,V0007,2026-09-01T18:42:57.525228+07:00,DRIVER_REQUEST,True,,BATTERY_SWAP,['CHARGING'],False,UNSUPPORTED_SERVICE,65.506,200.88,4.641,1.0,VF_7_PLUS,EV_CAR,75.3,69.28,,False,True,False,test
DE003204,T0127,V0007,2026-09-01T18:44:17.335486499+07:00,AUTO_DETECTED,False,,,['CHARGING'],,SUFFICIENT_SOC_RANGE,65.299,200.25,4.007,1.0,VF_7_PLUS,EV_CAR,75.3,69.28,,False,True,False,test
DE003205,T0127,V0007,2026-09-01T18:44:17.335486499+07:00,DRIVER_REQUEST,True,CHARGING,CHARGING,['CHARGING'],True,VALID_REQUEST,65.299,200.25,4.007,1.0,VF_7_PLUS,EV_CAR,75.3,69.28,,False,True,False,test
DE003206,T0127,V0007,2026-09-01T18:44:17.335486499+07:00,DRIVER_REQUEST,True,,BATTERY_SWAP,['CHARGING'],False,UNSUPPORTED_SERVICE,65.299,200.25,4.007,1.0,VF_7_PLUS,EV_CAR,75.3,69.28,,False,True,False,test
DE003207,T0127,V0007,2026-09-01T18:45:27.624095999+07:00,AUTO_DETECTED,False,,,['CHARGING'],,SUFFICIENT_SOC_RANGE,65.1,199.64,3.398,1.0,VF_7_PLUS,EV_CAR,75.3,69.28,,False,True,False,test
DE003208,T0127,V0007,2026-09-01T18:45:27.624095999+07:00,DRIVER_REQUEST,True,CHARGING,CHARGING,['CHARGING'],True,VALID_REQUEST,65.1,199.64,3.398,1.0,VF_7_PLUS,EV_CAR,75.3,69.28,,False,True,False,test
DE003209,T0127,V0007,2026-09-01T18:45:27.624095999+07:00,DRIVER_REQUEST,True,,BATTERY_SWAP,['CHARGING'],False,UNSUPPORTED_SERVICE,65.1,199.64,3.398,1.0,VF_7_PLUS,EV_CAR,75.3,69.28,,False,True,False,test
DE003210,T0127,V0007,2026-09-01T18:46:52.090036500+07:00,AUTO_DETECTED,False,,,['CHARGING'],,SUFFICIENT_SOC_RANGE,64.904,199.04,2.795,1.0,VF_7_PLUS,EV_CAR,75.3,69.28,,False,True,False,test
DE003211,T0127,V0007,2026-09-01T18:46:52.090036500+07:00,DRIVER_REQUEST,True,CHARGING,CHARGING,['CHARGING'],True,VALID_REQUEST,64.904,199.04,2.795,1.0,VF_7_PLUS,EV_CAR,75.3,69.28,,False,True,False,test
DE003212,T0127,V0007,2026-09-01T18:46:52.090036500+07:00,DRIVER_REQUEST,True,,BATTERY_SWAP,['CHARGING'],False,UNSUPPORTED_SERVICE,64.904,199.04,2.795,1.0,VF_7_PLUS,EV_CAR,75.3,69.28,,False,True,False,test
DE003213,T0127,V0007,2026-09-01T18:48:24.099988500+07:00,AUTO_DETECTED,False,,,['CHARGING'],,SUFFICIENT_SOC_RANGE,64.695,198.4,2.156,1.0,VF_7_PLUS,EV_CAR,75.3,69.28,,False,True,False,test
DE003214,T0127,V0007,2026-09-01T18:48:24.099988500+07:00,DRIVER_REQUEST,True,CHARGING,CHARGING,['CHARGING'],True,VALID_REQUEST,64.695,198.4,2.156,1.0,VF_7_PLUS,EV_CAR,75.3,69.28,,False,True,False,test
DE003215,T0127,V0007,2026-09-01T18:48:24.099988500+07:00,DRIVER_REQUEST,True,,BATTERY_SWAP,['CHARGING'],False,UNSUPPORTED_SERVICE,64.695,198.4,2.156,1.0,VF_7_PLUS,EV_CAR,75.3,69.28,,False,True,False,test
DE003216,T0127,V0007,2026-09-01T18:49:47.669668500+07:00,AUTO_DETECTED,False,,,['CHARGING'],,SUFFICIENT_SOC_RANGE,64.506,197.82,1.576,1.0,VF_7_PLUS,EV_CAR,75.3,69.28,,False,True,False,test
DE003217,T0127,V0007,2026-09-01T18:49:47.669668500+07:00,DRIVER_REQUEST,True,CHARGING,CHARGING,['CHARGING'],True,VALID_REQUEST,64.506,197.82,1.576,1.0,VF_7_PLUS,EV_CAR,75.3,69.28,,False,True,False,test
DE003218,T0127,V0007,2026-09-01T18:49:47.669668500+07:00,DRIVER_REQUEST,True,,BATTERY_SWAP,['CHARGING'],False,UNSUPPORTED_SERVICE,64.506,197.82,1.576,1.0,VF_7_PLUS,EV_CAR,75.3,69.28,,False,True,False,test
DE003219,T0127,V0007,2026-09-01T18:51:09.219892500+07:00,AUTO_DETECTED,False,,,['CHARGING'],,SUFFICIENT_SOC_RANGE,64.322,197.25,1.01,1.0,VF_7_PLUS,EV_CAR,75.3,69.28,,False,True,False,test
DE003220,T0127,V0007,2026-09-01T18:51:09.219892500+07:00,DRIVER_REQUEST,True,CHARGING,CHARGING,['CHARGING'],True,VALID_REQUEST,64.322,197.25,1.01,1.0,VF_7_PLUS,EV_CAR,75.3,69.28,,False,True,False,test
DE003221,T0127,V0007,2026-09-01T18:51:09.219892500+07:00,DRIVER_REQUEST,True,,BATTERY_SWAP,['CHARGING'],False,UNSUPPORTED_SERVICE,64.322,197.25,1.01,1.0,VF_7_PLUS,EV_CAR,75.3,69.28,,False,True,False,test
DE003222,T0127,V0007,2026-09-01T18:52:40.408252500+07:00,AUTO_DETECTED,False,,,['CHARGING'],,SUFFICIENT_SOC_RANGE,64.115,196.62,0.377,1.0,VF_7_PLUS,EV_CAR,75.3,69.28,,False,True,False,test
DE003223,T0127,V0007,2026-09-01T18:52:40.408252500+07:00,DRIVER_REQUEST,True,CHARGING,CHARGING,['CHARGING'],True,VALID_REQUEST,64.115,196.62,0.377,1.0,VF_7_PLUS,EV_CAR,75.3,69.28,,False,True,False,test
DE003224,T0127,V0007,2026-09-01T18:52:40.408252500+07:00,DRIVER_REQUEST,True,,BATTERY_SWAP,['CHARGING'],False,UNSUPPORTED_SERVICE,64.115,196.62,0.377,1.0,VF_7_PLUS,EV_CAR,75.3,69.28,,False,True,False,test
DE003225,T0128,V0008,2026-09-01T18:48:34.966761600+07:00,AUTO_DETECTED,False,,,['CHARGING'],,SUFFICIENT_SOC_RANGE,58.001,177.87,2.77,1.0,VF_8,EV_CAR,87.7,80.68,,False,True,False,train
DE003226,T0128,V0008,2026-09-01T18:48:34.966761600+07:00,DRIVER_REQUEST,True,CHARGING,CHARGING,['CHARGING'],True,VALID_REQUEST,58.001,177.87,2.77,1.0,VF_8,EV_CAR,87.7,80.68,,False,True,False,train
DE003227,T0128,V0008,2026-09-01T18:48:34.966761600+07:00,DRIVER_REQUEST,True,,BATTERY_SWAP,['CHARGING'],False,UNSUPPORTED_SERVICE,58.001,177.87,2.77,1.0,VF_8,EV_CAR,87.7,80.68,,False,True,False,train
DE003228,T0128,V0008,2026-09-01T18:49:25.239791999+07:00,AUTO_DETECTED,False,,,['CHARGING'],,SUFFICIENT_SOC_RANGE,57.887,177.52,2.421,1.0,VF_8,EV_CAR,87.7,80.68,,False,True,False,train
DE003229,T0128,V0008,2026-09-01T18:49:25.239791999+07:00,DRIVER_REQUEST,True,CHARGING,CHARGING,['CHARGING'],True,VALID_REQUEST,57.887,177.52,2.421,1.0,VF_8,EV_CAR,87.7,80.68,,False,True,False,train
DE003230,T0128,V0008,2026-09-01T18:49:25.239791999+07:00,DRIVER_REQUEST,True,,BATTERY_SWAP,['CHARGING'],False,UNSUPPORTED_SERVICE,57.887,177.52,2.421,1.0,VF_8,EV_CAR,87.7,80.68,,False,True,False,train
DE003231,T0128,V0008,2026-09-01T18:50:16.981709999+07:00,AUTO_DETECTED,False,,,['CHARGING'],,SUFFICIENT_SOC_RANGE,57.769,177.16,2.061,1.0,VF_8,EV_CAR,87.7,80.68,,False,True,False,train
DE003232,T0128,V0008,2026-09-01T18:50:16.981709999+07:00,DRIVER_REQUEST,True,CHARGING,CHARGING,['CHARGING'],True,VALID_REQUEST,57.769,177.16,2.061,1.0,VF_8,EV_CAR,87.7,80.68,,False,True,False,train
DE003233,T0128,V0008,2026-09-01T18:50:16.981709999+07:00,DRIVER_REQUEST,True,,BATTERY_SWAP,['CHARGING'],False,UNSUPPORTED_SERVICE,57.769,177.16,2.061,1.0,VF_8,EV_CAR,87.7,80.68,,False,True,False,train
DE003234,T0128,V0008,2026-09-01T18:51:08.630639999+07:00,AUTO_DETECTED,False,,,['CHARGING'],,SUFFICIENT_SOC_RANGE,57.653,176.8,1.703,1.0,VF_8,EV_CAR,87.7,80.68,,False,True,False,train
DE003235,T0128,V0008,2026-09-01T18:51:08.630639999+07:00,DRIVER_REQUEST,True,CHARGING,CHARGING,['CHARGING'],True,VALID_REQUEST,57.653,176.8,1.703,1.0,VF_8,EV_CAR,87.7,80.68,,False,True,False,train
DE003236,T0128,V0008,2026-09-01T18:51:08.630639999+07:00,DRIVER_REQUEST,True,,BATTERY_SWAP,['CHARGING'],False,UNSUPPORTED_SERVICE,57.653,176.8,1.703,1.0,VF_8,EV_CAR,87.7,80.68,,False,True,False,train
DE003237,T0128,V0008,2026-09-01T18:52:00.529574399+07:00,AUTO_DETECTED,False,,,['CHARGING'],,SUFFICIENT_SOC_RANGE,57.535,176.44,1.342,1.0,VF_8,EV_CAR,87.7,80.68,,False,True,False,train
DE003238,T0128,V0008,2026-09-01T18:52:00.529574399+07:00,DRIVER_REQUEST,True,CHARGING,CHARGING,['CHARGING'],True,VALID_REQUEST,57.535,176.44,1.342,1.0,VF_8,EV_CAR,87.7,80.68,,False,True,False,train
DE003239,T0128,V0008,2026-09-01T18:52:00.529574399+07:00,DRIVER_REQUEST,True,,BATTERY_SWAP,['CHARGING'],False,UNSUPPORTED_SERVICE,57.535,176.44,1.342,1.0,VF_8,EV_CAR,87.7,80.68,,False,True,False,train
DE003240,T0128,V0008,2026-09-01T18:52:52.758527999+07:00,AUTO_DETECTED,False,,,['CHARGING'],,SUFFICIENT_SOC_RANGE,57.417,176.08,0.98,1.0,VF_8,EV_CAR,87.7,80.68,,False,True,False,train
DE003241,T0128,V0008,2026-09-01T18:52:52.758527999+07:00,DRIVER_REQUEST,True,CHARGING,CHARGING,['CHARGING'],True,VALID_REQUEST,57.417,176.08,0.98,1.0,VF_8,EV_CAR,87.7,80.68,,False,True,False,train
DE003242,T0128,V0008,2026-09-01T18:52:52.758527999+07:00,DRIVER_REQUEST,True,,BATTERY_SWAP,['CHARGING'],False,UNSUPPORTED_SERVICE,57.417,176.08,0.98,1.0,VF_8,EV_CAR,87.7,80.68,,False,True,False,train
DE003243,T0128,V0008,2026-09-01T18:53:44.676959999+07:00,AUTO_DETECTED,False,,,['CHARGING'],,SUFFICIENT_SOC_RANGE,57.299,175.72,0.619,1.0,VF_8,EV_CAR,87.7,80.68,,False,True,False,train
DE003244,T0128,V0008,2026-09-01T18:53:44.676959999+07:00,DRIVER_REQUEST,True,CHARGING,CHARGING,['CHARGING'],True,VALID_REQUEST,57.299,175.72,0.619,1.0,VF_8,EV_CAR,87.7,80.68,,False,True,False,train
DE003245,T0128,V0008,2026-09-01T18:53:44.676959999+07:00,DRIVER_REQUEST,True,,BATTERY_SWAP,['CHARGING'],False,UNSUPPORTED_SERVICE,57.299,175.72,0.619,1.0,VF_8,EV_CAR,87.7,80.68,,False,True,False,train
DE003246,T0128,V0008,2026-09-01T18:54:33.610391999+07:00,AUTO_DETECTED,False,,,['CHARGING'],,SUFFICIENT_SOC_RANGE,57.185,175.37,0.269,1.0,VF_8,EV_CAR,87.7,80.68,,False,True,False,train
DE003247,T0128,V0008,2026-09-01T18:54:33.610391999+07:00,DRIVER_REQUEST,True,CHARGING,CHARGING,['CHARGING'],True,VALID_REQUEST,57.185,175.37,0.269,1.0,VF_8,EV_CAR,87.7,80.68,,False,True,False,train
DE003248,T0128,V0008,2026-09-01T18:54:33.610391999+07:00,DRIVER_REQUEST,True,,BATTERY_SWAP,['CHARGING'],False,UNSUPPORTED_SERVICE,57.185,175.37,0.269,1.0,VF_8,EV_CAR,87.7,80.68,,False,True,False,train
DE003249,T0129,V0009,2026-09-01T18:55:43.017438499+07:00,AUTO_DETECTED,True,,,"['CHARGING', 'BATTERY_SWAP']",,LOW_SOC_AND_INSUFFICIENT_RANGE,11.082,7.93,7.574,1.136,FELIZ_II,EV_MOTORBIKE,3.0,2.76,2.0,True,True,True,train
DE003250,T0129,V0009,2026-09-01T18:55:43.017438499+07:00,DRIVER_REQUEST,True,CHARGING,CHARGING,"['CHARGING', 'BATTERY_SWAP']",True,VALID_REQUEST,11.082,7.93,7.574,1.136,FELIZ_II,EV_MOTORBIKE,3.0,2.76,2.0,True,True,True,train
DE003251,T0129,V0009,2026-09-01T18:55:43.017438499+07:00,DRIVER_REQUEST,True,BATTERY_SWAP,BATTERY_SWAP,"['CHARGING', 'BATTERY_SWAP']",True,VALID_REQUEST,11.082,7.93,7.574,1.136,FELIZ_II,EV_MOTORBIKE,3.0,2.76,2.0,True,True,True,train
DE003252,T0129,V0009,2026-09-01T18:55:43.017438499+07:00,DRIVER_REQUEST,True,,ANY,"['CHARGING', 'BATTERY_SWAP']",True,VALID_REQUEST,11.082,7.93,7.574,1.136,FELIZ_II,EV_MOTORBIKE,3.0,2.76,2.0,True,True,True,train
DE003253,T0129,V0009,2026-09-01T18:57:40.347508999+07:00,AUTO_DETECTED,True,,,"['CHARGING', 'BATTERY_SWAP']",,LOW_SOC_AND_INSUFFICIENT_RANGE,9.677,6.92,6.569,1.0,FELIZ_II,EV_MOTORBIKE,3.0,2.76,2.0,True,True,True,train
DE003254,T0129,V0009,2026-09-01T18:57:40.347508999+07:00,DRIVER_REQUEST,True,CHARGING,CHARGING,"['CHARGING', 'BATTERY_SWAP']",True,VALID_REQUEST,9.677,6.92,6.569,1.0,FELIZ_II,EV_MOTORBIKE,3.0,2.76,2.0,True,True,True,train
DE003255,T0129,V0009,2026-09-01T18:57:40.347508999+07:00,DRIVER_REQUEST,True,BATTERY_SWAP,BATTERY_SWAP,"['CHARGING', 'BATTERY_SWAP']",True,VALID_REQUEST,9.677,6.92,6.569,1.0,FELIZ_II,EV_MOTORBIKE,3.0,2.76,2.0,True,True,True,train
DE003256,T0129,V0009,2026-09-01T18:57:40.347508999+07:00,DRIVER_REQUEST,True,,ANY,"['CHARGING', 'BATTERY_SWAP']",True,VALID_REQUEST,9.677,6.92,6.569,1.0,FELIZ_II,EV_MOTORBIKE,3.0,2.76,2.0,True,True,True,train
DE003257,T0129,V0009,2026-09-01T19:00:25.892588999+07:00,AUTO_DETECTED,True,,,"['CHARGING', 'BATTERY_SWAP']",,LOW_SOC_AND_INSUFFICIENT_RANGE,8.385,6.0,5.644,1.0,FELIZ_II,EV_MOTORBIKE,3.0,2.76,2.0,True,True,True,train
DE003258,T0129,V0009,2026-09-01T19:00:25.892588999+07:00,DRIVER_REQUEST,True,CHARGING,CHARGING,"['CHARGING', 'BATTERY_SWAP']",True,VALID_REQUEST,8.385,6.0,5.644,1.0,FELIZ_II,EV_MOTORBIKE,3.0,2.76,2.0,True,True,True,train
DE003259,T0129,V0009,2026-09-01T19:00:25.892588999+07:00,DRIVER_REQUEST,True,BATTERY_SWAP,BATTERY_SWAP,"['CHARGING', 'BATTERY_SWAP']",True,VALID_REQUEST,8.385,6.0,5.644,1.0,FELIZ_II,EV_MOTORBIKE,3.0,2.76,2.0,True,True,True,train
DE003260,T0129,V0009,2026-09-01T19:00:25.892588999+07:00,DRIVER_REQUEST,True,,ANY,"['CHARGING', 'BATTERY_SWAP']",True,VALID_REQUEST,8.385,6.0,5.644,1.0,FELIZ_II,EV_MOTORBIKE,3.0,2.76,2.0,True,True,True,train
DE003261,T0129,V0009,2026-09-01T19:03:21.280445+07:00,AUTO_DETECTED,True,,,"['CHARGING', 'BATTERY_SWAP']",,LOW_SOC_AND_INSUFFICIENT_RANGE,7.007,5.01,4.659,1.0,FELIZ_II,EV_MOTORBIKE,3.0,2.76,2.0,True,True,True,train
DE003262,T0129,V0009,2026-09-01T19:03:21.280445+07:00,DRIVER_REQUEST,True,CHARGING,CHARGING,"['CHARGING', 'BATTERY_SWAP']",True,VALID_REQUEST,7.007,5.01,4.659,1.0,FELIZ_II,EV_MOTORBIKE,3.0,2.76,2.0,True,True,True,train
DE003263,T0129,V0009,2026-09-01T19:03:21.280445+07:00,DRIVER_REQUEST,True,BATTERY_SWAP,BATTERY_SWAP,"['CHARGING', 'BATTERY_SWAP']",True,VALID_REQUEST,7.007,5.01,4.659,1.0,FELIZ_II,EV_MOTORBIKE,3.0,2.76,2.0,True,True,True,train
DE003264,T0129,V0009,2026-09-01T19:03:21.280445+07:00,DRIVER_REQUEST,True,,ANY,"['CHARGING', 'BATTERY_SWAP']",True,VALID_REQUEST,7.007,5.01,4.659,1.0,FELIZ_II,EV_MOTORBIKE,3.0,2.76,2.0,True,True,True,train
DE003265,T0129,V0009,2026-09-01T19:06:20.680621+07:00,AUTO_DETECTED,True,,,"['CHARGING', 'BATTERY_SWAP']",,LOW_SOC_AND_INSUFFICIENT_RANGE,5.618,4.02,3.665,1.0,FELIZ_II,EV_MOTORBIKE,3.0,2.76,2.0,True,True,True,train
DE003266,T0129,V0009,2026-09-01T19:06:20.680621+07:00,DRIVER_REQUEST,True,CHARGING,CHARGING,"['CHARGING', 'BATTERY_SWAP']",True,VALID_REQUEST,5.618,4.02,3.665,1.0,FELIZ_II,EV_MOTORBIKE,3.0,2.76,2.0,True,True,True,train
DE003267,T0129,V0009,2026-09-01T19:06:20.680621+07:00,DRIVER_REQUEST,True,BATTERY_SWAP,BATTERY_SWAP,"['CHARGING', 'BATTERY_SWAP']",True,VALID_REQUEST,5.618,4.02,3.665,1.0,FELIZ_II,EV_MOTORBIKE,3.0,2.76,2.0,True,True,True,train
DE003268,T0129,V0009,2026-09-01T19:06:20.680621+07:00,DRIVER_REQUEST,True,,ANY,"['CHARGING', 'BATTERY_SWAP']",True,VALID_REQUEST,5.618,4.02,3.665,1.0,FELIZ_II,EV_MOTORBIKE,3.0,2.76,2.0,True,True,True,train
DE003269,T0129,V0009,2026-09-01T19:09:21.572701+07:00,AUTO_DETECTED,True,,,"['CHARGING', 'BATTERY_SWAP']",,LOW_SOC_AND_INSUFFICIENT_RANGE,4.321,3.09,2.736,1.0,FELIZ_II,EV_MOTORBIKE,3.0,2.76,2.0,True,True,True,train
DE003270,T0129,V0009,2026-09-01T19:09:21.572701+07:00,DRIVER_REQUEST,True,CHARGING,CHARGING,"['CHARGING', 'BATTERY_SWAP']",True,VALID_REQUEST,4.321,3.09,2.736,1.0,FELIZ_II,EV_MOTORBIKE,3.0,2.76,2.0,True,True,True,train
DE003271,T0129,V0009,2026-09-01T19:09:21.572701+07:00,DRIVER_REQUEST,True,BATTERY_SWAP,BATTERY_SWAP,"['CHARGING', 'BATTERY_SWAP']",True,VALID_REQUEST,4.321,3.09,2.736,1.0,FELIZ_II,EV_MOTORBIKE,3.0,2.76,2.0,True,True,True,train
DE003272,T0129,V0009,2026-09-01T19:09:21.572701+07:00,DRIVER_REQUEST,True,,ANY,"['CHARGING', 'BATTERY_SWAP']",True,VALID_REQUEST,4.321,3.09,2.736,1.0,FELIZ_II,EV_MOTORBIKE,3.0,2.76,2.0,True,True,True,train
DE003273,T0129,V0009,2026-09-01T19:12:22.659613+07:00,AUTO_DETECTED,True,,,"['CHARGING', 'BATTERY_SWAP']",,LOW_SOC_AND_INSUFFICIENT_RANGE,2.934,2.1,1.744,1.0,FELIZ_II,EV_MOTORBIKE,3.0,2.76,2.0,True,True,True,train
DE003274,T0129,V0009,2026-09-01T19:12:22.659613+07:00,DRIVER_REQUEST,True,CHARGING,CHARGING,"['CHARGING', 'BATTERY_SWAP']",True,VALID_REQUEST,2.934,2.1,1.744,1.0,FELIZ_II,EV_MOTORBIKE,3.0,2.76,2.0,True,True,True,train
DE003275,T0129,V0009,2026-09-01T19:12:22.659613+07:00,DRIVER_REQUEST,True,BATTERY_SWAP,BATTERY_SWAP,"['CHARGING', 'BATTERY_SWAP']",True,VALID_REQUEST,2.934,2.1,1.744,1.0,FELIZ_II,EV_MOTORBIKE,3.0,2.76,2.0,True,True,True,train
DE003276,T0129,V0009,2026-09-01T19:12:22.659613+07:00,DRIVER_REQUEST,True,,ANY,"['CHARGING', 'BATTERY_SWAP']",True,VALID_REQUEST,2.934,2.1,1.744,1.0,FELIZ_II,EV_MOTORBIKE,3.0,2.76,2.0,True,True,True,train
DE003277,T0129,V0009,2026-09-01T19:15:43.188357+07:00,AUTO_DETECTED,True,,,"['CHARGING', 'BATTERY_SWAP']",,LOW_SOC_AND_INSUFFICIENT_RANGE,1.37,0.98,0.625,1.0,FELIZ_II,EV_MOTORBIKE,3.0,2.76,2.0,True,True,True,train
DE003278,T0129,V0009,2026-09-01T19:15:43.188357+07:00,DRIVER_REQUEST,True,CHARGING,CHARGING,"['CHARGING', 'BATTERY_SWAP']",True,VALID_REQUEST,1.37,0.98,0.625,1.0,FELIZ_II,EV_MOTORBIKE,3.0,2.76,2.0,True,True,True,train
DE003279,T0129,V0009,2026-09-01T19:15:43.188357+07:00,DRIVER_REQUEST,True,BATTERY_SWAP,BATTERY_SWAP,"['CHARGING', 'BATTERY_SWAP']",True,VALID_REQUEST,1.37,0.98,0.625,1.0,FELIZ_II,EV_MOTORBIKE,3.0,2.76,2.0,True,True,True,train
DE003280,T0129,V0009,2026-09-01T19:15:43.188357+07:00,DRIVER_REQUEST,True,,ANY,"['CHARGING', 'BATTERY_SWAP']",True,VALID_REQUEST,1.37,0.98,0.625,1.0,FELIZ_II,EV_MOTORBIKE,3.0,2.76,2.0,True,True,True,train
DE003281,T0130,V0010,2026-09-01T19:00:22.705680+07:00,AUTO_DETECTED,True,CHARGING,,['CHARGING'],,LOW_SOC,17.923,54.96,2.537,1.0,VF_9,EV_CAR,123.0,113.16,,False,True,False,validation
DE003282,T0130,V0010,2026-09-01T19:00:22.705680+07:00,DRIVER_REQUEST,True,CHARGING,CHARGING,['CHARGING'],True,VALID_REQUEST,17.923,54.96,2.537,1.0,VF_9,EV_CAR,123.0,113.16,,False,True,False,validation
DE003283,T0130,V0010,2026-09-01T19:00:22.705680+07:00,DRIVER_REQUEST,True,,BATTERY_SWAP,['CHARGING'],False,UNSUPPORTED_SERVICE,17.923,54.96,2.537,1.0,VF_9,EV_CAR,123.0,113.16,,False,True,False,validation
DE003284,T0130,V0010,2026-09-01T19:01:05.052647999+07:00,AUTO_DETECTED,True,CHARGING,,['CHARGING'],,LOW_SOC,17.82,54.65,2.22,1.0,VF_9,EV_CAR,123.0,113.16,,False,True,False,validation
DE003285,T0130,V0010,2026-09-01T19:01:05.052647999+07:00,DRIVER_REQUEST,True,CHARGING,CHARGING,['CHARGING'],True,VALID_REQUEST,17.82,54.65,2.22,1.0,VF_9,EV_CAR,123.0,113.16,,False,True,False,validation
DE003286,T0130,V0010,2026-09-01T19:01:05.052647999+07:00,DRIVER_REQUEST,True,,BATTERY_SWAP,['CHARGING'],False,UNSUPPORTED_SERVICE,17.82,54.65,2.22,1.0,VF_9,EV_CAR,123.0,113.16,,False,True,False,validation
DE003287,T0130,V0010,2026-09-01T19:01:53.856539294+07:00,AUTO_DETECTED,True,CHARGING,,['CHARGING'],,LOW_SOC,17.71,54.31,1.882,1.0,VF_9,EV_CAR,123.0,113.16,,False,True,False,validation
DE003288,T0130,V0010,2026-09-01T19:01:53.856539294+07:00,DRIVER_REQUEST,True,CHARGING,CHARGING,['CHARGING'],True,VALID_REQUEST,17.71,54.31,1.882,1.0,VF_9,EV_CAR,123.0,113.16,,False,True,False,validation
DE003289,T0130,V0010,2026-09-01T19:01:53.856539294+07:00,DRIVER_REQUEST,True,,BATTERY_SWAP,['CHARGING'],False,UNSUPPORTED_SERVICE,17.71,54.31,1.882,1.0,VF_9,EV_CAR,123.0,113.16,,False,True,False,validation
DE003290,T0130,V0010,2026-09-01T19:02:37.992669473+07:00,AUTO_DETECTED,True,CHARGING,,['CHARGING'],,LOW_SOC,17.604,53.99,1.557,1.0,VF_9,EV_CAR,123.0,113.16,,False,True,False,validation
DE003291,T0130,V0010,2026-09-01T19:02:37.992669473+07:00,DRIVER_REQUEST,True,CHARGING,CHARGING,['CHARGING'],True,VALID_REQUEST,17.604,53.99,1.557,1.0,VF_9,EV_CAR,123.0,113.16,,False,True,False,validation
DE003292,T0130,V0010,2026-09-01T19:02:37.992669473+07:00,DRIVER_REQUEST,True,,BATTERY_SWAP,['CHARGING'],False,UNSUPPORTED_SERVICE,17.604,53.99,1.557,1.0,VF_9,EV_CAR,123.0,113.16,,False,True,False,validation
DE003293,T0130,V0010,2026-09-01T19:03:03.398931999+07:00,AUTO_DETECTED,True,CHARGING,,['CHARGING'],,LOW_SOC,17.493,53.64,1.216,1.0,VF_9,EV_CAR,123.0,113.16,,False,True,False,validation
DE003294,T0130,V0010,2026-09-01T19:03:03.398931999+07:00,DRIVER_REQUEST,True,CHARGING,CHARGING,['CHARGING'],True,VALID_REQUEST,17.493,53.64,1.216,1.0,VF_9,EV_CAR,123.0,113.16,,False,True,False,validation
DE003295,T0130,V0010,2026-09-01T19:03:03.398931999+07:00,DRIVER_REQUEST,True,,BATTERY_SWAP,['CHARGING'],False,UNSUPPORTED_SERVICE,17.493,53.64,1.216,1.0,VF_9,EV_CAR,123.0,113.16,,False,True,False,validation
DE003296,T0130,V0010,2026-09-01T19:03:44.738018181+07:00,AUTO_DETECTED,True,CHARGING,,['CHARGING'],,LOW_SOC,17.385,53.31,0.886,1.0,VF_9,EV_CAR,123.0,113.16,,False,True,False,validation
DE003297,T0130,V0010,2026-09-01T19:03:44.738018181+07:00,DRIVER_REQUEST,True,CHARGING,CHARGING,['CHARGING'],True,VALID_REQUEST,17.385,53.31,0.886,1.0,VF_9,EV_CAR,123.0,113.16,,False,True,False,validation
DE003298,T0130,V0010,2026-09-01T19:03:44.738018181+07:00,DRIVER_REQUEST,True,,BATTERY_SWAP,['CHARGING'],False,UNSUPPORTED_SERVICE,17.385,53.31,0.886,1.0,VF_9,EV_CAR,123.0,113.16,,False,True,False,validation
DE003299,T0130,V0010,2026-09-01T19:04:38.069695999+07:00,AUTO_DETECTED,True,CHARGING,,['CHARGING'],,LOW_SOC,17.271,52.97,0.537,1.0,VF_9,EV_CAR,123.0,113.16,,False,True,False,validation
DE003300,T0130,V0010,2026-09-01T19:04:38.069695999+07:00,DRIVER_REQUEST,True,CHARGING,CHARGING,['CHARGING'],True,VALID_REQUEST,17.271,52.97,0.537,1.0,VF_9,EV_CAR,123.0,113.16,,False,True,False,validation
DE003301,T0130,V0010,2026-09-01T19:04:38.069695999+07:00,DRIVER_REQUEST,True,,BATTERY_SWAP,['CHARGING'],False,UNSUPPORTED_SERVICE,17.271,52.97,0.537,1.0,VF_9,EV_CAR,123.0,113.16,,False,True,False,validation
DE003302,T0130,V0010,2026-09-01T19:05:40.345031999+07:00,AUTO_DETECTED,True,CHARGING,,['CHARGING'],,LOW_SOC,17.165,52.64,0.212,1.0,VF_9,EV_CAR,123.0,113.16,,False,True,False,validation
DE003303,T0130,V0010,2026-09-01T19:05:40.345031999+07:00,DRIVER_REQUEST,True,CHARGING,CHARGING,['CHARGING'],True,VALID_REQUEST,17.165,52.64,0.212,1.0,VF_9,EV_CAR,123.0,113.16,,False,True,False,validation
DE003304,T0130,V0010,2026-09-01T19:05:40.345031999+07:00,DRIVER_REQUEST,True,,BATTERY_SWAP,['CHARGING'],False,UNSUPPORTED_SERVICE,17.165,52.64,0.212,1.0,VF_9,EV_CAR,123.0,113.16,,False,True,False,validation
DE003305,T0131,V0021,2026-09-01T19:07:18.050304+07:00,AUTO_DETECTED,True,,,"['CHARGING', 'BATTERY_SWAP']",,LOW_SOC,15.243,10.91,6.172,1.0,FELIZ_II,EV_MOTORBIKE,3.0,2.76,2.0,True,True,True,test
DE003306,T0131,V0021,2026-09-01T19:07:18.050304+07:00,DRIVER_REQUEST,True,CHARGING,CHARGING,"['CHARGING', 'BATTERY_SWAP']",True,VALID_REQUEST,15.243,10.91,6.172,1.0,FELIZ_II,EV_MOTORBIKE,3.0,2.76,2.0,True,True,True,test
DE003307,T0131,V0021,2026-09-01T19:07:18.050304+07:00,DRIVER_REQUEST,True,BATTERY_SWAP,BATTERY_SWAP,"['CHARGING', 'BATTERY_SWAP']",True,VALID_REQUEST,15.243,10.91,6.172,1.0,FELIZ_II,EV_MOTORBIKE,3.0,2.76,2.0,True,True,True,test
DE003308,T0131,V0021,2026-09-01T19:07:18.050304+07:00,DRIVER_REQUEST,True,,ANY,"['CHARGING', 'BATTERY_SWAP']",True,VALID_REQUEST,15.243,10.91,6.172,1.0,FELIZ_II,EV_MOTORBIKE,3.0,2.76,2.0,True,True,True,test
DE003309,T0131,V0021,2026-09-01T19:09:13.552560+07:00,AUTO_DETECTED,True,,,"['CHARGING', 'BATTERY_SWAP']",,LOW_SOC,14.122,10.1,5.37,1.0,FELIZ_II,EV_MOTORBIKE,3.0,2.76,2.0,True,True,True,test
DE003310,T0131,V0021,2026-09-01T19:09:13.552560+07:00,DRIVER_REQUEST,True,CHARGING,CHARGING,"['CHARGING', 'BATTERY_SWAP']",True,VALID_REQUEST,14.122,10.1,5.37,1.0,FELIZ_II,EV_MOTORBIKE,3.0,2.76,2.0,True,True,True,test
DE003311,T0131,V0021,2026-09-01T19:09:13.552560+07:00,DRIVER_REQUEST,True,BATTERY_SWAP,BATTERY_SWAP,"['CHARGING', 'BATTERY_SWAP']",True,VALID_REQUEST,14.122,10.1,5.37,1.0,FELIZ_II,EV_MOTORBIKE,3.0,2.76,2.0,True,True,True,test
DE003312,T0131,V0021,2026-09-01T19:09:13.552560+07:00,DRIVER_REQUEST,True,,ANY,"['CHARGING', 'BATTERY_SWAP']",True,VALID_REQUEST,14.122,10.1,5.37,1.0,FELIZ_II,EV_MOTORBIKE,3.0,2.76,2.0,True,True,True,test
DE003313,T0131,V0021,2026-09-01T19:11:13.946006400+07:00,AUTO_DETECTED,True,,,"['CHARGING', 'BATTERY_SWAP']",,LOW_SOC,12.953,9.27,4.534,1.0,FELIZ_II,EV_MOTORBIKE,3.0,2.76,2.0,True,True,True,test
DE003314,T0131,V0021,2026-09-01T19:11:13.946006400+07:00,DRIVER_REQUEST,True,CHARGING,CHARGING,"['CHARGING', 'BATTERY_SWAP']",True,VALID_REQUEST,12.953,9.27,4.534,1.0,FELIZ_II,EV_MOTORBIKE,3.0,2.76,2.0,True,True,True,test
DE003315,T0131,V0021,2026-09-01T19:11:13.946006400+07:00,DRIVER_REQUEST,True,BATTERY_SWAP,BATTERY_SWAP,"['CHARGING', 'BATTERY_SWAP']",True,VALID_REQUEST,12.953,9.27,4.534,1.0,FELIZ_II,EV_MOTORBIKE,3.0,2.76,2.0,True,True,True,test
DE003316,T0131,V0021,2026-09-01T19:11:13.946006400+07:00,DRIVER_REQUEST,True,,ANY,"['CHARGING', 'BATTERY_SWAP']",True,VALID_REQUEST,12.953,9.27,4.534,1.0,FELIZ_II,EV_MOTORBIKE,3.0,2.76,2.0,True,True,True,test
DE003317,T0131,V0021,2026-09-01T19:13:03.634535999+07:00,AUTO_DETECTED,True,,,"['CHARGING', 'BATTERY_SWAP']",,LOW_SOC,11.889,8.51,3.772,1.0,FELIZ_II,EV_MOTORBIKE,3.0,2.76,2.0,True,True,True,test
DE003318,T0131,V0021,2026-09-01T19:13:03.634535999+07:00,DRIVER_REQUEST,True,CHARGING,CHARGING,"['CHARGING', 'BATTERY_SWAP']",True,VALID_REQUEST,11.889,8.51,3.772,1.0,FELIZ_II,EV_MOTORBIKE,3.0,2.76,2.0,True,True,True,test
DE003319,T0131,V0021,2026-09-01T19:13:03.634535999+07:00,DRIVER_REQUEST,True,BATTERY_SWAP,BATTERY_SWAP,"['CHARGING', 'BATTERY_SWAP']",True,VALID_REQUEST,11.889,8.51,3.772,1.0,FELIZ_II,EV_MOTORBIKE,3.0,2.76,2.0,True,True,True,test
DE003320,T0131,V0021,2026-09-01T19:13:03.634535999+07:00,DRIVER_REQUEST,True,,ANY,"['CHARGING', 'BATTERY_SWAP']",True,VALID_REQUEST,11.889,8.51,3.772,1.0,FELIZ_II,EV_MOTORBIKE,3.0,2.76,2.0,True,True,True,test
DE003321,T0131,V0021,2026-09-01T19:14:50.651088+07:00,AUTO_DETECTED,True,,,"['CHARGING', 'BATTERY_SWAP']",,LOW_SOC,10.85,7.76,3.029,1.0,FELIZ_II,EV_MOTORBIKE,3.0,2.76,2.0,True,True,True,test
DE003322,T0131,V0021,2026-09-01T19:14:50.651088+07:00,DRIVER_REQUEST,True,CHARGING,CHARGING,"['CHARGING', 'BATTERY_SWAP']",True,VALID_REQUEST,10.85,7.76,3.029,1.0,FELIZ_II,EV_MOTORBIKE,3.0,2.76,2.0,True,True,True,test
DE003323,T0131,V0021,2026-09-01T19:14:50.651088+07:00,DRIVER_REQUEST,True,BATTERY_SWAP,BATTERY_SWAP,"['CHARGING', 'BATTERY_SWAP']",True,VALID_REQUEST,10.85,7.76,3.029,1.0,FELIZ_II,EV_MOTORBIKE,3.0,2.76,2.0,True,True,True,test
DE003324,T0131,V0021,2026-09-01T19:14:50.651088+07:00,DRIVER_REQUEST,True,,ANY,"['CHARGING', 'BATTERY_SWAP']",True,VALID_REQUEST,10.85,7.76,3.029,1.0,FELIZ_II,EV_MOTORBIKE,3.0,2.76,2.0,True,True,True,test
DE003325,T0131,V0021,2026-09-01T19:16:52.194000+07:00,AUTO_DETECTED,True,,,"['CHARGING', 'BATTERY_SWAP']",,LOW_SOC,9.671,6.92,2.185,1.0,FELIZ_II,EV_MOTORBIKE,3.0,2.76,2.0,True,True,True,test
DE003326,T0131,V0021,2026-09-01T19:16:52.194000+07:00,DRIVER_REQUEST,True,CHARGING,CHARGING,"['CHARGING', 'BATTERY_SWAP']",True,VALID_REQUEST,9.671,6.92,2.185,1.0,FELIZ_II,EV_MOTORBIKE,3.0,2.76,2.0,True,True,True,test
DE003327,T0131,V0021,2026-09-01T19:16:52.194000+07:00,DRIVER_REQUEST,True,BATTERY_SWAP,BATTERY_SWAP,"['CHARGING', 'BATTERY_SWAP']",True,VALID_REQUEST,9.671,6.92,2.185,1.0,FELIZ_II,EV_MOTORBIKE,3.0,2.76,2.0,True,True,True,test
DE003328,T0131,V0021,2026-09-01T19:16:52.194000+07:00,DRIVER_REQUEST,True,,ANY,"['CHARGING', 'BATTERY_SWAP']",True,VALID_REQUEST,9.671,6.92,2.185,1.0,FELIZ_II,EV_MOTORBIKE,3.0,2.76,2.0,True,True,True,test
DE003329,T0131,V0021,2026-09-01T19:18:53.599752+07:00,AUTO_DETECTED,True,,,"['CHARGING', 'BATTERY_SWAP']",,LOW_SOC,8.492,6.08,1.342,1.0,FELIZ_II,EV_MOTORBIKE,3.0,2.76,2.0,True,True,True,test
DE003330,T0131,V0021,2026-09-01T19:18:53.599752+07:00,DRIVER_REQUEST,True,CHARGING,CHARGING,"['CHARGING', 'BATTERY_SWAP']",True,VALID_REQUEST,8.492,6.08,1.342,1.0,FELIZ_II,EV_MOTORBIKE,3.0,2.76,2.0,True,True,True,test
DE003331,T0131,V0021,2026-09-01T19:18:53.599752+07:00,DRIVER_REQUEST,True,BATTERY_SWAP,BATTERY_SWAP,"['CHARGING', 'BATTERY_SWAP']",True,VALID_REQUEST,8.492,6.08,1.342,1.0,FELIZ_II,EV_MOTORBIKE,3.0,2.76,2.0,True,True,True,test
DE003332,T0131,V0021,2026-09-01T19:18:53.599752+07:00,DRIVER_REQUEST,True,,ANY,"['CHARGING', 'BATTERY_SWAP']",True,VALID_REQUEST,8.492,6.08,1.342,1.0,FELIZ_II,EV_MOTORBIKE,3.0,2.76,2.0,True,True,True,test
DE003333,T0131,V0021,2026-09-01T19:20:47.935896+07:00,AUTO_DETECTED,True,,,"['CHARGING', 'BATTERY_SWAP']",,LOW_SOC,7.383,5.28,0.548,1.0,FELIZ_II,EV_MOTORBIKE,3.0,2.76,2.0,True,True,True,test
DE003334,T0131,V0021,2026-09-01T19:20:47.935896+07:00,DRIVER_REQUEST,True,CHARGING,CHARGING,"['CHARGING', 'BATTERY_SWAP']",True,VALID_REQUEST,7.383,5.28,0.548,1.0,FELIZ_II,EV_MOTORBIKE,3.0,2.76,2.0,True,True,True,test
DE003335,T0131,V0021,2026-09-01T19:20:47.935896+07:00,DRIVER_REQUEST,True,BATTERY_SWAP,BATTERY_SWAP,"['CHARGING', 'BATTERY_SWAP']",True,VALID_REQUEST,7.383,5.28,0.548,1.0,FELIZ_II,EV_MOTORBIKE,3.0,2.76,2.0,True,True,True,test
DE003336,T0131,V0021,2026-09-01T19:20:47.935896+07:00,DRIVER_REQUEST,True,,ANY,"['CHARGING', 'BATTERY_SWAP']",True,VALID_REQUEST,7.383,5.28,0.548,1.0,FELIZ_II,EV_MOTORBIKE,3.0,2.76,2.0,True,True,True,test
DE003337,T0132,V0012,2026-09-01T19:13:07.020862500+07:00,AUTO_DETECTED,True,,,"['CHARGING', 'BATTERY_SWAP']",,LOW_SOC,17.168,12.28,6.359,1.0,VIPER,EV_MOTORBIKE,1.5,1.38,1.0,True,True,True,train
DE003338,T0132,V0012,2026-09-01T19:13:07.020862500+07:00,DRIVER_REQUEST,True,CHARGING,CHARGING,"['CHARGING', 'BATTERY_SWAP']",True,VALID_REQUEST,17.168,12.28,6.359,1.0,VIPER,EV_MOTORBIKE,1.5,1.38,1.0,True,True,True,train
DE003339,T0132,V0012,2026-09-01T19:13:07.020862500+07:00,DRIVER_REQUEST,True,BATTERY_SWAP,BATTERY_SWAP,"['CHARGING', 'BATTERY_SWAP']",True,VALID_REQUEST,17.168,12.28,6.359,1.0,VIPER,EV_MOTORBIKE,1.5,1.38,1.0,True,True,True,train
DE003340,T0132,V0012,2026-09-01T19:13:07.020862500+07:00,DRIVER_REQUEST,True,,ANY,"['CHARGING', 'BATTERY_SWAP']",True,VALID_REQUEST,17.168,12.28,6.359,1.0,VIPER,EV_MOTORBIKE,1.5,1.38,1.0,True,True,True,train
DE003341,T0132,V0012,2026-09-01T19:15:04.092391588+07:00,AUTO_DETECTED,True,,,"['CHARGING', 'BATTERY_SWAP']",,LOW_SOC,16.013,11.46,5.533,1.0,VIPER,EV_MOTORBIKE,1.5,1.38,1.0,True,True,True,train
DE003342,T0132,V0012,2026-09-01T19:15:04.092391588+07:00,DRIVER_REQUEST,True,CHARGING,CHARGING,"['CHARGING', 'BATTERY_SWAP']",True,VALID_REQUEST,16.013,11.46,5.533,1.0,VIPER,EV_MOTORBIKE,1.5,1.38,1.0,True,True,True,train
DE003343,T0132,V0012,2026-09-01T19:15:04.092391588+07:00,DRIVER_REQUEST,True,BATTERY_SWAP,BATTERY_SWAP,"['CHARGING', 'BATTERY_SWAP']",True,VALID_REQUEST,16.013,11.46,5.533,1.0,VIPER,EV_MOTORBIKE,1.5,1.38,1.0,True,True,True,train
DE003344,T0132,V0012,2026-09-01T19:15:04.092391588+07:00,DRIVER_REQUEST,True,,ANY,"['CHARGING', 'BATTERY_SWAP']",True,VALID_REQUEST,16.013,11.46,5.533,1.0,VIPER,EV_MOTORBIKE,1.5,1.38,1.0,True,True,True,train
DE003345,T0132,V0012,2026-09-01T19:16:59.644017+07:00,AUTO_DETECTED,True,,,"['CHARGING', 'BATTERY_SWAP']",,LOW_SOC,14.892,10.66,4.731,1.0,VIPER,EV_MOTORBIKE,1.5,1.38,1.0,True,True,True,train
DE003346,T0132,V0012,2026-09-01T19:16:59.644017+07:00,DRIVER_REQUEST,True,CHARGING,CHARGING,"['CHARGING', 'BATTERY_SWAP']",True,VALID_REQUEST,14.892,10.66,4.731,1.0,VIPER,EV_MOTORBIKE,1.5,1.38,1.0,True,True,True,train
DE003347,T0132,V0012,2026-09-01T19:16:59.644017+07:00,DRIVER_REQUEST,True,BATTERY_SWAP,BATTERY_SWAP,"['CHARGING', 'BATTERY_SWAP']",True,VALID_REQUEST,14.892,10.66,4.731,1.0,VIPER,EV_MOTORBIKE,1.5,1.38,1.0,True,True,True,train
DE003348,T0132,V0012,2026-09-01T19:16:59.644017+07:00,DRIVER_REQUEST,True,,ANY,"['CHARGING', 'BATTERY_SWAP']",True,VALID_REQUEST,14.892,10.66,4.731,1.0,VIPER,EV_MOTORBIKE,1.5,1.38,1.0,True,True,True,train
DE003349,T0132,V0012,2026-09-01T19:19:14.196241+07:00,AUTO_DETECTED,True,,,"['CHARGING', 'BATTERY_SWAP']",,LOW_SOC,13.586,9.72,3.796,1.0,VIPER,EV_MOTORBIKE,1.5,1.38,1.0,True,True,True,train
DE003350,T0132,V0012,2026-09-01T19:19:14.196241+07:00,DRIVER_REQUEST,True,CHARGING,CHARGING,"['CHARGING', 'BATTERY_SWAP']",True,VALID_REQUEST,13.586,9.72,3.796,1.0,VIPER,EV_MOTORBIKE,1.5,1.38,1.0,True,True,True,train
DE003351,T0132,V0012,2026-09-01T19:19:14.196241+07:00,DRIVER_REQUEST,True,BATTERY_SWAP,BATTERY_SWAP,"['CHARGING', 'BATTERY_SWAP']",True,VALID_REQUEST,13.586,9.72,3.796,1.0,VIPER,EV_MOTORBIKE,1.5,1.38,1.0,True,True,True,train
DE003352,T0132,V0012,2026-09-01T19:19:14.196241+07:00,DRIVER_REQUEST,True,,ANY,"['CHARGING', 'BATTERY_SWAP']",True,VALID_REQUEST,13.586,9.72,3.796,1.0,VIPER,EV_MOTORBIKE,1.5,1.38,1.0,True,True,True,train
DE003353,T0132,V0012,2026-09-01T19:21:09.773140764+07:00,AUTO_DETECTED,True,,,"['CHARGING', 'BATTERY_SWAP']",,LOW_SOC,12.464,8.92,2.994,1.0,VIPER,EV_MOTORBIKE,1.5,1.38,1.0,True,True,True,train
DE003354,T0132,V0012,2026-09-01T19:21:09.773140764+07:00,DRIVER_REQUEST,True,CHARGING,CHARGING,"['CHARGING', 'BATTERY_SWAP']",True,VALID_REQUEST,12.464,8.92,2.994,1.0,VIPER,EV_MOTORBIKE,1.5,1.38,1.0,True,True,True,train
DE003355,T0132,V0012,2026-09-01T19:21:09.773140764+07:00,DRIVER_REQUEST,True,BATTERY_SWAP,BATTERY_SWAP,"['CHARGING', 'BATTERY_SWAP']",True,VALID_REQUEST,12.464,8.92,2.994,1.0,VIPER,EV_MOTORBIKE,1.5,1.38,1.0,True,True,True,train
DE003356,T0132,V0012,2026-09-01T19:21:09.773140764+07:00,DRIVER_REQUEST,True,,ANY,"['CHARGING', 'BATTERY_SWAP']",True,VALID_REQUEST,12.464,8.92,2.994,1.0,VIPER,EV_MOTORBIKE,1.5,1.38,1.0,True,True,True,train
DE003357,T0132,V0012,2026-09-01T19:22:54.105617999+07:00,AUTO_DETECTED,True,,,"['CHARGING', 'BATTERY_SWAP']",,LOW_SOC,11.292,8.08,2.154,1.0,VIPER,EV_MOTORBIKE,1.5,1.38,1.0,True,True,True,train
DE003358,T0132,V0012,2026-09-01T19:22:54.105617999+07:00,DRIVER_REQUEST,True,CHARGING,CHARGING,"['CHARGING', 'BATTERY_SWAP']",True,VALID_REQUEST,11.292,8.08,2.154,1.0,VIPER,EV_MOTORBIKE,1.5,1.38,1.0,True,True,True,train
DE003359,T0132,V0012,2026-09-01T19:22:54.105617999+07:00,DRIVER_REQUEST,True,BATTERY_SWAP,BATTERY_SWAP,"['CHARGING', 'BATTERY_SWAP']",True,VALID_REQUEST,11.292,8.08,2.154,1.0,VIPER,EV_MOTORBIKE,1.5,1.38,1.0,True,True,True,train
DE003360,T0132,V0012,2026-09-01T19:22:54.105617999+07:00,DRIVER_REQUEST,True,,ANY,"['CHARGING', 'BATTERY_SWAP']",True,VALID_REQUEST,11.292,8.08,2.154,1.0,VIPER,EV_MOTORBIKE,1.5,1.38,1.0,True,True,True,train
DE003361,T0132,V0012,2026-09-01T19:24:42.716960227+07:00,AUTO_DETECTED,True,,,"['CHARGING', 'BATTERY_SWAP']",,LOW_SOC,10.17,7.28,1.352,1.0,VIPER,EV_MOTORBIKE,1.5,1.38,1.0,True,True,True,train
DE003362,T0132,V0012,2026-09-01T19:24:42.716960227+07:00,DRIVER_REQUEST,True,CHARGING,CHARGING,"['CHARGING', 'BATTERY_SWAP']",True,VALID_REQUEST,10.17,7.28,1.352,1.0,VIPER,EV_MOTORBIKE,1.5,1.38,1.0,True,True,True,train
DE003363,T0132,V0012,2026-09-01T19:24:42.716960227+07:00,DRIVER_REQUEST,True,BATTERY_SWAP,BATTERY_SWAP,"['CHARGING', 'BATTERY_SWAP']",True,VALID_REQUEST,10.17,7.28,1.352,1.0,VIPER,EV_MOTORBIKE,1.5,1.38,1.0,True,True,True,train
DE003364,T0132,V0012,2026-09-01T19:24:42.716960227+07:00,DRIVER_REQUEST,True,,ANY,"['CHARGING', 'BATTERY_SWAP']",True,VALID_REQUEST,10.17,7.28,1.352,1.0,VIPER,EV_MOTORBIKE,1.5,1.38,1.0,True,True,True,train
DE003365,T0132,V0012,2026-09-01T19:27:26.386960227+07:00,AUTO_DETECTED,True,,,"['CHARGING', 'BATTERY_SWAP']",,LOW_SOC,9.026,6.46,0.533,1.0,VIPER,EV_MOTORBIKE,1.5,1.38,1.0,True,True,True,train
DE003366,T0132,V0012,2026-09-01T19:27:26.386960227+07:00,DRIVER_REQUEST,True,CHARGING,CHARGING,"['CHARGING', 'BATTERY_SWAP']",True,VALID_REQUEST,9.026,6.46,0.533,1.0,VIPER,EV_MOTORBIKE,1.5,1.38,1.0,True,True,True,train
DE003367,T0132,V0012,2026-09-01T19:27:26.386960227+07:00,DRIVER_REQUEST,True,BATTERY_SWAP,BATTERY_SWAP,"['CHARGING', 'BATTERY_SWAP']",True,VALID_REQUEST,9.026,6.46,0.533,1.0,VIPER,EV_MOTORBIKE,1.5,1.38,1.0,True,True,True,train
DE003368,T0132,V0012,2026-09-01T19:27:26.386960227+07:00,DRIVER_REQUEST,True,,ANY,"['CHARGING', 'BATTERY_SWAP']",True,VALID_REQUEST,9.026,6.46,0.533,1.0,VIPER,EV_MOTORBIKE,1.5,1.38,1.0,True,True,True,train
DE003369,T0133,V0013,2026-09-01T19:18:50.146559999+07:00,AUTO_DETECTED,True,CHARGING,,['CHARGING'],,LOW_SOC,17.886,54.85,4.079,1.0,NERIO_GREEN,EV_CAR,41.9,38.55,,False,True,False,train
DE003370,T0133,V0013,2026-09-01T19:18:50.146559999+07:00,DRIVER_REQUEST,True,CHARGING,CHARGING,['CHARGING'],True,VALID_REQUEST,17.886,54.85,4.079,1.0,NERIO_GREEN,EV_CAR,41.9,38.55,,False,True,False,train
DE003371,T0133,V0013,2026-09-01T19:18:50.146559999+07:00,DRIVER_REQUEST,True,,BATTERY_SWAP,['CHARGING'],False,UNSUPPORTED_SERVICE,17.886,54.85,4.079,1.0,NERIO_GREEN,EV_CAR,41.9,38.55,,False,True,False,train
DE003372,T0133,V0013,2026-09-01T19:20:03.925679999+07:00,AUTO_DETECTED,True,CHARGING,,['CHARGING'],,LOW_SOC,17.719,54.34,3.566,1.0,NERIO_GREEN,EV_CAR,41.9,38.55,,False,True,False,train
DE003373,T0133,V0013,2026-09-01T19:20:03.925679999+07:00,DRIVER_REQUEST,True,CHARGING,CHARGING,['CHARGING'],True,VALID_REQUEST,17.719,54.34,3.566,1.0,NERIO_GREEN,EV_CAR,41.9,38.55,,False,True,False,train
DE003374,T0133,V0013,2026-09-01T19:20:03.925679999+07:00,DRIVER_REQUEST,True,,BATTERY_SWAP,['CHARGING'],False,UNSUPPORTED_SERVICE,17.719,54.34,3.566,1.0,NERIO_GREEN,EV_CAR,41.9,38.55,,False,True,False,train
DE003375,T0133,V0013,2026-09-01T19:21:27.658223999+07:00,AUTO_DETECTED,True,CHARGING,,['CHARGING'],,LOW_SOC,17.53,53.76,2.985,1.0,NERIO_GREEN,EV_CAR,41.9,38.55,,False,True,False,train
DE003376,T0133,V0013,2026-09-01T19:21:27.658223999+07:00,DRIVER_REQUEST,True,CHARGING,CHARGING,['CHARGING'],True,VALID_REQUEST,17.53,53.76,2.985,1.0,NERIO_GREEN,EV_CAR,41.9,38.55,,False,True,False,train
DE003377,T0133,V0013,2026-09-01T19:21:27.658223999+07:00,DRIVER_REQUEST,True,,BATTERY_SWAP,['CHARGING'],False,UNSUPPORTED_SERVICE,17.53,53.76,2.985,1.0,NERIO_GREEN,EV_CAR,41.9,38.55,,False,True,False,train
DE003378,T0133,V0013,2026-09-01T19:22:47.070315428+07:00,AUTO_DETECTED,True,CHARGING,,['CHARGING'],,LOW_SOC,17.346,53.19,2.421,1.0,NERIO_GREEN,EV_CAR,41.9,38.55,,False,True,False,train
DE003379,T0133,V0013,2026-09-01T19:22:47.070315428+07:00,DRIVER_REQUEST,True,CHARGING,CHARGING,['CHARGING'],True,VALID_REQUEST,17.346,53.19,2.421,1.0,NERIO_GREEN,EV_CAR,41.9,38.55,,False,True,False,train
DE003380,T0133,V0013,2026-09-01T19:22:47.070315428+07:00,DRIVER_REQUEST,True,,BATTERY_SWAP,['CHARGING'],False,UNSUPPORTED_SERVICE,17.346,53.19,2.421,1.0,NERIO_GREEN,EV_CAR,41.9,38.55,,False,True,False,train
DE003381,T0133,V0013,2026-09-01T19:23:53.461119428+07:00,AUTO_DETECTED,True,CHARGING,,['CHARGING'],,LOW_SOC,17.195,52.73,1.96,1.0,NERIO_GREEN,EV_CAR,41.9,38.55,,False,True,False,train
DE003382,T0133,V0013,2026-09-01T19:23:53.461119428+07:00,DRIVER_REQUEST,True,CHARGING,CHARGING,['CHARGING'],True,VALID_REQUEST,17.195,52.73,1.96,1.0,NERIO_GREEN,EV_CAR,41.9,38.55,,False,True,False,train
DE003383,T0133,V0013,2026-09-01T19:23:53.461119428+07:00,DRIVER_REQUEST,True,,BATTERY_SWAP,['CHARGING'],False,UNSUPPORTED_SERVICE,17.195,52.73,1.96,1.0,NERIO_GREEN,EV_CAR,41.9,38.55,,False,True,False,train
DE003384,T0133,V0013,2026-09-01T19:25:16.726203428+07:00,AUTO_DETECTED,True,CHARGING,,['CHARGING'],,LOW_SOC,17.007,52.15,1.381,1.0,NERIO_GREEN,EV_CAR,41.9,38.55,,False,True,False,train
DE003385,T0133,V0013,2026-09-01T19:25:16.726203428+07:00,DRIVER_REQUEST,True,CHARGING,CHARGING,['CHARGING'],True,VALID_REQUEST,17.007,52.15,1.381,1.0,NERIO_GREEN,EV_CAR,41.9,38.55,,False,True,False,train
DE003386,T0133,V0013,2026-09-01T19:25:16.726203428+07:00,DRIVER_REQUEST,True,,BATTERY_SWAP,['CHARGING'],False,UNSUPPORTED_SERVICE,17.007,52.15,1.381,1.0,NERIO_GREEN,EV_CAR,41.9,38.55,,False,True,False,train
DE003387,T0133,V0013,2026-09-01T19:26:30.447003428+07:00,AUTO_DETECTED,True,CHARGING,,['CHARGING'],,LOW_SOC,16.84,51.64,0.869,1.0,NERIO_GREEN,EV_CAR,41.9,38.55,,False,True,False,train
DE003388,T0133,V0013,2026-09-01T19:26:30.447003428+07:00,DRIVER_REQUEST,True,CHARGING,CHARGING,['CHARGING'],True,VALID_REQUEST,16.84,51.64,0.869,1.0,NERIO_GREEN,EV_CAR,41.9,38.55,,False,True,False,train
DE003389,T0133,V0013,2026-09-01T19:26:30.447003428+07:00,DRIVER_REQUEST,True,,BATTERY_SWAP,['CHARGING'],False,UNSUPPORTED_SERVICE,16.84,51.64,0.869,1.0,NERIO_GREEN,EV_CAR,41.9,38.55,,False,True,False,train
DE003390,T0133,V0013,2026-09-01T19:27:39.438349714+07:00,AUTO_DETECTED,True,CHARGING,,['CHARGING'],,LOW_SOC,16.669,51.12,0.345,1.0,NERIO_GREEN,EV_CAR,41.9,38.55,,False,True,False,train
DE003391,T0133,V0013,2026-09-01T19:27:39.438349714+07:00,DRIVER_REQUEST,True,CHARGING,CHARGING,['CHARGING'],True,VALID_REQUEST,16.669,51.12,0.345,1.0,NERIO_GREEN,EV_CAR,41.9,38.55,,False,True,False,train
DE003392,T0133,V0013,2026-09-01T19:27:39.438349714+07:00,DRIVER_REQUEST,True,,BATTERY_SWAP,['CHARGING'],False,UNSUPPORTED_SERVICE,16.669,51.12,0.345,1.0,NERIO_GREEN,EV_CAR,41.9,38.55,,False,True,False,train
DE003393,T0134,V0014,2026-09-01T19:25:25.895400+07:00,AUTO_DETECTED,True,CHARGING,,['CHARGING'],,LOW_SOC,17.86,54.77,5.06,1.0,VF_3,EV_CAR,18.64,17.15,,False,True,False,train
DE003394,T0134,V0014,2026-09-01T19:25:25.895400+07:00,DRIVER_REQUEST,True,CHARGING,CHARGING,['CHARGING'],True,VALID_REQUEST,17.86,54.77,5.06,1.0,VF_3,EV_CAR,18.64,17.15,,False,True,False,train
DE003395,T0134,V0014,2026-09-01T19:25:25.895400+07:00,DRIVER_REQUEST,True,,BATTERY_SWAP,['CHARGING'],False,UNSUPPORTED_SERVICE,17.86,54.77,5.06,1.0,VF_3,EV_CAR,18.64,17.15,,False,True,False,train
DE003396,T0134,V0014,2026-09-01T19:27:26.779466666+07:00,AUTO_DETECTED,True,CHARGING,,['CHARGING'],,LOW_SOC,17.663,54.17,4.455,1.0,VF_3,EV_CAR,18.64,17.15,,False,True,False,train
DE003397,T0134,V0014,2026-09-01T19:27:26.779466666+07:00,DRIVER_REQUEST,True,CHARGING,CHARGING,['CHARGING'],True,VALID_REQUEST,17.663,54.17,4.455,1.0,VF_3,EV_CAR,18.64,17.15,,False,True,False,train
DE003398,T0134,V0014,2026-09-01T19:27:26.779466666+07:00,DRIVER_REQUEST,True,,BATTERY_SWAP,['CHARGING'],False,UNSUPPORTED_SERVICE,17.663,54.17,4.455,1.0,VF_3,EV_CAR,18.64,17.15,,False,True,False,train
DE003399,T0134,V0014,2026-09-01T19:29:39.927319999+07:00,AUTO_DETECTED,True,CHARGING,,['CHARGING'],,LOW_SOC,17.431,53.45,3.743,1.0,VF_3,EV_CAR,18.64,17.15,,False,True,False,train
DE003400,T0134,V0014,2026-09-01T19:29:39.927319999+07:00,DRIVER_REQUEST,True,CHARGING,CHARGING,['CHARGING'],True,VALID_REQUEST,17.431,53.45,3.743,1.0,VF_3,EV_CAR,18.64,17.15,,False,True,False,train
DE003401,T0134,V0014,2026-09-01T19:29:39.927319999+07:00,DRIVER_REQUEST,True,,BATTERY_SWAP,['CHARGING'],False,UNSUPPORTED_SERVICE,17.431,53.45,3.743,1.0,VF_3,EV_CAR,18.64,17.15,,False,True,False,train
DE003402,T0134,V0014,2026-09-01T19:31:58.086459999+07:00,AUTO_DETECTED,True,CHARGING,,['CHARGING'],,LOW_SOC,17.202,52.75,3.04,1.0,VF_3,EV_CAR,18.64,17.15,,False,True,False,train
DE003403,T0134,V0014,2026-09-01T19:31:58.086459999+07:00,DRIVER_REQUEST,True,CHARGING,CHARGING,['CHARGING'],True,VALID_REQUEST,17.202,52.75,3.04,1.0,VF_3,EV_CAR,18.64,17.15,,False,True,False,train
DE003404,T0134,V0014,2026-09-01T19:31:58.086459999+07:00,DRIVER_REQUEST,True,,BATTERY_SWAP,['CHARGING'],False,UNSUPPORTED_SERVICE,17.202,52.75,3.04,1.0,VF_3,EV_CAR,18.64,17.15,,False,True,False,train
DE003405,T0134,V0014,2026-09-01T19:33:46.023671999+07:00,AUTO_DETECTED,True,CHARGING,,['CHARGING'],,LOW_SOC,16.971,52.04,2.334,1.0,VF_3,EV_CAR,18.64,17.15,,False,True,False,train
DE003406,T0134,V0014,2026-09-01T19:33:46.023671999+07:00,DRIVER_REQUEST,True,CHARGING,CHARGING,['CHARGING'],True,VALID_REQUEST,16.971,52.04,2.334,1.0,VF_3,EV_CAR,18.64,17.15,,False,True,False,train
DE003407,T0134,V0014,2026-09-01T19:33:46.023671999+07:00,DRIVER_REQUEST,True,,BATTERY_SWAP,['CHARGING'],False,UNSUPPORTED_SERVICE,16.971,52.04,2.334,1.0,VF_3,EV_CAR,18.64,17.15,,False,True,False,train
DE003408,T0134,V0014,2026-09-01T19:35:16.089159999+07:00,AUTO_DETECTED,True,CHARGING,,['CHARGING'],,LOW_SOC,16.782,51.46,1.754,1.0,VF_3,EV_CAR,18.64,17.15,,False,True,False,train
DE003409,T0134,V0014,2026-09-01T19:35:16.089159999+07:00,DRIVER_REQUEST,True,CHARGING,CHARGING,['CHARGING'],True,VALID_REQUEST,16.782,51.46,1.754,1.0,VF_3,EV_CAR,18.64,17.15,,False,True,False,train
DE003410,T0134,V0014,2026-09-01T19:35:16.089159999+07:00,DRIVER_REQUEST,True,,BATTERY_SWAP,['CHARGING'],False,UNSUPPORTED_SERVICE,16.782,51.46,1.754,1.0,VF_3,EV_CAR,18.64,17.15,,False,True,False,train
DE003411,T0134,V0014,2026-09-01T19:37:01.618839999+07:00,AUTO_DETECTED,True,CHARGING,,['CHARGING'],,LOW_SOC,16.543,50.73,1.021,1.0,VF_3,EV_CAR,18.64,17.15,,False,True,False,train
DE003412,T0134,V0014,2026-09-01T19:37:01.618839999+07:00,DRIVER_REQUEST,True,CHARGING,CHARGING,['CHARGING'],True,VALID_REQUEST,16.543,50.73,1.021,1.0,VF_3,EV_CAR,18.64,17.15,,False,True,False,train
DE003413,T0134,V0014,2026-09-01T19:37:01.618839999+07:00,DRIVER_REQUEST,True,,BATTERY_SWAP,['CHARGING'],False,UNSUPPORTED_SERVICE,16.543,50.73,1.021,1.0,VF_3,EV_CAR,18.64,17.15,,False,True,False,train
DE003414,T0134,V0014,2026-09-01T19:38:57.209455999+07:00,AUTO_DETECTED,True,CHARGING,,['CHARGING'],,LOW_SOC,16.344,50.12,0.411,1.0,VF_3,EV_CAR,18.64,17.15,,False,True,False,train
DE003415,T0134,V0014,2026-09-01T19:38:57.209455999+07:00,DRIVER_REQUEST,True,CHARGING,CHARGING,['CHARGING'],True,VALID_REQUEST,16.344,50.12,0.411,1.0,VF_3,EV_CAR,18.64,17.15,,False,True,False,train
DE003416,T0134,V0014,2026-09-01T19:38:57.209455999+07:00,DRIVER_REQUEST,True,,BATTERY_SWAP,['CHARGING'],False,UNSUPPORTED_SERVICE,16.344,50.12,0.411,1.0,VF_3,EV_CAR,18.64,17.15,,False,True,False,train
DE003417,T0135,V0015,2026-09-01T19:32:08.198468571+07:00,AUTO_DETECTED,True,,,"['CHARGING', 'BATTERY_SWAP']",,LOW_SOC,17.021,12.18,8.071,1.211,EVO,EV_MOTORBIKE,3.0,2.76,2.0,True,True,True,train
DE003418,T0135,V0015,2026-09-01T19:32:08.198468571+07:00,DRIVER_REQUEST,True,CHARGING,CHARGING,"['CHARGING', 'BATTERY_SWAP']",True,VALID_REQUEST,17.021,12.18,8.071,1.211,EVO,EV_MOTORBIKE,3.0,2.76,2.0,True,True,True,train
DE003419,T0135,V0015,2026-09-01T19:32:08.198468571+07:00,DRIVER_REQUEST,True,BATTERY_SWAP,BATTERY_SWAP,"['CHARGING', 'BATTERY_SWAP']",True,VALID_REQUEST,17.021,12.18,8.071,1.211,EVO,EV_MOTORBIKE,3.0,2.76,2.0,True,True,True,train
DE003420,T0135,V0015,2026-09-01T19:32:08.198468571+07:00,DRIVER_REQUEST,True,,ANY,"['CHARGING', 'BATTERY_SWAP']",True,VALID_REQUEST,17.021,12.18,8.071,1.211,EVO,EV_MOTORBIKE,3.0,2.76,2.0,True,True,True,train
DE003421,T0135,V0015,2026-09-01T19:35:14.717425142+07:00,AUTO_DETECTED,True,,,"['CHARGING', 'BATTERY_SWAP']",,LOW_SOC,15.577,11.15,7.037,1.056,EVO,EV_MOTORBIKE,3.0,2.76,2.0,True,True,True,train
DE003422,T0135,V0015,2026-09-01T19:35:14.717425142+07:00,DRIVER_REQUEST,True,CHARGING,CHARGING,"['CHARGING', 'BATTERY_SWAP']",True,VALID_REQUEST,15.577,11.15,7.037,1.056,EVO,EV_MOTORBIKE,3.0,2.76,2.0,True,True,True,train
DE003423,T0135,V0015,2026-09-01T19:35:14.717425142+07:00,DRIVER_REQUEST,True,BATTERY_SWAP,BATTERY_SWAP,"['CHARGING', 'BATTERY_SWAP']",True,VALID_REQUEST,15.577,11.15,7.037,1.056,EVO,EV_MOTORBIKE,3.0,2.76,2.0,True,True,True,train
DE003424,T0135,V0015,2026-09-01T19:35:14.717425142+07:00,DRIVER_REQUEST,True,,ANY,"['CHARGING', 'BATTERY_SWAP']",True,VALID_REQUEST,15.577,11.15,7.037,1.056,EVO,EV_MOTORBIKE,3.0,2.76,2.0,True,True,True,train
DE003425,T0135,V0015,2026-09-01T19:38:11.887097142+07:00,AUTO_DETECTED,True,,,"['CHARGING', 'BATTERY_SWAP']",,LOW_SOC,14.108,10.09,5.986,1.0,EVO,EV_MOTORBIKE,3.0,2.76,2.0,True,True,True,train
DE003426,T0135,V0015,2026-09-01T19:38:11.887097142+07:00,DRIVER_REQUEST,True,CHARGING,CHARGING,"['CHARGING', 'BATTERY_SWAP']",True,VALID_REQUEST,14.108,10.09,5.986,1.0,EVO,EV_MOTORBIKE,3.0,2.76,2.0,True,True,True,train
DE003427,T0135,V0015,2026-09-01T19:38:11.887097142+07:00,DRIVER_REQUEST,True,BATTERY_SWAP,BATTERY_SWAP,"['CHARGING', 'BATTERY_SWAP']",True,VALID_REQUEST,14.108,10.09,5.986,1.0,EVO,EV_MOTORBIKE,3.0,2.76,2.0,True,True,True,train
DE003428,T0135,V0015,2026-09-01T19:38:11.887097142+07:00,DRIVER_REQUEST,True,,ANY,"['CHARGING', 'BATTERY_SWAP']",True,VALID_REQUEST,14.108,10.09,5.986,1.0,EVO,EV_MOTORBIKE,3.0,2.76,2.0,True,True,True,train
DE003429,T0135,V0015,2026-09-01T19:40:56.436929142+07:00,AUTO_DETECTED,True,,,"['CHARGING', 'BATTERY_SWAP']",,LOW_SOC,12.713,9.1,4.988,1.0,EVO,EV_MOTORBIKE,3.0,2.76,2.0,True,True,True,train
DE003430,T0135,V0015,2026-09-01T19:40:56.436929142+07:00,DRIVER_REQUEST,True,CHARGING,CHARGING,"['CHARGING', 'BATTERY_SWAP']",True,VALID_REQUEST,12.713,9.1,4.988,1.0,EVO,EV_MOTORBIKE,3.0,2.76,2.0,True,True,True,train
DE003431,T0135,V0015,2026-09-01T19:40:56.436929142+07:00,DRIVER_REQUEST,True,BATTERY_SWAP,BATTERY_SWAP,"['CHARGING', 'BATTERY_SWAP']",True,VALID_REQUEST,12.713,9.1,4.988,1.0,EVO,EV_MOTORBIKE,3.0,2.76,2.0,True,True,True,train
DE003432,T0135,V0015,2026-09-01T19:40:56.436929142+07:00,DRIVER_REQUEST,True,,ANY,"['CHARGING', 'BATTERY_SWAP']",True,VALID_REQUEST,12.713,9.1,4.988,1.0,EVO,EV_MOTORBIKE,3.0,2.76,2.0,True,True,True,train
DE003433,T0135,V0015,2026-09-01T19:44:05.070460571+07:00,AUTO_DETECTED,True,,,"['CHARGING', 'BATTERY_SWAP']",,LOW_SOC,11.258,8.06,3.947,1.0,EVO,EV_MOTORBIKE,3.0,2.76,2.0,True,True,True,train
DE003434,T0135,V0015,2026-09-01T19:44:05.070460571+07:00,DRIVER_REQUEST,True,CHARGING,CHARGING,"['CHARGING', 'BATTERY_SWAP']",True,VALID_REQUEST,11.258,8.06,3.947,1.0,EVO,EV_MOTORBIKE,3.0,2.76,2.0,True,True,True,train
DE003435,T0135,V0015,2026-09-01T19:44:05.070460571+07:00,DRIVER_REQUEST,True,BATTERY_SWAP,BATTERY_SWAP,"['CHARGING', 'BATTERY_SWAP']",True,VALID_REQUEST,11.258,8.06,3.947,1.0,EVO,EV_MOTORBIKE,3.0,2.76,2.0,True,True,True,train
DE003436,T0135,V0015,2026-09-01T19:44:05.070460571+07:00,DRIVER_REQUEST,True,,ANY,"['CHARGING', 'BATTERY_SWAP']",True,VALID_REQUEST,11.258,8.06,3.947,1.0,EVO,EV_MOTORBIKE,3.0,2.76,2.0,True,True,True,train
DE003437,T0135,V0015,2026-09-01T19:47:13.395997714+07:00,AUTO_DETECTED,True,,,"['CHARGING', 'BATTERY_SWAP']",,LOW_SOC,9.776,7.0,2.886,1.0,EVO,EV_MOTORBIKE,3.0,2.76,2.0,True,True,True,train
DE003438,T0135,V0015,2026-09-01T19:47:13.395997714+07:00,DRIVER_REQUEST,True,CHARGING,CHARGING,"['CHARGING', 'BATTERY_SWAP']",True,VALID_REQUEST,9.776,7.0,2.886,1.0,EVO,EV_MOTORBIKE,3.0,2.76,2.0,True,True,True,train
DE003439,T0135,V0015,2026-09-01T19:47:13.395997714+07:00,DRIVER_REQUEST,True,BATTERY_SWAP,BATTERY_SWAP,"['CHARGING', 'BATTERY_SWAP']",True,VALID_REQUEST,9.776,7.0,2.886,1.0,EVO,EV_MOTORBIKE,3.0,2.76,2.0,True,True,True,train
DE003440,T0135,V0015,2026-09-01T19:47:13.395997714+07:00,DRIVER_REQUEST,True,,ANY,"['CHARGING', 'BATTERY_SWAP']",True,VALID_REQUEST,9.776,7.0,2.886,1.0,EVO,EV_MOTORBIKE,3.0,2.76,2.0,True,True,True,train
DE003441,T0135,V0015,2026-09-01T19:49:54.168033142+07:00,AUTO_DETECTED,True,,,"['CHARGING', 'BATTERY_SWAP']",,LOW_SOC,8.421,6.03,1.917,1.0,EVO,EV_MOTORBIKE,3.0,2.76,2.0,True,True,True,train
DE003442,T0135,V0015,2026-09-01T19:49:54.168033142+07:00,DRIVER_REQUEST,True,CHARGING,CHARGING,"['CHARGING', 'BATTERY_SWAP']",True,VALID_REQUEST,8.421,6.03,1.917,1.0,EVO,EV_MOTORBIKE,3.0,2.76,2.0,True,True,True,train
DE003443,T0135,V0015,2026-09-01T19:49:54.168033142+07:00,DRIVER_REQUEST,True,BATTERY_SWAP,BATTERY_SWAP,"['CHARGING', 'BATTERY_SWAP']",True,VALID_REQUEST,8.421,6.03,1.917,1.0,EVO,EV_MOTORBIKE,3.0,2.76,2.0,True,True,True,train
DE003444,T0135,V0015,2026-09-01T19:49:54.168033142+07:00,DRIVER_REQUEST,True,,ANY,"['CHARGING', 'BATTERY_SWAP']",True,VALID_REQUEST,8.421,6.03,1.917,1.0,EVO,EV_MOTORBIKE,3.0,2.76,2.0,True,True,True,train
DE003445,T0135,V0015,2026-09-01T19:52:32.744001142+07:00,AUTO_DETECTED,True,,,"['CHARGING', 'BATTERY_SWAP']",,LOW_SOC,6.836,4.89,0.783,1.0,EVO,EV_MOTORBIKE,3.0,2.76,2.0,True,True,True,train
DE003446,T0135,V0015,2026-09-01T19:52:32.744001142+07:00,DRIVER_REQUEST,True,CHARGING,CHARGING,"['CHARGING', 'BATTERY_SWAP']",True,VALID_REQUEST,6.836,4.89,0.783,1.0,EVO,EV_MOTORBIKE,3.0,2.76,2.0,True,True,True,train
DE003447,T0135,V0015,2026-09-01T19:52:32.744001142+07:00,DRIVER_REQUEST,True,BATTERY_SWAP,BATTERY_SWAP,"['CHARGING', 'BATTERY_SWAP']",True,VALID_REQUEST,6.836,4.89,0.783,1.0,EVO,EV_MOTORBIKE,3.0,2.76,2.0,True,True,True,train
DE003448,T0135,V0015,2026-09-01T19:52:32.744001142+07:00,DRIVER_REQUEST,True,,ANY,"['CHARGING', 'BATTERY_SWAP']",True,VALID_REQUEST,6.836,4.89,0.783,1.0,EVO,EV_MOTORBIKE,3.0,2.76,2.0,True,True,True,train
DE003449,T0136,V0016,2026-09-01T19:36:53.358623999+07:00,AUTO_DETECTED,True,CHARGING,,['CHARGING'],,LOW_SOC,17.879,54.83,4.558,1.0,VF_5,EV_CAR,37.23,34.25,,False,True,False,train
DE003450,T0136,V0016,2026-09-01T19:36:53.358623999+07:00,DRIVER_REQUEST,True,CHARGING,CHARGING,['CHARGING'],True,VALID_REQUEST,17.879,54.83,4.558,1.0,VF_5,EV_CAR,37.23,34.25,,False,True,False,train
DE003451,T0136,V0016,2026-09-01T19:36:53.358623999+07:00,DRIVER_REQUEST,True,,BATTERY_SWAP,['CHARGING'],False,UNSUPPORTED_SERVICE,17.879,54.83,4.558,1.0,VF_5,EV_CAR,37.23,34.25,,False,True,False,train
DE003452,T0136,V0016,2026-09-01T19:38:22.348896+07:00,AUTO_DETECTED,True,CHARGING,,['CHARGING'],,LOW_SOC,17.678,54.21,3.94,1.0,VF_5,EV_CAR,37.23,34.25,,False,True,False,train
DE003453,T0136,V0016,2026-09-01T19:38:22.348896+07:00,DRIVER_REQUEST,True,CHARGING,CHARGING,['CHARGING'],True,VALID_REQUEST,17.678,54.21,3.94,1.0,VF_5,EV_CAR,37.23,34.25,,False,True,False,train
DE003454,T0136,V0016,2026-09-01T19:38:22.348896+07:00,DRIVER_REQUEST,True,,BATTERY_SWAP,['CHARGING'],False,UNSUPPORTED_SERVICE,17.678,54.21,3.94,1.0,VF_5,EV_CAR,37.23,34.25,,False,True,False,train
DE003455,T0136,V0016,2026-09-01T19:39:59.175575999+07:00,AUTO_DETECTED,True,CHARGING,,['CHARGING'],,LOW_SOC,17.439,53.48,3.207,1.0,VF_5,EV_CAR,37.23,34.25,,False,True,False,train
DE003456,T0136,V0016,2026-09-01T19:39:59.175575999+07:00,DRIVER_REQUEST,True,CHARGING,CHARGING,['CHARGING'],True,VALID_REQUEST,17.439,53.48,3.207,1.0,VF_5,EV_CAR,37.23,34.25,,False,True,False,train
DE003457,T0136,V0016,2026-09-01T19:39:59.175575999+07:00,DRIVER_REQUEST,True,,BATTERY_SWAP,['CHARGING'],False,UNSUPPORTED_SERVICE,17.439,53.48,3.207,1.0,VF_5,EV_CAR,37.23,34.25,,False,True,False,train
DE003458,T0136,V0016,2026-09-01T19:41:06.889271999+07:00,AUTO_DETECTED,True,CHARGING,,['CHARGING'],,LOW_SOC,17.285,53.01,2.737,1.0,VF_5,EV_CAR,37.23,34.25,,False,True,False,train
DE003459,T0136,V0016,2026-09-01T19:41:06.889271999+07:00,DRIVER_REQUEST,True,CHARGING,CHARGING,['CHARGING'],True,VALID_REQUEST,17.285,53.01,2.737,1.0,VF_5,EV_CAR,37.23,34.25,,False,True,False,train
DE003460,T0136,V0016,2026-09-01T19:41:06.889271999+07:00,DRIVER_REQUEST,True,,BATTERY_SWAP,['CHARGING'],False,UNSUPPORTED_SERVICE,17.285,53.01,2.737,1.0,VF_5,EV_CAR,37.23,34.25,,False,True,False,train
DE003461,T0136,V0016,2026-09-01T19:42:20.339375999+07:00,AUTO_DETECTED,True,CHARGING,,['CHARGING'],,LOW_SOC,17.119,52.5,2.227,1.0,VF_5,EV_CAR,37.23,34.25,,False,True,False,train
DE003462,T0136,V0016,2026-09-01T19:42:20.339375999+07:00,DRIVER_REQUEST,True,CHARGING,CHARGING,['CHARGING'],True,VALID_REQUEST,17.119,52.5,2.227,1.0,VF_5,EV_CAR,37.23,34.25,,False,True,False,train
DE003463,T0136,V0016,2026-09-01T19:42:20.339375999+07:00,DRIVER_REQUEST,True,,BATTERY_SWAP,['CHARGING'],False,UNSUPPORTED_SERVICE,17.119,52.5,2.227,1.0,VF_5,EV_CAR,37.23,34.25,,False,True,False,train
DE003464,T0136,V0016,2026-09-01T19:43:59.625879999+07:00,AUTO_DETECTED,True,CHARGING,,['CHARGING'],,LOW_SOC,16.894,51.81,1.537,1.0,VF_5,EV_CAR,37.23,34.25,,False,True,False,train
DE003465,T0136,V0016,2026-09-01T19:43:59.625879999+07:00,DRIVER_REQUEST,True,CHARGING,CHARGING,['CHARGING'],True,VALID_REQUEST,16.894,51.81,1.537,1.0,VF_5,EV_CAR,37.23,34.25,,False,True,False,train
DE003466,T0136,V0016,2026-09-01T19:43:59.625879999+07:00,DRIVER_REQUEST,True,,BATTERY_SWAP,['CHARGING'],False,UNSUPPORTED_SERVICE,16.894,51.81,1.537,1.0,VF_5,EV_CAR,37.23,34.25,,False,True,False,train
DE003467,T0136,V0016,2026-09-01T19:45:22.734647999+07:00,AUTO_DETECTED,True,CHARGING,,['CHARGING'],,LOW_SOC,16.706,51.23,0.96,1.0,VF_5,EV_CAR,37.23,34.25,,False,True,False,train
DE003468,T0136,V0016,2026-09-01T19:45:22.734647999+07:00,DRIVER_REQUEST,True,CHARGING,CHARGING,['CHARGING'],True,VALID_REQUEST,16.706,51.23,0.96,1.0,VF_5,EV_CAR,37.23,34.25,,False,True,False,train
DE003469,T0136,V0016,2026-09-01T19:45:22.734647999+07:00,DRIVER_REQUEST,True,,BATTERY_SWAP,['CHARGING'],False,UNSUPPORTED_SERVICE,16.706,51.23,0.96,1.0,VF_5,EV_CAR,37.23,34.25,,False,True,False,train
DE003470,T0136,V0016,2026-09-01T19:46:35.213519999+07:00,AUTO_DETECTED,True,CHARGING,,['CHARGING'],,LOW_SOC,16.542,50.73,0.457,1.0,VF_5,EV_CAR,37.23,34.25,,False,True,False,train
DE003471,T0136,V0016,2026-09-01T19:46:35.213519999+07:00,DRIVER_REQUEST,True,CHARGING,CHARGING,['CHARGING'],True,VALID_REQUEST,16.542,50.73,0.457,1.0,VF_5,EV_CAR,37.23,34.25,,False,True,False,train
DE003472,T0136,V0016,2026-09-01T19:46:35.213519999+07:00,DRIVER_REQUEST,True,,BATTERY_SWAP,['CHARGING'],False,UNSUPPORTED_SERVICE,16.542,50.73,0.457,1.0,VF_5,EV_CAR,37.23,34.25,,False,True,False,train
DE003473,T0137,V0017,2026-09-01T19:43:04.240404749+07:00,AUTO_DETECTED,True,CHARGING,,['CHARGING'],,LOW_SOC,17.827,54.67,4.353,1.0,VF_6,EV_CAR,59.6,54.83,,False,True,False,validation
DE003474,T0137,V0017,2026-09-01T19:43:04.240404749+07:00,DRIVER_REQUEST,True,CHARGING,CHARGING,['CHARGING'],True,VALID_REQUEST,17.827,54.67,4.353,1.0,VF_6,EV_CAR,59.6,54.83,,False,True,False,validation
DE003475,T0137,V0017,2026-09-01T19:43:04.240404749+07:00,DRIVER_REQUEST,True,,BATTERY_SWAP,['CHARGING'],False,UNSUPPORTED_SERVICE,17.827,54.67,4.353,1.0,VF_6,EV_CAR,59.6,54.83,,False,True,False,validation
DE003476,T0137,V0017,2026-09-01T19:44:19.931963999+07:00,AUTO_DETECTED,True,CHARGING,,['CHARGING'],,LOW_SOC,17.603,53.98,3.738,1.0,VF_6,EV_CAR,59.6,54.83,,False,True,False,validation
DE003477,T0137,V0017,2026-09-01T19:44:19.931963999+07:00,DRIVER_REQUEST,True,CHARGING,CHARGING,['CHARGING'],True,VALID_REQUEST,17.603,53.98,3.738,1.0,VF_6,EV_CAR,59.6,54.83,,False,True,False,validation
DE003478,T0137,V0017,2026-09-01T19:44:19.931963999+07:00,DRIVER_REQUEST,True,,BATTERY_SWAP,['CHARGING'],False,UNSUPPORTED_SERVICE,17.603,53.98,3.738,1.0,VF_6,EV_CAR,59.6,54.83,,False,True,False,validation
DE003479,T0137,V0017,2026-09-01T19:45:41.617697999+07:00,AUTO_DETECTED,True,CHARGING,,['CHARGING'],,LOW_SOC,17.393,53.34,3.165,1.0,VF_6,EV_CAR,59.6,54.83,,False,True,False,validation
DE003480,T0137,V0017,2026-09-01T19:45:41.617697999+07:00,DRIVER_REQUEST,True,CHARGING,CHARGING,['CHARGING'],True,VALID_REQUEST,17.393,53.34,3.165,1.0,VF_6,EV_CAR,59.6,54.83,,False,True,False,validation
DE003481,T0137,V0017,2026-09-01T19:45:41.617697999+07:00,DRIVER_REQUEST,True,,BATTERY_SWAP,['CHARGING'],False,UNSUPPORTED_SERVICE,17.393,53.34,3.165,1.0,VF_6,EV_CAR,59.6,54.83,,False,True,False,validation
DE003482,T0137,V0017,2026-09-01T19:47:01.797980999+07:00,AUTO_DETECTED,True,CHARGING,,['CHARGING'],,LOW_SOC,17.181,52.69,2.584,1.0,VF_6,EV_CAR,59.6,54.83,,False,True,False,validation
DE003483,T0137,V0017,2026-09-01T19:47:01.797980999+07:00,DRIVER_REQUEST,True,CHARGING,CHARGING,['CHARGING'],True,VALID_REQUEST,17.181,52.69,2.584,1.0,VF_6,EV_CAR,59.6,54.83,,False,True,False,validation
DE003484,T0137,V0017,2026-09-01T19:47:01.797980999+07:00,DRIVER_REQUEST,True,,BATTERY_SWAP,['CHARGING'],False,UNSUPPORTED_SERVICE,17.181,52.69,2.584,1.0,VF_6,EV_CAR,59.6,54.83,,False,True,False,validation
DE003485,T0137,V0017,2026-09-01T19:48:22.809671999+07:00,AUTO_DETECTED,True,CHARGING,,['CHARGING'],,LOW_SOC,16.953,51.99,1.96,1.0,VF_6,EV_CAR,59.6,54.83,,False,True,False,validation
DE003486,T0137,V0017,2026-09-01T19:48:22.809671999+07:00,DRIVER_REQUEST,True,CHARGING,CHARGING,['CHARGING'],True,VALID_REQUEST,16.953,51.99,1.96,1.0,VF_6,EV_CAR,59.6,54.83,,False,True,False,validation
DE003487,T0137,V0017,2026-09-01T19:48:22.809671999+07:00,DRIVER_REQUEST,True,,BATTERY_SWAP,['CHARGING'],False,UNSUPPORTED_SERVICE,16.953,51.99,1.96,1.0,VF_6,EV_CAR,59.6,54.83,,False,True,False,validation
DE003488,T0137,V0017,2026-09-01T19:49:47.017967999+07:00,AUTO_DETECTED,True,CHARGING,,['CHARGING'],,LOW_SOC,16.74,51.34,1.375,1.0,VF_6,EV_CAR,59.6,54.83,,False,True,False,validation
DE003489,T0137,V0017,2026-09-01T19:49:47.017967999+07:00,DRIVER_REQUEST,True,CHARGING,CHARGING,['CHARGING'],True,VALID_REQUEST,16.74,51.34,1.375,1.0,VF_6,EV_CAR,59.6,54.83,,False,True,False,validation
DE003490,T0137,V0017,2026-09-01T19:49:47.017967999+07:00,DRIVER_REQUEST,True,,BATTERY_SWAP,['CHARGING'],False,UNSUPPORTED_SERVICE,16.74,51.34,1.375,1.0,VF_6,EV_CAR,59.6,54.83,,False,True,False,validation
DE003491,T0137,V0017,2026-09-01T19:51:32.894471999+07:00,AUTO_DETECTED,True,CHARGING,,['CHARGING'],,LOW_SOC,16.545,50.74,0.843,1.0,VF_6,EV_CAR,59.6,54.83,,False,True,False,validation
DE003492,T0137,V0017,2026-09-01T19:51:32.894471999+07:00,DRIVER_REQUEST,True,CHARGING,CHARGING,['CHARGING'],True,VALID_REQUEST,16.545,50.74,0.843,1.0,VF_6,EV_CAR,59.6,54.83,,False,True,False,validation
DE003493,T0137,V0017,2026-09-01T19:51:32.894471999+07:00,DRIVER_REQUEST,True,,BATTERY_SWAP,['CHARGING'],False,UNSUPPORTED_SERVICE,16.545,50.74,0.843,1.0,VF_6,EV_CAR,59.6,54.83,,False,True,False,validation
DE003494,T0137,V0017,2026-09-01T19:53:17.783882285+07:00,AUTO_DETECTED,True,CHARGING,,['CHARGING'],,LOW_SOC,16.341,50.11,0.284,1.0,VF_6,EV_CAR,59.6,54.83,,False,True,False,validation
DE003495,T0137,V0017,2026-09-01T19:53:17.783882285+07:00,DRIVER_REQUEST,True,CHARGING,CHARGING,['CHARGING'],True,VALID_REQUEST,16.341,50.11,0.284,1.0,VF_6,EV_CAR,59.6,54.83,,False,True,False,validation
DE003496,T0137,V0017,2026-09-01T19:53:17.783882285+07:00,DRIVER_REQUEST,True,,BATTERY_SWAP,['CHARGING'],False,UNSUPPORTED_SERVICE,16.341,50.11,0.284,1.0,VF_6,EV_CAR,59.6,54.83,,False,True,False,validation
DE003497,T0138,V0018,2026-09-01T19:49:04.402656+07:00,AUTO_DETECTED,True,,,"['CHARGING', 'BATTERY_SWAP']",,LOW_SOC_AND_INSUFFICIENT_RANGE,6.375,4.56,4.893,1.0,EVO_LITE,EV_MOTORBIKE,1.5,1.38,1.0,True,True,True,validation
DE003498,T0138,V0018,2026-09-01T19:49:04.402656+07:00,DRIVER_REQUEST,True,CHARGING,CHARGING,"['CHARGING', 'BATTERY_SWAP']",True,VALID_REQUEST,6.375,4.56,4.893,1.0,EVO_LITE,EV_MOTORBIKE,1.5,1.38,1.0,True,True,True,validation
DE003499,T0138,V0018,2026-09-01T19:49:04.402656+07:00,DRIVER_REQUEST,True,BATTERY_SWAP,BATTERY_SWAP,"['CHARGING', 'BATTERY_SWAP']",True,VALID_REQUEST,6.375,4.56,4.893,1.0,EVO_LITE,EV_MOTORBIKE,1.5,1.38,1.0,True,True,True,validation
DE003500,T0138,V0018,2026-09-01T19:49:04.402656+07:00,DRIVER_REQUEST,True,,ANY,"['CHARGING', 'BATTERY_SWAP']",True,VALID_REQUEST,6.375,4.56,4.893,1.0,EVO_LITE,EV_MOTORBIKE,1.5,1.38,1.0,True,True,True,validation
DE003501,T0138,V0018,2026-09-01T19:50:34.695744+07:00,AUTO_DETECTED,True,,,"['CHARGING', 'BATTERY_SWAP']",,LOW_SOC_AND_INSUFFICIENT_RANGE,5.499,3.93,4.266,1.0,EVO_LITE,EV_MOTORBIKE,1.5,1.38,1.0,True,True,True,validation
DE003502,T0138,V0018,2026-09-01T19:50:34.695744+07:00,DRIVER_REQUEST,True,CHARGING,CHARGING,"['CHARGING', 'BATTERY_SWAP']",True,VALID_REQUEST,5.499,3.93,4.266,1.0,EVO_LITE,EV_MOTORBIKE,1.5,1.38,1.0,True,True,True,validation
DE003503,T0138,V0018,2026-09-01T19:50:34.695744+07:00,DRIVER_REQUEST,True,BATTERY_SWAP,BATTERY_SWAP,"['CHARGING', 'BATTERY_SWAP']",True,VALID_REQUEST,5.499,3.93,4.266,1.0,EVO_LITE,EV_MOTORBIKE,1.5,1.38,1.0,True,True,True,validation
DE003504,T0138,V0018,2026-09-01T19:50:34.695744+07:00,DRIVER_REQUEST,True,,ANY,"['CHARGING', 'BATTERY_SWAP']",True,VALID_REQUEST,5.499,3.93,4.266,1.0,EVO_LITE,EV_MOTORBIKE,1.5,1.38,1.0,True,True,True,validation
DE003505,T0138,V0018,2026-09-01T19:51:39.357787999+07:00,AUTO_DETECTED,True,,,"['CHARGING', 'BATTERY_SWAP']",,LOW_SOC_AND_INSUFFICIENT_RANGE,4.621,3.31,3.638,1.0,EVO_LITE,EV_MOTORBIKE,1.5,1.38,1.0,True,True,True,validation
DE003506,T0138,V0018,2026-09-01T19:51:39.357787999+07:00,DRIVER_REQUEST,True,CHARGING,CHARGING,"['CHARGING', 'BATTERY_SWAP']",True,VALID_REQUEST,4.621,3.31,3.638,1.0,EVO_LITE,EV_MOTORBIKE,1.5,1.38,1.0,True,True,True,validation
DE003507,T0138,V0018,2026-09-01T19:51:39.357787999+07:00,DRIVER_REQUEST,True,BATTERY_SWAP,BATTERY_SWAP,"['CHARGING', 'BATTERY_SWAP']",True,VALID_REQUEST,4.621,3.31,3.638,1.0,EVO_LITE,EV_MOTORBIKE,1.5,1.38,1.0,True,True,True,validation
DE003508,T0138,V0018,2026-09-01T19:51:39.357787999+07:00,DRIVER_REQUEST,True,,ANY,"['CHARGING', 'BATTERY_SWAP']",True,VALID_REQUEST,4.621,3.31,3.638,1.0,EVO_LITE,EV_MOTORBIKE,1.5,1.38,1.0,True,True,True,validation
DE003509,T0138,V0018,2026-09-01T19:53:10.876669999+07:00,AUTO_DETECTED,True,,,"['CHARGING', 'BATTERY_SWAP']",,LOW_SOC_AND_INSUFFICIENT_RANGE,3.693,2.64,2.974,1.0,EVO_LITE,EV_MOTORBIKE,1.5,1.38,1.0,True,True,True,validation
DE003510,T0138,V0018,2026-09-01T19:53:10.876669999+07:00,DRIVER_REQUEST,True,CHARGING,CHARGING,"['CHARGING', 'BATTERY_SWAP']",True,VALID_REQUEST,3.693,2.64,2.974,1.0,EVO_LITE,EV_MOTORBIKE,1.5,1.38,1.0,True,True,True,validation
DE003511,T0138,V0018,2026-09-01T19:53:10.876669999+07:00,DRIVER_REQUEST,True,BATTERY_SWAP,BATTERY_SWAP,"['CHARGING', 'BATTERY_SWAP']",True,VALID_REQUEST,3.693,2.64,2.974,1.0,EVO_LITE,EV_MOTORBIKE,1.5,1.38,1.0,True,True,True,validation
DE003512,T0138,V0018,2026-09-01T19:53:10.876669999+07:00,DRIVER_REQUEST,True,,ANY,"['CHARGING', 'BATTERY_SWAP']",True,VALID_REQUEST,3.693,2.64,2.974,1.0,EVO_LITE,EV_MOTORBIKE,1.5,1.38,1.0,True,True,True,validation
DE003513,T0138,V0018,2026-09-01T19:55:07.912289999+07:00,AUTO_DETECTED,True,,,"['CHARGING', 'BATTERY_SWAP']",,LOW_SOC_AND_INSUFFICIENT_RANGE,2.704,1.93,2.266,1.0,EVO_LITE,EV_MOTORBIKE,1.5,1.38,1.0,True,True,True,validation
DE003514,T0138,V0018,2026-09-01T19:55:07.912289999+07:00,DRIVER_REQUEST,True,CHARGING,CHARGING,"['CHARGING', 'BATTERY_SWAP']",True,VALID_REQUEST,2.704,1.93,2.266,1.0,EVO_LITE,EV_MOTORBIKE,1.5,1.38,1.0,True,True,True,validation
DE003515,T0138,V0018,2026-09-01T19:55:07.912289999+07:00,DRIVER_REQUEST,True,BATTERY_SWAP,BATTERY_SWAP,"['CHARGING', 'BATTERY_SWAP']",True,VALID_REQUEST,2.704,1.93,2.266,1.0,EVO_LITE,EV_MOTORBIKE,1.5,1.38,1.0,True,True,True,validation
DE003516,T0138,V0018,2026-09-01T19:55:07.912289999+07:00,DRIVER_REQUEST,True,,ANY,"['CHARGING', 'BATTERY_SWAP']",True,VALID_REQUEST,2.704,1.93,2.266,1.0,EVO_LITE,EV_MOTORBIKE,1.5,1.38,1.0,True,True,True,validation
DE003517,T0138,V0018,2026-09-01T19:56:40.729799999+07:00,AUTO_DETECTED,True,,,"['CHARGING', 'BATTERY_SWAP']",,LOW_SOC_AND_INSUFFICIENT_RANGE,1.833,1.31,1.642,1.0,EVO_LITE,EV_MOTORBIKE,1.5,1.38,1.0,True,True,True,validation
DE003518,T0138,V0018,2026-09-01T19:56:40.729799999+07:00,DRIVER_REQUEST,True,CHARGING,CHARGING,"['CHARGING', 'BATTERY_SWAP']",True,VALID_REQUEST,1.833,1.31,1.642,1.0,EVO_LITE,EV_MOTORBIKE,1.5,1.38,1.0,True,True,True,validation
DE003519,T0138,V0018,2026-09-01T19:56:40.729799999+07:00,DRIVER_REQUEST,True,BATTERY_SWAP,BATTERY_SWAP,"['CHARGING', 'BATTERY_SWAP']",True,VALID_REQUEST,1.833,1.31,1.642,1.0,EVO_LITE,EV_MOTORBIKE,1.5,1.38,1.0,True,True,True,validation
DE003520,T0138,V0018,2026-09-01T19:56:40.729799999+07:00,DRIVER_REQUEST,True,,ANY,"['CHARGING', 'BATTERY_SWAP']",True,VALID_REQUEST,1.833,1.31,1.642,1.0,EVO_LITE,EV_MOTORBIKE,1.5,1.38,1.0,True,True,True,validation
DE003521,T0138,V0018,2026-09-01T19:58:16.600083999+07:00,AUTO_DETECTED,True,,,"['CHARGING', 'BATTERY_SWAP']",,LOW_SOC_AND_INSUFFICIENT_RANGE,1.066,0.76,1.094,1.0,EVO_LITE,EV_MOTORBIKE,1.5,1.38,1.0,True,True,True,validation
DE003522,T0138,V0018,2026-09-01T19:58:16.600083999+07:00,DRIVER_REQUEST,True,CHARGING,CHARGING,"['CHARGING', 'BATTERY_SWAP']",True,VALID_REQUEST,1.066,0.76,1.094,1.0,EVO_LITE,EV_MOTORBIKE,1.5,1.38,1.0,True,True,True,validation
DE003523,T0138,V0018,2026-09-01T19:58:16.600083999+07:00,DRIVER_REQUEST,True,BATTERY_SWAP,BATTERY_SWAP,"['CHARGING', 'BATTERY_SWAP']",True,VALID_REQUEST,1.066,0.76,1.094,1.0,EVO_LITE,EV_MOTORBIKE,1.5,1.38,1.0,True,True,True,validation
DE003524,T0138,V0018,2026-09-01T19:58:16.600083999+07:00,DRIVER_REQUEST,True,,ANY,"['CHARGING', 'BATTERY_SWAP']",True,VALID_REQUEST,1.066,0.76,1.094,1.0,EVO_LITE,EV_MOTORBIKE,1.5,1.38,1.0,True,True,True,validation
DE003525,T0138,V0018,2026-09-01T19:59:45.636368499+07:00,AUTO_DETECTED,True,,,"['CHARGING', 'BATTERY_SWAP']",,LOW_SOC_AND_INSUFFICIENT_RANGE,0.148,0.11,0.437,1.0,EVO_LITE,EV_MOTORBIKE,1.5,1.38,1.0,True,True,True,validation
DE003526,T0138,V0018,2026-09-01T19:59:45.636368499+07:00,DRIVER_REQUEST,True,CHARGING,CHARGING,"['CHARGING', 'BATTERY_SWAP']",True,VALID_REQUEST,0.148,0.11,0.437,1.0,EVO_LITE,EV_MOTORBIKE,1.5,1.38,1.0,True,True,True,validation
DE003527,T0138,V0018,2026-09-01T19:59:45.636368499+07:00,DRIVER_REQUEST,True,BATTERY_SWAP,BATTERY_SWAP,"['CHARGING', 'BATTERY_SWAP']",True,VALID_REQUEST,0.148,0.11,0.437,1.0,EVO_LITE,EV_MOTORBIKE,1.5,1.38,1.0,True,True,True,validation
DE003528,T0138,V0018,2026-09-01T19:59:45.636368499+07:00,DRIVER_REQUEST,True,,ANY,"['CHARGING', 'BATTERY_SWAP']",True,VALID_REQUEST,0.148,0.11,0.437,1.0,EVO_LITE,EV_MOTORBIKE,1.5,1.38,1.0,True,True,True,validation
DE003529,T0139,V0019,2026-09-01T19:55:35.370815999+07:00,AUTO_DETECTED,False,,,['CHARGING'],,SUFFICIENT_SOC_RANGE,64.914,199.07,6.313,1.0,VF_7_ECO,EV_CAR,59.6,54.83,,False,True,False,train
DE003530,T0139,V0019,2026-09-01T19:55:35.370815999+07:00,DRIVER_REQUEST,True,CHARGING,CHARGING,['CHARGING'],True,VALID_REQUEST,64.914,199.07,6.313,1.0,VF_7_ECO,EV_CAR,59.6,54.83,,False,True,False,train
DE003531,T0139,V0019,2026-09-01T19:55:35.370815999+07:00,DRIVER_REQUEST,True,,BATTERY_SWAP,['CHARGING'],False,UNSUPPORTED_SERVICE,64.914,199.07,6.313,1.0,VF_7_ECO,EV_CAR,59.6,54.83,,False,True,False,train
DE003532,T0139,V0019,2026-09-01T19:57:37.326886857+07:00,AUTO_DETECTED,False,,,['CHARGING'],,SUFFICIENT_SOC_RANGE,64.651,198.26,5.508,1.0,VF_7_ECO,EV_CAR,59.6,54.83,,False,True,False,train
DE003533,T0139,V0019,2026-09-01T19:57:37.326886857+07:00,DRIVER_REQUEST,True,CHARGING,CHARGING,['CHARGING'],True,VALID_REQUEST,64.651,198.26,5.508,1.0,VF_7_ECO,EV_CAR,59.6,54.83,,False,True,False,train
DE003534,T0139,V0019,2026-09-01T19:57:37.326886857+07:00,DRIVER_REQUEST,True,,BATTERY_SWAP,['CHARGING'],False,UNSUPPORTED_SERVICE,64.651,198.26,5.508,1.0,VF_7_ECO,EV_CAR,59.6,54.83,,False,True,False,train
DE003535,T0139,V0019,2026-09-01T19:59:37.737856+07:00,AUTO_DETECTED,False,,,['CHARGING'],,SUFFICIENT_SOC_RANGE,64.392,197.47,4.712,1.0,VF_7_ECO,EV_CAR,59.6,54.83,,False,True,False,train
DE003536,T0139,V0019,2026-09-01T19:59:37.737856+07:00,DRIVER_REQUEST,True,CHARGING,CHARGING,['CHARGING'],True,VALID_REQUEST,64.392,197.47,4.712,1.0,VF_7_ECO,EV_CAR,59.6,54.83,,False,True,False,train
DE003537,T0139,V0019,2026-09-01T19:59:37.737856+07:00,DRIVER_REQUEST,True,,BATTERY_SWAP,['CHARGING'],False,UNSUPPORTED_SERVICE,64.392,197.47,4.712,1.0,VF_7_ECO,EV_CAR,59.6,54.83,,False,True,False,train
DE003538,T0139,V0019,2026-09-01T20:01:30.944609500+07:00,AUTO_DETECTED,False,,,['CHARGING'],,SUFFICIENT_SOC_RANGE,64.086,196.53,3.775,1.0,VF_7_ECO,EV_CAR,59.6,54.83,,False,True,False,train
DE003539,T0139,V0019,2026-09-01T20:01:30.944609500+07:00,DRIVER_REQUEST,True,CHARGING,CHARGING,['CHARGING'],True,VALID_REQUEST,64.086,196.53,3.775,1.0,VF_7_ECO,EV_CAR,59.6,54.83,,False,True,False,train
DE003540,T0139,V0019,2026-09-01T20:01:30.944609500+07:00,DRIVER_REQUEST,True,,BATTERY_SWAP,['CHARGING'],False,UNSUPPORTED_SERVICE,64.086,196.53,3.775,1.0,VF_7_ECO,EV_CAR,59.6,54.83,,False,True,False,train
DE003541,T0139,V0019,2026-09-01T20:03:18.284151+07:00,AUTO_DETECTED,False,,,['CHARGING'],,SUFFICIENT_SOC_RANGE,63.812,195.69,2.933,1.0,VF_7_ECO,EV_CAR,59.6,54.83,,False,True,False,train
DE003542,T0139,V0019,2026-09-01T20:03:18.284151+07:00,DRIVER_REQUEST,True,CHARGING,CHARGING,['CHARGING'],True,VALID_REQUEST,63.812,195.69,2.933,1.0,VF_7_ECO,EV_CAR,59.6,54.83,,False,True,False,train
DE003543,T0139,V0019,2026-09-01T20:03:18.284151+07:00,DRIVER_REQUEST,True,,BATTERY_SWAP,['CHARGING'],False,UNSUPPORTED_SERVICE,63.812,195.69,2.933,1.0,VF_7_ECO,EV_CAR,59.6,54.83,,False,True,False,train
DE003544,T0139,V0019,2026-09-01T20:05:08.119756565+07:00,AUTO_DETECTED,False,,,['CHARGING'],,SUFFICIENT_SOC_RANGE,63.563,194.93,2.171,1.0,VF_7_ECO,EV_CAR,59.6,54.83,,False,True,False,train
DE003545,T0139,V0019,2026-09-01T20:05:08.119756565+07:00,DRIVER_REQUEST,True,CHARGING,CHARGING,['CHARGING'],True,VALID_REQUEST,63.563,194.93,2.171,1.0,VF_7_ECO,EV_CAR,59.6,54.83,,False,True,False,train
DE003546,T0139,V0019,2026-09-01T20:05:08.119756565+07:00,DRIVER_REQUEST,True,,BATTERY_SWAP,['CHARGING'],False,UNSUPPORTED_SERVICE,63.563,194.93,2.171,1.0,VF_7_ECO,EV_CAR,59.6,54.83,,False,True,False,train
DE003547,T0139,V0019,2026-09-01T20:07:13.278039+07:00,AUTO_DETECTED,False,,,['CHARGING'],,SUFFICIENT_SOC_RANGE,63.303,194.13,1.373,1.0,VF_7_ECO,EV_CAR,59.6,54.83,,False,True,False,train
DE003548,T0139,V0019,2026-09-01T20:07:13.278039+07:00,DRIVER_REQUEST,True,CHARGING,CHARGING,['CHARGING'],True,VALID_REQUEST,63.303,194.13,1.373,1.0,VF_7_ECO,EV_CAR,59.6,54.83,,False,True,False,train
DE003549,T0139,V0019,2026-09-01T20:07:13.278039+07:00,DRIVER_REQUEST,True,,BATTERY_SWAP,['CHARGING'],False,UNSUPPORTED_SERVICE,63.303,194.13,1.373,1.0,VF_7_ECO,EV_CAR,59.6,54.83,,False,True,False,train
DE003550,T0139,V0019,2026-09-01T20:09:28.671240454+07:00,AUTO_DETECTED,False,,,['CHARGING'],,SUFFICIENT_SOC_RANGE,63.022,193.27,0.511,1.0,VF_7_ECO,EV_CAR,59.6,54.83,,False,True,False,train
DE003551,T0139,V0019,2026-09-01T20:09:28.671240454+07:00,DRIVER_REQUEST,True,CHARGING,CHARGING,['CHARGING'],True,VALID_REQUEST,63.022,193.27,0.511,1.0,VF_7_ECO,EV_CAR,59.6,54.83,,False,True,False,train
DE003552,T0139,V0019,2026-09-01T20:09:28.671240454+07:00,DRIVER_REQUEST,True,,BATTERY_SWAP,['CHARGING'],False,UNSUPPORTED_SERVICE,63.022,193.27,0.511,1.0,VF_7_ECO,EV_CAR,59.6,54.83,,False,True,False,train
DE003553,T0140,V0020,2026-09-01T20:02:16.521698285+07:00,AUTO_DETECTED,False,,,['CHARGING'],,SUFFICIENT_SOC_RANGE,75.569,231.75,8.104,1.216,VF_7_PLUS,EV_CAR,75.3,69.28,,False,True,False,train
DE003554,T0140,V0020,2026-09-01T20:02:16.521698285+07:00,DRIVER_REQUEST,True,CHARGING,CHARGING,['CHARGING'],True,VALID_REQUEST,75.569,231.75,8.104,1.216,VF_7_PLUS,EV_CAR,75.3,69.28,,False,True,False,train
DE003555,T0140,V0020,2026-09-01T20:02:16.521698285+07:00,DRIVER_REQUEST,True,,BATTERY_SWAP,['CHARGING'],False,UNSUPPORTED_SERVICE,75.569,231.75,8.104,1.216,VF_7_PLUS,EV_CAR,75.3,69.28,,False,True,False,train
DE003556,T0140,V0020,2026-09-01T20:04:48.874811785+07:00,AUTO_DETECTED,False,,,['CHARGING'],,SUFFICIENT_SOC_RANGE,75.229,230.7,7.06,1.059,VF_7_PLUS,EV_CAR,75.3,69.28,,False,True,False,train
DE003557,T0140,V0020,2026-09-01T20:04:48.874811785+07:00,DRIVER_REQUEST,True,CHARGING,CHARGING,['CHARGING'],True,VALID_REQUEST,75.229,230.7,7.06,1.059,VF_7_PLUS,EV_CAR,75.3,69.28,,False,True,False,train
DE003558,T0140,V0020,2026-09-01T20:04:48.874811785+07:00,DRIVER_REQUEST,True,,BATTERY_SWAP,['CHARGING'],False,UNSUPPORTED_SERVICE,75.229,230.7,7.06,1.059,VF_7_PLUS,EV_CAR,75.3,69.28,,False,True,False,train
DE003559,T0140,V0020,2026-09-01T20:07:20.012429285+07:00,AUTO_DETECTED,False,,,['CHARGING'],,SUFFICIENT_SOC_RANGE,74.881,229.63,5.993,1.0,VF_7_PLUS,EV_CAR,75.3,69.28,,False,True,False,train
DE003560,T0140,V0020,2026-09-01T20:07:20.012429285+07:00,DRIVER_REQUEST,True,CHARGING,CHARGING,['CHARGING'],True,VALID_REQUEST,74.881,229.63,5.993,1.0,VF_7_PLUS,EV_CAR,75.3,69.28,,False,True,False,train
DE003561,T0140,V0020,2026-09-01T20:07:20.012429285+07:00,DRIVER_REQUEST,True,,BATTERY_SWAP,['CHARGING'],False,UNSUPPORTED_SERVICE,74.881,229.63,5.993,1.0,VF_7_PLUS,EV_CAR,75.3,69.28,,False,True,False,train
DE003562,T0140,V0020,2026-09-01T20:10:12.649453285+07:00,AUTO_DETECTED,False,,,['CHARGING'],,SUFFICIENT_SOC_RANGE,74.516,228.52,4.874,1.0,VF_7_PLUS,EV_CAR,75.3,69.28,,False,True,False,train
DE003563,T0140,V0020,2026-09-01T20:10:12.649453285+07:00,DRIVER_REQUEST,True,CHARGING,CHARGING,['CHARGING'],True,VALID_REQUEST,74.516,228.52,4.874,1.0,VF_7_PLUS,EV_CAR,75.3,69.28,,False,True,False,train
DE003564,T0140,V0020,2026-09-01T20:10:12.649453285+07:00,DRIVER_REQUEST,True,,BATTERY_SWAP,['CHARGING'],False,UNSUPPORTED_SERVICE,74.516,228.52,4.874,1.0,VF_7_PLUS,EV_CAR,75.3,69.28,,False,True,False,train
DE003565,T0140,V0020,2026-09-01T20:12:48.517878785+07:00,AUTO_DETECTED,False,,,['CHARGING'],,SUFFICIENT_SOC_RANGE,74.181,227.49,3.847,1.0,VF_7_PLUS,EV_CAR,75.3,69.28,,False,True,False,train
DE003566,T0140,V0020,2026-09-01T20:12:48.517878785+07:00,DRIVER_REQUEST,True,CHARGING,CHARGING,['CHARGING'],True,VALID_REQUEST,74.181,227.49,3.847,1.0,VF_7_PLUS,EV_CAR,75.3,69.28,,False,True,False,train
DE003567,T0140,V0020,2026-09-01T20:12:48.517878785+07:00,DRIVER_REQUEST,True,,BATTERY_SWAP,['CHARGING'],False,UNSUPPORTED_SERVICE,74.181,227.49,3.847,1.0,VF_7_PLUS,EV_CAR,75.3,69.28,,False,True,False,train
DE003568,T0140,V0020,2026-09-01T20:15:20.806879857+07:00,AUTO_DETECTED,False,,,['CHARGING'],,SUFFICIENT_SOC_RANGE,73.826,226.4,2.757,1.0,VF_7_PLUS,EV_CAR,75.3,69.28,,False,True,False,train
DE003569,T0140,V0020,2026-09-01T20:15:20.806879857+07:00,DRIVER_REQUEST,True,CHARGING,CHARGING,['CHARGING'],True,VALID_REQUEST,73.826,226.4,2.757,1.0,VF_7_PLUS,EV_CAR,75.3,69.28,,False,True,False,train
DE003570,T0140,V0020,2026-09-01T20:15:20.806879857+07:00,DRIVER_REQUEST,True,,BATTERY_SWAP,['CHARGING'],False,UNSUPPORTED_SERVICE,73.826,226.4,2.757,1.0,VF_7_PLUS,EV_CAR,75.3,69.28,,False,True,False,train
DE003571,T0140,V0020,2026-09-01T20:17:36.225908499+07:00,AUTO_DETECTED,False,,,['CHARGING'],,SUFFICIENT_SOC_RANGE,73.475,225.32,1.682,1.0,VF_7_PLUS,EV_CAR,75.3,69.28,,False,True,False,train
DE003572,T0140,V0020,2026-09-01T20:17:36.225908499+07:00,DRIVER_REQUEST,True,CHARGING,CHARGING,['CHARGING'],True,VALID_REQUEST,73.475,225.32,1.682,1.0,VF_7_PLUS,EV_CAR,75.3,69.28,,False,True,False,train
DE003573,T0140,V0020,2026-09-01T20:17:36.225908499+07:00,DRIVER_REQUEST,True,,BATTERY_SWAP,['CHARGING'],False,UNSUPPORTED_SERVICE,73.475,225.32,1.682,1.0,VF_7_PLUS,EV_CAR,75.3,69.28,,False,True,False,train
DE003574,T0140,V0020,2026-09-01T20:19:53.891131857+07:00,AUTO_DETECTED,False,,,['CHARGING'],,SUFFICIENT_SOC_RANGE,73.15,224.33,0.684,1.0,VF_7_PLUS,EV_CAR,75.3,69.28,,False,True,False,train
DE003575,T0140,V0020,2026-09-01T20:19:53.891131857+07:00,DRIVER_REQUEST,True,CHARGING,CHARGING,['CHARGING'],True,VALID_REQUEST,73.15,224.33,0.684,1.0,VF_7_PLUS,EV_CAR,75.3,69.28,,False,True,False,train
DE003576,T0140,V0020,2026-09-01T20:19:53.891131857+07:00,DRIVER_REQUEST,True,,BATTERY_SWAP,['CHARGING'],False,UNSUPPORTED_SERVICE,73.15,224.33,0.684,1.0,VF_7_PLUS,EV_CAR,75.3,69.28,,False,True,False,train
DE003577,T0141,V0021,2026-09-01T20:08:06.529924571+07:00,AUTO_DETECTED,False,,,"['CHARGING', 'BATTERY_SWAP']",,SUFFICIENT_SOC_RANGE,61.134,43.74,7.124,1.069,FELIZ_II,EV_MOTORBIKE,3.0,2.76,2.0,True,True,True,validation
DE003578,T0141,V0021,2026-09-01T20:08:06.529924571+07:00,DRIVER_REQUEST,True,CHARGING,CHARGING,"['CHARGING', 'BATTERY_SWAP']",True,VALID_REQUEST,61.134,43.74,7.124,1.069,FELIZ_II,EV_MOTORBIKE,3.0,2.76,2.0,True,True,True,validation
DE003579,T0141,V0021,2026-09-01T20:08:06.529924571+07:00,DRIVER_REQUEST,True,BATTERY_SWAP,BATTERY_SWAP,"['CHARGING', 'BATTERY_SWAP']",True,VALID_REQUEST,61.134,43.74,7.124,1.069,FELIZ_II,EV_MOTORBIKE,3.0,2.76,2.0,True,True,True,validation
DE003580,T0141,V0021,2026-09-01T20:08:06.529924571+07:00,DRIVER_REQUEST,True,,ANY,"['CHARGING', 'BATTERY_SWAP']",True,VALID_REQUEST,61.134,43.74,7.124,1.069,FELIZ_II,EV_MOTORBIKE,3.0,2.76,2.0,True,True,True,validation
DE003581,T0141,V0021,2026-09-01T20:10:46.748025015+07:00,AUTO_DETECTED,False,,,"['CHARGING', 'BATTERY_SWAP']",,SUFFICIENT_SOC_RANGE,59.803,42.79,6.171,1.0,FELIZ_II,EV_MOTORBIKE,3.0,2.76,2.0,True,True,True,validation
DE003582,T0141,V0021,2026-09-01T20:10:46.748025015+07:00,DRIVER_REQUEST,True,CHARGING,CHARGING,"['CHARGING', 'BATTERY_SWAP']",True,VALID_REQUEST,59.803,42.79,6.171,1.0,FELIZ_II,EV_MOTORBIKE,3.0,2.76,2.0,True,True,True,validation
DE003583,T0141,V0021,2026-09-01T20:10:46.748025015+07:00,DRIVER_REQUEST,True,BATTERY_SWAP,BATTERY_SWAP,"['CHARGING', 'BATTERY_SWAP']",True,VALID_REQUEST,59.803,42.79,6.171,1.0,FELIZ_II,EV_MOTORBIKE,3.0,2.76,2.0,True,True,True,validation
DE003584,T0141,V0021,2026-09-01T20:10:46.748025015+07:00,DRIVER_REQUEST,True,,ANY,"['CHARGING', 'BATTERY_SWAP']",True,VALID_REQUEST,59.803,42.79,6.171,1.0,FELIZ_II,EV_MOTORBIKE,3.0,2.76,2.0,True,True,True,validation
DE003585,T0141,V0021,2026-09-01T20:13:22.925267428+07:00,AUTO_DETECTED,False,,,"['CHARGING', 'BATTERY_SWAP']",,SUFFICIENT_SOC_RANGE,58.402,41.79,5.169,1.0,FELIZ_II,EV_MOTORBIKE,3.0,2.76,2.0,True,True,True,validation
DE003586,T0141,V0021,2026-09-01T20:13:22.925267428+07:00,DRIVER_REQUEST,True,CHARGING,CHARGING,"['CHARGING', 'BATTERY_SWAP']",True,VALID_REQUEST,58.402,41.79,5.169,1.0,FELIZ_II,EV_MOTORBIKE,3.0,2.76,2.0,True,True,True,validation
DE003587,T0141,V0021,2026-09-01T20:13:22.925267428+07:00,DRIVER_REQUEST,True,BATTERY_SWAP,BATTERY_SWAP,"['CHARGING', 'BATTERY_SWAP']",True,VALID_REQUEST,58.402,41.79,5.169,1.0,FELIZ_II,EV_MOTORBIKE,3.0,2.76,2.0,True,True,True,validation
DE003588,T0141,V0021,2026-09-01T20:13:22.925267428+07:00,DRIVER_REQUEST,True,,ANY,"['CHARGING', 'BATTERY_SWAP']",True,VALID_REQUEST,58.402,41.79,5.169,1.0,FELIZ_II,EV_MOTORBIKE,3.0,2.76,2.0,True,True,True,validation
DE003589,T0141,V0021,2026-09-01T20:15:26.643694857+07:00,AUTO_DETECTED,False,,,"['CHARGING', 'BATTERY_SWAP']",,SUFFICIENT_SOC_RANGE,57.183,40.92,4.296,1.0,FELIZ_II,EV_MOTORBIKE,3.0,2.76,2.0,True,True,True,validation
DE003590,T0141,V0021,2026-09-01T20:15:26.643694857+07:00,DRIVER_REQUEST,True,CHARGING,CHARGING,"['CHARGING', 'BATTERY_SWAP']",True,VALID_REQUEST,57.183,40.92,4.296,1.0,FELIZ_II,EV_MOTORBIKE,3.0,2.76,2.0,True,True,True,validation
DE003591,T0141,V0021,2026-09-01T20:15:26.643694857+07:00,DRIVER_REQUEST,True,BATTERY_SWAP,BATTERY_SWAP,"['CHARGING', 'BATTERY_SWAP']",True,VALID_REQUEST,57.183,40.92,4.296,1.0,FELIZ_II,EV_MOTORBIKE,3.0,2.76,2.0,True,True,True,validation
DE003592,T0141,V0021,2026-09-01T20:15:26.643694857+07:00,DRIVER_REQUEST,True,,ANY,"['CHARGING', 'BATTERY_SWAP']",True,VALID_REQUEST,57.183,40.92,4.296,1.0,FELIZ_II,EV_MOTORBIKE,3.0,2.76,2.0,True,True,True,validation
DE003593,T0141,V0021,2026-09-01T20:18:06.515970285+07:00,AUTO_DETECTED,False,,,"['CHARGING', 'BATTERY_SWAP']",,SUFFICIENT_SOC_RANGE,55.871,39.98,3.358,1.0,FELIZ_II,EV_MOTORBIKE,3.0,2.76,2.0,True,True,True,validation
DE003594,T0141,V0021,2026-09-01T20:18:06.515970285+07:00,DRIVER_REQUEST,True,CHARGING,CHARGING,"['CHARGING', 'BATTERY_SWAP']",True,VALID_REQUEST,55.871,39.98,3.358,1.0,FELIZ_II,EV_MOTORBIKE,3.0,2.76,2.0,True,True,True,validation
DE003595,T0141,V0021,2026-09-01T20:18:06.515970285+07:00,DRIVER_REQUEST,True,BATTERY_SWAP,BATTERY_SWAP,"['CHARGING', 'BATTERY_SWAP']",True,VALID_REQUEST,55.871,39.98,3.358,1.0,FELIZ_II,EV_MOTORBIKE,3.0,2.76,2.0,True,True,True,validation
DE003596,T0141,V0021,2026-09-01T20:18:06.515970285+07:00,DRIVER_REQUEST,True,,ANY,"['CHARGING', 'BATTERY_SWAP']",True,VALID_REQUEST,55.871,39.98,3.358,1.0,FELIZ_II,EV_MOTORBIKE,3.0,2.76,2.0,True,True,True,validation
DE003597,T0141,V0021,2026-09-01T20:20:33.711820571+07:00,AUTO_DETECTED,False,,,"['CHARGING', 'BATTERY_SWAP']",,SUFFICIENT_SOC_RANGE,54.572,39.05,2.428,1.0,FELIZ_II,EV_MOTORBIKE,3.0,2.76,2.0,True,True,True,validation
DE003598,T0141,V0021,2026-09-01T20:20:33.711820571+07:00,DRIVER_REQUEST,True,CHARGING,CHARGING,"['CHARGING', 'BATTERY_SWAP']",True,VALID_REQUEST,54.572,39.05,2.428,1.0,FELIZ_II,EV_MOTORBIKE,3.0,2.76,2.0,True,True,True,validation
DE003599,T0141,V0021,2026-09-01T20:20:33.711820571+07:00,DRIVER_REQUEST,True,BATTERY_SWAP,BATTERY_SWAP,"['CHARGING', 'BATTERY_SWAP']",True,VALID_REQUEST,54.572,39.05,2.428,1.0,FELIZ_II,EV_MOTORBIKE,3.0,2.76,2.0,True,True,True,validation
DE003600,T0141,V0021,2026-09-01T20:20:33.711820571+07:00,DRIVER_REQUEST,True,,ANY,"['CHARGING', 'BATTERY_SWAP']",True,VALID_REQUEST,54.572,39.05,2.428,1.0,FELIZ_II,EV_MOTORBIKE,3.0,2.76,2.0,True,True,True,validation
DE003601,T0141,V0021,2026-09-01T20:22:18.629500571+07:00,AUTO_DETECTED,False,,,"['CHARGING', 'BATTERY_SWAP']",,SUFFICIENT_SOC_RANGE,53.491,38.28,1.655,1.0,FELIZ_II,EV_MOTORBIKE,3.0,2.76,2.0,True,True,True,validation
DE003602,T0141,V0021,2026-09-01T20:22:18.629500571+07:00,DRIVER_REQUEST,True,CHARGING,CHARGING,"['CHARGING', 'BATTERY_SWAP']",True,VALID_REQUEST,53.491,38.28,1.655,1.0,FELIZ_II,EV_MOTORBIKE,3.0,2.76,2.0,True,True,True,validation
DE003603,T0141,V0021,2026-09-01T20:22:18.629500571+07:00,DRIVER_REQUEST,True,BATTERY_SWAP,BATTERY_SWAP,"['CHARGING', 'BATTERY_SWAP']",True,VALID_REQUEST,53.491,38.28,1.655,1.0,FELIZ_II,EV_MOTORBIKE,3.0,2.76,2.0,True,True,True,validation
DE003604,T0141,V0021,2026-09-01T20:22:18.629500571+07:00,DRIVER_REQUEST,True,,ANY,"['CHARGING', 'BATTERY_SWAP']",True,VALID_REQUEST,53.491,38.28,1.655,1.0,FELIZ_II,EV_MOTORBIKE,3.0,2.76,2.0,True,True,True,validation
DE003605,T0141,V0021,2026-09-01T20:24:48.954599999+07:00,AUTO_DETECTED,False,,,"['CHARGING', 'BATTERY_SWAP']",,SUFFICIENT_SOC_RANGE,52.115,37.29,0.671,1.0,FELIZ_II,EV_MOTORBIKE,3.0,2.76,2.0,True,True,True,validation
DE003606,T0141,V0021,2026-09-01T20:24:48.954599999+07:00,DRIVER_REQUEST,True,CHARGING,CHARGING,"['CHARGING', 'BATTERY_SWAP']",True,VALID_REQUEST,52.115,37.29,0.671,1.0,FELIZ_II,EV_MOTORBIKE,3.0,2.76,2.0,True,True,True,validation
DE003607,T0141,V0021,2026-09-01T20:24:48.954599999+07:00,DRIVER_REQUEST,True,BATTERY_SWAP,BATTERY_SWAP,"['CHARGING', 'BATTERY_SWAP']",True,VALID_REQUEST,52.115,37.29,0.671,1.0,FELIZ_II,EV_MOTORBIKE,3.0,2.76,2.0,True,True,True,validation
DE003608,T0141,V0021,2026-09-01T20:24:48.954599999+07:00,DRIVER_REQUEST,True,,ANY,"['CHARGING', 'BATTERY_SWAP']",True,VALID_REQUEST,52.115,37.29,0.671,1.0,FELIZ_II,EV_MOTORBIKE,3.0,2.76,2.0,True,True,True,validation
DE003609,T0142,V0022,2026-09-01T20:13:20.148671999+07:00,AUTO_DETECTED,False,,,['CHARGING'],,SUFFICIENT_SOC_RANGE,57.287,175.68,6.773,1.016,VF_8,EV_CAR,87.7,80.68,,False,True,False,validation
DE003610,T0142,V0022,2026-09-01T20:13:20.148671999+07:00,DRIVER_REQUEST,True,CHARGING,CHARGING,['CHARGING'],True,VALID_REQUEST,57.287,175.68,6.773,1.016,VF_8,EV_CAR,87.7,80.68,,False,True,False,validation
DE003611,T0142,V0022,2026-09-01T20:13:20.148671999+07:00,DRIVER_REQUEST,True,,BATTERY_SWAP,['CHARGING'],False,UNSUPPORTED_SERVICE,57.287,175.68,6.773,1.016,VF_8,EV_CAR,87.7,80.68,,False,True,False,validation
DE003612,T0142,V0022,2026-09-01T20:15:17.127504+07:00,AUTO_DETECTED,False,,,['CHARGING'],,SUFFICIENT_SOC_RANGE,57.023,174.87,5.961,1.0,VF_8,EV_CAR,87.7,80.68,,False,True,False,validation
DE003613,T0142,V0022,2026-09-01T20:15:17.127504+07:00,DRIVER_REQUEST,True,CHARGING,CHARGING,['CHARGING'],True,VALID_REQUEST,57.023,174.87,5.961,1.0,VF_8,EV_CAR,87.7,80.68,,False,True,False,validation
DE003614,T0142,V0022,2026-09-01T20:15:17.127504+07:00,DRIVER_REQUEST,True,,BATTERY_SWAP,['CHARGING'],False,UNSUPPORTED_SERVICE,57.023,174.87,5.961,1.0,VF_8,EV_CAR,87.7,80.68,,False,True,False,validation
DE003615,T0142,V0022,2026-09-01T20:17:23.418573473+07:00,AUTO_DETECTED,False,,,['CHARGING'],,SUFFICIENT_SOC_RANGE,56.737,173.99,5.084,1.0,VF_8,EV_CAR,87.7,80.68,,False,True,False,validation
DE003616,T0142,V0022,2026-09-01T20:17:23.418573473+07:00,DRIVER_REQUEST,True,CHARGING,CHARGING,['CHARGING'],True,VALID_REQUEST,56.737,173.99,5.084,1.0,VF_8,EV_CAR,87.7,80.68,,False,True,False,validation
DE003617,T0142,V0022,2026-09-01T20:17:23.418573473+07:00,DRIVER_REQUEST,True,,BATTERY_SWAP,['CHARGING'],False,UNSUPPORTED_SERVICE,56.737,173.99,5.084,1.0,VF_8,EV_CAR,87.7,80.68,,False,True,False,validation
DE003618,T0142,V0022,2026-09-01T20:19:35.327078400+07:00,AUTO_DETECTED,False,,,['CHARGING'],,SUFFICIENT_SOC_RANGE,56.438,173.08,4.168,1.0,VF_8,EV_CAR,87.7,80.68,,False,True,False,validation
DE003619,T0142,V0022,2026-09-01T20:19:35.327078400+07:00,DRIVER_REQUEST,True,CHARGING,CHARGING,['CHARGING'],True,VALID_REQUEST,56.438,173.08,4.168,1.0,VF_8,EV_CAR,87.7,80.68,,False,True,False,validation
DE003620,T0142,V0022,2026-09-01T20:19:35.327078400+07:00,DRIVER_REQUEST,True,,BATTERY_SWAP,['CHARGING'],False,UNSUPPORTED_SERVICE,56.438,173.08,4.168,1.0,VF_8,EV_CAR,87.7,80.68,,False,True,False,validation
DE003621,T0142,V0022,2026-09-01T20:21:49.143657599+07:00,AUTO_DETECTED,False,,,['CHARGING'],,SUFFICIENT_SOC_RANGE,56.135,172.15,3.238,1.0,VF_8,EV_CAR,87.7,80.68,,False,True,False,validation
DE003622,T0142,V0022,2026-09-01T20:21:49.143657599+07:00,DRIVER_REQUEST,True,CHARGING,CHARGING,['CHARGING'],True,VALID_REQUEST,56.135,172.15,3.238,1.0,VF_8,EV_CAR,87.7,80.68,,False,True,False,validation
DE003623,T0142,V0022,2026-09-01T20:21:49.143657599+07:00,DRIVER_REQUEST,True,,BATTERY_SWAP,['CHARGING'],False,UNSUPPORTED_SERVICE,56.135,172.15,3.238,1.0,VF_8,EV_CAR,87.7,80.68,,False,True,False,validation
DE003624,T0142,V0022,2026-09-01T20:23:46.577903999+07:00,AUTO_DETECTED,False,,,['CHARGING'],,SUFFICIENT_SOC_RANGE,55.869,171.33,2.423,1.0,VF_8,EV_CAR,87.7,80.68,,False,True,False,validation
DE003625,T0142,V0022,2026-09-01T20:23:46.577903999+07:00,DRIVER_REQUEST,True,CHARGING,CHARGING,['CHARGING'],True,VALID_REQUEST,55.869,171.33,2.423,1.0,VF_8,EV_CAR,87.7,80.68,,False,True,False,validation
DE003626,T0142,V0022,2026-09-01T20:23:46.577903999+07:00,DRIVER_REQUEST,True,,BATTERY_SWAP,['CHARGING'],False,UNSUPPORTED_SERVICE,55.869,171.33,2.423,1.0,VF_8,EV_CAR,87.7,80.68,,False,True,False,validation
DE003627,T0142,V0022,2026-09-01T20:25:55.465967999+07:00,AUTO_DETECTED,False,,,['CHARGING'],,SUFFICIENT_SOC_RANGE,55.577,170.44,1.528,1.0,VF_8,EV_CAR,87.7,80.68,,False,True,False,validation
DE003628,T0142,V0022,2026-09-01T20:25:55.465967999+07:00,DRIVER_REQUEST,True,CHARGING,CHARGING,['CHARGING'],True,VALID_REQUEST,55.577,170.44,1.528,1.0,VF_8,EV_CAR,87.7,80.68,,False,True,False,validation
DE003629,T0142,V0022,2026-09-01T20:25:55.465967999+07:00,DRIVER_REQUEST,True,,BATTERY_SWAP,['CHARGING'],False,UNSUPPORTED_SERVICE,55.577,170.44,1.528,1.0,VF_8,EV_CAR,87.7,80.68,,False,True,False,validation
DE003630,T0142,V0022,2026-09-01T20:28:07.563431999+07:00,AUTO_DETECTED,False,,,['CHARGING'],,SUFFICIENT_SOC_RANGE,55.278,169.52,0.61,1.0,VF_8,EV_CAR,87.7,80.68,,False,True,False,validation
DE003631,T0142,V0022,2026-09-01T20:28:07.563431999+07:00,DRIVER_REQUEST,True,CHARGING,CHARGING,['CHARGING'],True,VALID_REQUEST,55.278,169.52,0.61,1.0,VF_8,EV_CAR,87.7,80.68,,False,True,False,validation
DE003632,T0142,V0022,2026-09-01T20:28:07.563431999+07:00,DRIVER_REQUEST,True,,BATTERY_SWAP,['CHARGING'],False,UNSUPPORTED_SERVICE,55.278,169.52,0.61,1.0,VF_8,EV_CAR,87.7,80.68,,False,True,False,validation
DE003633,T0143,V0023,2026-09-01T20:19:21.479451923+07:00,AUTO_DETECTED,True,CHARGING,,['CHARGING'],,LOW_SOC,17.798,54.58,7.16,1.074,VF_9,EV_CAR,123.0,113.16,,False,True,False,test
DE003634,T0143,V0023,2026-09-01T20:19:21.479451923+07:00,DRIVER_REQUEST,True,CHARGING,CHARGING,['CHARGING'],True,VALID_REQUEST,17.798,54.58,7.16,1.074,VF_9,EV_CAR,123.0,113.16,,False,True,False,test
DE003635,T0143,V0023,2026-09-01T20:19:21.479451923+07:00,DRIVER_REQUEST,True,,BATTERY_SWAP,['CHARGING'],False,UNSUPPORTED_SERVICE,17.798,54.58,7.16,1.074,VF_9,EV_CAR,123.0,113.16,,False,True,False,test
DE003636,T0143,V0023,2026-09-01T20:21:49.462448500+07:00,AUTO_DETECTED,True,CHARGING,,['CHARGING'],,LOW_SOC,17.519,53.73,6.304,1.0,VF_9,EV_CAR,123.0,113.16,,False,True,False,test
DE003637,T0143,V0023,2026-09-01T20:21:49.462448500+07:00,DRIVER_REQUEST,True,CHARGING,CHARGING,['CHARGING'],True,VALID_REQUEST,17.519,53.73,6.304,1.0,VF_9,EV_CAR,123.0,113.16,,False,True,False,test
DE003638,T0143,V0023,2026-09-01T20:21:49.462448500+07:00,DRIVER_REQUEST,True,,BATTERY_SWAP,['CHARGING'],False,UNSUPPORTED_SERVICE,17.519,53.73,6.304,1.0,VF_9,EV_CAR,123.0,113.16,,False,True,False,test
DE003639,T0143,V0023,2026-09-01T20:23:49.388618499+07:00,AUTO_DETECTED,True,CHARGING,,['CHARGING'],,LOW_SOC,17.206,52.77,5.345,1.0,VF_9,EV_CAR,123.0,113.16,,False,True,False,test
DE003640,T0143,V0023,2026-09-01T20:23:49.388618499+07:00,DRIVER_REQUEST,True,CHARGING,CHARGING,['CHARGING'],True,VALID_REQUEST,17.206,52.77,5.345,1.0,VF_9,EV_CAR,123.0,113.16,,False,True,False,test
DE003641,T0143,V0023,2026-09-01T20:23:49.388618499+07:00,DRIVER_REQUEST,True,,BATTERY_SWAP,['CHARGING'],False,UNSUPPORTED_SERVICE,17.206,52.77,5.345,1.0,VF_9,EV_CAR,123.0,113.16,,False,True,False,test
DE003642,T0143,V0023,2026-09-01T20:25:53.181520999+07:00,AUTO_DETECTED,True,CHARGING,,['CHARGING'],,LOW_SOC,16.899,51.82,4.402,1.0,VF_9,EV_CAR,123.0,113.16,,False,True,False,test
DE003643,T0143,V0023,2026-09-01T20:25:53.181520999+07:00,DRIVER_REQUEST,True,CHARGING,CHARGING,['CHARGING'],True,VALID_REQUEST,16.899,51.82,4.402,1.0,VF_9,EV_CAR,123.0,113.16,,False,True,False,test
DE003644,T0143,V0023,2026-09-01T20:25:53.181520999+07:00,DRIVER_REQUEST,True,,BATTERY_SWAP,['CHARGING'],False,UNSUPPORTED_SERVICE,16.899,51.82,4.402,1.0,VF_9,EV_CAR,123.0,113.16,,False,True,False,test
DE003645,T0143,V0023,2026-09-01T20:27:44.775081+07:00,AUTO_DETECTED,True,CHARGING,,['CHARGING'],,LOW_SOC,16.6,50.91,3.485,1.0,VF_9,EV_CAR,123.0,113.16,,False,True,False,test
DE003646,T0143,V0023,2026-09-01T20:27:44.775081+07:00,DRIVER_REQUEST,True,CHARGING,CHARGING,['CHARGING'],True,VALID_REQUEST,16.6,50.91,3.485,1.0,VF_9,EV_CAR,123.0,113.16,,False,True,False,test
DE003647,T0143,V0023,2026-09-01T20:27:44.775081+07:00,DRIVER_REQUEST,True,,BATTERY_SWAP,['CHARGING'],False,UNSUPPORTED_SERVICE,16.6,50.91,3.485,1.0,VF_9,EV_CAR,123.0,113.16,,False,True,False,test
DE003648,T0143,V0023,2026-09-01T20:29:59.698873+07:00,AUTO_DETECTED,True,CHARGING,,['CHARGING'],,LOW_SOC,16.271,49.9,2.476,1.0,VF_9,EV_CAR,123.0,113.16,,False,True,False,test
DE003649,T0143,V0023,2026-09-01T20:29:59.698873+07:00,DRIVER_REQUEST,True,CHARGING,CHARGING,['CHARGING'],True,VALID_REQUEST,16.271,49.9,2.476,1.0,VF_9,EV_CAR,123.0,113.16,,False,True,False,test
DE003650,T0143,V0023,2026-09-01T20:29:59.698873+07:00,DRIVER_REQUEST,True,,BATTERY_SWAP,['CHARGING'],False,UNSUPPORTED_SERVICE,16.271,49.9,2.476,1.0,VF_9,EV_CAR,123.0,113.16,,False,True,False,test
DE003651,T0143,V0023,2026-09-01T20:32:05.539424499+07:00,AUTO_DETECTED,True,CHARGING,,['CHARGING'],,LOW_SOC,15.956,48.93,1.511,1.0,VF_9,EV_CAR,123.0,113.16,,False,True,False,test
DE003652,T0143,V0023,2026-09-01T20:32:05.539424499+07:00,DRIVER_REQUEST,True,CHARGING,CHARGING,['CHARGING'],True,VALID_REQUEST,15.956,48.93,1.511,1.0,VF_9,EV_CAR,123.0,113.16,,False,True,False,test
DE003653,T0143,V0023,2026-09-01T20:32:05.539424499+07:00,DRIVER_REQUEST,True,,BATTERY_SWAP,['CHARGING'],False,UNSUPPORTED_SERVICE,15.956,48.93,1.511,1.0,VF_9,EV_CAR,123.0,113.16,,False,True,False,test
DE003654,T0143,V0023,2026-09-01T20:33:53.087240815+07:00,AUTO_DETECTED,True,CHARGING,,['CHARGING'],,LOW_SOC,15.658,48.02,0.598,1.0,VF_9,EV_CAR,123.0,113.16,,False,True,False,test
DE003655,T0143,V0023,2026-09-01T20:33:53.087240815+07:00,DRIVER_REQUEST,True,CHARGING,CHARGING,['CHARGING'],True,VALID_REQUEST,15.658,48.02,0.598,1.0,VF_9,EV_CAR,123.0,113.16,,False,True,False,test
DE003656,T0143,V0023,2026-09-01T20:33:53.087240815+07:00,DRIVER_REQUEST,True,,BATTERY_SWAP,['CHARGING'],False,UNSUPPORTED_SERVICE,15.658,48.02,0.598,1.0,VF_9,EV_CAR,123.0,113.16,,False,True,False,test
DE003657,T0144,V0024,2026-09-01T20:25:35.434127999+07:00,AUTO_DETECTED,True,CHARGING,,['CHARGING'],,LOW_SOC,17.074,12.22,7.439,1.116,EVO200,EV_MOTORBIKE,3.5,3.22,,False,True,False,train
DE003658,T0144,V0024,2026-09-01T20:25:35.434127999+07:00,DRIVER_REQUEST,True,CHARGING,CHARGING,['CHARGING'],True,VALID_REQUEST,17.074,12.22,7.439,1.116,EVO200,EV_MOTORBIKE,3.5,3.22,,False,True,False,train
DE003659,T0144,V0024,2026-09-01T20:25:35.434127999+07:00,DRIVER_REQUEST,True,,BATTERY_SWAP,['CHARGING'],False,UNSUPPORTED_SERVICE,17.074,12.22,7.439,1.116,EVO200,EV_MOTORBIKE,3.5,3.22,,False,True,False,train
DE003660,T0144,V0024,2026-09-01T20:27:24.953712+07:00,AUTO_DETECTED,True,CHARGING,,['CHARGING'],,LOW_SOC,16.011,11.46,6.679,1.002,EVO200,EV_MOTORBIKE,3.5,3.22,,False,True,False,train
DE003661,T0144,V0024,2026-09-01T20:27:24.953712+07:00,DRIVER_REQUEST,True,CHARGING,CHARGING,['CHARGING'],True,VALID_REQUEST,16.011,11.46,6.679,1.002,EVO200,EV_MOTORBIKE,3.5,3.22,,False,True,False,train
DE003662,T0144,V0024,2026-09-01T20:27:24.953712+07:00,DRIVER_REQUEST,True,,BATTERY_SWAP,['CHARGING'],False,UNSUPPORTED_SERVICE,16.011,11.46,6.679,1.002,EVO200,EV_MOTORBIKE,3.5,3.22,,False,True,False,train
DE003663,T0144,V0024,2026-09-01T20:30:00.353791999+07:00,AUTO_DETECTED,True,CHARGING,,['CHARGING'],,LOW_SOC,14.614,10.46,5.679,1.0,EVO200,EV_MOTORBIKE,3.5,3.22,,False,True,False,train
DE003664,T0144,V0024,2026-09-01T20:30:00.353791999+07:00,DRIVER_REQUEST,True,CHARGING,CHARGING,['CHARGING'],True,VALID_REQUEST,14.614,10.46,5.679,1.0,EVO200,EV_MOTORBIKE,3.5,3.22,,False,True,False,train
DE003665,T0144,V0024,2026-09-01T20:30:00.353791999+07:00,DRIVER_REQUEST,True,,BATTERY_SWAP,['CHARGING'],False,UNSUPPORTED_SERVICE,14.614,10.46,5.679,1.0,EVO200,EV_MOTORBIKE,3.5,3.22,,False,True,False,train
DE003666,T0144,V0024,2026-09-01T20:32:24.267935999+07:00,AUTO_DETECTED,True,CHARGING,,['CHARGING'],,LOW_SOC,13.272,9.5,4.719,1.0,EVO200,EV_MOTORBIKE,3.5,3.22,,False,True,False,train
DE003667,T0144,V0024,2026-09-01T20:32:24.267935999+07:00,DRIVER_REQUEST,True,CHARGING,CHARGING,['CHARGING'],True,VALID_REQUEST,13.272,9.5,4.719,1.0,EVO200,EV_MOTORBIKE,3.5,3.22,,False,True,False,train
DE003668,T0144,V0024,2026-09-01T20:32:24.267935999+07:00,DRIVER_REQUEST,True,,BATTERY_SWAP,['CHARGING'],False,UNSUPPORTED_SERVICE,13.272,9.5,4.719,1.0,EVO200,EV_MOTORBIKE,3.5,3.22,,False,True,False,train
DE003669,T0144,V0024,2026-09-01T20:34:48.513839999+07:00,AUTO_DETECTED,True,CHARGING,,['CHARGING'],,LOW_SOC,11.873,8.5,3.718,1.0,EVO200,EV_MOTORBIKE,3.5,3.22,,False,True,False,train
DE003670,T0144,V0024,2026-09-01T20:34:48.513839999+07:00,DRIVER_REQUEST,True,CHARGING,CHARGING,['CHARGING'],True,VALID_REQUEST,11.873,8.5,3.718,1.0,EVO200,EV_MOTORBIKE,3.5,3.22,,False,True,False,train
DE003671,T0144,V0024,2026-09-01T20:34:48.513839999+07:00,DRIVER_REQUEST,True,,BATTERY_SWAP,['CHARGING'],False,UNSUPPORTED_SERVICE,11.873,8.5,3.718,1.0,EVO200,EV_MOTORBIKE,3.5,3.22,,False,True,False,train
DE003672,T0144,V0024,2026-09-01T20:36:49.791603999+07:00,AUTO_DETECTED,True,CHARGING,,['CHARGING'],,LOW_SOC,10.609,7.59,2.814,1.0,EVO200,EV_MOTORBIKE,3.5,3.22,,False,True,False,train
DE003673,T0144,V0024,2026-09-01T20:36:49.791603999+07:00,DRIVER_REQUEST,True,CHARGING,CHARGING,['CHARGING'],True,VALID_REQUEST,10.609,7.59,2.814,1.0,EVO200,EV_MOTORBIKE,3.5,3.22,,False,True,False,train
DE003674,T0144,V0024,2026-09-01T20:36:49.791603999+07:00,DRIVER_REQUEST,True,,BATTERY_SWAP,['CHARGING'],False,UNSUPPORTED_SERVICE,10.609,7.59,2.814,1.0,EVO200,EV_MOTORBIKE,3.5,3.22,,False,True,False,train
DE003675,T0144,V0024,2026-09-01T20:39:27.030156+07:00,AUTO_DETECTED,True,CHARGING,,['CHARGING'],,LOW_SOC,9.252,6.62,1.842,1.0,EVO200,EV_MOTORBIKE,3.5,3.22,,False,True,False,train
DE003676,T0144,V0024,2026-09-01T20:39:27.030156+07:00,DRIVER_REQUEST,True,CHARGING,CHARGING,['CHARGING'],True,VALID_REQUEST,9.252,6.62,1.842,1.0,EVO200,EV_MOTORBIKE,3.5,3.22,,False,True,False,train
DE003677,T0144,V0024,2026-09-01T20:39:27.030156+07:00,DRIVER_REQUEST,True,,BATTERY_SWAP,['CHARGING'],False,UNSUPPORTED_SERVICE,9.252,6.62,1.842,1.0,EVO200,EV_MOTORBIKE,3.5,3.22,,False,True,False,train
DE003678,T0144,V0024,2026-09-01T20:42:03.767657999+07:00,AUTO_DETECTED,True,CHARGING,,['CHARGING'],,LOW_SOC,7.674,5.49,0.713,1.0,EVO200,EV_MOTORBIKE,3.5,3.22,,False,True,False,train
DE003679,T0144,V0024,2026-09-01T20:42:03.767657999+07:00,DRIVER_REQUEST,True,CHARGING,CHARGING,['CHARGING'],True,VALID_REQUEST,7.674,5.49,0.713,1.0,EVO200,EV_MOTORBIKE,3.5,3.22,,False,True,False,train
DE003680,T0144,V0024,2026-09-01T20:42:03.767657999+07:00,DRIVER_REQUEST,True,,BATTERY_SWAP,['CHARGING'],False,UNSUPPORTED_SERVICE,7.674,5.49,0.713,1.0,EVO200,EV_MOTORBIKE,3.5,3.22,,False,True,False,train
DE003681,T0145,V0025,2026-09-01T06:00:53.045737500+07:00,AUTO_DETECTED,True,CHARGING,,['CHARGING'],,LOW_SOC,17.911,54.93,3.687,1.0,VF_E34,EV_CAR,41.9,38.55,,False,True,False,validation
DE003682,T0145,V0025,2026-09-01T06:00:53.045737500+07:00,DRIVER_REQUEST,True,CHARGING,CHARGING,['CHARGING'],True,VALID_REQUEST,17.911,54.93,3.687,1.0,VF_E34,EV_CAR,41.9,38.55,,False,True,False,validation
DE003683,T0145,V0025,2026-09-01T06:00:53.045737500+07:00,DRIVER_REQUEST,True,,BATTERY_SWAP,['CHARGING'],False,UNSUPPORTED_SERVICE,17.911,54.93,3.687,1.0,VF_E34,EV_CAR,41.9,38.55,,False,True,False,validation
DE003684,T0145,V0025,2026-09-01T06:01:39.323005+07:00,AUTO_DETECTED,True,CHARGING,,['CHARGING'],,LOW_SOC,17.799,54.58,3.346,1.0,VF_E34,EV_CAR,41.9,38.55,,False,True,False,validation
DE003685,T0145,V0025,2026-09-01T06:01:39.323005+07:00,DRIVER_REQUEST,True,CHARGING,CHARGING,['CHARGING'],True,VALID_REQUEST,17.799,54.58,3.346,1.0,VF_E34,EV_CAR,41.9,38.55,,False,True,False,validation
DE003686,T0145,V0025,2026-09-01T06:01:39.323005+07:00,DRIVER_REQUEST,True,,BATTERY_SWAP,['CHARGING'],False,UNSUPPORTED_SERVICE,17.799,54.58,3.346,1.0,VF_E34,EV_CAR,41.9,38.55,,False,True,False,validation
DE003687,T0145,V0025,2026-09-01T06:02:46.843909500+07:00,AUTO_DETECTED,True,CHARGING,,['CHARGING'],,LOW_SOC,17.631,54.07,2.829,1.0,VF_E34,EV_CAR,41.9,38.55,,False,True,False,validation
DE003688,T0145,V0025,2026-09-01T06:02:46.843909500+07:00,DRIVER_REQUEST,True,CHARGING,CHARGING,['CHARGING'],True,VALID_REQUEST,17.631,54.07,2.829,1.0,VF_E34,EV_CAR,41.9,38.55,,False,True,False,validation
DE003689,T0145,V0025,2026-09-01T06:02:46.843909500+07:00,DRIVER_REQUEST,True,,BATTERY_SWAP,['CHARGING'],False,UNSUPPORTED_SERVICE,17.631,54.07,2.829,1.0,VF_E34,EV_CAR,41.9,38.55,,False,True,False,validation
DE003690,T0145,V0025,2026-09-01T06:03:51.945085500+07:00,AUTO_DETECTED,True,CHARGING,,['CHARGING'],,LOW_SOC,17.473,53.59,2.347,1.0,VF_E34,EV_CAR,41.9,38.55,,False,True,False,validation
DE003691,T0145,V0025,2026-09-01T06:03:51.945085500+07:00,DRIVER_REQUEST,True,CHARGING,CHARGING,['CHARGING'],True,VALID_REQUEST,17.473,53.59,2.347,1.0,VF_E34,EV_CAR,41.9,38.55,,False,True,False,validation
DE003692,T0145,V0025,2026-09-01T06:03:51.945085500+07:00,DRIVER_REQUEST,True,,BATTERY_SWAP,['CHARGING'],False,UNSUPPORTED_SERVICE,17.473,53.59,2.347,1.0,VF_E34,EV_CAR,41.9,38.55,,False,True,False,validation
DE003693,T0145,V0025,2026-09-01T06:05:17.250821500+07:00,AUTO_DETECTED,True,CHARGING,,['CHARGING'],,LOW_SOC,17.302,53.06,1.822,1.0,VF_E34,EV_CAR,41.9,38.55,,False,True,False,validation
DE003694,T0145,V0025,2026-09-01T06:05:17.250821500+07:00,DRIVER_REQUEST,True,CHARGING,CHARGING,['CHARGING'],True,VALID_REQUEST,17.302,53.06,1.822,1.0,VF_E34,EV_CAR,41.9,38.55,,False,True,False,validation
DE003695,T0145,V0025,2026-09-01T06:05:17.250821500+07:00,DRIVER_REQUEST,True,,BATTERY_SWAP,['CHARGING'],False,UNSUPPORTED_SERVICE,17.302,53.06,1.822,1.0,VF_E34,EV_CAR,41.9,38.55,,False,True,False,validation
DE003696,T0145,V0025,2026-09-01T06:06:26.576623499+07:00,AUTO_DETECTED,True,CHARGING,,['CHARGING'],,LOW_SOC,17.157,52.61,1.375,1.0,VF_E34,EV_CAR,41.9,38.55,,False,True,False,validation
DE003697,T0145,V0025,2026-09-01T06:06:26.576623499+07:00,DRIVER_REQUEST,True,CHARGING,CHARGING,['CHARGING'],True,VALID_REQUEST,17.157,52.61,1.375,1.0,VF_E34,EV_CAR,41.9,38.55,,False,True,False,validation
DE003698,T0145,V0025,2026-09-01T06:06:26.576623499+07:00,DRIVER_REQUEST,True,,BATTERY_SWAP,['CHARGING'],False,UNSUPPORTED_SERVICE,17.157,52.61,1.375,1.0,VF_E34,EV_CAR,41.9,38.55,,False,True,False,validation
DE003699,T0145,V0025,2026-09-01T06:07:53.336239500+07:00,AUTO_DETECTED,True,CHARGING,,['CHARGING'],,LOW_SOC,16.991,52.11,0.868,1.0,VF_E34,EV_CAR,41.9,38.55,,False,True,False,validation
DE003700,T0145,V0025,2026-09-01T06:07:53.336239500+07:00,DRIVER_REQUEST,True,CHARGING,CHARGING,['CHARGING'],True,VALID_REQUEST,16.991,52.11,0.868,1.0,VF_E34,EV_CAR,41.9,38.55,,False,True,False,validation
DE003701,T0145,V0025,2026-09-01T06:07:53.336239500+07:00,DRIVER_REQUEST,True,,BATTERY_SWAP,['CHARGING'],False,UNSUPPORTED_SERVICE,16.991,52.11,0.868,1.0,VF_E34,EV_CAR,41.9,38.55,,False,True,False,validation
DE003702,T0145,V0025,2026-09-01T06:09:30.003755500+07:00,AUTO_DETECTED,True,CHARGING,,['CHARGING'],,LOW_SOC,16.819,51.58,0.341,1.0,VF_E34,EV_CAR,41.9,38.55,,False,True,False,validation
DE003703,T0145,V0025,2026-09-01T06:09:30.003755500+07:00,DRIVER_REQUEST,True,CHARGING,CHARGING,['CHARGING'],True,VALID_REQUEST,16.819,51.58,0.341,1.0,VF_E34,EV_CAR,41.9,38.55,,False,True,False,validation
DE003704,T0145,V0025,2026-09-01T06:09:30.003755500+07:00,DRIVER_REQUEST,True,,BATTERY_SWAP,['CHARGING'],False,UNSUPPORTED_SERVICE,16.819,51.58,0.341,1.0,VF_E34,EV_CAR,41.9,38.55,,False,True,False,validation
DE003705,T0146,V0026,2026-09-01T06:07:04.061855999+07:00,AUTO_DETECTED,True,CHARGING,,['CHARGING'],,LOW_SOC,17.855,54.76,4.316,1.0,NERIO_GREEN,EV_CAR,41.9,38.55,,False,True,False,test
DE003706,T0146,V0026,2026-09-01T06:07:04.061855999+07:00,DRIVER_REQUEST,True,CHARGING,CHARGING,['CHARGING'],True,VALID_REQUEST,17.855,54.76,4.316,1.0,NERIO_GREEN,EV_CAR,41.9,38.55,,False,True,False,test
DE003707,T0146,V0026,2026-09-01T06:07:04.061855999+07:00,DRIVER_REQUEST,True,,BATTERY_SWAP,['CHARGING'],False,UNSUPPORTED_SERVICE,17.855,54.76,4.316,1.0,NERIO_GREEN,EV_CAR,41.9,38.55,,False,True,False,test
DE003708,T0146,V0026,2026-09-01T06:08:26.384598857+07:00,AUTO_DETECTED,True,CHARGING,,['CHARGING'],,LOW_SOC,17.666,54.18,3.737,1.0,NERIO_GREEN,EV_CAR,41.9,38.55,,False,True,False,test
DE003709,T0146,V0026,2026-09-01T06:08:26.384598857+07:00,DRIVER_REQUEST,True,CHARGING,CHARGING,['CHARGING'],True,VALID_REQUEST,17.666,54.18,3.737,1.0,NERIO_GREEN,EV_CAR,41.9,38.55,,False,True,False,test
DE003710,T0146,V0026,2026-09-01T06:08:26.384598857+07:00,DRIVER_REQUEST,True,,BATTERY_SWAP,['CHARGING'],False,UNSUPPORTED_SERVICE,17.666,54.18,3.737,1.0,NERIO_GREEN,EV_CAR,41.9,38.55,,False,True,False,test
DE003711,T0146,V0026,2026-09-01T06:09:44.041145142+07:00,AUTO_DETECTED,True,CHARGING,,['CHARGING'],,LOW_SOC,17.457,53.54,3.097,1.0,NERIO_GREEN,EV_CAR,41.9,38.55,,False,True,False,test
DE003712,T0146,V0026,2026-09-01T06:09:44.041145142+07:00,DRIVER_REQUEST,True,CHARGING,CHARGING,['CHARGING'],True,VALID_REQUEST,17.457,53.54,3.097,1.0,NERIO_GREEN,EV_CAR,41.9,38.55,,False,True,False,test
DE003713,T0146,V0026,2026-09-01T06:09:44.041145142+07:00,DRIVER_REQUEST,True,,BATTERY_SWAP,['CHARGING'],False,UNSUPPORTED_SERVICE,17.457,53.54,3.097,1.0,NERIO_GREEN,EV_CAR,41.9,38.55,,False,True,False,test
DE003714,T0146,V0026,2026-09-01T06:11:04.371401142+07:00,AUTO_DETECTED,True,CHARGING,,['CHARGING'],,LOW_SOC,17.267,52.95,2.512,1.0,NERIO_GREEN,EV_CAR,41.9,38.55,,False,True,False,test
DE003715,T0146,V0026,2026-09-01T06:11:04.371401142+07:00,DRIVER_REQUEST,True,CHARGING,CHARGING,['CHARGING'],True,VALID_REQUEST,17.267,52.95,2.512,1.0,NERIO_GREEN,EV_CAR,41.9,38.55,,False,True,False,test
DE003716,T0146,V0026,2026-09-01T06:11:04.371401142+07:00,DRIVER_REQUEST,True,,BATTERY_SWAP,['CHARGING'],False,UNSUPPORTED_SERVICE,17.267,52.95,2.512,1.0,NERIO_GREEN,EV_CAR,41.9,38.55,,False,True,False,test
DE003717,T0146,V0026,2026-09-01T06:12:16.842857142+07:00,AUTO_DETECTED,True,CHARGING,,['CHARGING'],,LOW_SOC,17.102,52.45,2.009,1.0,NERIO_GREEN,EV_CAR,41.9,38.55,,False,True,False,test
DE003718,T0146,V0026,2026-09-01T06:12:16.842857142+07:00,DRIVER_REQUEST,True,CHARGING,CHARGING,['CHARGING'],True,VALID_REQUEST,17.102,52.45,2.009,1.0,NERIO_GREEN,EV_CAR,41.9,38.55,,False,True,False,test
DE003719,T0146,V0026,2026-09-01T06:12:16.842857142+07:00,DRIVER_REQUEST,True,,BATTERY_SWAP,['CHARGING'],False,UNSUPPORTED_SERVICE,17.102,52.45,2.009,1.0,NERIO_GREEN,EV_CAR,41.9,38.55,,False,True,False,test
DE003720,T0146,V0026,2026-09-01T06:13:14.576561142+07:00,AUTO_DETECTED,True,CHARGING,,['CHARGING'],,LOW_SOC,16.972,52.05,1.608,1.0,NERIO_GREEN,EV_CAR,41.9,38.55,,False,True,False,test
DE003721,T0146,V0026,2026-09-01T06:13:14.576561142+07:00,DRIVER_REQUEST,True,CHARGING,CHARGING,['CHARGING'],True,VALID_REQUEST,16.972,52.05,1.608,1.0,NERIO_GREEN,EV_CAR,41.9,38.55,,False,True,False,test
DE003722,T0146,V0026,2026-09-01T06:13:14.576561142+07:00,DRIVER_REQUEST,True,,BATTERY_SWAP,['CHARGING'],False,UNSUPPORTED_SERVICE,16.972,52.05,1.608,1.0,NERIO_GREEN,EV_CAR,41.9,38.55,,False,True,False,test
DE003723,T0146,V0026,2026-09-01T06:14:43.053881142+07:00,AUTO_DETECTED,True,CHARGING,,['CHARGING'],,LOW_SOC,16.771,51.43,0.993,1.0,NERIO_GREEN,EV_CAR,41.9,38.55,,False,True,False,test
DE003724,T0146,V0026,2026-09-01T06:14:43.053881142+07:00,DRIVER_REQUEST,True,CHARGING,CHARGING,['CHARGING'],True,VALID_REQUEST,16.771,51.43,0.993,1.0,NERIO_GREEN,EV_CAR,41.9,38.55,,False,True,False,test
DE003725,T0146,V0026,2026-09-01T06:14:43.053881142+07:00,DRIVER_REQUEST,True,,BATTERY_SWAP,['CHARGING'],False,UNSUPPORTED_SERVICE,16.771,51.43,0.993,1.0,NERIO_GREEN,EV_CAR,41.9,38.55,,False,True,False,test
DE003726,T0146,V0026,2026-09-01T06:16:05.471204571+07:00,AUTO_DETECTED,True,CHARGING,,['CHARGING'],,LOW_SOC,16.567,50.8,0.366,1.0,NERIO_GREEN,EV_CAR,41.9,38.55,,False,True,False,test
DE003727,T0146,V0026,2026-09-01T06:16:05.471204571+07:00,DRIVER_REQUEST,True,CHARGING,CHARGING,['CHARGING'],True,VALID_REQUEST,16.567,50.8,0.366,1.0,NERIO_GREEN,EV_CAR,41.9,38.55,,False,True,False,test
DE003728,T0146,V0026,2026-09-01T06:16:05.471204571+07:00,DRIVER_REQUEST,True,,BATTERY_SWAP,['CHARGING'],False,UNSUPPORTED_SERVICE,16.567,50.8,0.366,1.0,NERIO_GREEN,EV_CAR,41.9,38.55,,False,True,False,test
DE003729,T0147,V0027,2026-09-01T06:14:10.390016+07:00,AUTO_DETECTED,True,CHARGING,,['CHARGING'],,LOW_SOC,16.988,12.16,8.087,1.213,EVO200_LITE,EV_MOTORBIKE,3.5,3.22,,False,True,False,train
DE003730,T0147,V0027,2026-09-01T06:14:10.390016+07:00,DRIVER_REQUEST,True,CHARGING,CHARGING,['CHARGING'],True,VALID_REQUEST,16.988,12.16,8.087,1.213,EVO200_LITE,EV_MOTORBIKE,3.5,3.22,,False,True,False,train
DE003731,T0147,V0027,2026-09-01T06:14:10.390016+07:00,DRIVER_REQUEST,True,,BATTERY_SWAP,['CHARGING'],False,UNSUPPORTED_SERVICE,16.988,12.16,8.087,1.213,EVO200_LITE,EV_MOTORBIKE,3.5,3.22,,False,True,False,train
DE003732,T0147,V0027,2026-09-01T06:16:59.571504+07:00,AUTO_DETECTED,True,CHARGING,,['CHARGING'],,LOW_SOC,15.594,11.16,7.089,1.063,EVO200_LITE,EV_MOTORBIKE,3.5,3.22,,False,True,False,train
DE003733,T0147,V0027,2026-09-01T06:16:59.571504+07:00,DRIVER_REQUEST,True,CHARGING,CHARGING,['CHARGING'],True,VALID_REQUEST,15.594,11.16,7.089,1.063,EVO200_LITE,EV_MOTORBIKE,3.5,3.22,,False,True,False,train
DE003734,T0147,V0027,2026-09-01T06:16:59.571504+07:00,DRIVER_REQUEST,True,,BATTERY_SWAP,['CHARGING'],False,UNSUPPORTED_SERVICE,15.594,11.16,7.089,1.063,EVO200_LITE,EV_MOTORBIKE,3.5,3.22,,False,True,False,train
DE003735,T0147,V0027,2026-09-01T06:20:11.577312+07:00,AUTO_DETECTED,True,CHARGING,,['CHARGING'],,LOW_SOC,14.176,10.14,6.075,1.0,EVO200_LITE,EV_MOTORBIKE,3.5,3.22,,False,True,False,train
DE003736,T0147,V0027,2026-09-01T06:20:11.577312+07:00,DRIVER_REQUEST,True,CHARGING,CHARGING,['CHARGING'],True,VALID_REQUEST,14.176,10.14,6.075,1.0,EVO200_LITE,EV_MOTORBIKE,3.5,3.22,,False,True,False,train
DE003737,T0147,V0027,2026-09-01T06:20:11.577312+07:00,DRIVER_REQUEST,True,,BATTERY_SWAP,['CHARGING'],False,UNSUPPORTED_SERVICE,14.176,10.14,6.075,1.0,EVO200_LITE,EV_MOTORBIKE,3.5,3.22,,False,True,False,train
DE003738,T0147,V0027,2026-09-01T06:23:31.177943999+07:00,AUTO_DETECTED,True,CHARGING,,['CHARGING'],,LOW_SOC,12.723,9.1,5.035,1.0,EVO200_LITE,EV_MOTORBIKE,3.5,3.22,,False,True,False,train
DE003739,T0147,V0027,2026-09-01T06:23:31.177943999+07:00,DRIVER_REQUEST,True,CHARGING,CHARGING,['CHARGING'],True,VALID_REQUEST,12.723,9.1,5.035,1.0,EVO200_LITE,EV_MOTORBIKE,3.5,3.22,,False,True,False,train
DE003740,T0147,V0027,2026-09-01T06:23:31.177943999+07:00,DRIVER_REQUEST,True,,BATTERY_SWAP,['CHARGING'],False,UNSUPPORTED_SERVICE,12.723,9.1,5.035,1.0,EVO200_LITE,EV_MOTORBIKE,3.5,3.22,,False,True,False,train
DE003741,T0147,V0027,2026-09-01T06:26:27.717527999+07:00,AUTO_DETECTED,True,CHARGING,,['CHARGING'],,LOW_SOC,11.312,8.09,4.026,1.0,EVO200_LITE,EV_MOTORBIKE,3.5,3.22,,False,True,False,train
DE003742,T0147,V0027,2026-09-01T06:26:27.717527999+07:00,DRIVER_REQUEST,True,CHARGING,CHARGING,['CHARGING'],True,VALID_REQUEST,11.312,8.09,4.026,1.0,EVO200_LITE,EV_MOTORBIKE,3.5,3.22,,False,True,False,train
DE003743,T0147,V0027,2026-09-01T06:26:27.717527999+07:00,DRIVER_REQUEST,True,,BATTERY_SWAP,['CHARGING'],False,UNSUPPORTED_SERVICE,11.312,8.09,4.026,1.0,EVO200_LITE,EV_MOTORBIKE,3.5,3.22,,False,True,False,train
DE003744,T0147,V0027,2026-09-01T06:29:09.762568857+07:00,AUTO_DETECTED,True,CHARGING,,['CHARGING'],,LOW_SOC,9.814,7.02,2.954,1.0,EVO200_LITE,EV_MOTORBIKE,3.5,3.22,,False,True,False,train
DE003745,T0147,V0027,2026-09-01T06:29:09.762568857+07:00,DRIVER_REQUEST,True,CHARGING,CHARGING,['CHARGING'],True,VALID_REQUEST,9.814,7.02,2.954,1.0,EVO200_LITE,EV_MOTORBIKE,3.5,3.22,,False,True,False,train
DE003746,T0147,V0027,2026-09-01T06:29:09.762568857+07:00,DRIVER_REQUEST,True,,BATTERY_SWAP,['CHARGING'],False,UNSUPPORTED_SERVICE,9.814,7.02,2.954,1.0,EVO200_LITE,EV_MOTORBIKE,3.5,3.22,,False,True,False,train
DE003747,T0147,V0027,2026-09-01T06:31:21.564400214+07:00,AUTO_DETECTED,True,CHARGING,,['CHARGING'],,LOW_SOC,8.253,5.91,1.836,1.0,EVO200_LITE,EV_MOTORBIKE,3.5,3.22,,False,True,False,train
DE003748,T0147,V0027,2026-09-01T06:31:21.564400214+07:00,DRIVER_REQUEST,True,CHARGING,CHARGING,['CHARGING'],True,VALID_REQUEST,8.253,5.91,1.836,1.0,EVO200_LITE,EV_MOTORBIKE,3.5,3.22,,False,True,False,train
DE003749,T0147,V0027,2026-09-01T06:31:21.564400214+07:00,DRIVER_REQUEST,True,,BATTERY_SWAP,['CHARGING'],False,UNSUPPORTED_SERVICE,8.253,5.91,1.836,1.0,EVO200_LITE,EV_MOTORBIKE,3.5,3.22,,False,True,False,train
DE003750,T0147,V0027,2026-09-01T06:33:39.134801499+07:00,AUTO_DETECTED,True,CHARGING,,['CHARGING'],,LOW_SOC,6.693,4.79,0.72,1.0,EVO200_LITE,EV_MOTORBIKE,3.5,3.22,,False,True,False,train
DE003751,T0147,V0027,2026-09-01T06:33:39.134801499+07:00,DRIVER_REQUEST,True,CHARGING,CHARGING,['CHARGING'],True,VALID_REQUEST,6.693,4.79,0.72,1.0,EVO200_LITE,EV_MOTORBIKE,3.5,3.22,,False,True,False,train
DE003752,T0147,V0027,2026-09-01T06:33:39.134801499+07:00,DRIVER_REQUEST,True,,BATTERY_SWAP,['CHARGING'],False,UNSUPPORTED_SERVICE,6.693,4.79,0.72,1.0,EVO200_LITE,EV_MOTORBIKE,3.5,3.22,,False,True,False,train
DE003753,T0148,V0028,2026-09-01T06:19:17.392499999+07:00,AUTO_DETECTED,False,,,['CHARGING'],,SUFFICIENT_SOC_RANGE,66.825,204.93,7.153,1.073,VF_3,EV_CAR,18.64,17.15,,False,True,False,test
DE003754,T0148,V0028,2026-09-01T06:19:17.392499999+07:00,DRIVER_REQUEST,True,CHARGING,CHARGING,['CHARGING'],True,VALID_REQUEST,66.825,204.93,7.153,1.073,VF_3,EV_CAR,18.64,17.15,,False,True,False,test
DE003755,T0148,V0028,2026-09-01T06:19:17.392499999+07:00,DRIVER_REQUEST,True,,BATTERY_SWAP,['CHARGING'],False,UNSUPPORTED_SERVICE,66.825,204.93,7.153,1.073,VF_3,EV_CAR,18.64,17.15,,False,True,False,test
DE003756,T0148,V0028,2026-09-01T06:22:04.390868+07:00,AUTO_DETECTED,False,,,['CHARGING'],,SUFFICIENT_SOC_RANGE,66.521,204.0,6.221,1.0,VF_3,EV_CAR,18.64,17.15,,False,True,False,test
DE003757,T0148,V0028,2026-09-01T06:22:04.390868+07:00,DRIVER_REQUEST,True,CHARGING,CHARGING,['CHARGING'],True,VALID_REQUEST,66.521,204.0,6.221,1.0,VF_3,EV_CAR,18.64,17.15,,False,True,False,test
DE003758,T0148,V0028,2026-09-01T06:22:04.390868+07:00,DRIVER_REQUEST,True,,BATTERY_SWAP,['CHARGING'],False,UNSUPPORTED_SERVICE,66.521,204.0,6.221,1.0,VF_3,EV_CAR,18.64,17.15,,False,True,False,test
DE003759,T0148,V0028,2026-09-01T06:25:00.196680+07:00,AUTO_DETECTED,False,,,['CHARGING'],,SUFFICIENT_SOC_RANGE,66.212,203.05,5.274,1.0,VF_3,EV_CAR,18.64,17.15,,False,True,False,test
DE003760,T0148,V0028,2026-09-01T06:25:00.196680+07:00,DRIVER_REQUEST,True,CHARGING,CHARGING,['CHARGING'],True,VALID_REQUEST,66.212,203.05,5.274,1.0,VF_3,EV_CAR,18.64,17.15,,False,True,False,test
DE003761,T0148,V0028,2026-09-01T06:25:00.196680+07:00,DRIVER_REQUEST,True,,BATTERY_SWAP,['CHARGING'],False,UNSUPPORTED_SERVICE,66.212,203.05,5.274,1.0,VF_3,EV_CAR,18.64,17.15,,False,True,False,test
DE003762,T0148,V0028,2026-09-01T06:28:21.796398181+07:00,AUTO_DETECTED,False,,,['CHARGING'],,SUFFICIENT_SOC_RANGE,65.884,202.04,4.267,1.0,VF_3,EV_CAR,18.64,17.15,,False,True,False,test
DE003763,T0148,V0028,2026-09-01T06:28:21.796398181+07:00,DRIVER_REQUEST,True,CHARGING,CHARGING,['CHARGING'],True,VALID_REQUEST,65.884,202.04,4.267,1.0,VF_3,EV_CAR,18.64,17.15,,False,True,False,test
DE003764,T0148,V0028,2026-09-01T06:28:21.796398181+07:00,DRIVER_REQUEST,True,,BATTERY_SWAP,['CHARGING'],False,UNSUPPORTED_SERVICE,65.884,202.04,4.267,1.0,VF_3,EV_CAR,18.64,17.15,,False,True,False,test
DE003765,T0148,V0028,2026-09-01T06:31:18.961428+07:00,AUTO_DETECTED,False,,,['CHARGING'],,SUFFICIENT_SOC_RANGE,65.582,201.12,3.341,1.0,VF_3,EV_CAR,18.64,17.15,,False,True,False,test
DE003766,T0148,V0028,2026-09-01T06:31:18.961428+07:00,DRIVER_REQUEST,True,CHARGING,CHARGING,['CHARGING'],True,VALID_REQUEST,65.582,201.12,3.341,1.0,VF_3,EV_CAR,18.64,17.15,,False,True,False,test
DE003767,T0148,V0028,2026-09-01T06:31:18.961428+07:00,DRIVER_REQUEST,True,,BATTERY_SWAP,['CHARGING'],False,UNSUPPORTED_SERVICE,65.582,201.12,3.341,1.0,VF_3,EV_CAR,18.64,17.15,,False,True,False,test
DE003768,T0148,V0028,2026-09-01T06:33:46.611092+07:00,AUTO_DETECTED,False,,,['CHARGING'],,SUFFICIENT_SOC_RANGE,65.293,200.23,2.455,1.0,VF_3,EV_CAR,18.64,17.15,,False,True,False,test
DE003769,T0148,V0028,2026-09-01T06:33:46.611092+07:00,DRIVER_REQUEST,True,CHARGING,CHARGING,['CHARGING'],True,VALID_REQUEST,65.293,200.23,2.455,1.0,VF_3,EV_CAR,18.64,17.15,,False,True,False,test
DE003770,T0148,V0028,2026-09-01T06:33:46.611092+07:00,DRIVER_REQUEST,True,,BATTERY_SWAP,['CHARGING'],False,UNSUPPORTED_SERVICE,65.293,200.23,2.455,1.0,VF_3,EV_CAR,18.64,17.15,,False,True,False,test
DE003771,T0148,V0028,2026-09-01T06:36:14.964510285+07:00,AUTO_DETECTED,False,,,['CHARGING'],,SUFFICIENT_SOC_RANGE,64.975,199.26,1.48,1.0,VF_3,EV_CAR,18.64,17.15,,False,True,False,test
DE003772,T0148,V0028,2026-09-01T06:36:14.964510285+07:00,DRIVER_REQUEST,True,CHARGING,CHARGING,['CHARGING'],True,VALID_REQUEST,64.975,199.26,1.48,1.0,VF_3,EV_CAR,18.64,17.15,,False,True,False,test
DE003773,T0148,V0028,2026-09-01T06:36:14.964510285+07:00,DRIVER_REQUEST,True,,BATTERY_SWAP,['CHARGING'],False,UNSUPPORTED_SERVICE,64.975,199.26,1.48,1.0,VF_3,EV_CAR,18.64,17.15,,False,True,False,test
DE003774,T0148,V0028,2026-09-01T06:38:22.042793999+07:00,AUTO_DETECTED,False,,,['CHARGING'],,SUFFICIENT_SOC_RANGE,64.669,198.32,0.542,1.0,VF_3,EV_CAR,18.64,17.15,,False,True,False,test
DE003775,T0148,V0028,2026-09-01T06:38:22.042793999+07:00,DRIVER_REQUEST,True,CHARGING,CHARGING,['CHARGING'],True,VALID_REQUEST,64.669,198.32,0.542,1.0,VF_3,EV_CAR,18.64,17.15,,False,True,False,test
DE003776,T0148,V0028,2026-09-01T06:38:22.042793999+07:00,DRIVER_REQUEST,True,,BATTERY_SWAP,['CHARGING'],False,UNSUPPORTED_SERVICE,64.669,198.32,0.542,1.0,VF_3,EV_CAR,18.64,17.15,,False,True,False,test
DE003777,T0149,V0029,2026-09-01T06:26:09.794599999+07:00,AUTO_DETECTED,False,,,['CHARGING'],,SUFFICIENT_SOC_RANGE,46.684,143.16,8.09,1.214,VF_5,EV_CAR,37.23,34.25,,False,True,False,train
DE003778,T0149,V0029,2026-09-01T06:26:09.794599999+07:00,DRIVER_REQUEST,True,CHARGING,CHARGING,['CHARGING'],True,VALID_REQUEST,46.684,143.16,8.09,1.214,VF_5,EV_CAR,37.23,34.25,,False,True,False,train
DE003779,T0149,V0029,2026-09-01T06:26:09.794599999+07:00,DRIVER_REQUEST,True,,BATTERY_SWAP,['CHARGING'],False,UNSUPPORTED_SERVICE,46.684,143.16,8.09,1.214,VF_5,EV_CAR,37.23,34.25,,False,True,False,train
DE003780,T0149,V0029,2026-09-01T06:29:05.118342857+07:00,AUTO_DETECTED,False,,,['CHARGING'],,SUFFICIENT_SOC_RANGE,46.344,142.12,7.048,1.057,VF_5,EV_CAR,37.23,34.25,,False,True,False,train
DE003781,T0149,V0029,2026-09-01T06:29:05.118342857+07:00,DRIVER_REQUEST,True,CHARGING,CHARGING,['CHARGING'],True,VALID_REQUEST,46.344,142.12,7.048,1.057,VF_5,EV_CAR,37.23,34.25,,False,True,False,train
DE003782,T0149,V0029,2026-09-01T06:29:05.118342857+07:00,DRIVER_REQUEST,True,,BATTERY_SWAP,['CHARGING'],False,UNSUPPORTED_SERVICE,46.344,142.12,7.048,1.057,VF_5,EV_CAR,37.23,34.25,,False,True,False,train
DE003783,T0149,V0029,2026-09-01T06:31:55.016373714+07:00,AUTO_DETECTED,False,,,['CHARGING'],,SUFFICIENT_SOC_RANGE,45.997,141.06,5.985,1.0,VF_5,EV_CAR,37.23,34.25,,False,True,False,train
DE003784,T0149,V0029,2026-09-01T06:31:55.016373714+07:00,DRIVER_REQUEST,True,CHARGING,CHARGING,['CHARGING'],True,VALID_REQUEST,45.997,141.06,5.985,1.0,VF_5,EV_CAR,37.23,34.25,,False,True,False,train
DE003785,T0149,V0029,2026-09-01T06:31:55.016373714+07:00,DRIVER_REQUEST,True,,BATTERY_SWAP,['CHARGING'],False,UNSUPPORTED_SERVICE,45.997,141.06,5.985,1.0,VF_5,EV_CAR,37.23,34.25,,False,True,False,train
DE003786,T0149,V0029,2026-09-01T06:34:51.668564894+07:00,AUTO_DETECTED,False,,,['CHARGING'],,SUFFICIENT_SOC_RANGE,45.671,140.06,4.984,1.0,VF_5,EV_CAR,37.23,34.25,,False,True,False,train
DE003787,T0149,V0029,2026-09-01T06:34:51.668564894+07:00,DRIVER_REQUEST,True,CHARGING,CHARGING,['CHARGING'],True,VALID_REQUEST,45.671,140.06,4.984,1.0,VF_5,EV_CAR,37.23,34.25,,False,True,False,train
DE003788,T0149,V0029,2026-09-01T06:34:51.668564894+07:00,DRIVER_REQUEST,True,,BATTERY_SWAP,['CHARGING'],False,UNSUPPORTED_SERVICE,45.671,140.06,4.984,1.0,VF_5,EV_CAR,37.23,34.25,,False,True,False,train
DE003789,T0149,V0029,2026-09-01T06:38:15.883812499+07:00,AUTO_DETECTED,False,,,['CHARGING'],,SUFFICIENT_SOC_RANGE,45.314,138.96,3.888,1.0,VF_5,EV_CAR,37.23,34.25,,False,True,False,train
DE003790,T0149,V0029,2026-09-01T06:38:15.883812499+07:00,DRIVER_REQUEST,True,CHARGING,CHARGING,['CHARGING'],True,VALID_REQUEST,45.314,138.96,3.888,1.0,VF_5,EV_CAR,37.23,34.25,,False,True,False,train
DE003791,T0149,V0029,2026-09-01T06:38:15.883812499+07:00,DRIVER_REQUEST,True,,BATTERY_SWAP,['CHARGING'],False,UNSUPPORTED_SERVICE,45.314,138.96,3.888,1.0,VF_5,EV_CAR,37.23,34.25,,False,True,False,train
DE003792,T0149,V0029,2026-09-01T06:41:00.792034867+07:00,AUTO_DETECTED,False,,,['CHARGING'],,SUFFICIENT_SOC_RANGE,44.97,137.91,2.835,1.0,VF_5,EV_CAR,37.23,34.25,,False,True,False,train
DE003793,T0149,V0029,2026-09-01T06:41:00.792034867+07:00,DRIVER_REQUEST,True,CHARGING,CHARGING,['CHARGING'],True,VALID_REQUEST,44.97,137.91,2.835,1.0,VF_5,EV_CAR,37.23,34.25,,False,True,False,train
DE003794,T0149,V0029,2026-09-01T06:41:00.792034867+07:00,DRIVER_REQUEST,True,,BATTERY_SWAP,['CHARGING'],False,UNSUPPORTED_SERVICE,44.97,137.91,2.835,1.0,VF_5,EV_CAR,37.23,34.25,,False,True,False,train
DE003795,T0149,V0029,2026-09-01T06:43:27.832820142+07:00,AUTO_DETECTED,False,,,['CHARGING'],,SUFFICIENT_SOC_RANGE,44.628,136.86,1.787,1.0,VF_5,EV_CAR,37.23,34.25,,False,True,False,train
DE003796,T0149,V0029,2026-09-01T06:43:27.832820142+07:00,DRIVER_REQUEST,True,CHARGING,CHARGING,['CHARGING'],True,VALID_REQUEST,44.628,136.86,1.787,1.0,VF_5,EV_CAR,37.23,34.25,,False,True,False,train
DE003797,T0149,V0029,2026-09-01T06:43:27.832820142+07:00,DRIVER_REQUEST,True,,BATTERY_SWAP,['CHARGING'],False,UNSUPPORTED_SERVICE,44.628,136.86,1.787,1.0,VF_5,EV_CAR,37.23,34.25,,False,True,False,train
DE003798,T0149,V0029,2026-09-01T06:46:01.819935976+07:00,AUTO_DETECTED,False,,,['CHARGING'],,SUFFICIENT_SOC_RANGE,44.271,135.76,0.69,1.0,VF_5,EV_CAR,37.23,34.25,,False,True,False,train
DE003799,T0149,V0029,2026-09-01T06:46:01.819935976+07:00,DRIVER_REQUEST,True,CHARGING,CHARGING,['CHARGING'],True,VALID_REQUEST,44.271,135.76,0.69,1.0,VF_5,EV_CAR,37.23,34.25,,False,True,False,train
DE003800,T0149,V0029,2026-09-01T06:46:01.819935976+07:00,DRIVER_REQUEST,True,,BATTERY_SWAP,['CHARGING'],False,UNSUPPORTED_SERVICE,44.271,135.76,0.69,1.0,VF_5,EV_CAR,37.23,34.25,,False,True,False,train
DE003801,T0150,V0030,2026-09-01T06:31:02.476560+07:00,AUTO_DETECTED,True,CHARGING,,['CHARGING'],,LOW_SOC,11.394,8.15,5.006,1.0,FELIZ_S,EV_MOTORBIKE,3.5,3.22,,False,True,False,train
DE003802,T0150,V0030,2026-09-01T06:31:02.476560+07:00,DRIVER_REQUEST,True,CHARGING,CHARGING,['CHARGING'],True,VALID_REQUEST,11.394,8.15,5.006,1.0,FELIZ_S,EV_MOTORBIKE,3.5,3.22,,False,True,False,train
DE003803,T0150,V0030,2026-09-01T06:31:02.476560+07:00,DRIVER_REQUEST,True,,BATTERY_SWAP,['CHARGING'],False,UNSUPPORTED_SERVICE,11.394,8.15,5.006,1.0,FELIZ_S,EV_MOTORBIKE,3.5,3.22,,False,True,False,train
DE003804,T0150,V0030,2026-09-01T06:32:14.979667200+07:00,AUTO_DETECTED,True,CHARGING,,['CHARGING'],,LOW_SOC,10.69,7.65,4.503,1.0,FELIZ_S,EV_MOTORBIKE,3.5,3.22,,False,True,False,train
DE003805,T0150,V0030,2026-09-01T06:32:14.979667200+07:00,DRIVER_REQUEST,True,CHARGING,CHARGING,['CHARGING'],True,VALID_REQUEST,10.69,7.65,4.503,1.0,FELIZ_S,EV_MOTORBIKE,3.5,3.22,,False,True,False,train
DE003806,T0150,V0030,2026-09-01T06:32:14.979667200+07:00,DRIVER_REQUEST,True,,BATTERY_SWAP,['CHARGING'],False,UNSUPPORTED_SERVICE,10.69,7.65,4.503,1.0,FELIZ_S,EV_MOTORBIKE,3.5,3.22,,False,True,False,train
DE003807,T0150,V0030,2026-09-01T06:33:49.665887999+07:00,AUTO_DETECTED,True,CHARGING,,['CHARGING'],,LOW_SOC,9.771,6.99,3.845,1.0,FELIZ_S,EV_MOTORBIKE,3.5,3.22,,False,True,False,train
DE003808,T0150,V0030,2026-09-01T06:33:49.665887999+07:00,DRIVER_REQUEST,True,CHARGING,CHARGING,['CHARGING'],True,VALID_REQUEST,9.771,6.99,3.845,1.0,FELIZ_S,EV_MOTORBIKE,3.5,3.22,,False,True,False,train
DE003809,T0150,V0030,2026-09-01T06:33:49.665887999+07:00,DRIVER_REQUEST,True,,BATTERY_SWAP,['CHARGING'],False,UNSUPPORTED_SERVICE,9.771,6.99,3.845,1.0,FELIZ_S,EV_MOTORBIKE,3.5,3.22,,False,True,False,train
DE003810,T0150,V0030,2026-09-01T06:35:27.179663999+07:00,AUTO_DETECTED,True,CHARGING,,['CHARGING'],,LOW_SOC,8.825,6.31,3.168,1.0,FELIZ_S,EV_MOTORBIKE,3.5,3.22,,False,True,False,train
DE003811,T0150,V0030,2026-09-01T06:35:27.179663999+07:00,DRIVER_REQUEST,True,CHARGING,CHARGING,['CHARGING'],True,VALID_REQUEST,8.825,6.31,3.168,1.0,FELIZ_S,EV_MOTORBIKE,3.5,3.22,,False,True,False,train
DE003812,T0150,V0030,2026-09-01T06:35:27.179663999+07:00,DRIVER_REQUEST,True,,BATTERY_SWAP,['CHARGING'],False,UNSUPPORTED_SERVICE,8.825,6.31,3.168,1.0,FELIZ_S,EV_MOTORBIKE,3.5,3.22,,False,True,False,train
DE003813,T0150,V0030,2026-09-01T06:37:01.338742530+07:00,AUTO_DETECTED,True,CHARGING,,['CHARGING'],,LOW_SOC,7.911,5.66,2.514,1.0,FELIZ_S,EV_MOTORBIKE,3.5,3.22,,False,True,False,train
DE003814,T0150,V0030,2026-09-01T06:37:01.338742530+07:00,DRIVER_REQUEST,True,CHARGING,CHARGING,['CHARGING'],True,VALID_REQUEST,7.911,5.66,2.514,1.0,FELIZ_S,EV_MOTORBIKE,3.5,3.22,,False,True,False,train
DE003815,T0150,V0030,2026-09-01T06:37:01.338742530+07:00,DRIVER_REQUEST,True,,BATTERY_SWAP,['CHARGING'],False,UNSUPPORTED_SERVICE,7.911,5.66,2.514,1.0,FELIZ_S,EV_MOTORBIKE,3.5,3.22,,False,True,False,train
DE003816,T0150,V0030,2026-09-01T06:38:31.816464+07:00,AUTO_DETECTED,True,CHARGING,,['CHARGING'],,LOW_SOC,7.033,5.03,1.886,1.0,FELIZ_S,EV_MOTORBIKE,3.5,3.22,,False,True,False,train
DE003817,T0150,V0030,2026-09-01T06:38:31.816464+07:00,DRIVER_REQUEST,True,CHARGING,CHARGING,['CHARGING'],True,VALID_REQUEST,7.033,5.03,1.886,1.0,FELIZ_S,EV_MOTORBIKE,3.5,3.22,,False,True,False,train
DE003818,T0150,V0030,2026-09-01T06:38:31.816464+07:00,DRIVER_REQUEST,True,,BATTERY_SWAP,['CHARGING'],False,UNSUPPORTED_SERVICE,7.033,5.03,1.886,1.0,FELIZ_S,EV_MOTORBIKE,3.5,3.22,,False,True,False,train
DE003819,T0150,V0030,2026-09-01T06:40:18.384198857+07:00,AUTO_DETECTED,True,CHARGING,,['CHARGING'],,LOW_SOC,5.999,4.29,1.146,1.0,FELIZ_S,EV_MOTORBIKE,3.5,3.22,,False,True,False,train
DE003820,T0150,V0030,2026-09-01T06:40:18.384198857+07:00,DRIVER_REQUEST,True,CHARGING,CHARGING,['CHARGING'],True,VALID_REQUEST,5.999,4.29,1.146,1.0,FELIZ_S,EV_MOTORBIKE,3.5,3.22,,False,True,False,train
DE003821,T0150,V0030,2026-09-01T06:40:18.384198857+07:00,DRIVER_REQUEST,True,,BATTERY_SWAP,['CHARGING'],False,UNSUPPORTED_SERVICE,5.999,4.29,1.146,1.0,FELIZ_S,EV_MOTORBIKE,3.5,3.22,,False,True,False,train
DE003822,T0150,V0030,2026-09-01T06:41:57.937487999+07:00,AUTO_DETECTED,True,CHARGING,,['CHARGING'],,LOW_SOC,5.032,3.6,0.454,1.0,FELIZ_S,EV_MOTORBIKE,3.5,3.22,,False,True,False,train
DE003823,T0150,V0030,2026-09-01T06:41:57.937487999+07:00,DRIVER_REQUEST,True,CHARGING,CHARGING,['CHARGING'],True,VALID_REQUEST,5.032,3.6,0.454,1.0,FELIZ_S,EV_MOTORBIKE,3.5,3.22,,False,True,False,train
DE003824,T0150,V0030,2026-09-01T06:41:57.937487999+07:00,DRIVER_REQUEST,True,,BATTERY_SWAP,['CHARGING'],False,UNSUPPORTED_SERVICE,5.032,3.6,0.454,1.0,FELIZ_S,EV_MOTORBIKE,3.5,3.22,,False,True,False,train
